case_number,plot,focal_node,focal_area_id,school_id,centroid_node,centroid_area_id,distance_to_centroid_miles,plot_radius_miles,closer_candidate_count
1,case_0001_block_60750102001003_school_562.png,48,60750102001003,562,142,60750104003012,1.1576368377108586,,0
2,case_0002_block_60750102001003_school_872.png,48,60750102001003,872,206,60750106002000,1.467203036434612,,0
3,case_0003_block_60750104002006_school_562.png,128,60750104002006,562,142,60750104003012,0.0879509064360118,,0
4,case_0004_block_60750117001027_school_478.png,407,60750117001027,478,4283,60750301022010,3.935601992489897,,0
5,case_0005_block_60750117001027_school_488.png,407,60750117001027,488,4863,60750309005018,5.612160223044703,,0
6,case_0006_block_60750117001027_school_539.png,407,60750117001027,539,5505,60750330002005,5.622054056654519,,0
7,case_0007_block_60750117001027_school_544.png,407,60750117001027,544,5762,60750351004006,5.945194171555384,,0
8,case_0008_block_60750117001027_school_589.png,407,60750117001027,589,1499,60750171022001,3.279455768955657,,0
9,case_0009_block_60750117001027_school_644.png,407,60750117001027,644,4319,60750302012005,4.540245563681566,,0
10,case_0010_block_60750117001027_school_650.png,407,60750117001027,650,1417,60750168022001,1.896931866574968,,0
11,case_0011_block_60750117001027_school_670.png,407,60750117001027,670,5647,60750332011002,6.120248328231595,,0
12,case_0012_block_60750117001027_school_718.png,407,60750117001027,718,1450,60750170001006,2.549845631039492,,0
13,case_0013_block_60750117001027_school_735.png,407,60750117001027,735,1320,60750165003002,2.9114940441269144,,0
14,case_0014_block_60750117001027_school_750.png,407,60750117001027,750,5849,60750353001001,5.990422832297286,,0
15,case_0015_block_60750117001027_school_782.png,407,60750117001027,782,5427,60750329011006,5.777630123452278,,0
16,case_0016_block_60750117001027_school_786.png,407,60750117001027,786,1171,60750159001003,1.5991750990765563,,0
17,case_0017_block_60750117001027_school_859.png,407,60750117001027,859,537,60750124022001,1.187472569414879,,0
18,case_0018_block_60750117001027_school_862.png,407,60750117001027,862,5874,60750353003005,6.494697997824942,,0
19,case_0019_block_60750117001027_school_876.png,407,60750117001027,876,4672,60750308001002,4.792807066887764,,0
20,case_0020_block_60750125011005_school_497.png,569,60750125011005,497,2594,60750227022009,1.6594210703683068,,0
21,case_0021_block_60750125011005_school_625.png,569,60750125011005,625,2895,60750231022004,3.7420219350584296,,0
22,case_0022_block_60750125011005_school_830.png,569,60750125011005,830,2905,60750231031006,3.5484185797544545,,0
23,case_0023_block_60750126022002_school_420.png,617,60750126022002,420,2297,60750212003004,3.5927722064028487,,0
24,case_0024_block_60750126022002_school_453.png,617,60750126022002,453,3058,60750234002018,6.342788940250046,,0
25,case_0025_block_60750126022002_school_456.png,617,60750126022002,456,2776,60750229032009,3.914861558184604,,0
26,case_0026_block_60750126022002_school_478.png,617,60750126022002,478,4283,60750301022010,3.843542721436509,,0
27,case_0027_block_60750126022002_school_481.png,617,60750126022002,481,3793,60750260031009,5.802962811856391,,0
28,case_0028_block_60750126022002_school_488.png,617,60750126022002,488,4863,60750309005018,5.611601404659889,,0
29,case_0029_block_60750126022002_school_497.png,617,60750126022002,497,2594,60750227022009,3.4676340716004628,,0
30,case_0030_block_60750126022002_school_505.png,617,60750126022002,505,2085,60750205002004,3.241238714420249,,0
31,case_0031_block_60750126022002_school_507.png,617,60750126022002,507,2868,60750230032002,5.339367366879572,,0
32,case_0032_block_60750126022002_school_513.png,617,60750126022002,513,3650,60750257023005,5.443974700660862,,0
33,case_0033_block_60750126022002_school_521.png,617,60750126022002,521,7117,60759805011010,6.109758772386322,,0
34,case_0034_block_60750126022002_school_525.png,617,60750126022002,525,965,60750153001002,1.3683524356217276,,0
35,case_0035_block_60750126022002_school_539.png,617,60750126022002,539,5505,60750330002005,5.37895304537646,,0
36,case_0036_block_60750126022002_school_575.png,617,60750126022002,575,4995,60750311001020,4.9699739370222815,,0
37,case_0037_block_60750126022002_school_589.png,617,60750126022002,589,1499,60750171022001,3.122576774467145,,0
38,case_0038_block_60750126022002_school_593.png,617,60750126022002,593,4061,60750263022007,6.539765209350737,,0
39,case_0039_block_60750126022002_school_603.png,617,60750126022002,603,2712,60750228031005,3.497759063344734,,0
40,case_0040_block_60750126022002_school_614.png,617,60750126022002,614,3501,60750256002003,5.28434534764939,,0
41,case_0041_block_60750126022002_school_625.png,617,60750126022002,625,2895,60750231022004,5.553505474007234,,0
42,case_0042_block_60750126022002_school_650.png,617,60750126022002,650,1417,60750168022001,2.1319920541839275,,0
43,case_0043_block_60750126022002_school_656.png,617,60750126022002,656,3265,60750254013000,4.680660741376308,,0
44,case_0044_block_60750126022002_school_670.png,617,60750126022002,670,5647,60750332011002,6.001092026325555,,0
45,case_0045_block_60750126022002_school_680.png,617,60750126022002,680,3150,60750252001002,4.005776409864052,,0
46,case_0046_block_60750126022002_school_691.png,617,60750126022002,691,4093,60750263031002,6.629902297471504,,0
47,case_0047_block_60750126022002_school_718.png,617,60750126022002,718,1450,60750170001006,2.665557603736936,,0
48,case_0048_block_60750126022002_school_722.png,617,60750126022002,722,4625,60750307001022,4.732846264590555,,0
49,case_0049_block_60750126022002_school_723.png,617,60750126022002,723,2707,60750228031000,3.402814172867513,,0
50,case_0050_block_60750126022002_school_729.png,617,60750126022002,729,3738,60750260011000,5.458725950402281,,0
51,case_0051_block_60750126022002_school_735.png,617,60750126022002,735,1320,60750165003002,2.488843178658449,,0
52,case_0052_block_60750126022002_school_746.png,617,60750126022002,746,5155,60750313021003,6.440087755390052,,0
53,case_0053_block_60750126022002_school_786.png,617,60750126022002,786,1171,60750159001003,1.4756644357813358,,0
54,case_0054_block_60750126022002_school_790.png,617,60750126022002,790,344,60750111003002,1.112134605095035,,0
55,case_0055_block_60750126022002_school_816.png,617,60750126022002,816,1974,60750203002001,2.839011547100718,,0
56,case_0056_block_60750126022002_school_820.png,617,60750126022002,820,5240,60750314004002,6.506135140349548,,0
57,case_0057_block_60750126022002_school_823.png,617,60750126022002,823,757,60750130001002,0.4748821503400239,,0
58,case_0058_block_60750126022002_school_830.png,617,60750126022002,830,2905,60750231031006,5.3603713838026295,,0
59,case_0059_block_60750126022002_school_834.png,617,60750126022002,834,317,60750110002005,0.8452435683918259,,0
60,case_0060_block_60750126022002_school_838.png,617,60750126022002,838,6848,60750614001002,3.860495799830583,,0
61,case_0061_block_60750126022002_school_842.png,617,60750126022002,842,5035,60750311004007,5.266133868623744,,0
62,case_0062_block_60750126022002_school_859.png,617,60750126022002,859,537,60750124022001,1.6186108905122576,,0
63,case_0063_block_60750126022002_school_867.png,617,60750126022002,867,4141,60750264012005,6.433729202781756,,0
64,case_0064_block_60750126022002_school_876.png,617,60750126022002,876,4672,60750308001002,4.737218526384937,,0
65,case_0065_block_60750126022002_school_999.png,617,60750126022002,999,6635,60750607001031,2.895514885091868,,0
66,case_0066_block_60750126022006_school_562.png,621,60750126022006,562,142,60750104003012,1.0614590784516762,,0
67,case_0067_block_60750126022006_school_801.png,621,60750126022006,801,101,60750103001013,0.5427045361820065,,0
68,case_0068_block_60750126022006_school_872.png,621,60750126022006,872,206,60750106002000,1.3361416085293778,,0
69,case_0069_block_60750126022015_school_420.png,630,60750126022015,420,2297,60750212003004,3.559925774447269,,0
70,case_0070_block_60750126022015_school_435.png,630,60750126022015,435,6191,60750476003004,3.311036710153293,,0
71,case_0071_block_60750126022015_school_453.png,630,60750126022015,453,3058,60750234002018,6.342598312157536,,0
72,case_0072_block_60750126022015_school_456.png,630,60750126022015,456,2776,60750229032009,3.913255488765848,,0
73,case_0073_block_60750126022015_school_478.png,630,60750126022015,478,4283,60750301022010,3.796656190543373,,0
74,case_0074_block_60750126022015_school_481.png,630,60750126022015,481,3793,60750260031009,5.7796478772925175,,0
75,case_0075_block_60750126022015_school_488.png,630,60750126022015,488,4863,60750309005018,5.564195210124729,,0
76,case_0076_block_60750126022015_school_490.png,630,60750126022015,490,375,60750113002001,1.2376679569257856,,0
77,case_0077_block_60750126022015_school_497.png,630,60750126022015,497,2594,60750227022009,3.479499620229177,,0
78,case_0078_block_60750126022015_school_505.png,630,60750126022015,505,2085,60750205002004,3.2090364589067435,,0
79,case_0079_block_60750126022015_school_507.png,630,60750126022015,507,2868,60750230032002,5.340008504347308,,0
80,case_0080_block_60750126022015_school_513.png,630,60750126022015,513,3650,60750257023005,5.434720740416621,,0
81,case_0081_block_60750126022015_school_521.png,630,60750126022015,521,7117,60759805011010,6.097046756346604,,0
82,case_0082_block_60750126022015_school_525.png,630,60750126022015,525,965,60750153001002,1.3168300322738518,,0
83,case_0083_block_60750126022015_school_539.png,630,60750126022015,539,5505,60750330002005,5.324911099964457,,0
84,case_0084_block_60750126022015_school_544.png,630,60750126022015,544,5762,60750351004006,5.176229899622287,,0
85,case_0085_block_60750126022015_school_549.png,630,60750126022015,549,6133,60750452002000,2.790899306080639,,0
86,case_0086_block_60750126022015_school_562.png,630,60750126022015,562,142,60750104003012,1.1363461042957002,,0
87,case_0087_block_60750126022015_school_569.png,630,60750126022015,569,5982,60750402001005,2.4806100119796497,,0
88,case_0088_block_60750126022015_school_575.png,630,60750126022015,575,4995,60750311001020,4.941652290477733,,0
89,case_0089_block_60750126022015_school_589.png,630,60750126022015,589,1499,60750171022001,3.076082529444471,,0
90,case_0090_block_60750126022015_school_593.png,630,60750126022015,593,4061,60750263022007,6.513685318919139,,0
91,case_0091_block_60750126022015_school_603.png,630,60750126022015,603,2712,60750228031005,3.488007037010082,,0
92,case_0092_block_60750126022015_school_614.png,630,60750126022015,614,3501,60750256002003,5.267592123054462,,0
93,case_0093_block_60750126022015_school_625.png,630,60750126022015,625,2895,60750231022004,5.559985986319207,,0
94,case_0094_block_60750126022015_school_638.png,630,60750126022015,638,238,60750107002003,1.007250694046258,,0
95,case_0095_block_60750126022015_school_644.png,630,60750126022015,644,4319,60750302012005,3.922615744453783,,0
96,case_0096_block_60750126022015_school_650.png,630,60750126022015,650,1417,60750168022001,2.1076847300273114,,0
97,case_0097_block_60750126022015_school_656.png,630,60750126022015,656,3265,60750254013000,4.661751756061184,,0
98,case_0098_block_60750126022015_school_670.png,630,60750126022015,670,5647,60750332011002,5.949766898812616,,0
99,case_0099_block_60750126022015_school_680.png,630,60750126022015,680,3150,60750252001002,3.9965198496594017,,0
100,case_0100_block_60750126022015_school_691.png,630,60750126022015,691,4093,60750263031002,6.597340387608212,,0
101,case_0101_block_60750126022015_school_718.png,630,60750126022015,718,1450,60750170001006,2.631262225199489,,0
102,case_0102_block_60750126022015_school_722.png,630,60750126022015,722,4625,60750307001022,4.694488989860174,,0
103,case_0103_block_60750126022015_school_723.png,630,60750126022015,723,2707,60750228031000,3.3956674066389643,,0
104,case_0104_block_60750126022015_school_729.png,630,60750126022015,729,3738,60750260011000,5.434307675340824,,0
105,case_0105_block_60750126022015_school_735.png,630,60750126022015,735,1320,60750165003002,2.436842030408227,,0
106,case_0106_block_60750126022015_school_746.png,630,60750126022015,746,5155,60750313021003,6.397473996662344,,0
107,case_0107_block_60750126022015_school_750.png,630,60750126022015,750,5849,60750353001001,5.393660121522051,,0
108,case_0108_block_60750126022015_school_782.png,630,60750126022015,782,5427,60750329011006,5.226785760876114,,0
109,case_0109_block_60750126022015_school_786.png,630,60750126022015,786,1171,60750159001003,1.4481779063072608,,0
110,case_0110_block_60750126022015_school_790.png,630,60750126022015,790,344,60750111003002,1.1147324662617817,,0
111,case_0111_block_60750126022015_school_801.png,630,60750126022015,801,101,60750103001013,0.6051893581298647,,0
112,case_0112_block_60750126022015_school_816.png,630,60750126022015,816,1974,60750203002001,2.813437252439845,,0
113,case_0113_block_60750126022015_school_820.png,630,60750126022015,820,5240,60750314004002,6.4665098395560205,,0
114,case_0114_block_60750126022015_school_823.png,630,60750126022015,823,757,60750130001002,0.4582217344214259,,0
115,case_0115_block_60750126022015_school_830.png,630,60750126022015,830,2905,60750231031006,5.370246940232678,,0
116,case_0116_block_60750126022015_school_834.png,630,60750126022015,834,317,60750110002005,0.8600154097938202,,0
117,case_0117_block_60750126022015_school_838.png,630,60750126022015,838,6848,60750614001002,3.865305849512288,,0
118,case_0118_block_60750126022015_school_842.png,630,60750126022015,842,5035,60750311004007,5.230547500393488,,0
119,case_0119_block_60750126022015_school_859.png,630,60750126022015,859,537,60750124022001,1.6128391322926166,,0
120,case_0120_block_60750126022015_school_862.png,630,60750126022015,862,5874,60750353003005,6.045660790177779,,0
121,case_0121_block_60750126022015_school_867.png,630,60750126022015,867,4141,60750264012005,6.421147546926892,,0
122,case_0122_block_60750126022015_school_872.png,630,60750126022015,872,206,60750106002000,1.402111601904838,,0
123,case_0123_block_60750126022015_school_876.png,630,60750126022015,876,4672,60750308001002,4.6894667089204125,,0
124,case_0124_block_60750126022015_school_999.png,630,60750126022015,999,6635,60750607001031,2.9164739952528964,,0
125,case_0125_block_60750126022016_school_490.png,631,60750126022016,490,375,60750113002001,1.1937927933201862,,0
126,case_0126_block_60750126022016_school_638.png,631,60750126022016,638,238,60750107002003,0.9551850480865672,,0
127,case_0127_block_60750154003001_school_453.png,995,60750154003001,453,3058,60750234002018,5.456606635816176,,0
128,case_0128_block_60750154003001_school_456.png,995,60750154003001,456,2776,60750229032009,3.1503636466057885,,0
129,case_0129_block_60750154003001_school_497.png,995,60750154003001,497,2594,60750227022009,3.13508907916889,,0
130,case_0130_block_60750154003001_school_507.png,995,60750154003001,507,2868,60750230032002,4.521263476481011,,0
131,case_0131_block_60750154003001_school_513.png,995,60750154003001,513,3650,60750257023005,4.364565747666925,,0
132,case_0132_block_60750154003001_school_521.png,995,60750154003001,521,7117,60759805011010,4.919260995870133,,0
133,case_0133_block_60750154003001_school_603.png,995,60750154003001,603,2712,60750228031005,2.564803051785693,,0
134,case_0134_block_60750154003001_school_614.png,995,60750154003001,614,3501,60750256002003,4.028533891349757,,0
135,case_0135_block_60750154003001_school_625.png,995,60750154003001,625,2895,60750231022004,4.880664580585224,,0
136,case_0136_block_60750154003001_school_650.png,995,60750154003001,650,1417,60750168022001,1.1484117047062707,,0
137,case_0137_block_60750154003001_school_656.png,995,60750154003001,656,3265,60750254013000,3.402726921567844,,0
138,case_0138_block_60750154003001_school_680.png,995,60750154003001,680,3150,60750252001002,3.0255414215676093,,0
139,case_0139_block_60750154003001_school_718.png,995,60750154003001,718,1450,60750170001006,1.2044954400909158,,0
140,case_0140_block_60750154003001_school_723.png,995,60750154003001,723,2707,60750228031000,2.554887494115571,,0
141,case_0141_block_60750154003001_school_786.png,995,60750154003001,786,1171,60750159001003,0.9261098179752724,,0
142,case_0142_block_60750154003001_school_790.png,995,60750154003001,790,344,60750111003002,1.5288311352847952,,0
143,case_0143_block_60750154003001_school_816.png,995,60750154003001,816,1974,60750203002001,1.5854240788946805,,0
144,case_0144_block_60750154003001_school_830.png,995,60750154003001,830,2905,60750231031006,4.791759685628771,,0
145,case_0145_block_60750154003001_school_838.png,995,60750154003001,838,6848,60750614001002,3.27855268468962,,0
146,case_0146_block_60750154003001_school_859.png,995,60750154003001,859,537,60750124022001,1.445754028131436,,0
147,case_0147_block_60750154003001_school_867.png,995,60750154003001,867,4141,60750264012005,5.236252868761219,,0
148,case_0148_block_60750154003001_school_999.png,995,60750154003001,999,6635,60750607001031,2.915542408972496,,0
149,case_0149_block_60750157003007_school_453.png,1101,60750157003007,453,3058,60750234002018,5.393961855376321,,0
150,case_0150_block_60750157003007_school_456.png,1101,60750157003007,456,2776,60750229032009,3.1299118579202414,,0
151,case_0151_block_60750157003007_school_507.png,1101,60750157003007,507,2868,60750230032002,4.474957255570764,,0
152,case_0152_block_60750157003007_school_513.png,1101,60750157003007,513,3650,60750257023005,4.282219814788315,,0
153,case_0153_block_60750157003007_school_603.png,1101,60750157003007,603,2712,60750228031005,2.532141521587324,,0
154,case_0154_block_60750157003007_school_625.png,1101,60750157003007,625,2895,60750231022004,4.8508483609945925,,0
155,case_0155_block_60750157003007_school_680.png,1101,60750157003007,680,3150,60750252001002,2.9750740146169505,,0
156,case_0156_block_60750157003007_school_718.png,1101,60750157003007,718,1450,60750170001006,1.12417509787579,,0
157,case_0157_block_60750157003007_school_723.png,1101,60750157003007,723,2707,60750228031000,2.535879430309983,,0
158,case_0158_block_60750157003007_school_816.png,1101,60750157003007,816,1974,60750203002001,1.5313804767177688,,0
159,case_0159_block_60750157003007_school_830.png,1101,60750157003007,830,2905,60750231031006,4.77635443330425,,0
160,case_0160_block_60750157003007_school_838.png,1101,60750157003007,838,6848,60750614001002,3.281156664463889,,0
161,case_0161_block_60750159001007_school_490.png,1175,60750159001007,490,375,60750113002001,1.2781060053478348,,0
162,case_0162_block_60750159001007_school_497.png,1175,60750159001007,497,2594,60750227022009,2.3926919461373712,,0
163,case_0163_block_60750159001007_school_562.png,1175,60750159001007,562,142,60750104003012,1.7012143340095716,,0
164,case_0164_block_60750159001007_school_638.png,1175,60750159001007,638,238,60750107002003,1.3300220034244656,,0
165,case_0165_block_60750159001007_school_790.png,1175,60750159001007,790,344,60750111003002,0.6015455907367694,,0
166,case_0166_block_60750159001007_school_801.png,1175,60750159001007,801,101,60750103001013,1.372039306491828,,0
167,case_0167_block_60750159001007_school_823.png,1175,60750159001007,823,757,60750130001002,0.9538446376005804,,0
168,case_0168_block_60750159001007_school_830.png,1175,60750159001007,830,2905,60750231031006,4.203822609054556,,0
169,case_0169_block_60750159001007_school_834.png,1175,60750159001007,834,317,60750110002005,0.8580588482678373,,0
170,case_0170_block_60750159001007_school_859.png,1175,60750159001007,859,537,60750124022001,0.4876261181452977,,0
171,case_0171_block_60750159001007_school_872.png,1175,60750159001007,872,206,60750106002000,1.7154324926694893,,0
172,case_0172_block_60750159001007_school_999.png,1175,60750159001007,999,6635,60750607001031,2.032971370216404,,0
173,case_0173_block_60750171012003_school_456.png,1480,60750171012003,456,2776,60750229032009,2.3819592222667696,,0
174,case_0174_block_60750171012003_school_490.png,1480,60750171012003,490,375,60750113002001,2.939411676305125,,0
175,case_0175_block_60750171012003_school_497.png,1480,60750171012003,497,2594,60750227022009,2.719440452730652,,0
176,case_0176_block_60750171012003_school_525.png,1480,60750171012003,525,965,60750153001002,1.718068011706429,,0
177,case_0177_block_60750171012003_school_562.png,1480,60750171012003,562,142,60750104003012,3.407679873739239,,0
178,case_0178_block_60750171012003_school_603.png,1480,60750171012003,603,2712,60750228031005,1.7744017541134047,,0
179,case_0179_block_60750171012003_school_638.png,1480,60750171012003,638,238,60750107002003,3.0341736048462664,,0
180,case_0180_block_60750171012003_school_650.png,1480,60750171012003,650,1417,60750168022001,1.1908722887414032,,0
181,case_0181_block_60750171012003_school_680.png,1480,60750171012003,680,3150,60750252001002,2.098992621621919,,0
182,case_0182_block_60750171012003_school_718.png,1480,60750171012003,718,1450,60750170001006,0.5543339365000065,,0
183,case_0183_block_60750171012003_school_723.png,1480,60750171012003,723,2707,60750228031000,1.846005384102272,,0
184,case_0184_block_60750171012003_school_735.png,1480,60750171012003,735,1320,60750165003002,0.7756330871637873,,0
185,case_0185_block_60750171012003_school_786.png,1480,60750171012003,786,1171,60750159001003,1.6487784657082416,,0
186,case_0186_block_60750171012003_school_790.png,1480,60750171012003,790,344,60750111003002,2.2979083636220525,,0
187,case_0187_block_60750171012003_school_801.png,1480,60750171012003,801,101,60750103001013,3.083964727335532,,0
188,case_0188_block_60750171012003_school_816.png,1480,60750171012003,816,1974,60750203002001,0.8655812583364019,,0
189,case_0189_block_60750171012003_school_823.png,1480,60750171012003,823,757,60750130001002,2.6022336494525087,,0
190,case_0190_block_60750171012003_school_830.png,1480,60750171012003,830,2905,60750231031006,3.986598582953749,,0
191,case_0191_block_60750171012003_school_834.png,1480,60750171012003,834,317,60750110002005,2.574952578563587,,0
192,case_0192_block_60750171012003_school_838.png,1480,60750171012003,838,6848,60750614001002,2.635836844563845,,0
193,case_0193_block_60750171012003_school_859.png,1480,60750171012003,859,537,60750124022001,1.9048758342482688,,0
194,case_0194_block_60750171012003_school_872.png,1480,60750171012003,872,206,60750106002000,3.380874586631927,,0
195,case_0195_block_60750171012003_school_999.png,1480,60750171012003,999,6635,60750607001031,2.8220926800380552,,0
196,case_0196_block_60750171012004_school_478.png,1481,60750171012004,478,4283,60750301022010,0.820625962354074,,0
197,case_0197_block_60750171012004_school_488.png,1481,60750171012004,488,4863,60750309005018,2.5657308145300566,,0
198,case_0198_block_60750171012004_school_539.png,1481,60750171012004,539,5505,60750330002005,2.502008481543869,,0
199,case_0199_block_60750171012004_school_544.png,1481,60750171012004,544,5762,60750351004006,3.0845386514976805,,0
200,case_0200_block_60750171012004_school_644.png,1481,60750171012004,644,4319,60750302012005,1.6736576898530169,,0
201,case_0201_block_60750171012004_school_670.png,1481,60750171012004,670,5647,60750332011002,3.0225292235387435,,0
202,case_0202_block_60750171012004_school_691.png,1481,60750171012004,691,4093,60750263031002,3.648985950704258,,0
203,case_0203_block_60750171012004_school_722.png,1481,60750171012004,722,4625,60750307001022,1.6862609501038484,,0
204,case_0204_block_60750171012004_school_746.png,1481,60750171012004,746,5155,60750313021003,3.3657170527396327,,0
205,case_0205_block_60750171012004_school_750.png,1481,60750171012004,750,5849,60750353001001,2.972241751542221,,0
206,case_0206_block_60750171012004_school_782.png,1481,60750171012004,782,5427,60750329011006,2.738019879584988,,0
207,case_0207_block_60750171012004_school_820.png,1481,60750171012004,820,5240,60750314004002,3.441771673074145,,0
208,case_0208_block_60750171012004_school_842.png,1481,60750171012004,842,5035,60750311004007,2.252552908646112,,0
209,case_0209_block_60750171012004_school_862.png,1481,60750171012004,862,5874,60750353003005,3.3923370086186857,,0
210,case_0210_block_60750171012004_school_876.png,1481,60750171012004,876,4672,60750308001002,1.705875716137612,,0
211,case_0211_block_60750179021005_school_488.png,1724,60750179021005,488,4863,60750309005018,5.377119023778708,,0
212,case_0212_block_60750179021005_school_575.png,1724,60750179021005,575,4995,60750311001020,3.469376995776688,,0
213,case_0213_block_60750179021005_school_656.png,1724,60750179021005,656,3265,60750254013000,2.725872392523069,,0
214,case_0214_block_60750179021005_school_670.png,1724,60750179021005,670,5647,60750332011002,5.999711877898419,,0
215,case_0215_block_60750179021005_school_842.png,1724,60750179021005,842,5035,60750311004007,4.149362367349216,,0
216,case_0216_block_60750179021012_school_420.png,1729,60750179021012,420,2297,60750212003004,5.852183601372619,,0
217,case_0217_block_60750179021012_school_453.png,1729,60750179021012,453,3058,60750234002018,7.101239586587333,,0
218,case_0218_block_60750179021012_school_456.png,1729,60750179021012,456,2776,60750229032009,5.111810467676595,,0
219,case_0219_block_60750179021012_school_481.png,1729,60750179021012,481,3793,60750260031009,7.519900598242655,,0
220,case_0220_block_60750179021012_school_488.png,1729,60750179021012,488,4863,60750309005018,8.166980681591562,,0
221,case_0221_block_60750179021012_school_497.png,1729,60750179021012,497,2594,60750227022009,4.286215499391922,,0
222,case_0222_block_60750179021012_school_505.png,1729,60750179021012,505,2085,60750205002004,5.529569054477975,,0
223,case_0223_block_60750179021012_school_507.png,1729,60750179021012,507,2868,60750230032002,6.190423944282879,,0
224,case_0224_block_60750179021012_school_513.png,1729,60750179021012,513,3650,60750257023005,6.672387415075095,,0
225,case_0225_block_60750179021012_school_521.png,1729,60750179021012,521,7117,60759805011010,7.399526391692039,,0
226,case_0226_block_60750179021012_school_575.png,1729,60750179021012,575,4995,60750311001020,6.937438063271721,,0
227,case_0227_block_60750179021012_school_593.png,1729,60750179021012,593,4061,60750263022007,8.302627692270892,,0
228,case_0228_block_60750179021012_school_603.png,1729,60750179021012,603,2712,60750228031005,5.067997240978648,,0
229,case_0229_block_60750179021012_school_614.png,1729,60750179021012,614,3501,60750256002003,6.812819704690444,,0
230,case_0230_block_60750179021012_school_656.png,1729,60750179021012,656,3265,60750254013000,6.358155296587486,,0
231,case_0231_block_60750179021012_school_680.png,1729,60750179021012,680,3150,60750252001002,5.454391735681336,,0
232,case_0232_block_60750179021012_school_691.png,1729,60750179021012,691,4093,60750263031002,8.625119963861925,,0
233,case_0233_block_60750179021012_school_722.png,1729,60750179021012,722,4625,60750307001022,7.048222055174986,,0
234,case_0234_block_60750179021012_school_723.png,1729,60750179021012,723,2707,60750228031000,4.910337180903911,,0
235,case_0235_block_60750179021012_school_729.png,1729,60750179021012,729,3738,60750260011000,7.245659774337061,,0
236,case_0236_block_60750179021012_school_746.png,1729,60750179021012,746,5155,60750313021003,8.80032121308928,,0
237,case_0237_block_60750179021012_school_816.png,1729,60750179021012,816,1974,60750203002001,5.016142934835102,,0
238,case_0238_block_60750179021012_school_820.png,1729,60750179021012,820,5240,60750314004002,8.759477533139515,,0
239,case_0239_block_60750179021012_school_838.png,1729,60750179021012,838,6848,60750614001002,4.833634309270924,,0
240,case_0240_block_60750179021012_school_842.png,1729,60750179021012,842,5035,60750311004007,7.452657986738359,,0
241,case_0241_block_60750179021012_school_867.png,1729,60750179021012,867,4141,60750264012005,7.688265967923985,,0
242,case_0242_block_60750179021012_school_999.png,1729,60750179021012,999,6635,60750607001031,3.5926856233241606,,0
243,case_0243_block_60750179021015_school_413.png,1732,60750179021015,413,6007,60750426011000,6.411779154541993,,0
244,case_0244_block_60750179021015_school_435.png,1732,60750179021015,435,6191,60750476003004,6.386247140379884,,0
245,case_0245_block_60750179021015_school_525.png,1732,60750179021015,525,965,60750153001002,4.263698793129782,,0
246,case_0246_block_60750179021015_school_539.png,1732,60750179021015,539,5505,60750330002005,8.183130740060138,,0
247,case_0247_block_60750179021015_school_544.png,1732,60750179021015,544,5762,60750351004006,8.23874526344535,,0
248,case_0248_block_60750179021015_school_549.png,1732,60750179021015,549,6133,60750452002000,5.82886360031376,,0
249,case_0249_block_60750179021015_school_562.png,1732,60750179021015,562,142,60750104003012,2.2750584910641405,,0
250,case_0250_block_60750179021015_school_569.png,1732,60750179021015,569,5982,60750402001005,5.563698409546726,,0
251,case_0251_block_60750179021015_school_589.png,1732,60750179021015,589,1499,60750171022001,5.83331078475438,,0
252,case_0252_block_60750179021015_school_638.png,1732,60750179021015,638,238,60750107002003,2.646025193966936,,0
253,case_0253_block_60750179021015_school_644.png,1732,60750179021015,644,4319,60750302012005,6.92239020396067,,0
254,case_0254_block_60750179021015_school_664.png,1732,60750179021015,664,6257,60750478012003,7.322487340825029,,0
255,case_0255_block_60750179021015_school_735.png,1732,60750179021015,735,1320,60750165003002,5.328307380865083,,0
256,case_0256_block_60750179021015_school_750.png,1732,60750179021015,750,5849,60750353001001,8.40275000420673,,0
257,case_0257_block_60750179021015_school_782.png,1732,60750179021015,782,5427,60750329011006,8.21549835389619,,0
258,case_0258_block_60750179021015_school_786.png,1732,60750179021015,786,1171,60750159001003,4.048121979200489,,0
259,case_0259_block_60750179021015_school_790.png,1732,60750179021015,790,344,60750111003002,3.3805135083343547,,0
260,case_0260_block_60750179021015_school_801.png,1732,60750179021015,801,101,60750103001013,2.6970402072225497,,0
261,case_0261_block_60750179021015_school_823.png,1732,60750179021015,823,757,60750130001002,3.271777501857322,,0
262,case_0262_block_60750179021015_school_834.png,1732,60750179021015,834,317,60750110002005,3.1261753785818835,,0
263,case_0263_block_60750179021015_school_848.png,1732,60750179021015,848,5996,60750402003004,5.876528078873914,,0
264,case_0264_block_60750179021015_school_862.png,1732,60750179021015,862,5874,60750353003005,8.99465101347777,,0
265,case_0265_block_60750179021018_school_413.png,1735,60750179021018,413,6007,60750426011000,6.502530395113312,,0
266,case_0266_block_60750179021020_school_420.png,1737,60750179021020,420,2297,60750212003004,5.387334612798866,,0
267,case_0267_block_60750179021020_school_456.png,1737,60750179021020,456,2776,60750229032009,4.502272711138279,,0
268,case_0268_block_60750179021020_school_478.png,1737,60750179021020,478,4283,60750301022010,6.081852436016636,,0
269,case_0269_block_60750179021020_school_481.png,1737,60750179021020,481,3793,60750260031009,6.929816638106653,,0
270,case_0270_block_60750179021020_school_488.png,1737,60750179021020,488,4863,60750309005018,7.7237856074313616,,0
271,case_0271_block_60750179021020_school_490.png,1737,60750179021020,490,375,60750113002001,2.3895511731724413,,0
272,case_0272_block_60750179021020_school_497.png,1737,60750179021020,497,2594,60750227022009,3.660432949307835,,0
273,case_0273_block_60750179021020_school_505.png,1737,60750179021020,505,2085,60750205002004,5.080738182506036,,0
274,case_0274_block_60750179021020_school_507.png,1737,60750179021020,507,2868,60750230032002,5.523377774776105,,0
275,case_0275_block_60750179021020_school_513.png,1737,60750179021020,513,3650,60750257023005,6.034477146543533,,0
276,case_0276_block_60750179021020_school_521.png,1737,60750179021020,521,7117,60759805011010,6.759130417823247,,0
277,case_0277_block_60750179021020_school_539.png,1737,60750179021020,539,5505,60750330002005,7.772146422259144,,0
278,case_0278_block_60750179021020_school_544.png,1737,60750179021020,544,5762,60750351004006,8.071368820900046,,0
279,case_0279_block_60750179021020_school_575.png,1737,60750179021020,575,4995,60750311001020,6.394318519695987,,0
280,case_0280_block_60750179021020_school_589.png,1737,60750179021020,589,1499,60750171022001,5.434824655191137,,0
281,case_0281_block_60750179021020_school_593.png,1737,60750179021020,593,4061,60750263022007,7.709834323400174,,0
282,case_0282_block_60750179021020_school_603.png,1737,60750179021020,603,2712,60750228031005,4.51075006822339,,0
283,case_0283_block_60750179021020_school_614.png,1737,60750179021020,614,3501,60750256002003,6.207785925227931,,0
284,case_0284_block_60750179021020_school_644.png,1737,60750179021020,644,4319,60750302012005,6.681664058059872,,0
285,case_0285_block_60750179021020_school_650.png,1737,60750179021020,650,1417,60750168022001,4.046960918611631,,0
286,case_0286_block_60750179021020_school_656.png,1737,60750179021020,656,3265,60750254013000,5.781377065148301,,0
287,case_0287_block_60750179021020_school_670.png,1737,60750179021020,670,5647,60750332011002,8.251359309319433,,0
288,case_0288_block_60750179021020_school_680.png,1737,60750179021020,680,3150,60750252001002,4.867382628890455,,0
289,case_0289_block_60750179021020_school_691.png,1737,60750179021020,691,4093,60750263031002,8.063919907354867,,0
290,case_0290_block_60750179021020_school_718.png,1737,60750179021020,718,1450,60750170001006,4.6947875331904045,,0
291,case_0291_block_60750179021020_school_722.png,1737,60750179021020,722,4625,60750307001022,6.567439796067221,,0
292,case_0292_block_60750179021020_school_723.png,1737,60750179021020,723,2707,60750228031000,4.349815221176567,,0
293,case_0293_block_60750179021020_school_729.png,1737,60750179021020,729,3738,60750260011000,6.669385725889189,,0
294,case_0294_block_60750179021020_school_735.png,1737,60750179021020,735,1320,60750165003002,5.051287743254238,,0
295,case_0295_block_60750179021020_school_746.png,1737,60750179021020,746,5155,60750313021003,8.304891958374991,,0
296,case_0296_block_60750179021020_school_750.png,1737,60750179021020,750,5849,60750353001001,8.140886380328654,,0
297,case_0297_block_60750179021020_school_782.png,1737,60750179021020,782,5427,60750329011006,7.930846723139804,,0
298,case_0298_block_60750179021020_school_786.png,1737,60750179021020,786,1171,60750159001003,3.730791490195307,,0
299,case_0299_block_60750179021020_school_790.png,1737,60750179021020,790,344,60750111003002,3.068560610972249,,0
300,case_0300_block_60750179021020_school_816.png,1737,60750179021020,816,1974,60750203002001,4.564926773243985,,0
301,case_0301_block_60750179021020_school_820.png,1737,60750179021020,820,5240,60750314004002,8.242756905645303,,0
302,case_0302_block_60750179021020_school_838.png,1737,60750179021020,838,6848,60750614001002,4.206077721699977,,0
303,case_0303_block_60750179021020_school_842.png,1737,60750179021020,842,5035,60750311004007,6.93969627148252,,0
304,case_0304_block_60750179021020_school_859.png,1737,60750179021020,859,537,60750124022001,3.3436289515656266,,0
305,case_0305_block_60750179021020_school_862.png,1737,60750179021020,862,5874,60750353003005,8.65070324108196,,0
306,case_0306_block_60750179021020_school_867.png,1737,60750179021020,867,4141,60750264012005,7.041339049778739,,0
307,case_0307_block_60750179021020_school_876.png,1737,60750179021020,876,4672,60750308001002,6.924930466818372,,0
308,case_0308_block_60750179021020_school_999.png,1737,60750179021020,999,6635,60750607001031,2.989045468410752,,0
309,case_0309_block_60750179021022_school_413.png,1739,60750179021022,413,6007,60750426011000,6.399117131729786,,0
310,case_0310_block_60750179021022_school_435.png,1739,60750179021022,435,6191,60750476003004,6.275329304308456,,0
311,case_0311_block_60750179021022_school_525.png,1739,60750179021022,525,965,60750153001002,4.099341747182344,,0
312,case_0312_block_60750179021022_school_549.png,1739,60750179021022,549,6133,60750452002000,5.668681140325989,,0
313,case_0313_block_60750179021022_school_562.png,1739,60750179021022,562,142,60750104003012,2.0870309855019054,,0
314,case_0314_block_60750179021022_school_569.png,1739,60750179021022,569,5982,60750402001005,5.49185056247021,,0
315,case_0315_block_60750179021022_school_638.png,1739,60750179021022,638,238,60750107002003,2.403316783464772,,0
316,case_0316_block_60750179021022_school_664.png,1739,60750179021022,664,6257,60750478012003,7.295310183803293,,0
317,case_0317_block_60750179021022_school_801.png,1739,60750179021022,801,101,60750103001013,2.6160988378703,,0
318,case_0318_block_60750179021022_school_823.png,1739,60750179021022,823,757,60750130001002,3.1819417703061497,,0
319,case_0319_block_60750179021022_school_834.png,1739,60750179021022,834,317,60750110002005,2.892236820557626,,0
320,case_0320_block_60750179021022_school_848.png,1739,60750179021022,848,5996,60750402003004,5.828672262248511,,0
321,case_0321_block_60750179021022_school_872.png,1739,60750179021022,872,206,60750106002000,1.966782161032183,,0
322,case_0322_block_60750179021030_school_625.png,1747,60750179021030,625,2895,60750231022004,6.128659329587944,,0
323,case_0323_block_60750179021030_school_830.png,1747,60750179021030,830,2905,60750231031006,5.817382345798558,,0
324,case_0324_block_60750179021037_school_420.png,1754,60750179021037,420,2297,60750212003004,5.960390800093545,,0
325,case_0325_block_60750179021037_school_478.png,1754,60750179021037,478,4283,60750301022010,6.526560013019419,,0
326,case_0326_block_60750179021037_school_488.png,1754,60750179021037,488,4863,60750309005018,8.246389131689835,,0
327,case_0327_block_60750179021037_school_490.png,1754,60750179021037,490,375,60750113002001,2.734189965030624,,0
328,case_0328_block_60750179021037_school_505.png,1754,60750179021037,505,2085,60750205002004,5.627331691825384,,0
329,case_0329_block_60750179021037_school_650.png,1754,60750179021037,650,1417,60750168022001,4.50761034576948,,0
330,case_0330_block_60750179021037_school_670.png,1754,60750179021037,670,5647,60750332011002,8.728458462232407,,0
331,case_0331_block_60750179021037_school_718.png,1754,60750179021037,718,1450,60750170001006,5.161822344461925,,0
332,case_0332_block_60750179021037_school_722.png,1754,60750179021037,722,4625,60750307001022,7.162833465371334,,0
333,case_0333_block_60750179021037_school_746.png,1754,60750179021037,746,5155,60750313021003,8.920960239163051,,0
334,case_0334_block_60750179021037_school_816.png,1754,60750179021037,816,1974,60750203002001,5.120135931809509,,0
335,case_0335_block_60750179021037_school_820.png,1754,60750179021037,820,5240,60750314004002,8.898703113982982,,0
336,case_0336_block_60750179021037_school_842.png,1754,60750179021037,842,5035,60750311004007,7.592856001251513,,0
337,case_0337_block_60750179021037_school_859.png,1754,60750179021037,859,537,60750124022001,3.783502984494069,,0
338,case_0338_block_60750179021037_school_872.png,1754,60750179021037,872,206,60750106002000,2.295382726392819,,0
339,case_0339_block_60750179021037_school_876.png,1754,60750179021037,876,4672,60750308001002,7.406578309698938,,0
340,case_0340_block_60750179021038_school_420.png,1755,60750179021038,420,2297,60750212003004,5.846748852035714,,0
341,case_0341_block_60750179021038_school_453.png,1755,60750179021038,453,3058,60750234002018,6.764820064406061,,0
342,case_0342_block_60750179021038_school_456.png,1755,60750179021038,456,2776,60750229032009,4.920179839215222,,0
343,case_0343_block_60750179021038_school_478.png,1755,60750179021038,478,4283,60750301022010,6.545733289356633,,0
344,case_0344_block_60750179021038_school_481.png,1755,60750179021038,481,3793,60750260031009,7.35368804187062,,0
345,case_0345_block_60750179021038_school_488.png,1755,60750179021038,488,4863,60750309005018,8.184601960352863,,0
346,case_0346_block_60750179021038_school_497.png,1755,60750179021038,497,2594,60750227022009,4.0712827764425885,,0
347,case_0347_block_60750179021038_school_505.png,1755,60750179021038,505,2085,60750205002004,5.542023790014248,,0
348,case_0348_block_60750179021038_school_507.png,1755,60750179021038,507,2868,60750230032002,5.893144852288764,,0
349,case_0349_block_60750179021038_school_513.png,1755,60750179021038,513,3650,60750257023005,6.430493885480047,,0
350,case_0350_block_60750179021038_school_521.png,1755,60750179021038,521,7117,60759805011010,7.152056135342429,,0
351,case_0351_block_60750179021038_school_539.png,1755,60750179021038,539,5505,60750330002005,8.236132000682282,,0
352,case_0352_block_60750179021038_school_575.png,1755,60750179021038,575,4995,60750311001020,6.836814204419793,,0
353,case_0353_block_60750179021038_school_589.png,1755,60750179021038,589,1499,60750171022001,5.898643803558151,,0
354,case_0354_block_60750179021038_school_593.png,1755,60750179021038,593,4061,60750263022007,8.131619212357785,,0
355,case_0355_block_60750179021038_school_603.png,1755,60750179021038,603,2712,60750228031005,4.951299957438783,,0
356,case_0356_block_60750179021038_school_614.png,1755,60750179021038,614,3501,60750256002003,6.624916118222553,,0
357,case_0357_block_60750179021038_school_625.png,1755,60750179021038,625,2895,60750231022004,5.785666070374387,,0
358,case_0358_block_60750179021038_school_650.png,1755,60750179021038,650,1417,60750168022001,4.510977329789404,,0
359,case_0359_block_60750179021038_school_656.png,1755,60750179021038,656,3265,60750254013000,6.212583188893428,,0
360,case_0360_block_60750179021038_school_670.png,1755,60750179021038,670,5647,60750332011002,8.714000569891482,,0
361,case_0361_block_60750179021038_school_680.png,1755,60750179021038,680,3150,60750252001002,5.295711942114424,,0
362,case_0362_block_60750179021038_school_691.png,1755,60750179021038,691,4093,60750263031002,8.498955862450076,,0
363,case_0363_block_60750179021038_school_718.png,1755,60750179021038,718,1450,60750170001006,5.158691677355932,,0
364,case_0364_block_60750179021038_school_722.png,1755,60750179021038,722,4625,60750307001022,7.023935451162257,,0
365,case_0365_block_60750179021038_school_723.png,1755,60750179021038,723,2707,60750228031000,4.789584677355335,,0
366,case_0366_block_60750179021038_school_729.png,1755,60750179021038,729,3738,60750260011000,7.099710413425758,,0
367,case_0367_block_60750179021038_school_746.png,1755,60750179021038,746,5155,60750313021003,8.757955177368105,,0
368,case_0368_block_60750179021038_school_816.png,1755,60750179021038,816,1974,60750203002001,5.0263028930258224,,0
369,case_0369_block_60750179021038_school_820.png,1755,60750179021038,820,5240,60750314004002,8.69117674412036,,0
370,case_0370_block_60750179021038_school_830.png,1755,60750179021038,830,2905,60750231031006,5.465629784564578,,0
371,case_0371_block_60750179021038_school_838.png,1755,60750179021038,838,6848,60750614001002,4.613827873119579,,0
372,case_0372_block_60750179021038_school_842.png,1755,60750179021038,842,5035,60750311004007,7.38976331597154,,0
373,case_0373_block_60750179021038_school_859.png,1755,60750179021038,859,537,60750124022001,3.807185202974445,,0
374,case_0374_block_60750179021038_school_862.png,1755,60750179021038,862,5874,60750353003005,9.114369005724486,,0
375,case_0375_block_60750179021038_school_867.png,1755,60750179021038,867,4141,60750264012005,7.42842653882699,,0
376,case_0376_block_60750179021038_school_876.png,1755,60750179021038,876,4672,60750308001002,7.387818628036371,,0
377,case_0377_block_60750179021038_school_999.png,1755,60750179021038,999,6635,60750607001031,3.415461532210031,,0
378,case_0378_block_60750179021040_school_420.png,1757,60750179021040,420,2297,60750212003004,5.76472330058525,,0
379,case_0379_block_60750179021040_school_435.png,1757,60750179021040,435,6191,60750476003004,6.421987596790656,,0
380,case_0380_block_60750179021040_school_453.png,1757,60750179021040,453,3058,60750234002018,7.01615461200967,,0
381,case_0381_block_60750179021040_school_456.png,1757,60750179021040,456,2776,60750229032009,5.022503056371591,,0
382,case_0382_block_60750179021040_school_478.png,1757,60750179021040,478,4283,60750301022010,6.392565936164562,,0
383,case_0383_block_60750179021040_school_481.png,1757,60750179021040,481,3793,60750260031009,7.430285532877733,,0
384,case_0384_block_60750179021040_school_488.png,1757,60750179021040,488,4863,60750309005018,8.080653026349184,,0
385,case_0385_block_60750179021040_school_490.png,1757,60750179021040,490,375,60750113002001,2.611625536287136,,0
386,case_0386_block_60750179021040_school_497.png,1757,60750179021040,497,2594,60750227022009,4.197412878081514,,0
387,case_0387_block_60750179021040_school_505.png,1757,60750179021040,505,2085,60750205002004,5.442639807497431,,0
388,case_0388_block_60750179021040_school_507.png,1757,60750179021040,507,2868,60750230032002,6.103698183456044,,0
389,case_0389_block_60750179021040_school_513.png,1757,60750179021040,513,3650,60750257023005,6.583838978295934,,0
390,case_0390_block_60750179021040_school_521.png,1757,60750179021040,521,7117,60759805011010,7.311048773346036,,0
391,case_0391_block_60750179021040_school_525.png,1757,60750179021040,525,965,60750153001002,4.25822452081066,,0
392,case_0392_block_60750179021040_school_539.png,1757,60750179021040,539,5505,60750330002005,8.070143376345412,,0
393,case_0393_block_60750179021040_school_544.png,1757,60750179021040,544,5762,60750351004006,8.247345106419388,,0
394,case_0394_block_60750179021040_school_549.png,1757,60750179021040,549,6133,60750452002000,5.834479244900623,,0
395,case_0395_block_60750179021040_school_562.png,1757,60750179021040,562,142,60750104003012,2.226456913948087,,0
396,case_0396_block_60750179021040_school_569.png,1757,60750179021040,569,5982,60750402001005,5.61839232002806,,0
397,case_0397_block_60750179021040_school_575.png,1757,60750179021040,575,4995,60750311001020,6.8480620581742935,,0
398,case_0398_block_60750179021040_school_589.png,1757,60750179021040,589,1499,60750171022001,5.717875662758326,,0
399,case_0399_block_60750179021040_school_593.png,1757,60750179021040,593,4061,60750263022007,8.213022328476406,,0
400,case_0400_block_60750179021040_school_603.png,1757,60750179021040,603,2712,60750228031005,4.97840755457896,,0
401,case_0401_block_60750179021040_school_614.png,1757,60750179021040,614,3501,60750256002003,6.723366727719358,,0
402,case_0402_block_60750179021040_school_625.png,1757,60750179021040,625,2895,60750231022004,6.04476987565058,,0
403,case_0403_block_60750179021040_school_638.png,1757,60750179021040,638,238,60750107002003,2.575345538100416,,0
404,case_0404_block_60750179021040_school_644.png,1757,60750179021040,644,4319,60750302012005,6.890444482406263,,0
405,case_0405_block_60750179021040_school_650.png,1757,60750179021040,650,1417,60750168022001,4.356061167226506,,0
406,case_0406_block_60750179021040_school_656.png,1757,60750179021040,656,3265,60750254013000,6.268511428586963,,0
407,case_0407_block_60750179021040_school_664.png,1757,60750179021040,664,6257,60750478012003,7.408316044383519,,0
408,case_0408_block_60750179021040_school_670.png,1757,60750179021040,670,5647,60750332011002,8.5849822584436,,0
409,case_0409_block_60750179021040_school_680.png,1757,60750179021040,680,3150,60750252001002,5.364785046600756,,0
410,case_0410_block_60750179021040_school_691.png,1757,60750179021040,691,4093,60750263031002,8.535566865782574,,0
411,case_0411_block_60750179021040_school_718.png,1757,60750179021040,718,1450,60750170001006,5.011561271828766,,0
412,case_0412_block_60750179021040_school_722.png,1757,60750179021040,722,4625,60750307001022,6.960365647247708,,0
413,case_0413_block_60750179021040_school_723.png,1757,60750179021040,723,2707,60750228031000,4.8207241510163374,,0
414,case_0414_block_60750179021040_school_729.png,1757,60750179021040,729,3738,60750260011000,7.156017548821431,,0
415,case_0415_block_60750179021040_school_735.png,1757,60750179021040,735,1320,60750165003002,5.270296648604136,,0
416,case_0416_block_60750179021040_school_746.png,1757,60750179021040,746,5155,60750313021003,8.712124836919465,,0
417,case_0417_block_60750179021040_school_750.png,1757,60750179021040,750,5849,60750353001001,8.365034461281562,,0
418,case_0418_block_60750179021040_school_782.png,1757,60750179021040,782,5427,60750329011006,8.165943780208657,,0
419,case_0419_block_60750179021040_school_786.png,1757,60750179021040,786,1171,60750159001003,3.958914369315194,,0
420,case_0420_block_60750179021040_school_790.png,1757,60750179021040,790,344,60750111003002,3.2844877540941955,,0
421,case_0421_block_60750179021040_school_801.png,1757,60750179021040,801,101,60750103001013,2.7196785421457523,,0
422,case_0422_block_60750179021040_school_816.png,1757,60750179021040,816,1974,60750203002001,4.929012393840534,,0
423,case_0423_block_60750179021040_school_820.png,1757,60750179021040,820,5240,60750314004002,8.670691065406329,,0
424,case_0424_block_60750179021040_school_823.png,1757,60750179021040,823,757,60750130001002,3.2986693627778894,,0
425,case_0425_block_60750179021040_school_830.png,1757,60750179021040,830,2905,60750231031006,5.735957539297455,,0
426,case_0426_block_60750179021040_school_834.png,1757,60750179021040,834,317,60750110002005,3.0689071120637057,,0
427,case_0427_block_60750179021040_school_838.png,1757,60750179021040,838,6848,60750614001002,4.744829754756191,,0
428,case_0428_block_60750179021040_school_842.png,1757,60750179021040,842,5035,60750311004007,7.363901607275462,,0
429,case_0429_block_60750179021040_school_848.png,1757,60750179021040,848,5996,60750402003004,5.946091559057914,,0
430,case_0430_block_60750179021040_school_859.png,1757,60750179021040,859,537,60750124022001,3.6348511082191473,,0
431,case_0431_block_60750179021040_school_862.png,1757,60750179021040,862,5874,60750353003005,8.917358604630886,,0
432,case_0432_block_60750179021040_school_867.png,1757,60750179021040,867,4141,60750264012005,7.60008853642201,,0
433,case_0433_block_60750179021040_school_872.png,1757,60750179021040,872,206,60750106002000,2.171074455027876,,0
434,case_0434_block_60750179021040_school_876.png,1757,60750179021040,876,4672,60750308001002,7.258084298862724,,0
435,case_0435_block_60750179021040_school_999.png,1757,60750179021040,999,6635,60750607001031,3.5033981861509704,,0
436,case_0436_block_60750179021062_school_453.png,1779,60750179021062,453,3058,60750234002018,6.45308509448409,,0
437,case_0437_block_60750179021062_school_507.png,1779,60750179021062,507,2868,60750230032002,5.571196649873803,,0
438,case_0438_block_60750179021062_school_513.png,1779,60750179021062,513,3650,60750257023005,6.098788090653637,,0
439,case_0439_block_60750179021062_school_521.png,1779,60750179021062,521,7117,60759805011010,6.8215313270394855,,0
440,case_0440_block_60750179021062_school_625.png,1779,60750179021062,625,2895,60750231022004,5.475275761557225,,0
441,case_0441_block_60750179021062_school_830.png,1779,60750179021062,830,2905,60750231031006,5.158075459456131,,0
442,case_0442_block_60750179021062_school_867.png,1779,60750179021062,867,4141,60750264012005,7.100047691905728,,0
443,case_0443_block_60750202002008_school_544.png,1948,60750202002008,544,5762,60750351004006,4.351132335457096,,0
444,case_0444_block_60750202002008_school_644.png,1948,60750202002008,644,4319,60750302012005,2.928015439243058,,0
445,case_0445_block_60750204011004_school_478.png,1994,60750204011004,478,4283,60750301022010,0.7231758250245648,,0
446,case_0446_block_60750204011004_school_539.png,1994,60750204011004,539,5505,60750330002005,2.41139025733568,,0
447,case_0447_block_60750204011004_school_670.png,1994,60750204011004,670,5647,60750332011002,2.8833423015994444,,0
448,case_0448_block_60750204011004_school_750.png,1994,60750204011004,750,5849,60750353001001,2.976283328633167,,0
449,case_0449_block_60750204011004_school_782.png,1994,60750204011004,782,5427,60750329011006,2.733845856802226,,0
450,case_0450_block_60750204011004_school_862.png,1994,60750204011004,862,5874,60750353003005,3.3347617005317964,,0
451,case_0451_block_60750204011004_school_876.png,1994,60750204011004,876,4672,60750308001002,1.5561195818521676,,0
452,case_0452_block_60750204013012_school_569.png,2028,60750204013012,569,5982,60750402001005,1.98464324636906,,0
453,case_0453_block_60750204013012_school_848.png,2028,60750204013012,848,5996,60750402003004,2.196469728423773,,0
454,case_0454_block_60750204021002_school_413.png,2036,60750204021002,413,6007,60750426011000,2.9034974251109102,,0
455,case_0455_block_60750204021002_school_435.png,2036,60750204021002,435,6191,60750476003004,2.314990762818585,,0
456,case_0456_block_60750204021002_school_490.png,2036,60750204021002,490,375,60750113002001,3.5600754816718605,,0
457,case_0457_block_60750204021002_school_525.png,2036,60750204021002,525,965,60750153001002,2.480516755316483,,0
458,case_0458_block_60750204021002_school_549.png,2036,60750204021002,549,6133,60750452002000,1.940520973095205,,0
459,case_0459_block_60750204021002_school_562.png,2036,60750204021002,562,142,60750104003012,4.058624691664948,,0
460,case_0460_block_60750204021002_school_569.png,2036,60750204021002,569,5982,60750402001005,2.4182617334467054,,0
461,case_0461_block_60750204021002_school_589.png,2036,60750204021002,589,1499,60750171022001,0.8132291088990838,,0
462,case_0462_block_60750204021002_school_638.png,2036,60750204021002,638,238,60750107002003,3.686769611246412,,0
463,case_0463_block_60750204021002_school_650.png,2036,60750204021002,650,1417,60750168022001,1.7867503252239068,,0
464,case_0464_block_60750204021002_school_718.png,2036,60750204021002,718,1450,60750170001006,1.145657474885298,,0
465,case_0465_block_60750204021002_school_735.png,2036,60750204021002,735,1320,60750165003002,1.5151894256931813,,0
466,case_0466_block_60750204021002_school_786.png,2036,60750204021002,786,1171,60750159001003,2.34613672675121,,0
467,case_0467_block_60750204021002_school_790.png,2036,60750204021002,790,344,60750111003002,2.9583106554345817,,0
468,case_0468_block_60750204021002_school_801.png,2036,60750204021002,801,101,60750103001013,3.781633214894033,,0
469,case_0469_block_60750204021002_school_823.png,2036,60750204021002,823,757,60750130001002,3.33064386586418,,0
470,case_0470_block_60750204021002_school_834.png,2036,60750204021002,834,317,60750110002005,3.2532947821761016,,0
471,case_0471_block_60750204021002_school_848.png,2036,60750204021002,848,5996,60750402003004,2.5688999932566943,,0
472,case_0472_block_60750204021002_school_859.png,2036,60750204021002,859,537,60750124022001,2.5074805824675344,,0
473,case_0473_block_60750204021002_school_872.png,2036,60750204021002,872,206,60750106002000,3.9946108868549888,,0
474,case_0474_block_60750204021005_school_420.png,2039,60750204021005,420,2297,60750212003004,0.4573965935270841,,0
475,case_0475_block_60750204021005_school_456.png,2039,60750204021005,456,2776,60750229032009,2.2767780917688056,,0
476,case_0476_block_60750204021005_school_490.png,2039,60750204021005,490,375,60750113002001,3.417039866453488,,0
477,case_0477_block_60750204021005_school_497.png,2039,60750204021005,497,2594,60750227022009,2.7867370958322755,,0
478,case_0478_block_60750204021005_school_505.png,2039,60750204021005,505,2085,60750205002004,0.5948553643717747,,0
479,case_0479_block_60750204021005_school_525.png,2039,60750204021005,525,965,60750153001002,2.3021212801871904,,0
480,case_0480_block_60750204021005_school_562.png,2039,60750204021005,562,142,60750104003012,3.909196790092474,,0
481,case_0481_block_60750204021005_school_589.png,2039,60750204021005,589,1499,60750171022001,0.6378538316914532,,0
482,case_0482_block_60750204021005_school_603.png,2039,60750204021005,603,2712,60750228031005,1.71960467461875,,0
483,case_0483_block_60750204021005_school_638.png,2039,60750204021005,638,238,60750107002003,3.5365064774385258,,0
484,case_0484_block_60750204021005_school_650.png,2039,60750204021005,650,1417,60750168022001,1.6420547668090657,,0
485,case_0485_block_60750204021005_school_718.png,2039,60750204021005,718,1450,60750170001006,0.9922282118912396,,0
486,case_0486_block_60750204021005_school_723.png,2039,60750204021005,723,2707,60750228031000,1.834694006442144,,0
487,case_0487_block_60750204021005_school_735.png,2039,60750204021005,735,1320,60750165003002,1.3345660814188347,,0
488,case_0488_block_60750204021005_school_786.png,2039,60750204021005,786,1171,60750159001003,2.183340445110652,,0
489,case_0489_block_60750204021005_school_790.png,2039,60750204021005,790,344,60750111003002,2.8050699843259363,,0
490,case_0490_block_60750204021005_school_801.png,2039,60750204021005,801,101,60750103001013,3.620729870246433,,0
491,case_0491_block_60750204021005_school_816.png,2039,60750204021005,816,1974,60750203002001,1.0937631858904886,,0
492,case_0492_block_60750204021005_school_823.png,2039,60750204021005,823,757,60750130001002,3.161825214382956,,0
493,case_0493_block_60750204021005_school_834.png,2039,60750204021005,834,317,60750110002005,3.0964260695685573,,0
494,case_0494_block_60750204021005_school_838.png,2039,60750204021005,838,6848,60750614001002,2.587397795758476,,0
495,case_0495_block_60750204021005_school_859.png,2039,60750204021005,859,537,60750124022001,2.365681743429191,,0
496,case_0496_block_60750204021005_school_872.png,2039,60750204021005,872,206,60750106002000,3.8538659695003057,,0
497,case_0497_block_60750204021005_school_999.png,2039,60750204021005,999,6635,60750607001031,3.029551069544666,,0
498,case_0498_block_60750204021014_school_453.png,2048,60750204021014,453,3058,60750234002018,3.6468522605190015,,0
499,case_0499_block_60750204021014_school_513.png,2048,60750204021014,513,3650,60750257023005,2.4477753421365187,,0
500,case_0500_block_60750204021014_school_614.png,2048,60750204021014,614,3501,60750256002003,1.907667229949519,,0
501,case_0501_block_60750204022009_school_420.png,2059,60750204022009,420,2297,60750212003004,0.2394269274970291,,0
502,case_0502_block_60750204022009_school_625.png,2059,60750204022009,625,2895,60750231022004,3.53798326319,,0
503,case_0503_block_60750216002007_school_478.png,2411,60750216002007,478,4283,60750301022010,0.7944096639381432,,0
504,case_0504_block_60750216002007_school_539.png,2411,60750216002007,539,5505,60750330002005,1.9750916698056684,,0
505,case_0505_block_60750216002007_school_544.png,2411,60750216002007,544,5762,60750351004006,3.165300488090633,,0
506,case_0506_block_60750216002007_school_644.png,2411,60750216002007,644,4319,60750302012005,2.0291881008734403,,0
507,case_0507_block_60750216002007_school_664.png,2411,60750216002007,664,6257,60750478012003,3.496931939609893,,0
508,case_0508_block_60750216002007_school_670.png,2411,60750216002007,670,5647,60750332011002,2.255696251911351,,0
509,case_0509_block_60750216002007_school_750.png,2411,60750216002007,750,5849,60750353001001,2.814590677611035,,0
510,case_0510_block_60750216002007_school_782.png,2411,60750216002007,782,5427,60750329011006,2.5614150228788826,,0
511,case_0511_block_60750216002007_school_862.png,2411,60750216002007,862,5874,60750353003005,2.9507175206522787,,0
512,case_0512_block_60750216002007_school_876.png,2411,60750216002007,876,4672,60750308001002,1.0198182902682873,,0
513,case_0513_block_60750217001010_school_420.png,2430,60750217001010,420,2297,60750212003004,0.82617314032623,,0
514,case_0514_block_60750217001010_school_490.png,2430,60750217001010,490,375,60750113002001,3.973299505107844,,0
515,case_0515_block_60750217001010_school_505.png,2430,60750217001010,505,2085,60750205002004,1.1669270913972745,,0
516,case_0516_block_60750217001010_school_562.png,2430,60750217001010,562,142,60750104003012,4.503427709881397,,0
517,case_0517_block_60750217001010_school_638.png,2430,60750217001010,638,238,60750107002003,4.144521688092823,,0
518,case_0518_block_60750217001010_school_650.png,2430,60750217001010,650,1417,60750168022001,2.286747819986776,,0
519,case_0519_block_60750217001010_school_718.png,2430,60750217001010,718,1450,60750170001006,1.752483302251685,,0
520,case_0520_block_60750217001010_school_786.png,2430,60750217001010,786,1171,60750159001003,2.9274063917349515,,0
521,case_0521_block_60750217001010_school_790.png,2430,60750217001010,790,344,60750111003002,3.454338517576211,,0
522,case_0522_block_60750217001010_school_801.png,2430,60750217001010,801,101,60750103001013,4.31331422001689,,0
523,case_0523_block_60750217001010_school_816.png,2430,60750217001010,816,1974,60750203002001,1.584734625081919,,0
524,case_0524_block_60750217001010_school_823.png,2430,60750217001010,823,757,60750130001002,3.933263625407846,,0
525,case_0525_block_60750217001010_school_834.png,2430,60750217001010,834,317,60750110002005,3.766257635120769,,0
526,case_0526_block_60750217001010_school_859.png,2430,60750217001010,859,537,60750124022001,2.948455838712979,,0
527,case_0527_block_60750217001010_school_872.png,2430,60750217001010,872,206,60750106002000,4.383389152680926,,0
528,case_0528_block_60750217003006_school_746.png,2459,60750217003006,746,5155,60750313021003,2.4156834011995,,0
529,case_0529_block_60750217003006_school_842.png,2459,60750217003006,842,5035,60750311004007,1.034626451465791,,0
530,case_0530_block_60750217003011_school_481.png,2464,60750217003011,481,3793,60750260031009,1.3126604670793378,,0
531,case_0531_block_60750217003011_school_575.png,2464,60750217003011,575,4995,60750311001020,0.3805175843546965,,0
532,case_0532_block_60750217003011_school_729.png,2464,60750217003011,729,3738,60750260011000,0.9568347353130277,,0
533,case_0533_block_60750217003013_school_490.png,2466,60750217003013,490,375,60750113002001,4.080517266416056,,0
534,case_0534_block_60750217003013_school_562.png,2466,60750217003013,562,142,60750104003012,4.615392943204488,,0
535,case_0535_block_60750217003013_school_638.png,2466,60750217003013,638,238,60750107002003,4.261499768077899,,0
536,case_0536_block_60750217003013_school_790.png,2466,60750217003013,790,344,60750111003002,3.5848815145092363,,0
537,case_0537_block_60750217003013_school_801.png,2466,60750217003013,801,101,60750103001013,4.447344281270092,,0
538,case_0538_block_60750217003013_school_834.png,2466,60750217003013,834,317,60750110002005,3.898683177111817,,0
539,case_0539_block_60750217003013_school_859.png,2466,60750217003013,859,537,60750124022001,3.07084752814126,,0
540,case_0540_block_60750217003013_school_872.png,2466,60750217003013,872,206,60750106002000,4.48221767067438,,0
541,case_0541_block_60750227041023_school_505.png,2621,60750227041023,505,2085,60750205002004,1.6579443789281352,,0
542,case_0542_block_60750227041023_school_544.png,2621,60750227041023,544,5762,60750351004006,5.233218765521715,,0
543,case_0543_block_60750230031005_school_456.png,2854,60750230031005,456,2776,60750229032009,1.244119197811583,,0
544,case_0544_block_60750230031005_school_490.png,2854,60750230031005,490,375,60750113002001,4.233282770135943,,0
545,case_0545_block_60750230031005_school_497.png,2854,60750230031005,497,2594,60750227022009,1.85020178307524,,0
546,case_0546_block_60750230031005_school_562.png,2854,60750230031005,562,142,60750104003012,4.748321697394044,,0
547,case_0547_block_60750230031005_school_638.png,2854,60750230031005,638,238,60750107002003,4.487451448769032,,0
548,case_0548_block_60750230031005_school_790.png,2854,60750230031005,790,344,60750111003002,4.043996942246364,,0
549,case_0549_block_60750230031005_school_801.png,2854,60750230031005,801,101,60750103001013,4.826399394444269,,0
550,case_0550_block_60750230031005_school_823.png,2854,60750230031005,823,757,60750130001002,4.705148220969256,,0
551,case_0551_block_60750230031005_school_834.png,2854,60750230031005,834,317,60750110002005,4.329468287902324,,0
552,case_0552_block_60750230031005_school_838.png,2854,60750230031005,838,6848,60750614001002,1.3379026470475863,,0
553,case_0553_block_60750230031005_school_859.png,2854,60750230031005,859,537,60750124022001,3.547520974415816,,0
554,case_0554_block_60750230031005_school_872.png,2854,60750230031005,872,206,60750106002000,4.498783412072765,,0
555,case_0555_block_60750230031005_school_999.png,2854,60750230031005,999,6635,60750607001031,2.567376964129424,,0
556,case_0556_block_60750231021007_school_453.png,2883,60750231021007,453,3058,60750234002018,1.0565171071418682,,0
557,case_0557_block_60750231031007_school_562.png,2906,60750231031007,562,142,60750104003012,4.793478878949588,,0
558,case_0558_block_60750231031007_school_872.png,2906,60750231031007,872,206,60750106002000,4.510140565193802,,0
559,case_0559_block_60750231031007_school_999.png,2906,60750231031007,999,6635,60750607001031,2.545131490583977,,0
560,case_0560_block_60750231032009_school_521.png,2917,60750231032009,521,7117,60759805011010,2.1335558653841216,,0
561,case_0561_block_60750231032009_school_593.png,2917,60750231032009,593,4061,60750263022007,3.4878017220366155,,0
562,case_0562_block_60750231032009_school_625.png,2917,60750231032009,625,2895,60750231022004,0.4097384363378932,,0
563,case_0563_block_60750231032009_school_691.png,2917,60750231032009,691,4093,60750263031002,4.1302711948957205,,0
564,case_0564_block_60750233001001_school_413.png,2980,60750233001001,413,6007,60750426011000,6.103704197073372,,0
565,case_0565_block_60750233001001_school_420.png,2980,60750233001001,420,2297,60750212003004,2.946128389042144,,0
566,case_0566_block_60750233001001_school_435.png,2980,60750233001001,435,6191,60750476003004,5.539698272679623,,0
567,case_0567_block_60750233001001_school_478.png,2980,60750233001001,478,4283,60750301022010,3.8051236627595326,,0
568,case_0568_block_60750233001001_school_544.png,2980,60750233001001,544,5762,60750351004006,6.206092817318605,,0
569,case_0569_block_60750233001001_school_589.png,2980,60750233001001,589,1499,60750171022001,3.894193978037297,,0
570,case_0570_block_60750233001001_school_644.png,2980,60750233001001,644,4319,60750302012005,5.064320794072075,,0
571,case_0571_block_60750233001001_school_656.png,2980,60750233001001,656,3265,60750254013000,1.6328435057748707,,0
572,case_0572_block_60750233001001_school_664.png,2980,60750233001001,664,6257,60750478012003,6.508006406987625,,0
573,case_0573_block_60750233001029_school_488.png,3008,60750233001029,488,4863,60750309005018,4.044248814002758,,0
574,case_0574_block_60750233001029_school_539.png,3008,60750233001029,539,5505,60750330002005,4.774952793897735,,0
575,case_0575_block_60750233001029_school_729.png,3008,60750233001029,729,3738,60750260011000,1.814872683174044,,0
576,case_0576_block_60750233001029_school_750.png,3008,60750233001029,750,5849,60750353001001,5.807251309198496,,0
577,case_0577_block_60750233001029_school_842.png,3008,60750233001029,842,5035,60750311004007,2.818902993514781,,0
578,case_0578_block_60750233001029_school_862.png,3008,60750233001029,862,5874,60750353003005,5.650602918235673,,0
579,case_0579_block_60750234002013_school_413.png,3053,60750234002013,413,6007,60750426011000,6.758332601837465,,0
580,case_0580_block_60750234002013_school_420.png,3053,60750234002013,420,2297,60750212003004,3.597517239764604,,0
581,case_0581_block_60750234002013_school_435.png,3053,60750234002013,435,6191,60750476003004,6.18926264174324,,0
582,case_0582_block_60750234002013_school_456.png,3053,60750234002013,456,2776,60750229032009,2.2953709135687355,,0
583,case_0583_block_60750234002013_school_490.png,3053,60750234002013,490,375,60750113002001,5.239601413621509,,0
584,case_0584_block_60750234002013_school_497.png,3053,60750234002013,497,2594,60750227022009,2.8158877674785625,,0
585,case_0585_block_60750234002013_school_505.png,3053,60750234002013,505,2085,60750205002004,3.754197718902149,,0
586,case_0586_block_60750234002013_school_507.png,3053,60750234002013,507,2868,60750230032002,0.861649383505621,,0
587,case_0587_block_60750234002013_school_525.png,3053,60750234002013,525,965,60750153001002,5.45138451157568,,0
588,case_0588_block_60750234002013_school_549.png,3053,60750234002013,549,6133,60750452002000,5.717307051858781,,0
589,case_0589_block_60750234002013_school_562.png,3053,60750234002013,562,142,60750104003012,5.741964491975147,,0
590,case_0590_block_60750234002013_school_569.png,3053,60750234002013,569,5982,60750402001005,6.104019667645805,,0
591,case_0591_block_60750234002013_school_589.png,3053,60750234002013,589,1499,60750171022001,4.550631226141156,,0
592,case_0592_block_60750234002013_school_603.png,3053,60750234002013,603,2712,60750228031005,2.8146463514088267,,0
593,case_0593_block_60750234002013_school_625.png,3053,60750234002013,625,2895,60750231022004,0.7717914037500722,,0
594,case_0594_block_60750234002013_school_638.png,3053,60750234002013,638,238,60750107002003,5.498820515051365,,0
595,case_0595_block_60750234002013_school_650.png,3053,60750234002013,650,1417,60750168022001,4.313477349111795,,0
596,case_0596_block_60750234002013_school_680.png,3053,60750234002013,680,3150,60750252001002,2.336415761873212,,0
597,case_0597_block_60750234002013_school_718.png,3053,60750234002013,718,1450,60750170001006,4.184700665715277,,0
598,case_0598_block_60750234002013_school_723.png,3053,60750234002013,723,2707,60750228031000,2.860171208226961,,0
599,case_0599_block_60750234002013_school_735.png,3053,60750234002013,735,1320,60750165003002,5.047561505322319,,0
600,case_0600_block_60750234002013_school_786.png,3053,60750234002013,786,1171,60750159001003,4.915858642522868,,0
601,case_0601_block_60750234002013_school_790.png,3053,60750234002013,790,344,60750111003002,5.0851156556144215,,0
602,case_0602_block_60750234002013_school_801.png,3053,60750234002013,801,101,60750103001013,5.85102408984748,,0
603,case_0603_block_60750234002013_school_816.png,3053,60750234002013,816,1974,60750203002001,3.778283105254323,,0
604,case_0604_block_60750234002013_school_823.png,3053,60750234002013,823,757,60750130001002,5.750945415128857,,0
605,case_0605_block_60750234002013_school_830.png,3053,60750234002013,830,2905,60750231031006,1.0963112956729404,,0
606,case_0606_block_60750234002013_school_834.png,3053,60750234002013,834,317,60750110002005,5.365047169010924,,0
607,case_0607_block_60750234002013_school_838.png,3053,60750234002013,838,6848,60750614001002,2.3471102317733306,,0
608,case_0608_block_60750234002013_school_848.png,3053,60750234002013,848,5996,60750402003004,6.338789603303324,,0
609,case_0609_block_60750234002013_school_859.png,3053,60750234002013,859,537,60750124022001,4.595228697681659,,0
610,case_0610_block_60750234002013_school_872.png,3053,60750234002013,872,206,60750106002000,5.47850815896938,,0
611,case_0611_block_60750234002013_school_999.png,3053,60750234002013,999,6635,60750607001031,3.516276786201906,,0
612,case_0612_block_60750234002015_school_478.png,3055,60750234002015,478,4283,60750301022010,4.4245386653499645,,0
613,case_0613_block_60750234002015_school_481.png,3055,60750234002015,481,3793,60750260031009,2.241101120865007,,0
614,case_0614_block_60750234002015_school_488.png,3055,60750234002015,488,4863,60750309005018,4.596940867627636,,0
615,case_0615_block_60750234002015_school_513.png,3055,60750234002015,513,3650,60750257023005,1.1882251035279117,,0
616,case_0616_block_60750234002015_school_521.png,3055,60750234002015,521,7117,60759805011010,1.2712383321842566,,0
617,case_0617_block_60750234002015_school_539.png,3055,60750234002015,539,5505,60750330002005,5.3063602752141685,,0
618,case_0618_block_60750234002015_school_544.png,3055,60750234002015,544,5762,60750351004006,6.771180501257947,,0
619,case_0619_block_60750234002015_school_575.png,3055,60750234002015,575,4995,60750311001020,2.7751306390594848,,0
620,case_0620_block_60750234002015_school_593.png,3055,60750234002015,593,4061,60750263022007,2.6271686393412934,,0
621,case_0621_block_60750234002015_school_614.png,3055,60750234002015,614,3501,60750256002003,1.7940380998563703,,0
622,case_0622_block_60750234002015_school_644.png,3055,60750234002015,644,4319,60750302012005,5.680877191366185,,0
623,case_0623_block_60750234002015_school_656.png,3055,60750234002015,656,3265,60750254013000,2.2355287516706364,,0
624,case_0624_block_60750234002015_school_664.png,3055,60750234002015,664,6257,60750478012003,7.136492137020676,,0
625,case_0625_block_60750234002015_school_670.png,3055,60750234002015,670,5647,60750332011002,5.186488877107744,,0
626,case_0626_block_60750234002015_school_691.png,3055,60750234002015,691,4093,60750263031002,3.313645946514653,,0
627,case_0627_block_60750234002015_school_722.png,3055,60750234002015,722,4625,60750307001022,3.628575036056639,,0
628,case_0628_block_60750234002015_school_729.png,3055,60750234002015,729,3738,60750260011000,2.3631690245482555,,0
629,case_0629_block_60750234002015_school_746.png,3055,60750234002015,746,5155,60750313021003,4.325769042440335,,0
630,case_0630_block_60750234002015_school_750.png,3055,60750234002015,750,5849,60750353001001,6.323394819882496,,0
631,case_0631_block_60750234002015_school_782.png,3055,60750234002015,782,5427,60750329011006,6.080044897676579,,0
632,case_0632_block_60750234002015_school_820.png,3055,60750234002015,820,5240,60750314004002,4.019084856682974,,0
633,case_0633_block_60750234002015_school_842.png,3055,60750234002015,842,5035,60750311004007,3.3596503141662577,,0
634,case_0634_block_60750234002015_school_862.png,3055,60750234002015,862,5874,60750353003005,6.199264284426529,,0
635,case_0635_block_60750234002015_school_867.png,3055,60750234002015,867,4141,60750264012005,1.3030804224538484,,0
636,case_0636_block_60750234002015_school_876.png,3055,60750234002015,876,4672,60750308001002,4.478897761363847,,0
637,case_0637_block_60750251003010_school_456.png,3110,60750251003010,456,2776,60750229032009,0.1134627031984363,,0
638,case_0638_block_60750251003010_school_562.png,3110,60750251003010,562,142,60750104003012,3.6738898569000615,,0
639,case_0639_block_60750251003010_school_872.png,3110,60750251003010,872,206,60750106002000,3.446879855832445,,0
640,case_0640_block_60750251003037_school_513.png,3137,60750251003037,513,3650,60750257023005,0.7283496687415884,,0
641,case_0641_block_60750251003037_school_521.png,3137,60750251003037,521,7117,60759805011010,1.4376137846799726,,0
642,case_0642_block_60750251003037_school_867.png,3137,60750251003037,867,4141,60750264012005,1.7518929743281193,,0
643,case_0643_block_60750254031021_school_413.png,3341,60750254031021,413,6007,60750426011000,4.643351514433765,,0
644,case_0644_block_60750254031021_school_420.png,3341,60750254031021,420,2297,60750212003004,1.5784921192577055,,0
645,case_0645_block_60750254031021_school_435.png,3341,60750254031021,435,6191,60750476003004,4.051449000664301,,0
646,case_0646_block_60750254031021_school_478.png,3341,60750254031021,478,4283,60750301022010,2.2173294595597466,,0
647,case_0647_block_60750254031021_school_488.png,3341,60750254031021,488,4863,60750309005018,2.4420518513296368,,0
648,case_0648_block_60750254031021_school_505.png,3341,60750254031021,505,2085,60750205002004,1.8612812639505167,,0
649,case_0649_block_60750254031021_school_539.png,3341,60750254031021,539,5505,60750330002005,3.0735437356237387,,0
650,case_0650_block_60750254031021_school_544.png,3341,60750254031021,544,5762,60750351004006,4.502367904409208,,0
651,case_0651_block_60750254031021_school_549.png,3341,60750254031021,549,6133,60750452002000,3.67147660442379,,0
652,case_0652_block_60750254031021_school_569.png,3341,60750254031021,569,5982,60750402001005,4.127542681167161,,0
653,case_0653_block_60750254031021_school_575.png,3341,60750254031021,575,4995,60750311001020,0.5340271076468763,,0
654,case_0654_block_60750254031021_school_589.png,3341,60750254031021,589,1499,60750171022001,2.5067230069654483,,0
655,case_0655_block_60750254031021_school_593.png,3341,60750254031021,593,4061,60750263022007,1.6235370883222524,,0
656,case_0656_block_60750254031021_school_644.png,3341,60750254031021,644,4319,60750302012005,3.4525737480948684,,0
657,case_0657_block_60750254031021_school_664.png,3341,60750254031021,664,6257,60750478012003,4.9224572537929685,,0
658,case_0658_block_60750254031021_school_670.png,3341,60750254031021,670,5647,60750332011002,3.061227726382269,,0
659,case_0659_block_60750254031021_school_691.png,3341,60750254031021,691,4093,60750263031002,1.9457929169924304,,0
660,case_0660_block_60750254031021_school_722.png,3341,60750254031021,722,4625,60750307001022,1.3636945017774562,,0
661,case_0661_block_60750254031021_school_729.png,3341,60750254031021,729,3738,60750260011000,0.5445525162815683,,0
662,case_0662_block_60750254031021_school_735.png,3341,60750254031021,735,1320,60750165003002,3.1369891253978897,,0
663,case_0663_block_60750254031021_school_746.png,3341,60750254031021,746,5155,60750313021003,2.4811857374611384,,0
664,case_0664_block_60750254031021_school_750.png,3341,60750254031021,750,5849,60750353001001,4.06475901645735,,0
665,case_0665_block_60750254031021_school_782.png,3341,60750254031021,782,5427,60750329011006,3.818766300851604,,0
666,case_0666_block_60750254031021_school_820.png,3341,60750254031021,820,5240,60750314004002,2.290155060061392,,0
667,case_0667_block_60750254031021_school_842.png,3341,60750254031021,842,5035,60750311004007,1.205132211274189,,0
668,case_0668_block_60750254031021_school_848.png,3341,60750254031021,848,5996,60750402003004,4.302249033744094,,0
669,case_0669_block_60750254031021_school_862.png,3341,60750254031021,862,5874,60750353003005,4.003896586287508,,0
670,case_0670_block_60750254031021_school_876.png,3341,60750254031021,876,4672,60750308001002,2.213275108379841,,0
671,case_0671_block_60750254032005_school_614.png,3347,60750254032005,614,3501,60750256002003,0.3496080118651109,,0
672,case_0672_block_60750254032014_school_453.png,3356,60750254032014,453,3058,60750234002018,2.0606102652118023,,0
673,case_0673_block_60750254032014_school_513.png,3356,60750254032014,513,3650,60750257023005,0.8674413659720921,,0
674,case_0674_block_60750254032014_school_521.png,3356,60750254032014,521,7117,60759805011010,1.2288851756972463,,0
675,case_0675_block_60750254032014_school_614.png,3356,60750254032014,614,3501,60750256002003,0.3315703334827736,,0
676,case_0676_block_60750254032014_school_867.png,3356,60750254032014,867,4141,60750264012005,1.5391271107282432,,0
677,case_0677_block_60750255001006_school_593.png,3367,60750255001006,593,4061,60750263022007,1.5960430717570715,,0
678,case_0678_block_60750255001006_school_691.png,3367,60750255001006,691,4093,60750263031002,1.8617235642715344,,0
679,case_0679_block_60750255001006_school_729.png,3367,60750255001006,729,3738,60750260011000,0.5046618381123066,,0
680,case_0680_block_60750255002023_school_507.png,3410,60750255002023,507,2868,60750230032002,2.1269384662667283,,0
681,case_0681_block_60750255002023_school_513.png,3410,60750255002023,513,3650,60750257023005,1.4165443110907,,0
682,case_0682_block_60750255002023_school_614.png,3410,60750255002023,614,3501,60750256002003,0.7922170050102341,,0
683,case_0683_block_60750255002023_school_625.png,3410,60750255002023,625,2895,60750231022004,2.6443038333375446,,0
684,case_0684_block_60750255002023_school_830.png,3410,60750255002023,830,2905,60750231031006,2.825480587317924,,0
685,case_0685_block_60750255006024_school_539.png,3472,60750255006024,539,5505,60750330002005,2.23407030018978,,0
686,case_0686_block_60750255006024_school_544.png,3472,60750255006024,544,5762,60750351004006,3.813740426232908,,0
687,case_0687_block_60750255006024_school_644.png,3472,60750255006024,644,4319,60750302012005,3.027745051034628,,0
688,case_0688_block_60750255006024_school_664.png,3472,60750255006024,664,6257,60750478012003,4.476106561481885,,0
689,case_0689_block_60750255006024_school_750.png,3472,60750255006024,750,5849,60750353001001,3.290588553399937,,0
690,case_0690_block_60750255006024_school_782.png,3472,60750255006024,782,5427,60750329011006,3.0617778253026606,,0
691,case_0691_block_60750255006024_school_842.png,3472,60750255006024,842,5035,60750311004007,0.2973780225383552,,0
692,case_0692_block_60750255006024_school_876.png,3472,60750255006024,876,4672,60750308001002,1.5558971475056356,,0
693,case_0693_block_60750255006026_school_842.png,3474,60750255006026,842,5035,60750311004007,0.3177744731955577,,0
694,case_0694_block_60750256001001_school_656.png,3482,60750256001001,656,3265,60750254013000,0.4692347924704841,,0
695,case_0695_block_60750261001012_school_453.png,3853,60750261001012,453,3058,60750234002018,2.836085888440192,,0
696,case_0696_block_60750261001012_school_481.png,3853,60750261001012,481,3793,60750260031009,0.6692983394552352,,0
697,case_0697_block_60750261001012_school_507.png,3853,60750261001012,507,2868,60750230032002,2.6945521247207025,,0
698,case_0698_block_60750261001012_school_513.png,3853,60750261001012,513,3650,60750257023005,1.903047752353216,,0
699,case_0699_block_60750261001012_school_521.png,3853,60750261001012,521,7117,60759805011010,1.663174189724426,,0
700,case_0700_block_60750261001012_school_614.png,3853,60750261001012,614,3501,60750256002003,1.34634883197685,,0
701,case_0701_block_60750261001012_school_625.png,3853,60750261001012,625,2895,60750231022004,3.18589668648816,,0
702,case_0702_block_60750261001012_school_729.png,3853,60750261001012,729,3738,60750260011000,0.7040912608292378,,0
703,case_0703_block_60750261001012_school_830.png,3853,60750261001012,830,2905,60750231031006,3.426152352334159,,0
704,case_0704_block_60750261001012_school_867.png,3853,60750261001012,867,4141,60750264012005,1.7864142389966478,,0
705,case_0705_block_60750263023006_school_453.png,4074,60750263023006,453,3058,60750234002018,2.147246221216401,,0
706,case_0706_block_60750263023006_school_507.png,4074,60750263023006,507,2868,60750230032002,2.34085288503171,,0
707,case_0707_block_60750263023006_school_513.png,4074,60750263023006,513,3650,60750257023005,1.5917370245954487,,0
708,case_0708_block_60750263023006_school_521.png,4074,60750263023006,521,7117,60759805011010,1.016298600723396,,0
709,case_0709_block_60750263023006_school_625.png,4074,60750263023006,625,2895,60750231022004,2.7512902877643954,,0
710,case_0710_block_60750263023006_school_830.png,4074,60750263023006,830,2905,60750231031006,3.048855717006885,,0
711,case_0711_block_60750263023006_school_867.png,4074,60750263023006,867,4141,60750264012005,0.9778211976593314,,0
712,case_0712_block_60750263023019_school_488.png,4087,60750263023019,488,4863,60750309005018,2.8617626137295447,,0
713,case_0713_block_60750263023019_school_539.png,4087,60750263023019,539,5505,60750330002005,3.691928797659292,,0
714,case_0714_block_60750263023019_school_544.png,4087,60750263023019,544,5762,60750351004006,5.333685844307771,,0
715,case_0715_block_60750263023019_school_593.png,4087,60750263023019,593,4061,60750263022007,0.4227385677361784,,0
716,case_0716_block_60750263023019_school_670.png,4087,60750263023019,670,5647,60750332011002,3.3421762415392187,,0
717,case_0717_block_60750263023019_school_691.png,4087,60750263023019,691,4093,60750263031002,1.1193434239910067,,0
718,case_0718_block_60750263023019_school_746.png,4087,60750263023019,746,5155,60750313021003,2.2673083222888524,,0
719,case_0719_block_60750263023019_school_750.png,4087,60750263023019,750,5849,60750353001001,4.765468779076991,,0
720,case_0720_block_60750263023019_school_782.png,4087,60750263023019,782,5427,60750329011006,4.555029716931428,,0
721,case_0721_block_60750263023019_school_820.png,4087,60750263023019,820,5240,60750314004002,1.91571298661726,,0
722,case_0722_block_60750263023019_school_862.png,4087,60750263023019,862,5874,60750353003005,4.421325985501763,,0
723,case_0723_block_60750263023020_school_413.png,4088,60750263023020,413,6007,60750426011000,5.956285779658078,,0
724,case_0724_block_60750263023020_school_420.png,4088,60750263023020,420,2297,60750212003004,3.124781846890752,,0
725,case_0725_block_60750263023020_school_435.png,4088,60750263023020,435,6191,60750476003004,5.355911400742101,,0
726,case_0726_block_60750263023020_school_456.png,4088,60750263023020,456,2776,60750229032009,3.073534726772809,,0
727,case_0727_block_60750263023020_school_478.png,4088,60750263023020,478,4283,60750301022010,3.514435142364724,,0
728,case_0728_block_60750263023020_school_481.png,4088,60750263023020,481,3793,60750260031009,0.8007363688328951,,0
729,case_0729_block_60750263023020_school_490.png,4088,60750263023020,490,375,60750113002001,5.953851941602495,,0
730,case_0730_block_60750263023020_school_497.png,4088,60750263023020,497,2594,60750227022009,3.91195928371553,,0
731,case_0731_block_60750263023020_school_505.png,4088,60750263023020,505,2085,60750205002004,3.441191858393085,,0
732,case_0732_block_60750263023020_school_525.png,4088,60750263023020,525,965,60750153001002,5.468373022982768,,0
733,case_0733_block_60750263023020_school_549.png,4088,60750263023020,549,6133,60750452002000,5.086348967580695,,0
734,case_0734_block_60750263023020_school_562.png,4088,60750263023020,562,142,60750104003012,6.4960936134182345,,0
735,case_0735_block_60750263023020_school_569.png,4088,60750263023020,569,5982,60750402001005,5.579449929589438,,0
736,case_0736_block_60750263023020_school_575.png,4088,60750263023020,575,4995,60750311001020,1.7281570352427815,,0
737,case_0737_block_60750263023020_school_589.png,4088,60750263023020,589,1499,60750171022001,3.97655110962828,,0
738,case_0738_block_60750263023020_school_603.png,4088,60750263023020,603,2712,60750228031005,3.2061374748120266,,0
739,case_0739_block_60750263023020_school_614.png,4088,60750263023020,614,3501,60750256002003,1.3783905441778082,,0
740,case_0740_block_60750263023020_school_638.png,4088,60750263023020,638,238,60750107002003,6.168511442767452,,0
741,case_0741_block_60750263023020_school_644.png,4088,60750263023020,644,4319,60750302012005,4.611304022345533,,0
742,case_0742_block_60750263023020_school_650.png,4088,60750263023020,650,1417,60750168022001,4.460425594524079,,0
743,case_0743_block_60750263023020_school_656.png,4088,60750263023020,656,3265,60750254013000,1.9219323130266448,,0
744,case_0744_block_60750263023020_school_664.png,4088,60750263023020,664,6257,60750478012003,6.059391249203372,,0
745,case_0745_block_60750263023020_school_680.png,4088,60750263023020,680,3150,60750252001002,2.754082563799188,,0
746,case_0746_block_60750263023020_school_718.png,4088,60750263023020,718,1450,60750170001006,4.020354349320558,,0
747,case_0747_block_60750263023020_school_722.png,4088,60750263023020,722,4625,60750307001022,2.41057638862515,,0
748,case_0748_block_60750263023020_school_723.png,4088,60750263023020,723,2707,60750228031000,3.3456498728950312,,0
749,case_0749_block_60750263023020_school_729.png,4088,60750263023020,729,3738,60750260011000,1.1586218923525076,,0
750,case_0750_block_60750263023020_school_735.png,4088,60750263023020,735,1320,60750165003002,4.657704908059769,,0
751,case_0751_block_60750263023020_school_786.png,4088,60750263023020,786,1171,60750159001003,5.123698554198583,,0
752,case_0752_block_60750263023020_school_790.png,4088,60750263023020,790,344,60750111003002,5.552388090017267,,0
753,case_0753_block_60750263023020_school_801.png,4088,60750263023020,801,101,60750103001013,6.412688665759363,,0
754,case_0754_block_60750263023020_school_816.png,4088,60750263023020,816,1974,60750203002001,3.760460578394925,,0
755,case_0755_block_60750263023020_school_823.png,4088,60750263023020,823,757,60750130001002,6.113614401174517,,0
756,case_0756_block_60750263023020_school_834.png,4088,60750263023020,834,317,60750110002005,5.866757359807301,,0
757,case_0757_block_60750263023020_school_838.png,4088,60750263023020,838,6848,60750614001002,3.368564170613156,,0
758,case_0758_block_60750263023020_school_842.png,4088,60750263023020,842,5035,60750311004007,1.8789523287059688,,0
759,case_0759_block_60750263023020_school_848.png,4088,60750263023020,848,5996,60750402003004,5.703940916757077,,0
760,case_0760_block_60750263023020_school_859.png,4088,60750263023020,859,537,60750124022001,5.024004889913998,,0
761,case_0761_block_60750263023020_school_872.png,4088,60750263023020,872,206,60750106002000,6.3115174750485,,0
762,case_0762_block_60750263023020_school_876.png,4088,60750263023020,876,4672,60750308001002,3.1324519424499844,,0
763,case_0763_block_60750263023020_school_999.png,4088,60750263023020,999,6635,60750607001031,4.592674372922314,,0
764,case_0764_block_60750301021001_school_413.png,4259,60750301021001,413,6007,60750426011000,2.0401601802167773,,0
765,case_0765_block_60750301021001_school_435.png,4259,60750301021001,435,6191,60750476003004,1.4707168876675856,,0
766,case_0766_block_60750301021001_school_549.png,4259,60750301021001,549,6133,60750452002000,1.047598855326635,,0
767,case_0767_block_60750301021001_school_569.png,4259,60750301021001,569,5982,60750402001005,1.5310250941179129,,0
768,case_0768_block_60750301021001_school_644.png,4259,60750301021001,644,4319,60750302012005,1.2053906911170067,,0
769,case_0769_block_60750301021001_school_664.png,4259,60750301021001,664,6257,60750478012003,2.49166212795782,,0
770,case_0770_block_60750301021001_school_848.png,4259,60750301021001,848,5996,60750402003004,1.6768160969844976,,0
771,case_0771_block_60750301021002_school_505.png,4260,60750301021002,505,2085,60750205002004,1.0001214977364363,,0
772,case_0772_block_60750301021002_school_589.png,4260,60750301021002,589,1499,60750171022001,0.1896139640785454,,0
773,case_0773_block_60750301021002_school_603.png,4260,60750301021002,603,2712,60750228031005,2.1982020061761456,,0
774,case_0774_block_60750301021002_school_723.png,4260,60750301021002,723,2707,60750228031000,2.278486591230924,,0
775,case_0775_block_60750301021002_school_838.png,4260,60750301021002,838,6848,60750614001002,3.0659754513369526,,0
776,case_0776_block_60750301021004_school_420.png,4262,60750301021004,420,2297,60750212003004,0.9861489118980914,,0
777,case_0777_block_60750301021004_school_453.png,4262,60750301021004,453,3058,60750234002018,4.567425835823667,,0
778,case_0778_block_60750301021004_school_456.png,4262,60750301021004,456,2776,60750229032009,2.7911627545522006,,0
779,case_0779_block_60750301021004_school_478.png,4262,60750301021004,478,4283,60750301022010,0.2779967237710364,,0
780,case_0780_block_60750301021004_school_481.png,4262,60750301021004,481,3793,60750260031009,2.9677188501481604,,0
781,case_0781_block_60750301021004_school_488.png,4262,60750301021004,488,4863,60750309005018,2.037257682481921,,0
782,case_0782_block_60750301021004_school_507.png,4262,60750301021004,507,2868,60750230032002,3.811941367919321,,0
783,case_0783_block_60750301021004_school_513.png,4262,60750301021004,513,3650,60750257023005,3.372743401136739,,0
784,case_0784_block_60750301021004_school_521.png,4262,60750301021004,521,7117,60759805011010,3.737844382415768,,0
785,case_0785_block_60750301021004_school_575.png,4262,60750301021004,575,4995,60750311001020,2.034128598159413,,0
786,case_0786_block_60750301021004_school_593.png,4262,60750301021004,593,4061,60750263022007,3.508927815275001,,0
787,case_0787_block_60750301021004_school_614.png,4262,60750301021004,614,3501,60750256002003,2.862594083480085,,0
788,case_0788_block_60750301021004_school_625.png,4262,60750301021004,625,2895,60750231022004,4.283356128263794,,0
789,case_0789_block_60750301021004_school_656.png,4262,60750301021004,656,3265,60750254013000,2.30943806748818,,0
790,case_0790_block_60750301021004_school_680.png,4262,60750301021004,680,3150,60750252001002,2.438543730468286,,0
791,case_0791_block_60750301021004_school_691.png,4262,60750301021004,691,4093,60750263031002,3.352532077353433,,0
792,case_0792_block_60750301021004_school_722.png,4262,60750301021004,722,4625,60750307001022,1.379481822273925,,0
793,case_0793_block_60750301021004_school_729.png,4262,60750301021004,729,3738,60750260011000,2.62271684754478,,0
794,case_0794_block_60750301021004_school_746.png,4262,60750301021004,746,5155,60750313021003,2.9097756836813424,,0
795,case_0795_block_60750301021004_school_820.png,4262,60750301021004,820,5240,60750314004002,3.0324655741889845,,0
796,case_0796_block_60750301021004_school_830.png,4262,60750301021004,830,2905,60750231031006,4.317074850564229,,0
797,case_0797_block_60750301021004_school_842.png,4262,60750301021004,842,5035,60750311004007,1.9666409814108363,,0
798,case_0798_block_60750301021004_school_867.png,4262,60750301021004,867,4141,60750264012005,4.022039777998523,,0
799,case_0799_block_60750301021004_school_876.png,4262,60750301021004,876,4672,60750308001002,1.1623699062725994,,0
800,case_0800_block_60750301021005_school_420.png,4263,60750301021005,420,2297,60750212003004,1.1323355037574638,,0
801,case_0801_block_60750301021005_school_453.png,4263,60750301021005,453,3058,60750234002018,4.616398108027013,,0
802,case_0802_block_60750301021005_school_456.png,4263,60750301021005,456,2776,60750229032009,2.9533652263000736,,0
803,case_0803_block_60750301021005_school_478.png,4263,60750301021005,478,4283,60750301022010,0.1687935441414301,,0
804,case_0804_block_60750301021005_school_481.png,4263,60750301021005,481,3793,60750260031009,2.915448995136049,,0
805,case_0805_block_60750301021005_school_488.png,4263,60750301021005,488,4863,60750309005018,1.797040004083717,,0
806,case_0806_block_60750301021005_school_507.png,4263,60750301021005,507,2868,60750230032002,3.9022386184187696,,0
807,case_0807_block_60750301021005_school_513.png,4263,60750301021005,513,3650,60750257023005,3.417563176656242,,0
808,case_0808_block_60750301021005_school_521.png,4263,60750301021005,521,7117,60759805011010,3.735364185100997,,0
809,case_0809_block_60750301021005_school_539.png,4263,60750301021005,539,5505,60750330002005,1.639396206643314,,0
810,case_0810_block_60750301021005_school_544.png,4263,60750301021005,544,5762,60750351004006,2.369241601340073,,0
811,case_0811_block_60750301021005_school_575.png,4263,60750301021005,575,4995,60750311001020,1.99795520405121,,0
812,case_0812_block_60750301021005_school_593.png,4263,60750301021005,593,4061,60750263022007,3.41030586434936,,0
813,case_0813_block_60750301021005_school_614.png,4263,60750301021005,614,3501,60750256002003,2.8787953115297067,,0
814,case_0814_block_60750301021005_school_625.png,4263,60750301021005,625,2895,60750231022004,4.385688874820463,,0
815,case_0815_block_60750301021005_school_656.png,4263,60750301021005,656,3265,60750254013000,2.3580850328251044,,0
816,case_0816_block_60750301021005_school_670.png,4263,60750301021005,670,5647,60750332011002,2.191835104659841,,0
817,case_0817_block_60750301021005_school_680.png,4263,60750301021005,680,3150,60750252001002,2.57858081240512,,0
818,case_0818_block_60750301021005_school_691.png,4263,60750301021005,691,4093,60750263031002,3.206936541911276,,0
819,case_0819_block_60750301021005_school_722.png,4263,60750301021005,722,4625,60750307001022,1.2655053068132,,0
820,case_0820_block_60750301021005_school_729.png,4263,60750301021005,729,3738,60750260011000,2.581026517414456,,0
821,case_0821_block_60750301021005_school_746.png,4263,60750301021005,746,5155,60750313021003,2.6965779975609614,,0
822,case_0822_block_60750301021005_school_750.png,4263,60750301021005,750,5849,60750353001001,2.1608236475547056,,0
823,case_0823_block_60750301021005_school_782.png,4263,60750301021005,782,5427,60750329011006,1.916850443327182,,0
824,case_0824_block_60750301021005_school_820.png,4263,60750301021005,820,5240,60750314004002,2.8389944212748053,,0
825,case_0825_block_60750301021005_school_830.png,4263,60750301021005,830,2905,60750231031006,4.437617034647139,,0
826,case_0826_block_60750301021005_school_842.png,4263,60750301021005,842,5035,60750311004007,1.8439129567389243,,0
827,case_0827_block_60750301021005_school_862.png,4263,60750301021005,862,5874,60750353003005,2.5312982091613496,,0
828,case_0828_block_60750301021005_school_867.png,4263,60750301021005,867,4141,60750264012005,4.008316162657492,,0
829,case_0829_block_60750301021005_school_876.png,4263,60750301021005,876,4672,60750308001002,0.922548535016922,,0
830,case_0830_block_60750301022005_school_413.png,4278,60750301022005,413,6007,60750426011000,2.532741786876809,,0
831,case_0831_block_60750301022005_school_435.png,4278,60750301022005,435,6191,60750476003004,1.93222348939811,,0
832,case_0832_block_60750301022005_school_478.png,4278,60750301022005,478,4283,60750301022010,0.1372531819691137,,0
833,case_0833_block_60750301022005_school_488.png,4278,60750301022005,488,4863,60750309005018,1.6319705021558557,,0
834,case_0834_block_60750301022005_school_539.png,4278,60750301022005,539,5505,60750330002005,1.5805119229581188,,0
835,case_0835_block_60750301022005_school_544.png,4278,60750301022005,544,5762,60750351004006,2.484979194100288,,0
836,case_0836_block_60750301022005_school_549.png,4278,60750301022005,549,6133,60750452002000,1.7046960607546455,,0
837,case_0837_block_60750301022005_school_569.png,4278,60750301022005,569,5982,60750402001005,2.2233825101827023,,0
838,case_0838_block_60750301022005_school_644.png,4278,60750301022005,644,4319,60750302012005,1.2831271674700122,,0
839,case_0839_block_60750301022005_school_664.png,4278,60750301022005,664,6257,60750478012003,2.750580299740543,,0
840,case_0840_block_60750301022005_school_670.png,4278,60750301022005,670,5647,60750332011002,2.0734521880334142,,0
841,case_0841_block_60750301022005_school_746.png,4278,60750301022005,746,5155,60750313021003,2.4961775606377614,,0
842,case_0842_block_60750301022005_school_750.png,4278,60750301022005,750,5849,60750353001001,2.2172799795447,,0
843,case_0843_block_60750301022005_school_782.png,4278,60750301022005,782,5427,60750329011006,1.9671663774585968,,0
844,case_0844_block_60750301022005_school_820.png,4278,60750301022005,820,5240,60750314004002,2.623483190206863,,0
845,case_0845_block_60750301022005_school_848.png,4278,60750301022005,848,5996,60750402003004,2.2980241826854204,,0
846,case_0846_block_60750301022005_school_862.png,4278,60750301022005,862,5874,60750353003005,2.5126515680470947,,0
847,case_0847_block_60750301022005_school_876.png,4278,60750301022005,876,4672,60750308001002,0.7612376588248372,,0
848,case_0848_block_60750301022006_school_478.png,4279,60750301022006,478,4283,60750301022010,0.2006387215870456,,0
849,case_0849_block_60750301022006_school_505.png,4279,60750301022006,505,2085,60750205002004,1.2867075112077575,,0
850,case_0850_block_60750301022006_school_650.png,4279,60750301022006,650,1417,60750168022001,2.238061924511817,,0
851,case_0851_block_60750301022006_school_718.png,4279,60750301022006,718,1450,60750170001006,1.5852984492255506,,0
852,case_0852_block_60750301022006_school_816.png,4279,60750301022006,816,1974,60750203002001,1.7691186737197178,,0
853,case_0853_block_60750301022006_school_859.png,4279,60750301022006,859,537,60750124022001,2.9576704441149406,,0
854,case_0854_block_60750301022006_school_999.png,4279,60750301022006,999,6635,60750607001031,3.722134242425364,,0
855,case_0855_block_60750301022008_school_593.png,4281,60750301022008,593,4061,60750263022007,3.3067110204431955,,0
856,case_0856_block_60750301022008_school_691.png,4281,60750301022008,691,4093,60750263031002,3.0940051312011705,,0
857,case_0857_block_60750301022008_school_722.png,4281,60750301022008,722,4625,60750307001022,1.162308064390425,,0
858,case_0858_block_60750301022008_school_820.png,4281,60750301022008,820,5240,60750314004002,2.721255409285203,,0
859,case_0859_block_60750301022008_school_842.png,4281,60750301022008,842,5035,60750311004007,1.7366717889971504,,0
860,case_0860_block_60750304001006_school_525.png,4465,60750304001006,525,965,60750153001002,2.819254460729953,,0
861,case_0861_block_60750304001006_school_549.png,4465,60750304001006,549,6133,60750452002000,1.7058229764630837,,0
862,case_0862_block_60750304001006_school_569.png,4465,60750304001006,569,5982,60750402001005,2.231128920171152,,0
863,case_0863_block_60750304001006_school_735.png,4465,60750304001006,735,1320,60750165003002,1.702877309392188,,0
864,case_0864_block_60750304001010_school_420.png,4469,60750304001010,420,2297,60750212003004,1.264269765812556,,0
865,case_0865_block_60750304001010_school_497.png,4469,60750304001010,497,2594,60750227022009,3.625251714887845,,0
866,case_0866_block_60750304001010_school_505.png,4469,60750304001010,505,2085,60750205002004,1.4795764240489575,,0
867,case_0867_block_60750304001010_school_603.png,4469,60750304001010,603,2712,60750228031005,2.526679018974009,,0
868,case_0868_block_60750304001010_school_723.png,4469,60750304001010,723,2707,60750228031000,2.6588961938968727,,0
869,case_0869_block_60750304001010_school_999.png,4469,60750304001010,999,6635,60750607001031,3.908726563348832,,0
870,case_0870_block_60750305001006_school_488.png,4529,60750305001006,488,4863,60750309005018,1.8712116476657736,,0
871,case_0871_block_60750305001006_school_539.png,4529,60750305001006,539,5505,60750330002005,1.9989646083283152,,0
872,case_0872_block_60750305001006_school_670.png,4529,60750305001006,670,5647,60750332011002,2.3957943787434224,,0
873,case_0873_block_60750305001006_school_722.png,4529,60750305001006,722,4625,60750307001022,0.8968864358458448,,0
874,case_0874_block_60750305001006_school_746.png,4529,60750305001006,746,5155,60750313021003,2.598415791777957,,0
875,case_0875_block_60750305001006_school_820.png,4529,60750305001006,820,5240,60750314004002,2.657742518087165,,0
876,case_0876_block_60750305001006_school_862.png,4529,60750305001006,862,5874,60750353003005,2.95852515326698,,0
877,case_0877_block_60750305001006_school_876.png,4529,60750305001006,876,4672,60750308001002,1.078401080453158,,0
878,case_0878_block_60750305001007_school_490.png,4530,60750305001007,490,375,60750113002001,3.516817380170524,,0
879,case_0879_block_60750305001007_school_525.png,4530,60750305001007,525,965,60750153001002,2.315364802942065,,0
880,case_0880_block_60750305001007_school_562.png,4530,60750305001007,562,142,60750104003012,3.997732805088634,,0
881,case_0881_block_60750305001007_school_589.png,4530,60750305001007,589,1499,60750171022001,0.5740356550768219,,0
882,case_0882_block_60750305001007_school_638.png,4530,60750305001007,638,238,60750107002003,3.6242458668829856,,0
883,case_0883_block_60750305001007_school_650.png,4530,60750305001007,650,1417,60750168022001,1.7464389932736994,,0
884,case_0884_block_60750305001007_school_718.png,4530,60750305001007,718,1450,60750170001006,1.090608907881847,,0
885,case_0885_block_60750305001007_school_786.png,4530,60750305001007,786,1171,60750159001003,2.2501228452145923,,0
886,case_0886_block_60750305001007_school_790.png,4530,60750305001007,790,344,60750111003002,2.889231120448978,,0
887,case_0887_block_60750305001007_school_801.png,4530,60750305001007,801,101,60750103001013,3.687417676793574,,0
888,case_0888_block_60750305001007_school_823.png,4530,60750305001007,823,757,60750130001002,3.209531759280468,,0
889,case_0889_block_60750305001007_school_834.png,4530,60750305001007,834,317,60750110002005,3.1727862277218564,,0
890,case_0890_block_60750305001007_school_859.png,4530,60750305001007,859,537,60750124022001,2.470313283842542,,0
891,case_0891_block_60750305001007_school_872.png,4530,60750305001007,872,206,60750106002000,3.956310365792655,,0
892,case_0892_block_60750305001011_school_453.png,4534,60750305001011,453,3058,60750234002018,3.8684212629681394,,0
893,case_0893_block_60750305001011_school_481.png,4534,60750305001011,481,3793,60750260031009,2.2102268756378667,,0
894,case_0894_block_60750305001011_school_507.png,4534,60750305001011,507,2868,60750230032002,3.1779874422880403,,0
895,case_0895_block_60750305001011_school_513.png,4534,60750305001011,513,3650,60750257023005,2.669355541759381,,0
896,case_0896_block_60750305001011_school_521.png,4534,60750305001011,521,7117,60759805011010,2.9918221145161503,,0
897,case_0897_block_60750305001011_school_575.png,4534,60750305001011,575,4995,60750311001020,1.2758878839517445,,0
898,case_0898_block_60750305001011_school_614.png,4534,60750305001011,614,3501,60750256002003,2.1293173496488875,,0
899,case_0899_block_60750305001011_school_625.png,4534,60750305001011,625,2895,60750231022004,3.671205990073264,,0
900,case_0900_block_60750305001011_school_656.png,4534,60750305001011,656,3265,60750254013000,1.6129687881724242,,0
901,case_0901_block_60750305001011_school_729.png,4534,60750305001011,729,3738,60750260011000,1.8644782180109605,,0
902,case_0902_block_60750305001011_school_867.png,4534,60750305001011,867,4141,60750264012005,3.2705486511271515,,0
903,case_0903_block_60750305002000_school_453.png,4535,60750305002000,453,3058,60750234002018,4.095898335207935,,0
904,case_0904_block_60750305002000_school_513.png,4535,60750305002000,513,3650,60750257023005,2.898606092234505,,0
905,case_0905_block_60750305002000_school_614.png,4535,60750305002000,614,3501,60750256002003,2.378586619988448,,0
906,case_0906_block_60750305002000_school_656.png,4535,60750305002000,656,3265,60750254013000,1.835990689916891,,0
907,case_0907_block_60750305002006_school_593.png,4541,60750305002006,593,4061,60750263022007,2.7629557141603907,,0
908,case_0908_block_60750305002006_school_691.png,4541,60750305002006,691,4093,60750263031002,2.6276409917272225,,0
909,case_0909_block_60750305002006_school_722.png,4541,60750305002006,722,4625,60750307001022,0.6464145417306437,,0
910,case_0910_block_60750305002006_school_842.png,4541,60750305002006,842,5035,60750311004007,1.231756982498519,,0
911,case_0911_block_60750306003011_school_413.png,4598,60750306003011,413,6007,60750426011000,3.047021056155536,,0
912,case_0912_block_60750306003011_school_435.png,4598,60750306003011,435,6191,60750476003004,2.453898857910607,,0
913,case_0913_block_60750306003011_school_488.png,4598,60750306003011,488,4863,60750309005018,1.0142207754866035,,0
914,case_0914_block_60750306003011_school_539.png,4598,60750306003011,539,5505,60750330002005,1.2270522274237583,,0
915,case_0915_block_60750306003011_school_544.png,4598,60750306003011,544,5762,60750351004006,2.5517461692020333,,0
916,case_0916_block_60750306003011_school_644.png,4598,60750306003011,644,4319,60750302012005,1.6608086574713352,,0
917,case_0917_block_60750306003011_school_664.png,4598,60750306003011,664,6257,60750478012003,3.1092909820562973,,0
918,case_0918_block_60750306003011_school_670.png,4598,60750306003011,670,5647,60750332011002,1.5375407540438475,,0
919,case_0919_block_60750306003011_school_691.png,4598,60750306003011,691,4093,60750263031002,2.367170060702608,,0
920,case_0920_block_60750306003011_school_746.png,4598,60750306003011,746,5155,60750313021003,1.8346701867731363,,0
921,case_0921_block_60750306003011_school_750.png,4598,60750306003011,750,5849,60750353001001,2.126921322560224,,0
922,case_0922_block_60750306003011_school_782.png,4598,60750306003011,782,5427,60750329011006,1.877002758777552,,0
923,case_0923_block_60750306003011_school_820.png,4598,60750306003011,820,5240,60750314004002,1.966421297790256,,0
924,case_0924_block_60750306003011_school_862.png,4598,60750306003011,862,5874,60750353003005,2.202660982026985,,0
925,case_0925_block_60750306003011_school_876.png,4598,60750306003011,876,4672,60750308001002,0.2769461189596131,,0
926,case_0926_block_60750307001012_school_722.png,4615,60750307001012,722,4625,60750307001022,0.252195922963754,,0
927,case_0927_block_60750307001026_school_453.png,4629,60750307001026,453,3058,60750234002018,3.393529193988052,,0
928,case_0928_block_60750307001026_school_507.png,4629,60750307001026,507,2868,60750230032002,2.8417012564709445,,0
929,case_0929_block_60750307001026_school_513.png,4629,60750307001026,513,3650,60750257023005,2.2129951079581245,,0
930,case_0930_block_60750307001026_school_575.png,4629,60750307001026,575,4995,60750311001020,0.6503601028439691,,0
931,case_0931_block_60750307001026_school_614.png,4629,60750307001026,614,3501,60750256002003,1.6123341375753324,,0
932,case_0932_block_60750307001026_school_625.png,4629,60750307001026,625,2895,60750231022004,3.356372211091503,,0
933,case_0933_block_60750307001026_school_656.png,4629,60750307001026,656,3265,60750254013000,1.244896692210615,,0
934,case_0934_block_60750307001026_school_830.png,4629,60750307001026,830,2905,60750231031006,3.487593635129648,,0
935,case_0935_block_60750307001027_school_589.png,4630,60750307001027,589,1499,60750171022001,1.731723035275225,,0
936,case_0936_block_60750307001027_school_735.png,4630,60750307001027,735,1320,60750165003002,2.443063460322438,,0
937,case_0937_block_60750307001029_school_746.png,4632,60750307001029,746,5155,60750313021003,1.7779489340570112,,0
938,case_0938_block_60750307001029_school_820.png,4632,60750307001029,820,5240,60750314004002,1.7174104720443408,,0
939,case_0939_block_60750307001029_school_842.png,4632,60750307001029,842,5035,60750311004007,0.4111585486263058,,0
940,case_0940_block_60750307003012_school_539.png,4663,60750307003012,539,5505,60750330002005,1.3366212005975646,,0
941,case_0941_block_60750307003012_school_862.png,4663,60750307003012,862,5874,60750353003005,2.274326294210374,,0
942,case_0942_block_60750307003018_school_842.png,4669,60750307003018,842,5035,60750311004007,0.5035087472889666,,0
943,case_0943_block_60750308002009_school_876.png,4697,60750308002009,876,4672,60750308001002,0.346454353208009,,0
944,case_0944_block_60750308002011_school_413.png,4699,60750308002011,413,6007,60750426011000,3.318725519855394,,0
945,case_0945_block_60750308002011_school_435.png,4699,60750308002011,435,6191,60750476003004,2.732043102717053,,0
946,case_0946_block_60750308002011_school_544.png,4699,60750308002011,544,5762,60750351004006,2.649701312902343,,0
947,case_0947_block_60750308002011_school_644.png,4699,60750308002011,644,4319,60750302012005,1.904744147224644,,0
948,case_0948_block_60750308002011_school_664.png,4699,60750308002011,664,6257,60750478012003,3.321672010111937,,0
949,case_0949_block_60750308002011_school_750.png,4699,60750308002011,750,5849,60750353001001,2.1622361291309247,,0
950,case_0950_block_60750308002011_school_782.png,4699,60750308002011,782,5427,60750329011006,1.921928441976238,,0
951,case_0951_block_60750308002011_school_848.png,4699,60750308002011,848,5996,60750402003004,3.1860731164415608,,0
952,case_0952_block_60750308002011_school_876.png,4699,60750308002011,876,4672,60750308001002,0.3896847642703739,,0
953,case_0953_block_60750309003020_school_876.png,4811,60750309003020,876,4672,60750308001002,1.2827853656834836,,0
954,case_0954_block_60750309004016_school_746.png,4832,60750309004016,746,5155,60750313021003,0.7583412024601333,,0
955,case_0955_block_60750309006003_school_420.png,4870,60750309006003,420,2297,60750212003004,2.314252268969496,,0
956,case_0956_block_60750309006003_school_456.png,4870,60750309006003,456,2776,60750229032009,3.872745217138192,,0
957,case_0957_block_60750309006003_school_497.png,4870,60750309006003,497,2594,60750227022009,4.583888217899971,,0
958,case_0958_block_60750309006003_school_505.png,4870,60750309006003,505,2085,60750205002004,2.5965566692632884,,0
959,case_0959_block_60750309006003_school_507.png,4870,60750309006003,507,2868,60750230032002,4.31380109294265,,0
960,case_0960_block_60750309006003_school_513.png,4870,60750309006003,513,3650,60750257023005,3.608528576805996,,0
961,case_0961_block_60750309006003_school_575.png,4870,60750309006003,575,4995,60750311001020,2.0299464287986617,,0
962,case_0962_block_60750309006003_school_603.png,4870,60750309006003,603,2712,60750228031005,3.472237323485328,,0
963,case_0963_block_60750309006003_school_614.png,4870,60750309006003,614,3501,60750256002003,2.9820205569825973,,0
964,case_0964_block_60750309006003_school_625.png,4870,60750309006003,625,2895,60750231022004,4.832067696511377,,0
965,case_0965_block_60750309006003_school_656.png,4870,60750309006003,656,3265,60750254013000,2.7553790109193548,,0
966,case_0966_block_60750309006003_school_680.png,4870,60750309006003,680,3150,60750252001002,3.42149333306756,,0
967,case_0967_block_60750309006003_school_722.png,4870,60750309006003,722,4625,60750307001022,1.297248913273762,,0
968,case_0968_block_60750309006003_school_723.png,4870,60750309006003,723,2707,60750228031000,3.623189561129827,,0
969,case_0969_block_60750309006003_school_830.png,4870,60750309006003,830,2905,60750231031006,4.992367002856016,,0
970,case_0970_block_60750309006003_school_838.png,4870,60750309006003,838,6848,60750614001002,4.2381125085747495,,0
971,case_0971_block_60750309006003_school_999.png,4870,60750309006003,999,6635,60750607001031,4.962954452015086,,0
972,case_0972_block_60750309006011_school_420.png,4878,60750309006011,420,2297,60750212003004,2.4501107004020555,,0
973,case_0973_block_60750309006011_school_488.png,4878,60750309006011,488,4863,60750309005018,0.1126754172592616,,0
974,case_0974_block_60750309006011_school_497.png,4878,60750309006011,497,2594,60750227022009,4.671070311048727,,0
975,case_0975_block_60750309006011_school_505.png,4878,60750309006011,505,2085,60750205002004,2.748443608637507,,0
976,case_0976_block_60750309006011_school_603.png,4878,60750309006011,603,2712,60750228031005,3.564212437380561,,0
977,case_0977_block_60750309006011_school_650.png,4878,60750309006011,650,1417,60750168022001,3.8382957856372526,,0
978,case_0978_block_60750309006011_school_722.png,4878,60750309006011,722,4625,60750307001022,1.3596289824010428,,0
979,case_0979_block_60750309006011_school_723.png,4878,60750309006011,723,2707,60750228031000,3.7188142235701815,,0
980,case_0980_block_60750309006011_school_816.png,4878,60750309006011,816,1974,60750203002001,3.2642915789640816,,0
981,case_0981_block_60750309006011_school_859.png,4878,60750309006011,859,537,60750124022001,4.562558890429143,,0
982,case_0982_block_60750309006011_school_999.png,4878,60750309006011,999,6635,60750607001031,5.078294279576654,,0
983,case_0983_block_60750310003014_school_413.png,4968,60750310003014,413,6007,60750426011000,4.070327634014305,,0
984,case_0984_block_60750310003014_school_435.png,4968,60750310003014,435,6191,60750476003004,3.497089813929036,,0
985,case_0985_block_60750310003014_school_478.png,4968,60750310003014,478,4283,60750301022010,1.9277430797027229,,0
986,case_0986_block_60750310003014_school_525.png,4968,60750310003014,525,965,60750153001002,4.38704404289779,,0
987,case_0987_block_60750310003014_school_549.png,4968,60750310003014,549,6133,60750452002000,3.4395477710115467,,0
988,case_0988_block_60750310003014_school_569.png,4968,60750310003014,569,5982,60750402001005,3.9650044072545305,,0
989,case_0989_block_60750310003014_school_589.png,4968,60750310003014,589,1499,60750171022001,2.622593369429832,,0
990,case_0990_block_60750310003014_school_644.png,4968,60750310003014,644,4319,60750302012005,2.6320448999971124,,0
991,case_0991_block_60750310003014_school_735.png,4968,60750310003014,735,1320,60750165003002,3.323873909408442,,0
992,case_0992_block_60750310003014_school_848.png,4968,60750310003014,848,5996,60750402003004,3.97789072762264,,0
993,case_0993_block_60750310003014_school_876.png,4968,60750310003014,876,4672,60750308001002,1.1433787215968272,,0
994,case_0994_block_60750311003002_school_481.png,5015,60750311003002,481,3793,60750260031009,1.0536032488674771,,0
995,case_0995_block_60750311003002_school_867.png,5015,60750311003002,867,4141,60750264012005,2.241032488929042,,0
996,case_0996_block_60750312022009_school_867.png,5110,60750312022009,867,4141,60750264012005,2.2021312920336147,,0
997,case_0997_block_60750313023006_school_746.png,5180,60750313023006,746,5155,60750313021003,0.3438013968389112,,0
998,case_0998_block_60750313023006_school_848.png,5180,60750313023006,848,5996,60750402003004,4.948062167741619,,0
999,case_0999_block_60750313023031_school_413.png,5205,60750313023031,413,6007,60750426011000,4.915916853253239,,0
1000,case_1000_block_60750313023031_school_435.png,5205,60750313023031,435,6191,60750476003004,4.379700273668842,,0
1001,case_1001_block_60750313023031_school_539.png,5205,60750313023031,539,5505,60750330002005,1.9861244234422195,,0
1002,case_1002_block_60750313023031_school_544.png,5205,60750313023031,544,5762,60750351004006,3.563492161472856,,0
1003,case_1003_block_60750313023031_school_644.png,5205,60750313023031,644,4319,60750302012005,3.4810249585084003,,0
1004,case_1004_block_60750313023031_school_664.png,5205,60750313023031,664,6257,60750478012003,4.657140650380064,,0
1005,case_1005_block_60750313023031_school_670.png,5205,60750313023031,670,5647,60750332011002,1.3228972862795838,,0
1006,case_1006_block_60750313023031_school_750.png,5205,60750313023031,750,5849,60750353001001,2.911833282491543,,0
1007,case_1007_block_60750313023031_school_782.png,5205,60750313023031,782,5427,60750329011006,2.783526976097785,,0
1008,case_1008_block_60750313023031_school_862.png,5205,60750313023031,862,5874,60750353003005,2.3054208053012784,,0
1009,case_1009_block_60750313023035_school_862.png,5209,60750313023035,862,5874,60750353003005,2.581926126993143,,0
1010,case_1010_block_60750313023036_school_413.png,5210,60750313023036,413,6007,60750426011000,5.111322561280013,,0
1011,case_1011_block_60750313023036_school_435.png,5210,60750313023036,435,6191,60750476003004,4.561323244890592,,0
1012,case_1012_block_60750313023036_school_488.png,5210,60750313023036,488,4863,60750309005018,1.4746054970994822,,0
1013,case_1013_block_60750313023036_school_539.png,5210,60750313023036,539,5505,60750330002005,2.225985628258085,,0
1014,case_1014_block_60750313023036_school_544.png,5210,60750313023036,544,5762,60750351004006,3.83566616760388,,0
1015,case_1015_block_60750313023036_school_644.png,5210,60750313023036,644,4319,60750302012005,3.6696620147102808,,0
1016,case_1016_block_60750313023036_school_664.png,5210,60750313023036,664,6257,60750478012003,4.894103708282805,,0
1017,case_1017_block_60750313023036_school_746.png,5210,60750313023036,746,5155,60750313021003,0.4694827469957759,,0
1018,case_1018_block_60750313023036_school_782.png,5210,60750313023036,782,5427,60750329011006,3.0482073355397463,,0
1019,case_1019_block_60750331003006_school_413.png,5598,60750331003006,413,6007,60750426011000,3.54148120465414,,0
1020,case_1020_block_60750331003006_school_420.png,5598,60750331003006,420,2297,60750212003004,3.429437752269303,,0
1021,case_1021_block_60750331003006_school_435.png,5598,60750331003006,435,6191,60750476003004,3.137551193119805,,0
1022,case_1022_block_60750331003006_school_456.png,5598,60750331003006,456,2776,60750229032009,5.080537434826105,,0
1023,case_1023_block_60750331003006_school_478.png,5598,60750331003006,478,4283,60750301022010,2.5958121404373125,,0
1024,case_1024_block_60750331003006_school_490.png,5598,60750331003006,490,375,60750113002001,6.353691285337975,,0
1025,case_1025_block_60750331003006_school_497.png,5598,60750331003006,497,2594,60750227022009,5.760066249353968,,0
1026,case_1026_block_60750331003006_school_505.png,5598,60750331003006,505,2085,60750205002004,3.666016726960016,,0
1027,case_1027_block_60750331003006_school_525.png,5598,60750331003006,525,965,60750153001002,4.861600895570958,,0
1028,case_1028_block_60750331003006_school_539.png,5598,60750331003006,539,5505,60750330002005,0.9035388708698506,,0
1029,case_1029_block_60750331003006_school_549.png,5598,60750331003006,549,6133,60750452002000,3.439116444001413,,0
1030,case_1030_block_60750331003006_school_562.png,5598,60750331003006,562,142,60750104003012,6.79013272642371,,0
1031,case_1031_block_60750331003006_school_569.png,5598,60750331003006,569,5982,60750402001005,3.8922957952733968,,0
1032,case_1032_block_60750331003006_school_589.png,5598,60750331003006,589,1499,60750171022001,3.245824912842352,,0
1033,case_1033_block_60750331003006_school_603.png,5598,60750331003006,603,2712,60750228031005,4.647818592718969,,0
1034,case_1034_block_60750331003006_school_638.png,5598,60750331003006,638,238,60750107002003,6.420563522936791,,0
1035,case_1035_block_60750331003006_school_644.png,5598,60750331003006,644,4319,60750302012005,2.300898754008909,,0
1036,case_1036_block_60750331003006_school_650.png,5598,60750331003006,650,1417,60750168022001,4.625709484883496,,0
1037,case_1037_block_60750331003006_school_664.png,5598,60750331003006,664,6257,60750478012003,3.029326213240513,,0
1038,case_1038_block_60750331003006_school_718.png,5598,60750331003006,718,1450,60750170001006,3.97993730398166,,0
1039,case_1039_block_60750331003006_school_723.png,5598,60750331003006,723,2707,60750228031000,4.792454307107203,,0
1040,case_1040_block_60750331003006_school_735.png,5598,60750331003006,735,1320,60750165003002,3.752502929744545,,0
1041,case_1041_block_60750331003006_school_750.png,5598,60750331003006,750,5849,60750353001001,1.1230664487214117,,0
1042,case_1042_block_60750331003006_school_782.png,5598,60750331003006,782,5427,60750329011006,1.113501016096264,,0
1043,case_1043_block_60750331003006_school_786.png,5598,60750331003006,786,1171,60750159001003,5.018396087540671,,0
1044,case_1044_block_60750331003006_school_790.png,5598,60750331003006,790,344,60750111003002,5.690302192531957,,0
1045,case_1045_block_60750331003006_school_801.png,5598,60750331003006,801,101,60750103001013,6.399723007288266,,0
1046,case_1046_block_60750331003006_school_816.png,5598,60750331003006,816,1974,60750203002001,4.164696259648688,,0
1047,case_1047_block_60750331003006_school_823.png,5598,60750331003006,823,757,60750130001002,5.854749280649577,,0
1048,case_1048_block_60750331003006_school_834.png,5598,60750331003006,834,317,60750110002005,5.939104091066689,,0
1049,case_1049_block_60750331003006_school_838.png,5598,60750331003006,838,6848,60750614001002,5.44154446487087,,0
1050,case_1050_block_60750331003006_school_848.png,5598,60750331003006,848,5996,60750402003004,3.737158601674006,,0
1051,case_1051_block_60750331003006_school_859.png,5598,60750331003006,859,537,60750124022001,5.335896615445468,,0
1052,case_1052_block_60750331003006_school_872.png,5598,60750331003006,872,206,60750106002000,6.7955560942560655,,0
1053,case_1053_block_60750331003006_school_876.png,5598,60750331003006,876,4672,60750308001002,1.828130893032852,,0
1054,case_1054_block_60750331003006_school_999.png,5598,60750331003006,999,6635,60750607001031,6.088383723581296,,0
1055,case_1055_block_60750331003010_school_680.png,5602,60750331003010,680,3150,60750252001002,4.633649290667721,,0
1056,case_1056_block_60750331003010_school_722.png,5602,60750331003010,722,4625,60750307001022,2.5124990027539567,,0
1057,case_1057_block_60750332031002_school_456.png,5665,60750332031002,456,2776,60750229032009,4.397251880031276,,0
1058,case_1058_block_60750332031002_school_575.png,5665,60750332031002,575,4995,60750311001020,2.343878351566141,,0
1059,case_1059_block_60750332031002_school_656.png,5665,60750332031002,656,3265,60750254013000,3.1090310582441503,,0
1060,case_1060_block_60750332031002_school_680.png,5665,60750332031002,680,3150,60750252001002,3.9424328926561927,,0
1061,case_1061_block_60750332031002_school_838.png,5665,60750332031002,838,6848,60750614001002,4.769155917943968,,0
1062,case_1062_block_60750332031002_school_842.png,5665,60750332031002,842,5035,60750311004007,1.674178703300048,,0
1063,case_1063_block_60750332031003_school_413.png,5666,60750332031003,413,6007,60750426011000,4.4960475634103,,0
1064,case_1064_block_60750332031003_school_420.png,5666,60750332031003,420,2297,60750212003004,3.133794232374816,,0
1065,case_1065_block_60750332031003_school_435.png,5666,60750332031003,435,6191,60750476003004,3.9701348407305854,,0
1066,case_1066_block_60750332031003_school_478.png,5666,60750332031003,478,4283,60750301022010,2.671786788500727,,0
1067,case_1067_block_60750332031003_school_488.png,5666,60750332031003,488,4863,60750309005018,0.919516422136232,,0
1068,case_1068_block_60750332031003_school_490.png,5666,60750332031003,490,375,60750113002001,6.361450660207607,,0
1069,case_1069_block_60750332031003_school_497.png,5666,60750332031003,497,2594,60750227022009,5.193911055338728,,0
1070,case_1070_block_60750332031003_school_505.png,5666,60750332031003,505,2085,60750205002004,3.459867519781772,,0
1071,case_1071_block_60750332031003_school_525.png,5666,60750332031003,525,965,60750153001002,5.15968396672324,,0
1072,case_1072_block_60750332031003_school_549.png,5666,60750332031003,549,6133,60750452002000,4.042281685981467,,0
1073,case_1073_block_60750332031003_school_562.png,5666,60750332031003,562,142,60750104003012,6.860076080494038,,0
1074,case_1074_block_60750332031003_school_569.png,5666,60750332031003,569,5982,60750402001005,4.559229207960026,,0
1075,case_1075_block_60750332031003_school_589.png,5666,60750332031003,589,1499,60750171022001,3.3912950591666755,,0
1076,case_1076_block_60750332031003_school_603.png,5666,60750332031003,603,2712,60750228031005,4.117784618550656,,0
1077,case_1077_block_60750332031003_school_638.png,5666,60750332031003,638,238,60750107002003,6.487780588005941,,0
1078,case_1078_block_60750332031003_school_644.png,5666,60750332031003,644,4319,60750302012005,3.0687033824481578,,0
1079,case_1079_block_60750332031003_school_650.png,5666,60750332031003,650,1417,60750168022001,4.588798732401853,,0
1080,case_1080_block_60750332031003_school_718.png,5666,60750332031003,718,1450,60750170001006,3.943812590294419,,0
1081,case_1081_block_60750332031003_school_722.png,5666,60750332031003,722,4625,60750307001022,1.946898292832734,,0
1082,case_1082_block_60750332031003_school_723.png,5666,60750332031003,723,2707,60750228031000,4.278933334010884,,0
1083,case_1083_block_60750332031003_school_735.png,5666,60750332031003,735,1320,60750165003002,4.060601926793323,,0
1084,case_1084_block_60750332031003_school_786.png,5666,60750332031003,786,1171,60750159001003,5.1283820644580524,,0
1085,case_1085_block_60750332031003_school_790.png,5666,60750332031003,790,344,60750111003002,5.756975345754283,,0
1086,case_1086_block_60750332031003_school_801.png,5666,60750332031003,801,101,60750103001013,6.566285049785698,,0
1087,case_1087_block_60750332031003_school_816.png,5666,60750332031003,816,1974,60750203002001,3.970671576409252,,0
1088,case_1088_block_60750332031003_school_823.png,5666,60750332031003,823,757,60750130001002,6.085214846259053,,0
1089,case_1089_block_60750332031003_school_834.png,5666,60750332031003,834,317,60750110002005,6.047147408100388,,0
1090,case_1090_block_60750332031003_school_848.png,5666,60750332031003,848,5996,60750402003004,4.512191527078974,,0
1091,case_1091_block_60750332031003_school_859.png,5666,60750332031003,859,537,60750124022001,5.308801959302008,,0
1092,case_1092_block_60750332031003_school_872.png,5666,60750332031003,872,206,60750106002000,6.794530034930117,,0
1093,case_1093_block_60750332031003_school_876.png,5666,60750332031003,876,4672,60750308001002,1.7883726059634442,,0
1094,case_1094_block_60750332031003_school_999.png,5666,60750332031003,999,6635,60750607001031,5.672473950679415,,0
1095,case_1095_block_60750332031013_school_820.png,5676,60750332031013,820,5240,60750314004002,0.6042782871191836,,0
1096,case_1096_block_60750601001004_school_420.png,6376,60750601001004,420,2297,60750212003004,3.678959208442365,,0
1097,case_1097_block_60750601001004_school_453.png,6376,60750601001004,453,3058,60750234002018,6.940809114631652,,0
1098,case_1098_block_60750601001004_school_456.png,6376,60750601001004,456,2776,60750229032009,4.542801325177236,,0
1099,case_1099_block_60750601001004_school_481.png,6376,60750601001004,481,3793,60750260031009,6.001767128172082,,0
1100,case_1100_block_60750601001004_school_490.png,6376,60750601001004,490,375,60750113002001,2.386618190675214,,0
1101,case_1101_block_60750601001004_school_497.png,6376,60750601001004,497,2594,60750227022009,4.30103557362104,,0
1102,case_1102_block_60750601001004_school_505.png,6376,60750601001004,505,2085,60750205002004,3.3638248930183354,,0
1103,case_1103_block_60750601001004_school_507.png,6376,60750601001004,507,2868,60750230032002,5.966656427673709,,0
1104,case_1104_block_60750601001004_school_513.png,6376,60750601001004,513,3650,60750257023005,5.907412287747175,,0
1105,case_1105_block_60750601001004_school_521.png,6376,60750601001004,521,7117,60759805011010,6.499947047373902,,0
1106,case_1106_block_60750601001004_school_525.png,6376,60750601001004,525,965,60750153001002,1.3815278149821748,,0
1107,case_1107_block_60750601001004_school_562.png,6376,60750601001004,562,142,60750104003012,2.361001528824922,,0
1108,case_1108_block_60750601001004_school_603.png,6376,60750601001004,603,2712,60750228031005,4.013986968705796,,0
1109,case_1109_block_60750601001004_school_614.png,6376,60750601001004,614,3501,60750256002003,5.619093239226158,,0
1110,case_1110_block_60750601001004_school_625.png,6376,60750601001004,625,2895,60750231022004,6.2663745775021065,,0
1111,case_1111_block_60750601001004_school_638.png,6376,60750601001004,638,238,60750107002003,2.193727033485932,,0
1112,case_1112_block_60750601001004_school_650.png,6376,60750601001004,650,1417,60750168022001,2.513655820835894,,0
1113,case_1113_block_60750601001004_school_656.png,6376,60750601001004,656,3265,60750254013000,4.992740779643627,,0
1114,case_1114_block_60750601001004_school_680.png,6376,60750601001004,680,3150,60750252001002,4.509149948309494,,0
1115,case_1115_block_60750601001004_school_718.png,6376,60750601001004,718,1450,60750170001006,2.7948848181483696,,0
1116,case_1116_block_60750601001004_school_723.png,6376,60750601001004,723,2707,60750228031000,3.965059350929001,,0
1117,case_1117_block_60750601001004_school_729.png,6376,60750601001004,729,3738,60750260011000,5.64398896412597,,0
1118,case_1118_block_60750601001004_school_786.png,6376,60750601001004,786,1171,60750159001003,1.9230759955371923,,0
1119,case_1119_block_60750601001004_school_790.png,6376,60750601001004,790,344,60750111003002,2.009652774212678,,0
1120,case_1120_block_60750601001004_school_801.png,6376,60750601001004,801,101,60750103001013,1.822427845802788,,0
1121,case_1121_block_60750601001004_school_816.png,6376,60750601001004,816,1974,60750203002001,3.1228391199307284,,0
1122,case_1122_block_60750601001004_school_823.png,6376,60750601001004,823,757,60750130001002,1.4093193749655044,,0
1123,case_1123_block_60750601001004_school_830.png,6376,60750601001004,830,2905,60750231031006,6.1259947456859845,,0
1124,case_1124_block_60750601001004_school_834.png,6376,60750601001004,834,317,60750110002005,1.890003051281367,,0
1125,case_1125_block_60750601001004_school_838.png,6376,60750601001004,838,6848,60750614001002,4.585179962443552,,0
1126,case_1126_block_60750601001004_school_859.png,6376,60750601001004,859,537,60750124022001,2.344550451454508,,0
1127,case_1127_block_60750601001004_school_867.png,6376,60750601001004,867,4141,60750264012005,6.820720854890976,,0
1128,case_1128_block_60750601001004_school_872.png,6376,60750601001004,872,206,60750106002000,2.61603441997602,,0
1129,case_1129_block_60750601001004_school_999.png,6376,60750601001004,999,6635,60750607001031,3.857951296337156,,0
1130,case_1130_block_60750601001006_school_575.png,6378,60750601001006,575,4995,60750311001020,5.088653696933783,,0
1131,case_1131_block_60750601001006_school_589.png,6378,60750601001006,589,1499,60750171022001,2.906665124194343,,0
1132,case_1132_block_60750601001006_school_593.png,6378,60750601001006,593,4061,60750263022007,6.663952334756694,,0
1133,case_1133_block_60750601001006_school_691.png,6378,60750601001006,691,4093,60750263031002,6.605205647126691,,0
1134,case_1134_block_60750601001006_school_722.png,6378,60750601001006,722,4625,60750307001022,4.625605194517776,,0
1135,case_1135_block_60750601001006_school_735.png,6378,60750601001006,735,1320,60750165003002,2.1910281187574,,0
1136,case_1136_block_60750601001006_school_842.png,6378,60750601001006,842,5035,60750311004007,5.206441066255221,,0
1137,case_1137_block_60750601001022_school_490.png,6392,60750601001022,490,375,60750113002001,3.78432251497733,,0
1138,case_1138_block_60750601001022_school_525.png,6392,60750601001022,525,965,60750153001002,2.1286720345951484,,0
1139,case_1139_block_60750601001022_school_562.png,6392,60750601001022,562,142,60750104003012,3.937428030250089,,0
1140,case_1140_block_60750601001022_school_638.png,6392,60750601001022,638,238,60750107002003,3.6726176112611486,,0
1141,case_1141_block_60750601001022_school_786.png,6392,60750601001022,786,1171,60750159001003,2.7323897864065403,,0
1142,case_1142_block_60750601001022_school_790.png,6392,60750601001022,790,344,60750111003002,3.1963084123259664,,0
1143,case_1143_block_60750601001022_school_801.png,6392,60750601001022,801,101,60750103001013,3.3974515821718656,,0
1144,case_1144_block_60750601001022_school_823.png,6392,60750601001022,823,757,60750130001002,2.8499170830748635,,0
1145,case_1145_block_60750601001022_school_834.png,6392,60750601001022,834,317,60750110002005,3.235894317922252,,0
1146,case_1146_block_60750601001022_school_859.png,6392,60750601001022,859,537,60750124022001,3.264185347771964,,0
1147,case_1147_block_60750601001022_school_872.png,6392,60750601001022,872,206,60750106002000,4.126119292175171,,0
1148,case_1148_block_60750601001033_school_490.png,6403,60750601001033,490,375,60750113002001,3.376340465630247,,0
1149,case_1149_block_60750601001033_school_497.png,6403,60750601001033,497,2594,60750227022009,4.931433812669784,,0
1150,case_1150_block_60750601001033_school_525.png,6403,60750601001033,525,965,60750153001002,1.917597912547747,,0
1151,case_1151_block_60750601001033_school_562.png,6403,60750601001033,562,142,60750104003012,3.4371023483712446,,0
1152,case_1152_block_60750601001033_school_638.png,6403,60750601001033,638,238,60750107002003,3.221585672454906,,0
1153,case_1153_block_60750601001033_school_650.png,6403,60750601001033,650,1417,60750168022001,2.972387880987053,,0
1154,case_1154_block_60750601001033_school_786.png,6403,60750601001033,786,1171,60750159001003,2.549808170449036,,0
1155,case_1155_block_60750601001033_school_790.png,6403,60750601001033,790,344,60750111003002,2.8719893781754737,,0
1156,case_1156_block_60750601001033_school_801.png,6403,60750601001033,801,101,60750103001013,2.891138727057267,,0
1157,case_1157_block_60750601001033_school_823.png,6403,60750601001033,823,757,60750130001002,2.396847298454192,,0
1158,case_1158_block_60750601001033_school_834.png,6403,60750601001033,834,317,60750110002005,2.83997581374719,,0
1159,case_1159_block_60750601001033_school_859.png,6403,60750601001033,859,537,60750124022001,3.061024197875692,,0
1160,case_1160_block_60750601001033_school_872.png,6403,60750601001033,872,206,60750106002000,3.66478182389292,,0
1161,case_1161_block_60750601001033_school_999.png,6403,60750601001033,999,6635,60750607001031,4.611647391178441,,0
1162,case_1162_block_60750601001035_school_490.png,6405,60750601001035,490,375,60750113002001,3.48910404879018,,0
1163,case_1163_block_60750601001035_school_525.png,6405,60750601001035,525,965,60750153001002,2.055899981379571,,0
1164,case_1164_block_60750601001035_school_562.png,6405,60750601001035,562,142,60750104003012,3.5342463345470674,,0
1165,case_1165_block_60750601001035_school_638.png,6405,60750601001035,638,238,60750107002003,3.3281739564072965,,0
1166,case_1166_block_60750601001035_school_786.png,6405,60750601001035,786,1171,60750159001003,2.687676872709972,,0
1167,case_1167_block_60750601001035_school_790.png,6405,60750601001035,790,344,60750111003002,2.996885297516607,,0
1168,case_1168_block_60750601001035_school_801.png,6405,60750601001035,801,101,60750103001013,2.9890402295220264,,0
1169,case_1169_block_60750601001035_school_823.png,6405,60750601001035,823,757,60750130001002,2.5065782841920665,,0
1170,case_1170_block_60750601001035_school_834.png,6405,60750601001035,834,317,60750110002005,2.95619865854188,,0
1171,case_1171_block_60750601001035_school_859.png,6405,60750601001035,859,537,60750124022001,3.196283366030046,,0
1172,case_1172_block_60750601001035_school_872.png,6405,60750601001035,872,206,60750106002000,3.7683589734715177,,0
1173,case_1173_block_60750601001035_school_999.png,6405,60750601001035,999,6635,60750607001031,4.74749644286023,,0
1174,case_1174_block_60750601001051_school_435.png,6421,60750601001051,435,6191,60750476003004,1.9654632279666404,,0
1175,case_1175_block_60750601001051_school_539.png,6421,60750601001051,539,5505,60750330002005,4.439983574235665,,0
1176,case_1176_block_60750601001051_school_644.png,6421,60750601001051,644,4319,60750302012005,2.8502474394171906,,0
1177,case_1177_block_60750601001051_school_670.png,6421,60750601001051,670,5647,60750332011002,5.154575530446565,,0
1178,case_1178_block_60750601001051_school_848.png,6421,60750601001051,848,5996,60750402003004,1.3814552656891168,,0
1179,case_1179_block_60750601001059_school_453.png,6429,60750601001059,453,3058,60750234002018,6.853963595192833,,0
1180,case_1180_block_60750601001059_school_456.png,6429,60750601001059,456,2776,60750229032009,4.45843553632318,,0
1181,case_1181_block_60750601001059_school_490.png,6429,60750601001059,490,375,60750113002001,2.343793653051508,,0
1182,case_1182_block_60750601001059_school_497.png,6429,60750601001059,497,2594,60750227022009,4.225119313200376,,0
1183,case_1183_block_60750601001059_school_507.png,6429,60750601001059,507,2868,60750230032002,5.881095037096335,,0
1184,case_1184_block_60750601001059_school_513.png,6429,60750601001059,513,3650,60750257023005,5.818021315637327,,0
1185,case_1185_block_60750601001059_school_521.png,6429,60750601001059,521,7117,60759805011010,6.40922040567836,,0
1186,case_1186_block_60750601001059_school_525.png,6429,60750601001059,525,965,60750153001002,1.2928853217237022,,0
1187,case_1187_block_60750601001059_school_562.png,6429,60750601001059,562,142,60750104003012,2.33795576398075,,0
1188,case_1188_block_60750601001059_school_603.png,6429,60750601001059,603,2712,60750228031005,3.927129646100072,,0
1189,case_1189_block_60750601001059_school_614.png,6429,60750601001059,614,3501,60750256002003,5.527941939389473,,0
1190,case_1190_block_60750601001059_school_625.png,6429,60750601001059,625,2895,60750231022004,6.183399989924849,,0
1191,case_1191_block_60750601001059_school_638.png,6429,60750601001059,638,238,60750107002003,2.15790750362384,,0
1192,case_1192_block_60750601001059_school_650.png,6429,60750601001059,650,1417,60750168022001,2.4266663267436352,,0
1193,case_1193_block_60750601001059_school_656.png,6429,60750601001059,656,3265,60750254013000,4.90154649337876,,0
1194,case_1194_block_60750601001059_school_680.png,6429,60750601001059,680,3150,60750252001002,4.4214502778003055,,0
1195,case_1195_block_60750601001059_school_718.png,6429,60750601001059,718,1450,60750170001006,2.7032551060026586,,0
1196,case_1196_block_60750601001059_school_723.png,6429,60750601001059,723,2707,60750228031000,3.87948851529054,,0
1197,case_1197_block_60750601001059_school_786.png,6429,60750601001059,786,1171,60750159001003,1.8413306415289337,,0
1198,case_1198_block_60750601001059_school_790.png,6429,60750601001059,790,344,60750111003002,1.9473158108768007,,0
1199,case_1199_block_60750601001059_school_801.png,6429,60750601001059,801,101,60750103001013,1.7959843551022108,,0
1200,case_1200_block_60750601001059_school_816.png,6429,60750601001059,816,1974,60750203002001,3.032594166209986,,0
1201,case_1201_block_60750601001059_school_823.png,6429,60750601001059,823,757,60750130001002,1.36177763968073,,0
1202,case_1202_block_60750601001059_school_830.png,6429,60750601001059,830,2905,60750231031006,6.045114578840139,,0
1203,case_1203_block_60750601001059_school_834.png,6429,60750601001059,834,317,60750110002005,1.8387521183542253,,0
1204,case_1204_block_60750601001059_school_838.png,6429,60750601001059,838,6848,60750614001002,4.50412796844117,,0
1205,case_1205_block_60750601001059_school_859.png,6429,60750601001059,859,537,60750124022001,2.2702767427997363,,0
1206,case_1206_block_60750601001059_school_867.png,6429,60750601001059,867,4141,60750264012005,6.729878783780724,,0
1207,case_1207_block_60750601001059_school_872.png,6429,60750601001059,872,206,60750106002000,2.5859661548113624,,0
1208,case_1208_block_60750601001059_school_999.png,6429,60750601001059,999,6635,60750607001031,3.790128438045902,,0
1209,case_1209_block_60750601001064_school_562.png,6434,60750601001064,562,142,60750104003012,2.3536746281725485,,0
1210,case_1210_block_60750601001064_school_801.png,6434,60750601001064,801,101,60750103001013,1.80768345439766,,0
1211,case_1211_block_60750601001070_school_453.png,6440,60750601001070,453,3058,60750234002018,6.5039887264447485,,0
1212,case_1212_block_60750601001070_school_456.png,6440,60750601001070,456,2776,60750229032009,4.131751990473498,,0
1213,case_1213_block_60750601001070_school_497.png,6440,60750601001070,497,2594,60750227022009,3.960065114089117,,0
1214,case_1214_block_60750601001070_school_507.png,6440,60750601001070,507,2868,60750230032002,5.542525595060633,,0
1215,case_1215_block_60750601001070_school_525.png,6440,60750601001070,525,965,60750153001002,0.951480731238774,,0
1216,case_1216_block_60750601001070_school_603.png,6440,60750601001070,603,2712,60750228031005,3.5811877053713568,,0
1217,case_1217_block_60750601001070_school_625.png,6440,60750601001070,625,2895,60750231022004,5.864298375767845,,0
1218,case_1218_block_60750601001070_school_650.png,6440,60750601001070,650,1417,60750168022001,2.086095185571151,,0
1219,case_1219_block_60750601001070_school_680.png,6440,60750601001070,680,3150,60750252001002,4.066983754162988,,0
1220,case_1220_block_60750601001070_school_723.png,6440,60750601001070,723,2707,60750228031000,3.544610067094778,,0
1221,case_1221_block_60750601001070_school_786.png,6440,60750601001070,786,1171,60750159001003,1.554050627145564,,0
1222,case_1222_block_60750601001070_school_790.png,6440,60750601001070,790,344,60750111003002,1.794284474922255,,0
1223,case_1223_block_60750601001070_school_830.png,6440,60750601001070,830,2905,60750231031006,5.741362964301477,,0
1224,case_1224_block_60750601001070_school_834.png,6440,60750601001070,834,317,60750110002005,1.754670958166242,,0
1225,case_1225_block_60750601001070_school_838.png,6440,60750601001070,838,6848,60750614001002,4.202318111232178,,0
1226,case_1226_block_60750601001070_school_859.png,6440,60750601001070,859,537,60750124022001,2.0319255643763308,,0
1227,case_1227_block_60750601001070_school_999.png,6440,60750601001070,999,6635,60750607001031,3.579427834179377,,0
1228,case_1228_block_60750601001082_school_562.png,6452,60750601001082,562,142,60750104003012,2.7719377088527097,,0
1229,case_1229_block_60750601001082_school_638.png,6452,60750601001082,638,238,60750107002003,2.564268078333636,,0
1230,case_1230_block_60750601001082_school_801.png,6452,60750601001082,801,101,60750103001013,2.226248920417888,,0
1231,case_1231_block_60750601001082_school_823.png,6452,60750601001082,823,757,60750130001002,1.744551747919623,,0
1232,case_1232_block_60750601001082_school_872.png,6452,60750601001082,872,206,60750106002000,3.004090325603105,,0
1233,case_1233_block_60750601001083_school_478.png,6453,60750601001083,478,4283,60750301022010,3.316692282789306,,0
1234,case_1234_block_60750601001083_school_746.png,6453,60750601001083,746,5155,60750313021003,5.8784785698580215,,0
1235,case_1235_block_60750601001083_school_820.png,6453,60750601001083,820,5240,60750314004002,6.047296980935601,,0
1236,case_1236_block_60750601001083_school_876.png,6453,60750601001083,876,4672,60750308001002,4.083748813711017,,0
1237,case_1237_block_60750601001095_school_456.png,6465,60750601001095,456,2776,60750229032009,4.57794912821235,,0
1238,case_1238_block_60750601001095_school_490.png,6465,60750601001095,490,375,60750113002001,2.9142276427748355,,0
1239,case_1239_block_60750601001095_school_497.png,6465,60750601001095,497,2594,60750227022009,4.482675738289432,,0
1240,case_1240_block_60750601001095_school_525.png,6465,60750601001095,525,965,60750153001002,1.4596138276240436,,0
1241,case_1241_block_60750601001095_school_650.png,6465,60750601001095,650,1417,60750168022001,2.5414059540982143,,0
1242,case_1242_block_60750601001095_school_723.png,6465,60750601001095,723,2707,60750228031000,3.983523695570726,,0
1243,case_1243_block_60750601001095_school_786.png,6465,60750601001095,786,1171,60750159001003,2.090129616606212,,0
1244,case_1244_block_60750601001095_school_790.png,6465,60750601001095,790,344,60750111003002,2.401874503505302,,0
1245,case_1245_block_60750601001095_school_830.png,6465,60750601001095,830,2905,60750231031006,6.21085118964312,,0
1246,case_1246_block_60750601001095_school_834.png,6465,60750601001095,834,317,60750110002005,2.374907916956053,,0
1247,case_1247_block_60750601001095_school_838.png,6465,60750601001095,838,6848,60750614001002,4.6825795758294175,,0
1248,case_1248_block_60750601001095_school_859.png,6465,60750601001095,859,537,60750124022001,2.5961431794522296,,0
1249,case_1249_block_60750601001095_school_999.png,6465,60750601001095,999,6635,60750607001031,4.147554645295325,,0
1250,case_1250_block_60750601001117_school_490.png,6487,60750601001117,490,375,60750113002001,3.018182846699337,,0
1251,case_1251_block_60750601001117_school_562.png,6487,60750601001117,562,142,60750104003012,3.0935911397699507,,0
1252,case_1252_block_60750601001117_school_638.png,6487,60750601001117,638,238,60750107002003,2.868465650460975,,0
1253,case_1253_block_60750601001117_school_801.png,6487,60750601001117,801,101,60750103001013,2.547524320093244,,0
1254,case_1254_block_60750601001117_school_823.png,6487,60750601001117,823,757,60750130001002,2.04174183263897,,0
1255,case_1255_block_60750601001117_school_834.png,6487,60750601001117,834,317,60750110002005,2.479880327407737,,0
1256,case_1256_block_60750601001117_school_872.png,6487,60750601001117,872,206,60750106002000,3.3141718740653805,,0
1257,case_1257_block_60750601001130_school_413.png,6500,60750601001130,413,6007,60750426011000,1.1848634376392744,,0
1258,case_1258_block_60750601001130_school_435.png,6500,60750601001130,435,6191,60750476003004,1.479132777219137,,0
1259,case_1259_block_60750601001130_school_544.png,6500,60750601001130,544,5762,60750351004006,3.228203954193887,,0
1260,case_1260_block_60750601001130_school_664.png,6500,60750601001130,664,6257,60750478012003,2.062139222337007,,0
1261,case_1261_block_60750601001130_school_750.png,6500,60750601001130,750,5849,60750353001001,3.625556680619874,,0
1262,case_1262_block_60750601001130_school_782.png,6500,60750601001130,782,5427,60750329011006,3.532668497569042,,0
1263,case_1263_block_60750601001130_school_848.png,6500,60750601001130,848,5996,60750402003004,0.8879035893612454,,0
1264,case_1264_block_60750601001130_school_862.png,6500,60750601001130,862,5874,60750353003005,4.39541661317535,,0
1265,case_1265_block_60750601001134_school_589.png,6504,60750601001134,589,1499,60750171022001,2.065113206617266,,0
1266,case_1266_block_60750601001134_school_691.png,6504,60750601001134,691,4093,60750263031002,5.762815786691781,,0
1267,case_1267_block_60750601001134_school_722.png,6504,60750601001134,722,4625,60750307001022,3.784226204797359,,0
1268,case_1268_block_60750601001134_school_735.png,6504,60750601001134,735,1320,60750165003002,1.348949292339526,,0
1269,case_1269_block_60750601001134_school_842.png,6504,60750601001134,842,5035,60750311004007,4.363937311369661,,0
1270,case_1270_block_60750601001138_school_525.png,6508,60750601001138,525,965,60750153001002,0.9541767357035276,,0
1271,case_1271_block_60750601001138_school_786.png,6508,60750601001138,786,1171,60750159001003,1.5856866541303414,,0
1272,case_1272_block_60750601001138_school_859.png,6508,60750601001138,859,537,60750124022001,2.0963677409298014,,0
1273,case_1273_block_60750601001138_school_999.png,6508,60750601001138,999,6635,60750607001031,3.646727176709933,,0
1274,case_1274_block_60750601001142_school_420.png,6512,60750601001142,420,2297,60750212003004,2.8412397309827955,,0
1275,case_1275_block_60750601001142_school_453.png,6512,60750601001142,453,3058,60750234002018,6.211397682910996,,0
1276,case_1276_block_60750601001142_school_456.png,6512,60750601001142,456,2776,60750229032009,3.861214035854211,,0
1277,case_1277_block_60750601001142_school_481.png,6512,60750601001142,481,3793,60750260031009,5.165589501589306,,0
1278,case_1278_block_60750601001142_school_490.png,6512,60750601001142,490,375,60750113002001,2.272705191627919,,0
1279,case_1279_block_60750601001142_school_497.png,6512,60750601001142,497,2594,60750227022009,3.74053210938868,,0
1280,case_1280_block_60750601001142_school_505.png,6512,60750601001142,505,2085,60750205002004,2.538263402070561,,0
1281,case_1281_block_60750601001142_school_507.png,6512,60750601001142,507,2868,60750230032002,5.259662491167882,,0
1282,case_1282_block_60750601001142_school_513.png,6512,60750601001142,513,3650,60750257023005,5.137984703674632,,0
1283,case_1283_block_60750601001142_school_521.png,6512,60750601001142,521,7117,60759805011010,5.703465698751505,,0
1284,case_1284_block_60750601001142_school_525.png,6512,60750601001142,525,965,60750153001002,0.7159267870241058,,0
1285,case_1285_block_60750601001142_school_562.png,6512,60750601001142,562,142,60750104003012,2.442501518607941,,0
1286,case_1286_block_60750601001142_school_575.png,6512,60750601001142,575,4995,60750311001020,4.246844227819585,,0
1287,case_1287_block_60750601001142_school_593.png,6512,60750601001142,593,4061,60750263022007,5.820564736197757,,0
1288,case_1288_block_60750601001142_school_603.png,6512,60750601001142,603,2712,60750228031005,3.296853240580919,,0
1289,case_1289_block_60750601001142_school_614.png,6512,60750601001142,614,3501,60750256002003,4.814418633321625,,0
1290,case_1290_block_60750601001142_school_625.png,6512,60750601001142,625,2895,60750231022004,5.595953090965532,,0
1291,case_1291_block_60750601001142_school_638.png,6512,60750601001142,638,238,60750107002003,2.1637061301135656,,0
1292,case_1292_block_60750601001142_school_650.png,6512,60750601001142,650,1417,60750168022001,1.8159922391409475,,0
1293,case_1293_block_60750601001142_school_656.png,6512,60750601001142,656,3265,60750254013000,4.188196982031785,,0
1294,case_1294_block_60750601001142_school_680.png,6512,60750601001142,680,3150,60750252001002,3.774463471259996,,0
1295,case_1295_block_60750601001142_school_718.png,6512,60750601001142,718,1450,60750170001006,1.9866639791616152,,0
1296,case_1296_block_60750601001142_school_723.png,6512,60750601001142,723,2707,60750228031000,3.269448453050613,,0
1297,case_1297_block_60750601001142_school_729.png,6512,60750601001142,729,3738,60750260011000,4.807267601485794,,0
1298,case_1298_block_60750601001142_school_786.png,6512,60750601001142,786,1171,60750159001003,1.3467813909765525,,0
1299,case_1299_block_60750601001142_school_790.png,6512,60750601001142,790,344,60750111003002,1.7032656248093436,,0
1300,case_1300_block_60750601001142_school_801.png,6512,60750601001142,801,101,60750103001013,1.912127365146357,,0
1301,case_1301_block_60750601001142_school_816.png,6512,60750601001142,816,1974,60750203002001,2.34894144941568,,0
1302,case_1302_block_60750601001142_school_823.png,6512,60750601001142,823,757,60750130001002,1.347899472642272,,0
1303,case_1303_block_60750601001142_school_830.png,6512,60750601001142,830,2905,60750231031006,5.485168415239492,,0
1304,case_1304_block_60750601001142_school_834.png,6512,60750601001142,834,317,60750110002005,1.724382437572942,,0
1305,case_1305_block_60750601001142_school_838.png,6512,60750601001142,838,6848,60750614001002,3.951654330005512,,0
1306,case_1306_block_60750601001142_school_859.png,6512,60750601001142,859,537,60750124022001,1.857131449250176,,0
1307,case_1307_block_60750601001142_school_867.png,6512,60750601001142,867,4141,60750264012005,6.021368220930368,,0
1308,case_1308_block_60750601001142_school_872.png,6512,60750601001142,872,206,60750106002000,2.6176502835450903,,0
1309,case_1309_block_60750601001142_school_999.png,6512,60750601001142,999,6635,60750607001031,3.407398214983042,,0
1310,case_1310_block_60750601001146_school_420.png,6516,60750601001146,420,2297,60750212003004,3.1798393020002504,,0
1311,case_1311_block_60750601001146_school_435.png,6516,60750601001146,435,6191,60750476003004,1.6164537214324062,,0
1312,case_1312_block_60750601001146_school_453.png,6516,60750601001146,453,3058,60750234002018,6.673934957597161,,0
1313,case_1313_block_60750601001146_school_456.png,6516,60750601001146,456,2776,60750229032009,4.372201233704827,,0
1314,case_1314_block_60750601001146_school_478.png,6516,60750601001146,478,4283,60750301022010,2.886239730205398,,0
1315,case_1315_block_60750601001146_school_481.png,6516,60750601001146,481,3793,60750260031009,5.482809198343695,,0
1316,case_1316_block_60750601001146_school_488.png,6516,60750601001146,488,4863,60750309005018,4.4871129688932285,,0
1317,case_1317_block_60750601001146_school_490.png,6516,60750601001146,490,375,60750113002001,2.8544477242404933,,0
1318,case_1318_block_60750601001146_school_497.png,6516,60750601001146,497,2594,60750227022009,4.307258862466707,,0
1319,case_1319_block_60750601001146_school_505.png,6516,60750601001146,505,2085,60750205002004,2.912045538989836,,0
1320,case_1320_block_60750601001146_school_507.png,6516,60750601001146,507,2868,60750230032002,5.744445743512335,,0
1321,case_1321_block_60750601001146_school_513.png,6516,60750601001146,513,3650,60750257023005,5.566084641265794,,0
1322,case_1322_block_60750601001146_school_521.png,6516,60750601001146,521,7117,60759805011010,6.0936480451613,,0
1323,case_1323_block_60750601001146_school_525.png,6516,60750601001146,525,965,60750153001002,1.3032705806908846,,0
1324,case_1324_block_60750601001146_school_539.png,6516,60750601001146,539,5505,60750330002005,4.010177429004782,,0
1325,case_1325_block_60750601001146_school_549.png,6516,60750601001146,549,6133,60750452002000,1.359405599996462,,0
1326,case_1326_block_60750601001146_school_562.png,6516,60750601001146,562,142,60750104003012,2.9810230050030686,,0
1327,case_1327_block_60750601001146_school_569.png,6516,60750601001146,569,5982,60750402001005,0.8500276040637604,,0
1328,case_1328_block_60750601001146_school_575.png,6516,60750601001146,575,4995,60750311001020,4.54853026779652,,0
1329,case_1329_block_60750601001146_school_589.png,6516,60750601001146,589,1499,60750171022001,2.3050469880656244,,0
1330,case_1330_block_60750601001146_school_593.png,6516,60750601001146,593,4061,60750263022007,6.094843001048568,,0
1331,case_1331_block_60750601001146_school_603.png,6516,60750601001146,603,2712,60750228031005,3.788792463532416,,0
1332,case_1332_block_60750601001146_school_614.png,6516,60750601001146,614,3501,60750256002003,5.197471377779058,,0
1333,case_1333_block_60750601001146_school_625.png,6516,60750601001146,625,2895,60750231022004,6.103947914910177,,0
1334,case_1334_block_60750601001146_school_638.png,6516,60750601001146,638,238,60750107002003,2.727191739680704,,0
1335,case_1335_block_60750601001146_school_644.png,6516,60750601001146,644,4319,60750302012005,2.436907473110152,,0
1336,case_1336_block_60750601001146_school_650.png,6516,60750601001146,650,1417,60750168022001,2.346717371726868,,0
1337,case_1337_block_60750601001146_school_656.png,6516,60750601001146,656,3265,60750254013000,4.576473348336932,,0
1338,case_1338_block_60750601001146_school_670.png,6516,60750601001146,670,5647,60750332011002,4.711708089621336,,0
1339,case_1339_block_60750601001146_school_680.png,6516,60750601001146,680,3150,60750252001002,4.247251453826938,,0
1340,case_1340_block_60750601001146_school_691.png,6516,60750601001146,691,4093,60750263031002,5.972348880905316,,0
1341,case_1341_block_60750601001146_school_718.png,6516,60750601001146,718,1450,60750170001006,2.406690003024819,,0
1342,case_1342_block_60750601001146_school_722.png,6516,60750601001146,722,4625,60750307001022,3.995222875211881,,0
1343,case_1343_block_60750601001146_school_723.png,6516,60750601001146,723,2707,60750228031000,3.77692665662957,,0
1344,case_1344_block_60750601001146_school_729.png,6516,60750601001146,729,3738,60750260011000,5.125489369530717,,0
1345,case_1345_block_60750601001146_school_735.png,6516,60750601001146,735,1320,60750165003002,1.6230611192563094,,0
1346,case_1346_block_60750601001146_school_746.png,6516,60750601001146,746,5155,60750313021003,5.45022695691435,,0
1347,case_1347_block_60750601001146_school_750.png,6516,60750601001146,750,5849,60750353001001,3.790859495412959,,0
1348,case_1348_block_60750601001146_school_782.png,6516,60750601001146,782,5427,60750329011006,3.6751211091470646,,0
1349,case_1349_block_60750601001146_school_786.png,6516,60750601001146,786,1171,60750159001003,1.935203254503555,,0
1350,case_1350_block_60750601001146_school_790.png,6516,60750601001146,790,344,60750111003002,2.3038361359830994,,0
1351,case_1351_block_60750601001146_school_801.png,6516,60750601001146,801,101,60750103001013,2.4390507151110685,,0
1352,case_1352_block_60750601001146_school_816.png,6516,60750601001146,816,1974,60750203002001,2.804354034707087,,0
1353,case_1353_block_60750601001146_school_820.png,6516,60750601001146,820,5240,60750314004002,5.617124112612724,,0
1354,case_1354_block_60750601001146_school_823.png,6516,60750601001146,823,757,60750130001002,1.900198603648365,,0
1355,case_1355_block_60750601001146_school_830.png,6516,60750601001146,830,2905,60750231031006,6.010360971620356,,0
1356,case_1356_block_60750601001146_school_834.png,6516,60750601001146,834,317,60750110002005,2.3082420671724173,,0
1357,case_1357_block_60750601001146_school_838.png,6516,60750601001146,838,6848,60750614001002,4.488312800735922,,0
1358,case_1358_block_60750601001146_school_842.png,6516,60750601001146,842,5035,60750311004007,4.582342903401195,,0
1359,case_1359_block_60750601001146_school_848.png,6516,60750601001146,848,5996,60750402003004,1.0161573599838438,,0
1360,case_1360_block_60750601001146_school_859.png,6516,60750601001146,859,537,60750124022001,2.4536651322631062,,0
1361,case_1361_block_60750601001146_school_862.png,6516,60750601001146,862,5874,60750353003005,4.535193006851345,,0
1362,case_1362_block_60750601001146_school_867.png,6516,60750601001146,867,4141,60750264012005,6.40573413119301,,0
1363,case_1363_block_60750601001146_school_872.png,6516,60750601001146,872,206,60750106002000,3.1790867599208776,,0
1364,case_1364_block_60750601001146_school_876.png,6516,60750601001146,876,4672,60750308001002,3.655083831140805,,0
1365,case_1365_block_60750601001146_school_999.png,6516,60750601001146,999,6635,60750607001031,4.000687459981501,,0
1366,case_1366_block_60750601001149_school_413.png,6519,60750601001149,413,6007,60750426011000,2.0431782646365626,,0
1367,case_1367_block_60750601001149_school_435.png,6519,60750601001149,435,6191,60750476003004,2.0460442374544354,,0
1368,case_1368_block_60750601001149_school_544.png,6519,60750601001149,544,5762,60750351004006,3.915592349467973,,0
1369,case_1369_block_60750601001149_school_569.png,6519,60750601001149,569,5982,60750402001005,1.2104834945484242,,0
1370,case_1370_block_60750601001149_school_664.png,6519,60750601001149,664,6257,60750478012003,2.9520956908079468,,0
1371,case_1371_block_60750601001149_school_848.png,6519,60750601001149,848,5996,60750402003004,1.505895443520168,,0
1372,case_1372_block_60750601001157_school_562.png,6527,60750601001157,562,142,60750104003012,3.2217151138360647,,0
1373,case_1373_block_60750601001157_school_638.png,6527,60750601001157,638,238,60750107002003,2.9660623747354364,,0
1374,case_1374_block_60750601001157_school_801.png,6527,60750601001157,801,101,60750103001013,2.679883091539573,,0
1375,case_1375_block_60750601001157_school_823.png,6527,60750601001157,823,757,60750130001002,2.1396928200267675,,0
1376,case_1376_block_60750601001157_school_872.png,6527,60750601001157,872,206,60750106002000,3.418351844321214,,0
1377,case_1377_block_60750601001164_school_420.png,6534,60750601001164,420,2297,60750212003004,3.0752653340600813,,0
1378,case_1378_block_60750601001164_school_453.png,6534,60750601001164,453,3058,60750234002018,6.6974922695015024,,0
1379,case_1379_block_60750601001164_school_456.png,6534,60750601001164,456,2776,60750229032009,4.534324992401422,,0
1380,case_1380_block_60750601001164_school_497.png,6534,60750601001164,497,2594,60750227022009,4.617029948174529,,0
1381,case_1381_block_60750601001164_school_505.png,6534,60750601001164,505,2085,60750205002004,2.8775913316057244,,0
1382,case_1382_block_60750601001164_school_507.png,6534,60750601001164,507,2868,60750230032002,5.825041569507641,,0
1383,case_1383_block_60750601001164_school_513.png,6534,60750601001164,513,3650,60750257023005,5.5389423040567,,0
1384,case_1384_block_60750601001164_school_525.png,6534,60750601001164,525,965,60750153001002,1.8124375512253,,0
1385,case_1385_block_60750601001164_school_569.png,6534,60750601001164,569,5982,60750402001005,0.5305701468794144,,0
1386,case_1386_block_60750601001164_school_603.png,6534,60750601001164,603,2712,60750228031005,3.9252859005769576,,0
1387,case_1387_block_60750601001164_school_625.png,6534,60750601001164,625,2895,60750231022004,6.23099605845385,,0
1388,case_1388_block_60750601001164_school_650.png,6534,60750601001164,650,1417,60750168022001,2.631256653514173,,0
1389,case_1389_block_60750601001164_school_680.png,6534,60750601001164,680,3150,60750252001002,4.3319418399706615,,0
1390,case_1390_block_60750601001164_school_718.png,6534,60750601001164,718,1450,60750170001006,2.4837148740879806,,0
1391,case_1391_block_60750601001164_school_723.png,6534,60750601001164,723,2707,60750228031000,3.9467409340526087,,0
1392,case_1392_block_60750601001164_school_735.png,6534,60750601001164,735,1320,60750165003002,1.5922204878041688,,0
1393,case_1393_block_60750601001164_school_786.png,6534,60750601001164,786,1171,60750159001003,2.3969370167877098,,0
1394,case_1394_block_60750601001164_school_790.png,6534,60750601001164,790,344,60750111003002,2.8967129476030733,,0
1395,case_1395_block_60750601001164_school_816.png,6534,60750601001164,816,1974,60750203002001,2.9133485571840527,,0
1396,case_1396_block_60750601001164_school_830.png,6534,60750601001164,830,2905,60750231031006,6.179607690214626,,0
1397,case_1397_block_60750601001164_school_838.png,6534,60750601001164,838,6848,60750614001002,4.709427786378526,,0
1398,case_1398_block_60750601001164_school_859.png,6534,60750601001164,859,537,60750124022001,2.928229664822386,,0
1399,case_1399_block_60750601001164_school_999.png,6534,60750601001164,999,6635,60750607001031,4.421396967262488,,0
1400,case_1400_block_60750601001165_school_420.png,6535,60750601001165,420,2297,60750212003004,3.24247109798407,,0
1401,case_1401_block_60750601001165_school_435.png,6535,60750601001165,435,6191,60750476003004,0.983108841681662,,0
1402,case_1402_block_60750601001165_school_478.png,6535,60750601001165,478,4283,60750301022010,2.688059536221252,,0
1403,case_1403_block_60750601001165_school_481.png,6535,60750601001165,481,3793,60750260031009,5.427845077230513,,0
1404,case_1404_block_60750601001165_school_488.png,6535,60750601001165,488,4863,60750309005018,4.064109311174121,,0
1405,case_1405_block_60750601001165_school_513.png,6535,60750601001165,513,3650,60750257023005,5.708301100388665,,0
1406,case_1406_block_60750601001165_school_521.png,6535,60750601001165,521,7117,60759805011010,6.155236494783262,,0
1407,case_1407_block_60750601001165_school_539.png,6535,60750601001165,539,5505,60750330002005,3.466472201472352,,0
1408,case_1408_block_60750601001165_school_549.png,6535,60750601001165,549,6133,60750452002000,1.119345907934494,,0
1409,case_1409_block_60750601001165_school_575.png,6535,60750601001165,575,4995,60750311001020,4.491470137461378,,0
1410,case_1410_block_60750601001165_school_589.png,6535,60750601001165,589,1499,60750171022001,2.2877314393416968,,0
1411,case_1411_block_60750601001165_school_593.png,6535,60750601001165,593,4061,60750263022007,5.958002272848132,,0
1412,case_1412_block_60750601001165_school_614.png,6535,60750601001165,614,3501,60750256002003,5.262879397658989,,0
1413,case_1413_block_60750601001165_school_644.png,6535,60750601001165,644,4319,60750302012005,1.88496911936879,,0
1414,case_1414_block_60750601001165_school_656.png,6535,60750601001165,656,3265,60750254013000,4.666739818171981,,0
1415,case_1415_block_60750601001165_school_670.png,6535,60750601001165,670,5647,60750332011002,4.186124219250487,,0
1416,case_1416_block_60750601001165_school_691.png,6535,60750601001165,691,4093,60750263031002,5.736279168251475,,0
1417,case_1417_block_60750601001165_school_722.png,6535,60750601001165,722,4625,60750307001022,3.813882040868696,,0
1418,case_1418_block_60750601001165_school_729.png,6535,60750601001165,729,3738,60750260011000,5.080171525377144,,0
1419,case_1419_block_60750601001165_school_746.png,6535,60750601001165,746,5155,60750313021003,5.062386253288531,,0
1420,case_1420_block_60750601001165_school_750.png,6535,60750601001165,750,5849,60750353001001,3.07101892768232,,0
1421,case_1421_block_60750601001165_school_782.png,6535,60750601001165,782,5427,60750329011006,2.992632915174189,,0
1422,case_1422_block_60750601001165_school_820.png,6535,60750601001165,820,5240,60750314004002,5.276134139121609,,0
1423,case_1423_block_60750601001165_school_842.png,6535,60750601001165,842,5035,60750311004007,4.392002121199063,,0
1424,case_1424_block_60750601001165_school_848.png,6535,60750601001165,848,5996,60750402003004,0.4929702446324853,,0
1425,case_1425_block_60750601001165_school_862.png,6535,60750601001165,862,5874,60750353003005,3.853248033832685,,0
1426,case_1426_block_60750601001165_school_867.png,6535,60750601001165,867,4141,60750264012005,6.451890129507283,,0
1427,case_1427_block_60750601001165_school_876.png,6535,60750601001165,876,4672,60750308001002,3.3055726354763744,,0
1428,case_1428_block_60750601001168_school_413.png,6538,60750601001168,413,6007,60750426011000,1.131989956847795,,0
1429,case_1429_block_60750601001168_school_420.png,6538,60750601001168,420,2297,60750212003004,3.5767571161720584,,0
1430,case_1430_block_60750601001168_school_435.png,6538,60750601001168,435,6191,60750476003004,1.5201575177401878,,0
1431,case_1431_block_60750601001168_school_453.png,6538,60750601001168,453,3058,60750234002018,7.154055890448192,,0
1432,case_1432_block_60750601001168_school_478.png,6538,60750601001168,478,4283,60750301022010,3.1260262341153573,,0
1433,case_1433_block_60750601001168_school_481.png,6538,60750601001168,481,3793,60750260031009,5.826217536554281,,0
1434,case_1434_block_60750601001168_school_488.png,6538,60750601001168,488,4863,60750309005018,4.580048171764682,,0
1435,case_1435_block_60750601001168_school_505.png,6538,60750601001168,505,2085,60750205002004,3.346043014156948,,0
1436,case_1436_block_60750601001168_school_507.png,6538,60750601001168,507,2868,60750230032002,6.250379579093698,,0
1437,case_1437_block_60750601001168_school_513.png,6538,60750601001168,513,3650,60750257023005,6.017353460252344,,0
1438,case_1438_block_60750601001168_school_521.png,6538,60750601001168,521,7117,60759805011010,6.504441936724057,,0
1439,case_1439_block_60750601001168_school_539.png,6538,60750601001168,539,5505,60750330002005,4.004505395874358,,0
1440,case_1440_block_60750601001168_school_544.png,6538,60750601001168,544,5762,60750351004006,3.1822615353880086,,0
1441,case_1441_block_60750601001168_school_549.png,6538,60750601001168,549,6133,60750452002000,1.5323037119349758,,0
1442,case_1442_block_60750601001168_school_569.png,6538,60750601001168,569,5982,60750402001005,1.0281867482955085,,0
1443,case_1443_block_60750601001168_school_575.png,6538,60750601001168,575,4995,60750311001020,4.887109626977895,,0
1444,case_1444_block_60750601001168_school_589.png,6538,60750601001168,589,1499,60750171022001,2.6456990554374347,,0
1445,case_1445_block_60750601001168_school_593.png,6538,60750601001168,593,4061,60750263022007,6.390343187100803,,0
1446,case_1446_block_60750601001168_school_603.png,6538,60750601001168,603,2712,60750228031005,4.313111207828562,,0
1447,case_1447_block_60750601001168_school_614.png,6538,60750601001168,614,3501,60750256002003,5.607601576353044,,0
1448,case_1448_block_60750601001168_school_625.png,6538,60750601001168,625,2895,60750231022004,6.631684851044806,,0
1449,case_1449_block_60750601001168_school_644.png,6538,60750601001168,644,4319,60750302012005,2.417663469421621,,0
1450,case_1450_block_60750601001168_school_656.png,6538,60750601001168,656,3265,60750254013000,4.997328463650629,,0
1451,case_1451_block_60750601001168_school_670.png,6538,60750601001168,670,5647,60750332011002,4.722769082239165,,0
1452,case_1452_block_60750601001168_school_680.png,6538,60750601001168,680,3150,60750252001002,4.750290040378634,,0
1453,case_1453_block_60750601001168_school_691.png,6538,60750601001168,691,4093,60750263031002,6.203294311735821,,0
1454,case_1454_block_60750601001168_school_718.png,6538,60750601001168,718,1450,60750170001006,2.891955857211299,,0
1455,case_1455_block_60750601001168_school_722.png,6538,60750601001168,722,4625,60750307001022,4.254697255697571,,0
1456,case_1456_block_60750601001168_school_729.png,6538,60750601001168,729,3738,60750260011000,5.473328314106242,,0
1457,case_1457_block_60750601001168_school_735.png,6538,60750601001168,735,1320,60750165003002,2.03617430050348,,0
1458,case_1458_block_60750601001168_school_746.png,6538,60750601001168,746,5155,60750313021003,5.572279401606147,,0
1459,case_1459_block_60750601001168_school_750.png,6538,60750601001168,750,5849,60750353001001,3.616776515678774,,0
1460,case_1460_block_60750601001168_school_782.png,6538,60750601001168,782,5427,60750329011006,3.5406369972824017,,0
1461,case_1461_block_60750601001168_school_816.png,6538,60750601001168,816,1974,60750203002001,3.309295624159087,,0
1462,case_1462_block_60750601001168_school_820.png,6538,60750601001168,820,5240,60750314004002,5.774101022902641,,0
1463,case_1463_block_60750601001168_school_842.png,6538,60750601001168,842,5035,60750311004007,4.838949214716299,,0
1464,case_1464_block_60750601001168_school_848.png,6538,60750601001168,848,5996,60750402003004,0.9665623082155952,,0
1465,case_1465_block_60750601001168_school_862.png,6538,60750601001168,862,5874,60750353003005,4.400986785643778,,0
1466,case_1466_block_60750601001168_school_867.png,6538,60750601001168,867,4141,60750264012005,6.808946193408652,,0
1467,case_1467_block_60750601001168_school_876.png,6538,60750601001168,876,4672,60750308001002,3.7989288645486514,,0
1468,case_1468_block_60750601001172_school_453.png,6542,60750601001172,453,3058,60750234002018,7.284200104244915,,0
1469,case_1469_block_60750601001172_school_456.png,6542,60750601001172,456,2776,60750229032009,5.041104941857864,,0
1470,case_1470_block_60750601001172_school_490.png,6542,60750601001172,490,375,60750113002001,3.586233705940838,,0
1471,case_1471_block_60750601001172_school_497.png,6542,60750601001172,497,2594,60750227022009,5.027150366593472,,0
1472,case_1472_block_60750601001172_school_505.png,6542,60750601001172,505,2085,60750205002004,3.475015442166473,,0
1473,case_1473_block_60750601001172_school_507.png,6542,60750601001172,507,2868,60750230032002,6.381280475383544,,0
1474,case_1474_block_60750601001172_school_513.png,6542,60750601001172,513,3650,60750257023005,6.146376063238856,,0
1475,case_1475_block_60750601001172_school_525.png,6542,60750601001172,525,965,60750153001002,2.0482134990029177,,0
1476,case_1476_block_60750601001172_school_562.png,6542,60750601001172,562,142,60750104003012,3.675763415324039,,0
1477,case_1477_block_60750601001172_school_603.png,6542,60750601001172,603,2712,60750228031005,4.444213251285687,,0
1478,case_1478_block_60750601001172_school_625.png,6542,60750601001172,625,2895,60750231022004,6.762788099641895,,0
1479,case_1479_block_60750601001172_school_638.png,6542,60750601001172,638,238,60750107002003,3.44451164186585,,0
1480,case_1480_block_60750601001172_school_650.png,6542,60750601001172,650,1417,60750168022001,3.0484050589676817,,0
1481,case_1481_block_60750601001172_school_680.png,6542,60750601001172,680,3150,60750252001002,4.881214591596109,,0
1482,case_1482_block_60750601001172_school_718.png,6542,60750601001172,718,1450,60750170001006,3.022795415273663,,0
1483,case_1483_block_60750601001172_school_723.png,6542,60750601001172,723,2707,60750228031000,4.446391991874447,,0
1484,case_1484_block_60750601001172_school_735.png,6542,60750601001172,735,1320,60750165003002,2.1654170337799243,,0
1485,case_1485_block_60750601001172_school_786.png,6542,60750601001172,786,1171,60750159001003,2.6780011570625657,,0
1486,case_1486_block_60750601001172_school_790.png,6542,60750601001172,790,344,60750111003002,3.0519257269661613,,0
1487,case_1487_block_60750601001172_school_801.png,6542,60750601001172,801,101,60750103001013,3.129846944799929,,0
1488,case_1488_block_60750601001172_school_816.png,6542,60750601001172,816,1974,60750203002001,3.440345109011453,,0
1489,case_1489_block_60750601001172_school_823.png,6542,60750601001172,823,757,60750130001002,2.6164256549672418,,0
1490,case_1490_block_60750601001172_school_830.png,6542,60750601001172,830,2905,60750231031006,6.686665981819195,,0
1491,case_1491_block_60750601001172_school_834.png,6542,60750601001172,834,317,60750110002005,3.0435589162704457,,0
1492,case_1492_block_60750601001172_school_838.png,6542,60750601001172,838,6848,60750614001002,5.180441435184513,,0
1493,case_1493_block_60750601001172_school_859.png,6542,60750601001172,859,537,60750124022001,3.200476993984147,,0
1494,case_1494_block_60750601001172_school_872.png,6542,60750601001172,872,206,60750106002000,3.892298196642216,,0
1495,case_1495_block_60750601001172_school_999.png,6542,60750601001172,999,6635,60750607001031,4.7438638079546935,,0
1496,case_1496_block_60750601001179_school_650.png,6549,60750601001179,650,1417,60750168022001,2.907022833922112,,0
1497,case_1497_block_60750601001179_school_838.png,6549,60750601001179,838,6848,60750614001002,5.042248431790116,,0
1498,case_1498_block_60750601001182_school_488.png,6552,60750601001182,488,4863,60750309005018,4.907841838229685,,0
1499,case_1499_block_60750601001182_school_549.png,6552,60750601001182,549,6133,60750452002000,1.7822273652635976,,0
1500,case_1500_block_60750601001182_school_569.png,6552,60750601001182,569,5982,60750402001005,1.2602178674692903,,0
1501,case_1501_block_60750601001182_school_670.png,6552,60750601001182,670,5647,60750332011002,5.1098641525914426,,0
1502,case_1502_block_60750601001186_school_413.png,6556,60750601001186,413,6007,60750426011000,1.6860699710520937,,0
1503,case_1503_block_60750601001186_school_435.png,6556,60750601001186,435,6191,60750476003004,2.143867443450293,,0
1504,case_1504_block_60750601001186_school_539.png,6556,60750601001186,539,5505,60750330002005,4.625764958932824,,0
1505,case_1505_block_60750601001186_school_544.png,6556,60750601001186,544,5762,60750351004006,3.694275618972516,,0
1506,case_1506_block_60750601001186_school_644.png,6556,60750601001186,644,4319,60750302012005,3.045780874862009,,0
1507,case_1507_block_60750601001186_school_664.png,6556,60750601001186,664,6257,60750478012003,2.4023145760698195,,0
1508,case_1508_block_60750601001186_school_670.png,6556,60750601001186,670,5647,60750332011002,5.345894902630947,,0
1509,case_1509_block_60750601001186_school_750.png,6556,60750601001186,750,5849,60750353001001,4.175570441053489,,0
1510,case_1510_block_60750601001186_school_782.png,6556,60750601001186,782,5427,60750329011006,4.119134366487841,,0
1511,case_1511_block_60750601001186_school_862.png,6556,60750601001186,862,5874,60750353003005,4.972735254444539,,0
1512,case_1512_block_60750601001187_school_478.png,6557,60750601001187,478,4283,60750301022010,2.5374675893849616,,0
1513,case_1513_block_60750601001187_school_481.png,6557,60750601001187,481,3793,60750260031009,5.270273739707104,,0
1514,case_1514_block_60750601001187_school_521.png,6557,60750601001187,521,7117,60759805011010,5.990771399390855,,0
1515,case_1515_block_60750601001187_school_549.png,6557,60750601001187,549,6133,60750452002000,0.9584268507626014,,0
1516,case_1516_block_60750601001187_school_575.png,6557,60750601001187,575,4995,60750311001020,4.333035417523083,,0
1517,case_1517_block_60750601001187_school_589.png,6557,60750601001187,589,1499,60750171022001,2.1220952018619594,,0
1518,case_1518_block_60750601001187_school_593.png,6557,60750601001187,593,4061,60750263022007,5.807900803975849,,0
1519,case_1519_block_60750601001187_school_614.png,6557,60750601001187,614,3501,60750256002003,5.09770770784166,,0
1520,case_1520_block_60750601001187_school_656.png,6557,60750601001187,656,3265,60750254013000,4.500040365350127,,0
1521,case_1521_block_60750601001187_school_691.png,6557,60750601001187,691,4093,60750263031002,5.5965515688974135,,0
1522,case_1522_block_60750601001187_school_722.png,6557,60750601001187,722,4625,60750307001022,3.6650939871193033,,0
1523,case_1523_block_60750601001187_school_729.png,6557,60750601001187,729,3738,60750260011000,4.921552096934757,,0
1524,case_1524_block_60750601001187_school_746.png,6557,60750601001187,746,5155,60750313021003,4.942886412246382,,0
1525,case_1525_block_60750601001187_school_820.png,6557,60750601001187,820,5240,60750314004002,5.149733997929933,,0
1526,case_1526_block_60750601001187_school_842.png,6557,60750601001187,842,5035,60750311004007,4.245282485161709,,0
1527,case_1527_block_60750601001187_school_848.png,6557,60750601001187,848,5996,60750402003004,0.3438517432781905,,0
1528,case_1528_block_60750601001187_school_867.png,6557,60750601001187,867,4141,60750264012005,6.288399526635249,,0
1529,case_1529_block_60750601001187_school_876.png,6557,60750601001187,876,4672,60750308001002,3.176093049242892,,0
1530,case_1530_block_60750604001027_school_862.png,6579,60750604001027,862,5874,60750353003005,2.113369269956274,,0
1531,case_1531_block_60750604001028_school_413.png,6580,60750604001028,413,6007,60750426011000,4.846957888233936,,0
1532,case_1532_block_60750604001028_school_420.png,6580,60750604001028,420,2297,60750212003004,3.4248133741126865,,0
1533,case_1533_block_60750604001028_school_435.png,6580,60750604001028,435,6191,60750476003004,4.323465314255045,,0
1534,case_1534_block_60750604001028_school_453.png,6580,60750604001028,453,3058,60750234002018,4.692307009217845,,0
1535,case_1535_block_60750604001028_school_456.png,6580,60750604001028,456,2776,60750229032009,4.601282661516465,,0
1536,case_1536_block_60750604001028_school_478.png,6580,60750604001028,478,4283,60750301022010,3.008368088168942,,0
1537,case_1537_block_60750604001028_school_481.png,6580,60750604001028,481,3793,60750260031009,2.5686823794796854,,0
1538,case_1538_block_60750604001028_school_488.png,6580,60750604001028,488,4863,60750309005018,1.2693871084169042,,0
1539,case_1539_block_60750604001028_school_490.png,6580,60750604001028,490,375,60750113002001,6.6656034095226655,,0
1540,case_1540_block_60750604001028_school_497.png,6580,60750604001028,497,2594,60750227022009,5.4142462534437445,,0
1541,case_1541_block_60750604001028_school_505.png,6580,60750604001028,505,2085,60750205002004,3.758104877643295,,0
1542,case_1542_block_60750604001028_school_507.png,6580,60750604001028,507,2868,60750230032002,4.597712924664669,,0
1543,case_1543_block_60750604001028_school_513.png,6580,60750604001028,513,3650,60750257023005,3.808280156722138,,0
1544,case_1544_block_60750604001028_school_521.png,6580,60750604001028,521,7117,60759805011010,3.5120754548735973,,0
1545,case_1545_block_60750604001028_school_525.png,6580,60750604001028,525,965,60750153001002,5.495684351695293,,0
1546,case_1546_block_60750604001028_school_539.png,6580,60750604001028,539,5505,60750330002005,1.8891896067299967,,0
1547,case_1547_block_60750604001028_school_544.png,6580,60750604001028,544,5762,60750351004006,3.425169767631417,,0
1548,case_1548_block_60750604001028_school_549.png,6580,60750604001028,549,6133,60750452002000,4.39519911051688,,0
1549,case_1549_block_60750604001028_school_562.png,6580,60750604001028,562,142,60750104003012,7.169639762027611,,0
1550,case_1550_block_60750604001028_school_569.png,6580,60750604001028,569,5982,60750402001005,4.912693991794287,,0
1551,case_1551_block_60750604001028_school_575.png,6580,60750604001028,575,4995,60750311001020,2.5365086849954595,,0
1552,case_1552_block_60750604001028_school_589.png,6580,60750604001028,589,1499,60750171022001,3.725588555721536,,0
1553,case_1553_block_60750604001028_school_593.png,6580,60750604001028,593,4061,60750263022007,2.229001971038863,,0
1554,case_1554_block_60750604001028_school_603.png,6580,60750604001028,603,2712,60750228031005,4.356006951780722,,0
1555,case_1555_block_60750604001028_school_614.png,6580,60750604001028,614,3501,60750256002003,3.234553592720014,,0
1556,case_1556_block_60750604001028_school_625.png,6580,60750604001028,625,2895,60750231022004,5.091507278666255,,0
1557,case_1557_block_60750604001028_school_638.png,6580,60750604001028,638,238,60750107002003,6.798237161478572,,0
1558,case_1558_block_60750604001028_school_644.png,6580,60750604001028,644,4319,60750302012005,3.4217842997529004,,0
1559,case_1559_block_60750604001028_school_650.png,6580,60750604001028,650,1417,60750168022001,4.896784261362448,,0
1560,case_1560_block_60750604001028_school_656.png,6580,60750604001028,656,3265,60750254013000,3.291856077703043,,0
1561,case_1561_block_60750604001028_school_664.png,6580,60750604001028,664,6257,60750478012003,4.551853243631552,,0
1562,case_1562_block_60750604001028_school_670.png,6580,60750604001028,670,5647,60750332011002,1.1970794345671378,,0
1563,case_1563_block_60750604001028_school_680.png,6580,60750604001028,680,3150,60750252001002,4.149690045201441,,0
1564,case_1564_block_60750604001028_school_691.png,6580,60750604001028,691,4093,60750263031002,1.5309449241403892,,0
1565,case_1565_block_60750604001028_school_718.png,6580,60750604001028,718,1450,60750170001006,4.2568727969243545,,0
1566,case_1566_block_60750604001028_school_722.png,6580,60750604001028,722,4625,60750307001022,2.2257792612062337,,0
1567,case_1567_block_60750604001028_school_723.png,6580,60750604001028,723,2707,60750228031000,4.5184306315560665,,0
1568,case_1568_block_60750604001028_school_729.png,6580,60750604001028,729,3738,60750260011000,2.5754708423386323,,0
1569,case_1569_block_60750604001028_school_735.png,6580,60750604001028,735,1320,60750165003002,4.401639909449682,,0
1570,case_1570_block_60750604001028_school_746.png,6580,60750604001028,746,5155,60750313021003,0.5100279451540598,,0
1571,case_1571_block_60750604001028_school_750.png,6580,60750604001028,750,5849,60750353001001,2.7703357993134468,,0
1572,case_1572_block_60750604001028_school_782.png,6580,60750604001028,782,5427,60750329011006,2.655613992824475,,0
1573,case_1573_block_60750604001028_school_786.png,6580,60750604001028,786,1171,60750159001003,5.448696973766733,,0
1574,case_1574_block_60750604001028_school_790.png,6580,60750604001028,790,344,60750111003002,6.070104452104856,,0
1575,case_1575_block_60750604001028_school_801.png,6580,60750604001028,801,101,60750103001013,6.886760055885294,,0
1576,case_1576_block_60750604001028_school_816.png,6580,60750604001028,816,1974,60750203002001,4.264627404710171,,0
1577,case_1577_block_60750604001028_school_820.png,6580,60750604001028,820,5240,60750314004002,0.7612604783479892,,0
1578,case_1578_block_60750604001028_school_823.png,6580,60750604001028,823,757,60750130001002,6.41294331164547,,0
1579,case_1579_block_60750604001028_school_830.png,6580,60750604001028,830,2905,60750231031006,5.327720940099079,,0
1580,case_1580_block_60750604001028_school_834.png,6580,60750604001028,834,317,60750110002005,6.363471901515344,,0
1581,case_1581_block_60750604001028_school_838.png,6580,60750604001028,838,6848,60750614001002,4.971893894061546,,0
1582,case_1582_block_60750604001028_school_842.png,6580,60750604001028,842,5035,60750311004007,1.8883487689815133,,0
1583,case_1583_block_60750604001028_school_848.png,6580,60750604001028,848,5996,60750402003004,4.866368195120487,,0
1584,case_1584_block_60750604001028_school_859.png,6580,60750604001028,859,537,60750124022001,5.61357099626986,,0
1585,case_1585_block_60750604001028_school_867.png,6580,60750604001028,867,4141,60750264012005,3.562235129190785,,0
1586,case_1586_block_60750604001028_school_872.png,6580,60750604001028,872,206,60750106002000,7.09609998674167,,0
1587,case_1587_block_60750604001028_school_876.png,6580,60750604001028,876,4672,60750308001002,2.132069249286583,,0
1588,case_1588_block_60750604001028_school_999.png,6580,60750604001028,999,6635,60750607001031,5.918006293303094,,0
1589,case_1589_block_60750604001038_school_456.png,6590,60750604001038,456,2776,60750229032009,4.492490154357722,,0
1590,case_1590_block_60750604001038_school_497.png,6590,60750604001038,497,2594,60750227022009,5.3128060528856365,,0
1591,case_1591_block_60750604001038_school_507.png,6590,60750604001038,507,2868,60750230032002,4.452048332619524,,0
1592,case_1592_block_60750604001038_school_513.png,6590,60750604001038,513,3650,60750257023005,3.660539700496008,,0
1593,case_1593_block_60750604001038_school_575.png,6590,60750604001038,575,4995,60750311001020,2.4260939790914047,,0
1594,case_1594_block_60750604001038_school_603.png,6590,60750604001038,603,2712,60750228031005,4.265419969999631,,0
1595,case_1595_block_60750604001038_school_614.png,6590,60750604001038,614,3501,60750256002003,3.09415462983312,,0
1596,case_1596_block_60750604001038_school_656.png,6590,60750604001038,656,3265,60750254013000,3.1739813224764224,,0
1597,case_1597_block_60750604001038_school_680.png,6590,60750604001038,680,3150,60750252001002,4.04337338169564,,0
1598,case_1598_block_60750604001038_school_723.png,6590,60750604001038,723,2707,60750228031000,4.428295887970958,,0
1599,case_1599_block_60750604001038_school_729.png,6590,60750604001038,729,3738,60750260011000,2.4366755900966264,,0
1600,case_1600_block_60750604001038_school_746.png,6590,60750604001038,746,5155,60750313021003,0.4129384946497813,,0
1601,case_1601_block_60750604001038_school_820.png,6590,60750604001038,820,5240,60750314004002,0.6049973180722827,,0
1602,case_1602_block_60750604001038_school_830.png,6590,60750604001038,830,2905,60750231031006,5.183208340121723,,0
1603,case_1603_block_60750604001038_school_838.png,6590,60750604001038,838,6848,60750614001002,4.861951361041898,,0
1604,case_1604_block_60750604001038_school_842.png,6590,60750604001038,842,5035,60750311004007,1.7942391272896352,,0
1605,case_1605_block_60750604001038_school_999.png,6590,60750604001038,999,6635,60750607001031,5.829671996379284,,0
1606,case_1606_block_60750604001039_school_413.png,6591,60750604001039,413,6007,60750426011000,3.927593414560026,,0
1607,case_1607_block_60750604001039_school_420.png,6591,60750604001039,420,2297,60750212003004,3.512342160741935,,0
1608,case_1608_block_60750604001039_school_435.png,6591,60750604001039,435,6191,60750476003004,3.496588840760183,,0
1609,case_1609_block_60750604001039_school_456.png,6591,60750604001039,456,2776,60750229032009,5.075786555171082,,0
1610,case_1610_block_60750604001039_school_478.png,6591,60750604001039,478,4283,60750301022010,2.757589074403705,,0
1611,case_1611_block_60750604001039_school_488.png,6591,60750604001039,488,4863,60750309005018,1.2600398616875417,,0
1612,case_1612_block_60750604001039_school_490.png,6591,60750604001039,490,375,60750113002001,6.54853601116582,,0
1613,case_1613_block_60750604001039_school_497.png,6591,60750604001039,497,2594,60750227022009,5.794987379198864,,0
1614,case_1614_block_60750604001039_school_505.png,6591,60750604001039,505,2085,60750205002004,3.7780528162724383,,0
1615,case_1615_block_60750604001039_school_525.png,6591,60750604001039,525,965,60750153001002,5.117669383831295,,0
1616,case_1616_block_60750604001039_school_539.png,6591,60750604001039,539,5505,60750330002005,1.105031598020199,,0
1617,case_1617_block_60750604001039_school_544.png,6591,60750604001039,544,5762,60750351004006,2.194506456252919,,0
1618,case_1618_block_60750604001039_school_549.png,6591,60750604001039,549,6133,60750452002000,3.751727204145064,,0
1619,case_1619_block_60750604001039_school_562.png,6591,60750604001039,562,142,60750104003012,7.002724840797385,,0
1620,case_1620_block_60750604001039_school_569.png,6591,60750604001039,569,5982,60750402001005,4.223798008112906,,0
1621,case_1621_block_60750604001039_school_589.png,6591,60750604001039,589,1499,60750171022001,3.4431090809765363,,0
1622,case_1622_block_60750604001039_school_603.png,6591,60750604001039,603,2712,60750228031005,4.683504018181188,,0
1623,case_1623_block_60750604001039_school_638.png,6591,60750604001039,638,238,60750107002003,6.630665954185151,,0
1624,case_1624_block_60750604001039_school_644.png,6591,60750604001039,644,4319,60750302012005,2.6325509037105963,,0
1625,case_1625_block_60750604001039_school_650.png,6591,60750604001039,650,1417,60750168022001,4.796022192780857,,0
1626,case_1626_block_60750604001039_school_664.png,6591,60750604001039,664,6257,60750478012003,3.449234341402134,,0
1627,case_1627_block_60750604001039_school_670.png,6591,60750604001039,670,5647,60750332011002,0.6375438954665615,,0
1628,case_1628_block_60750604001039_school_680.png,6591,60750604001039,680,3150,60750252001002,4.622200479463409,,0
1629,case_1629_block_60750604001039_school_718.png,6591,60750604001039,718,1450,60750170001006,4.142482780887386,,0
1630,case_1630_block_60750604001039_school_722.png,6591,60750604001039,722,4625,60750307001022,2.4970952581988364,,0
1631,case_1631_block_60750604001039_school_723.png,6591,60750604001039,723,2707,60750228031000,4.834424689179962,,0
1632,case_1632_block_60750604001039_school_735.png,6591,60750604001039,735,1320,60750165003002,3.9993458824837176,,0
1633,case_1633_block_60750604001039_school_750.png,6591,60750604001039,750,5849,60750353001001,1.5507950513475373,,0
1634,case_1634_block_60750604001039_school_782.png,6591,60750604001039,782,5427,60750329011006,1.5197045965480245,,0
1635,case_1635_block_60750604001039_school_786.png,6591,60750604001039,786,1171,60750159001003,5.229867045259597,,0
1636,case_1636_block_60750604001039_school_790.png,6591,60750604001039,790,344,60750111003002,5.895976909859214,,0
1637,case_1637_block_60750604001039_school_801.png,6591,60750604001039,801,101,60750103001013,6.634069223184736,,0
1638,case_1638_block_60750604001039_school_816.png,6591,60750604001039,816,1974,60750203002001,4.287842051091559,,0
1639,case_1639_block_60750604001039_school_823.png,6591,60750604001039,823,757,60750130001002,6.101505866762567,,0
1640,case_1640_block_60750604001039_school_834.png,6591,60750604001039,834,317,60750110002005,6.156633733137054,,0
1641,case_1641_block_60750604001039_school_838.png,6591,60750604001039,838,6848,60750614001002,5.443049653902262,,0
1642,case_1642_block_60750604001039_school_848.png,6591,60750604001039,848,5996,60750402003004,4.0900302539471065,,0
1643,case_1643_block_60750604001039_school_859.png,6591,60750604001039,859,537,60750124022001,5.515212774743883,,0
1644,case_1644_block_60750604001039_school_862.png,6591,60750604001039,862,5874,60750353003005,0.7966888983603002,,0
1645,case_1645_block_60750604001039_school_872.png,6591,60750604001039,872,206,60750106002000,6.990423889095514,,0
1646,case_1646_block_60750604001039_school_876.png,6591,60750604001039,876,4672,60750308001002,1.917650651102812,,0
1647,case_1647_block_60750604001039_school_999.png,6591,60750604001039,999,6635,60750607001031,6.168548648666746,,0
1648,case_1648_block_60750607001021_school_562.png,6625,60750607001021,562,142,60750104003012,2.0432117695509344,,0
1649,case_1649_block_60750607001021_school_872.png,6625,60750607001021,872,206,60750106002000,1.7441618097100942,,0
1650,case_1650_block_60750607001032_school_420.png,6636,60750607001032,420,2297,60750212003004,2.5827019498311583,,0
1651,case_1651_block_60750607001032_school_435.png,6636,60750607001032,435,6191,60750476003004,4.430444155205011,,0
1652,case_1652_block_60750607001032_school_453.png,6636,60750607001032,453,3058,60750234002018,3.6107038272421055,,0
1653,case_1653_block_60750607001032_school_456.png,6636,60750607001032,456,2776,60750229032009,1.420707079580364,,0
1654,case_1654_block_60750607001032_school_478.png,6636,60750607001032,478,4283,60750301022010,3.477565721237624,,0
1655,case_1655_block_60750607001032_school_481.png,6636,60750607001032,481,3793,60750260031009,3.842162250030975,,0
1656,case_1656_block_60750607001032_school_488.png,6636,60750607001032,488,4863,60750309005018,4.882869590392735,,0
1657,case_1657_block_60750607001032_school_497.png,6636,60750607001032,497,2594,60750227022009,0.6270528456824978,,0
1658,case_1658_block_60750607001032_school_505.png,6636,60750607001032,505,2085,60750205002004,2.364782470628201,,0
1659,case_1659_block_60750607001032_school_507.png,6636,60750607001032,507,2868,60750230032002,2.624911992974638,,0
1660,case_1660_block_60750607001032_school_513.png,6636,60750607001032,513,3650,60750257023005,3.0011325183872297,,0
1661,case_1661_block_60750607001032_school_521.png,6636,60750607001032,521,7117,60759805011010,3.728803519209293,,0
1662,case_1662_block_60750607001032_school_539.png,6636,60750607001032,539,5505,60750330002005,5.118512220307172,,0
1663,case_1663_block_60750607001032_school_544.png,6636,60750607001032,544,5762,60750351004006,5.869684171964808,,0
1664,case_1664_block_60750607001032_school_549.png,6636,60750607001032,549,6133,60750452002000,3.7890741180365546,,0
1665,case_1665_block_60750607001032_school_575.png,6636,60750607001032,575,4995,60750311001020,3.349034691620004,,0
1666,case_1666_block_60750607001032_school_589.png,6636,60750607001032,589,1499,60750171022001,3.015853213514643,,0
1667,case_1667_block_60750607001032_school_593.png,6636,60750607001032,593,4061,60750263022007,4.622241168344138,,0
1668,case_1668_block_60750607001032_school_603.png,6636,60750607001032,603,2712,60750228031005,1.4720574828458846,,0
1669,case_1669_block_60750607001032_school_614.png,6636,60750607001032,614,3501,60750256002003,3.1235170247977577,,0
1670,case_1670_block_60750607001032_school_625.png,6636,60750607001032,625,2895,60750231022004,2.7146418345637056,,0
1671,case_1671_block_60750607001032_school_644.png,6636,60750607001032,644,4319,60750302012005,4.447118993343801,,0
1672,case_1672_block_60750607001032_school_656.png,6636,60750607001032,656,3265,60750254013000,2.6998790628665814,,0
1673,case_1673_block_60750607001032_school_664.png,6636,60750607001032,664,6257,60750478012003,5.551035093640897,,0
1674,case_1674_block_60750607001032_school_670.png,6636,60750607001032,670,5647,60750332011002,5.465893371748681,,0
1675,case_1675_block_60750607001032_school_680.png,6636,60750607001032,680,3150,60750252001002,1.7820064775422573,,0
1676,case_1676_block_60750607001032_school_691.png,6636,60750607001032,691,4093,60750263031002,4.988803138260972,,0
1677,case_1677_block_60750607001032_school_718.png,6636,60750607001032,718,1450,60750170001006,2.240793384934001,,0
1678,case_1678_block_60750607001032_school_722.png,6636,60750607001032,722,4625,60750307001022,3.655893235239893,,0
1679,case_1679_block_60750607001032_school_723.png,6636,60750607001032,723,2707,60750228031000,1.3090511271868372,,0
1680,case_1680_block_60750607001032_school_729.png,6636,60750607001032,729,3738,60750260011000,3.586266631570976,,0
1681,case_1681_block_60750607001032_school_735.png,6636,60750607001032,735,1320,60750165003002,2.9985956405591856,,0
1682,case_1682_block_60750607001032_school_746.png,6636,60750607001032,746,5155,60750313021003,5.3265737805882685,,0
1683,case_1683_block_60750607001032_school_750.png,6636,60750607001032,750,5849,60750353001001,5.742606688148982,,0
1684,case_1684_block_60750607001032_school_782.png,6636,60750607001032,782,5427,60750329011006,5.501046794823176,,0
1685,case_1685_block_60750607001032_school_816.png,6636,60750607001032,816,1974,60750203002001,1.910499595172062,,0
1686,case_1686_block_60750607001032_school_820.png,6636,60750607001032,820,5240,60750314004002,5.224911653322553,,0
1687,case_1687_block_60750607001032_school_830.png,6636,60750607001032,830,2905,60750231031006,2.475336178161485,,0
1688,case_1688_block_60750607001032_school_838.png,6636,60750607001032,838,6848,60750614001002,1.1616418770812242,,0
1689,case_1689_block_60750607001032_school_842.png,6636,60750607001032,842,5035,60750311004007,3.9431041596819423,,0
1690,case_1690_block_60750607001032_school_862.png,6636,60750607001032,862,5874,60750353003005,6.073435490011522,,0
1691,case_1691_block_60750607001032_school_867.png,6636,60750607001032,867,4141,60750264012005,4.028437159581837,,0
1692,case_1692_block_60750607001032_school_876.png,6636,60750607001032,876,4672,60750308001002,4.186589412790249,,0
1693,case_1693_block_60750607001033_school_490.png,6637,60750607001033,490,375,60750113002001,1.622302953960585,,0
1694,case_1694_block_60750607001033_school_638.png,6637,60750607001033,638,238,60750107002003,1.890869203533872,,0
1695,case_1695_block_60750607001033_school_801.png,6637,60750607001033,801,101,60750103001013,2.298063660958689,,0
1696,case_1696_block_60750607001033_school_823.png,6637,60750607001033,823,757,60750130001002,2.4196265145333693,,0
1697,case_1697_block_60750607001033_school_834.png,6637,60750607001033,834,317,60750110002005,1.943383997582463,,0
1698,case_1698_block_60750607001036_school_999.png,6638,60750607001036,999,6635,60750607001031,0.1540757697965842,,0
1699,case_1699_block_60750607001048_school_413.png,6647,60750607001048,413,6007,60750426011000,4.753613415581848,,0
1700,case_1700_block_60750607001048_school_435.png,6647,60750607001048,435,6191,60750476003004,4.376741290842909,,0
1701,case_1701_block_60750607001048_school_525.png,6647,60750607001048,525,965,60750153001002,2.59419474828265,,0
1702,case_1702_block_60750607001048_school_549.png,6647,60750607001048,549,6133,60750452002000,3.731981222943447,,0
1703,case_1703_block_60750607001048_school_569.png,6647,60750607001048,569,5982,60750402001005,3.839337100104372,,0
1704,case_1704_block_60750607001048_school_650.png,6647,60750607001048,650,1417,60750168022001,1.7472861151412962,,0
1705,case_1705_block_60750607001048_school_664.png,6647,60750607001048,664,6257,60750478012003,5.497875162393985,,0
1706,case_1706_block_60750607001048_school_735.png,6647,60750607001048,735,1320,60750165003002,2.9458294753546435,,0
1707,case_1707_block_60750607001048_school_786.png,6647,60750607001048,786,1171,60750159001003,1.963137697850012,,0
1708,case_1708_block_60750607001048_school_790.png,6647,60750607001048,790,344,60750111003002,1.7556708912846375,,0
1709,case_1709_block_60750607001048_school_848.png,6647,60750607001048,848,5996,60750402003004,4.178265496146288,,0
1710,case_1710_block_60750607001048_school_859.png,6647,60750607001048,859,537,60750124022001,1.4472861799255572,,0
1711,case_1711_block_60750610001026_school_593.png,6728,60750610001026,593,4061,60750263022007,2.0767034395788104,,0
1712,case_1712_block_60750610001026_school_691.png,6728,60750610001026,691,4093,60750263031002,2.7663574235449446,,0
1713,case_1713_block_60750610001026_school_867.png,6728,60750610001026,867,4141,60750264012005,0.7541359834069141,,0
1714,case_1714_block_60750615003007_school_453.png,6978,60750615003007,453,3058,60750234002018,5.030435045834947,,0
1715,case_1715_block_60750615003007_school_625.png,6978,60750615003007,625,2895,60750231022004,4.0805242183785095,,0
1716,case_1716_block_60750615003007_school_830.png,6978,60750615003007,830,2905,60750231031006,3.793705978389793,,0
1717,case_1717_block_60759803001010_school_435.png,7044,60759803001010,435,6191,60750476003004,0.2363884002303648,,0
1718,case_1718_block_60759803001042_school_549.png,7075,60759803001042,549,6133,60750452002000,0.3311096705993817,,0
1719,case_1719_block_60759803001042_school_569.png,7075,60759803001042,569,5982,60750402001005,0.8396707688164012,,0
1720,case_1720_block_60759803001042_school_848.png,7075,60759803001042,848,5996,60750402003004,0.8568404506718064,,0
1721,case_1721_block_60759803001054_school_420.png,7087,60759803001054,420,2297,60750212003004,2.278038284027819,,0
1722,case_1722_block_60759803001054_school_435.png,7087,60759803001054,435,6191,60750476003004,0.4763073549429422,,0
1723,case_1723_block_60759803001054_school_453.png,7087,60759803001054,453,3058,60750234002018,5.8786436871090535,,0
1724,case_1724_block_60759803001054_school_456.png,7087,60759803001054,456,2776,60750229032009,4.026436134007943,,0
1725,case_1725_block_60759803001054_school_478.png,7087,60759803001054,478,4283,60750301022010,1.4486642197623476,,0
1726,case_1726_block_60759803001054_school_490.png,7087,60759803001054,490,375,60750113002001,4.018399141582583,,0
1727,case_1727_block_60759803001054_school_497.png,7087,60759803001054,497,2594,60750227022009,4.358221813204177,,0
1728,case_1728_block_60759803001054_school_505.png,7087,60759803001054,505,2085,60750205002004,2.227783807474372,,0
1729,case_1729_block_60759803001054_school_507.png,7087,60759803001054,507,2868,60750230032002,5.118906857148325,,0
1730,case_1730_block_60759803001054_school_513.png,7087,60759803001054,513,3650,60750257023005,4.68245882952192,,0
1731,case_1731_block_60759803001054_school_521.png,7087,60759803001054,521,7117,60759805011010,5.0187681982849615,,0
1732,case_1732_block_60759803001054_school_525.png,7087,60759803001054,525,965,60750153001002,2.3314211608717086,,0
1733,case_1733_block_60759803001054_school_549.png,7087,60759803001054,549,6133,60750452002000,0.7655098398856764,,0
1734,case_1734_block_60759803001054_school_562.png,7087,60759803001054,562,142,60750104003012,4.360150938463721,,0
1735,case_1735_block_60759803001054_school_569.png,7087,60759803001054,569,5982,60750402001005,1.1662137069335037,,0
1736,case_1736_block_60759803001054_school_575.png,7087,60759803001054,575,4995,60750311001020,3.2788341675716395,,0
1737,case_1737_block_60759803001054_school_589.png,7087,60759803001054,589,1499,60750171022001,1.4015154294402363,,0
1738,case_1738_block_60759803001054_school_603.png,7087,60759803001054,603,2712,60750228031005,3.4243600049379173,,0
1739,case_1739_block_60759803001054_school_614.png,7087,60759803001054,614,3501,60750256002003,4.1580680190129575,,0
1740,case_1740_block_60759803001054_school_625.png,7087,60759803001054,625,2895,60750231022004,5.582993543583268,,0
1741,case_1741_block_60759803001054_school_638.png,7087,60759803001054,638,238,60750107002003,4.014249271648953,,0
1742,case_1742_block_60759803001054_school_650.png,7087,60759803001054,650,1417,60750168022001,2.572823269579785,,0
1743,case_1743_block_60759803001054_school_656.png,7087,60759803001054,656,3265,60750254013000,3.6193093722191474,,0
1744,case_1744_block_60759803001054_school_680.png,7087,60759803001054,680,3150,60750252001002,3.711372126786933,,0
1745,case_1745_block_60759803001054_school_718.png,7087,60759803001054,718,1450,60750170001006,2.1084631030952963,,0
1746,case_1746_block_60759803001054_school_723.png,7087,60759803001054,723,2707,60750228031000,3.49984780450016,,0
1747,case_1747_block_60759803001054_school_735.png,7087,60759803001054,735,1320,60750165003002,1.393039758751706,,0
1748,case_1748_block_60759803001054_school_786.png,7087,60759803001054,786,1171,60750159001003,2.688571579048343,,0
1749,case_1749_block_60759803001054_school_790.png,7087,60759803001054,790,344,60750111003002,3.3398436207882685,,0
1750,case_1750_block_60759803001054_school_801.png,7087,60759803001054,801,101,60750103001013,3.8949220281407855,,0
1751,case_1751_block_60759803001054_school_816.png,7087,60759803001054,816,1974,60750203002001,2.4996819523394067,,0
1752,case_1752_block_60759803001054_school_823.png,7087,60759803001054,823,757,60750130001002,3.319426947101673,,0
1753,case_1753_block_60759803001054_school_830.png,7087,60759803001054,830,2905,60750231031006,5.601130768732687,,0
1754,case_1754_block_60759803001054_school_834.png,7087,60759803001054,834,317,60750110002005,3.520973925143009,,0
1755,case_1755_block_60759803001054_school_838.png,7087,60759803001054,838,6848,60750614001002,4.289307422171269,,0
1756,case_1756_block_60759803001054_school_848.png,7087,60759803001054,848,5996,60750402003004,1.0290758318404385,,0
1757,case_1757_block_60759803001054_school_859.png,7087,60759803001054,859,537,60750124022001,3.145930620925116,,0
1758,case_1758_block_60759803001054_school_867.png,7087,60759803001054,867,4141,60750264012005,5.2914453293827854,,0
1759,case_1759_block_60759803001054_school_872.png,7087,60759803001054,872,206,60750106002000,4.441328854619777,,0
1760,case_1760_block_60759803001054_school_999.png,7087,60759803001054,999,6635,60750607001031,4.380480024643315,,0
1761,case_1761_block_60759803001065_school_413.png,7098,60759803001065,413,6007,60750426011000,0.9827320720524664,,0
1762,case_1762_block_60759803001065_school_435.png,7098,60759803001065,435,6191,60750476003004,0.540475453236077,,0
1763,case_1763_block_60759803001065_school_848.png,7098,60759803001065,848,5996,60750402003004,1.1438141375770357,,0
1764,case_1764_block_60759803001073_school_481.png,7106,60759803001073,481,3793,60750260031009,4.185722680255858,,0
1765,case_1765_block_60759803001073_school_488.png,7106,60759803001073,488,4863,60750309005018,2.598295471282781,,0
1766,case_1766_block_60759803001073_school_539.png,7106,60759803001073,539,5505,60750330002005,2.008196003562556,,0
1767,case_1767_block_60759803001073_school_544.png,7106,60759803001073,544,5762,60750351004006,1.6361437390875124,,0
1768,case_1768_block_60759803001073_school_593.png,7106,60759803001073,593,4061,60750263022007,4.6290100917097865,,0
1769,case_1769_block_60759803001073_school_644.png,7106,60759803001073,644,4319,60750302012005,0.4185073064822041,,0
1770,case_1770_block_60759803001073_school_664.png,7106,60759803001073,664,6257,60750478012003,1.2971643267593511,,0
1771,case_1771_block_60759803001073_school_670.png,7106,60759803001073,670,5647,60750332011002,2.724186186129547,,0
1772,case_1772_block_60759803001073_school_691.png,7106,60759803001073,691,4093,60750263031002,4.337822266717444,,0
1773,case_1773_block_60759803001073_school_722.png,7106,60759803001073,722,4625,60750307001022,2.503581052907265,,0
1774,case_1774_block_60759803001073_school_729.png,7106,60759803001073,729,3738,60750260011000,3.8585046879600977,,0
1775,case_1775_block_60759803001073_school_746.png,7106,60759803001073,746,5155,60750313021003,3.6006654598451284,,0
1776,case_1776_block_60759803001073_school_750.png,7106,60759803001073,750,5849,60750353001001,1.8140101469556176,,0
1777,case_1777_block_60759803001073_school_782.png,7106,60759803001073,782,5427,60750329011006,1.6667004924654043,,0
1778,case_1778_block_60759803001073_school_820.png,7106,60759803001073,820,5240,60750314004002,3.82816800903364,,0
1779,case_1779_block_60759803001073_school_842.png,7106,60759803001073,842,5035,60750311004007,3.0518176861662867,,0
1780,case_1780_block_60759803001073_school_862.png,7106,60759803001073,862,5874,60750353003005,2.517633334703994,,0
1781,case_1781_block_60759803001073_school_876.png,7106,60759803001073,876,4672,60750308001002,1.878394286556905,,0
1782,case_1782_block_60759805011007_school_593.png,7114,60759805011007,593,4061,60750263022007,0.7649046397577038,,0
1783,case_1783_block_60759806001048_school_413.png,7167,60759806001048,413,6007,60750426011000,7.254245106749773,,0
1784,case_1784_block_60759806001048_school_420.png,7167,60759806001048,420,2297,60750212003004,4.119837210567075,,0
1785,case_1785_block_60759806001048_school_435.png,7167,60759806001048,435,6191,60750476003004,6.704745064221606,,0
1786,case_1786_block_60759806001048_school_456.png,7167,60759806001048,456,2776,60750229032009,2.5694979911095643,,0
1787,case_1787_block_60759806001048_school_478.png,7167,60759806001048,478,4283,60750301022010,5.012784351327082,,0
1788,case_1788_block_60759806001048_school_490.png,7167,60759806001048,490,375,60750113002001,5.2883529472376924,,0
1789,case_1789_block_60759806001048_school_497.png,7167,60759806001048,497,2594,60750227022009,2.869816495494641,,0
1790,case_1790_block_60759806001048_school_505.png,7167,60759806001048,505,2085,60750205002004,4.225297979363334,,0
1791,case_1791_block_60759806001048_school_507.png,7167,60759806001048,507,2868,60750230032002,1.278678219226533,,0
1792,case_1792_block_60759806001048_school_513.png,7167,60759806001048,513,3650,60750257023005,1.8886543677959824,,0
1793,case_1793_block_60759806001048_school_525.png,7167,60759806001048,525,965,60750153001002,5.7419433376442175,,0
1794,case_1794_block_60759806001048_school_539.png,7167,60759806001048,539,5505,60750330002005,6.027511038186801,,0
1795,case_1795_block_60759806001048_school_544.png,7167,60759806001048,544,5762,60750351004006,7.433296390225236,,0
1796,case_1796_block_60759806001048_school_549.png,7167,60759806001048,549,6133,60750452002000,6.190853643259373,,0
1797,case_1797_block_60759806001048_school_562.png,7167,60759806001048,562,142,60750104003012,5.756374177943151,,0
1798,case_1798_block_60759806001048_school_569.png,7167,60759806001048,569,5982,60750402001005,6.53807678342312,,0
1799,case_1799_block_60759806001048_school_575.png,7167,60759806001048,575,4995,60750311001020,3.4830588319036253,,0
1800,case_1800_block_60759806001048_school_589.png,7167,60759806001048,589,1499,60750171022001,5.048672645627946,,0
1801,case_1801_block_60759806001048_school_603.png,7167,60759806001048,603,2712,60750228031005,3.157380413144277,,0
1802,case_1802_block_60759806001048_school_614.png,7167,60759806001048,614,3501,60750256002003,2.5150067154942577,,0
1803,case_1803_block_60759806001048_school_625.png,7167,60759806001048,625,2895,60750231022004,0.8387582565163425,,0
1804,case_1804_block_60759806001048_school_638.png,7167,60759806001048,638,238,60750107002003,5.555135081247663,,0
1805,case_1805_block_60759806001048_school_644.png,7167,60759806001048,644,4319,60750302012005,6.270965392644096,,0
1806,case_1806_block_60759806001048_school_650.png,7167,60759806001048,650,1417,60750168022001,4.613195189710396,,0
1807,case_1807_block_60759806001048_school_656.png,7167,60759806001048,656,3265,60750254013000,2.857941935280881,,0
1808,case_1808_block_60759806001048_school_664.png,7167,60759806001048,664,6257,60750478012003,7.701229356642716,,0
1809,case_1809_block_60759806001048_school_680.png,7167,60759806001048,680,3150,60750252001002,2.7382286412150583,,0
1810,case_1810_block_60759806001048_school_718.png,7167,60759806001048,718,1450,60750170001006,4.588297374604275,,0
1811,case_1811_block_60759806001048_school_722.png,7167,60759806001048,722,4625,60750307001022,4.317624429994333,,0
1812,case_1812_block_60759806001048_school_723.png,7167,60759806001048,723,2707,60750228031000,3.164233892603028,,0
1813,case_1813_block_60759806001048_school_735.png,7167,60759806001048,735,1320,60750165003002,5.476243872297341,,0
1814,case_1814_block_60759806001048_school_750.png,7167,60759806001048,750,5849,60750353001001,7.018853441659053,,0
1815,case_1815_block_60759806001048_school_782.png,7167,60759806001048,782,5427,60750329011006,6.771309316114873,,0
1816,case_1816_block_60759806001048_school_786.png,7167,60759806001048,786,1171,60750159001003,5.1648127985657375,,0
1817,case_1817_block_60759806001048_school_790.png,7167,60759806001048,790,344,60750111003002,5.234777347740203,,0
1818,case_1818_block_60759806001048_school_801.png,7167,60759806001048,801,101,60750103001013,5.936604728745671,,0
1819,case_1819_block_60759806001048_school_816.png,7167,60759806001048,816,1974,60750203002001,4.163598038573511,,0
1820,case_1820_block_60759806001048_school_823.png,7167,60759806001048,823,757,60750130001002,5.913140476570407,,0
1821,case_1821_block_60759806001048_school_830.png,7167,60759806001048,830,2905,60750231031006,0.9746222652105226,,0
1822,case_1822_block_60759806001048_school_834.png,7167,60759806001048,834,317,60750110002005,5.49050907315931,,0
1823,case_1823_block_60759806001048_school_838.png,7167,60759806001048,838,6848,60750614001002,2.504973778050973,,0
1824,case_1824_block_60759806001048_school_842.png,7167,60759806001048,842,5035,60750311004007,4.1045052019006425,,0
1825,case_1825_block_60759806001048_school_848.png,7167,60759806001048,848,5996,60750402003004,6.797961703448925,,0
1826,case_1826_block_60759806001048_school_859.png,7167,60759806001048,859,537,60750124022001,4.78212362081405,,0
1827,case_1827_block_60759806001048_school_862.png,7167,60759806001048,862,5874,60750353003005,6.942840266255118,,0
1828,case_1828_block_60759806001048_school_872.png,7167,60759806001048,872,206,60750106002000,5.470223078430664,,0
1829,case_1829_block_60759806001048_school_876.png,7167,60759806001048,876,4672,60750308001002,5.163892586415828,,0
1830,case_1830_block_60759806001048_school_999.png,7167,60759806001048,999,6635,60750607001031,3.509063978285795,,0
1831,case_1831_block_60759809001037_school_453.png,7217,60759809001037,453,3058,60750234002018,2.067472122119057,,0
1832,case_1832_block_60759809001037_school_625.png,7217,60759809001037,625,2895,60750231022004,1.1291802786182483,,0
1833,case_1833_block_60759809001037_school_830.png,7217,60759809001037,830,2905,60750231031006,0.8850306338926182,,0
1834,case_1834_block_60759809001060_school_413.png,7238,60759809001060,413,6007,60750426011000,4.960100782565758,,0
1835,case_1835_block_60759809001060_school_435.png,7238,60759809001060,435,6191,60750476003004,4.437457031331436,,0
1836,case_1836_block_60759809001060_school_456.png,7238,60759809001060,456,2776,60750229032009,0.2364344719705626,,0
1837,case_1837_block_60759809001060_school_505.png,7238,60759809001060,505,2085,60750205002004,1.9545471462338528,,0
1838,case_1838_block_60759809001060_school_525.png,7238,60759809001060,525,965,60750153001002,3.409742175659333,,0
1839,case_1839_block_60759809001060_school_549.png,7238,60759809001060,549,6133,60750452002000,3.8847281538274574,,0
1840,case_1840_block_60759809001060_school_569.png,7238,60759809001060,569,5982,60750402001005,4.202506877973476,,0
1841,case_1841_block_60759809001060_school_589.png,7238,60759809001060,589,1499,60750171022001,2.787806400032201,,0
1842,case_1842_block_60759809001060_school_603.png,7238,60759809001060,603,2712,60750228031005,0.8086691652020231,,0
1843,case_1843_block_60759809001060_school_650.png,7238,60759809001060,650,1417,60750168022001,2.2735203789393084,,0
1844,case_1844_block_60759809001060_school_664.png,7238,60759809001060,664,6257,60750478012003,5.487977605566712,,0
1845,case_1845_block_60759809001060_school_718.png,7238,60759809001060,718,1450,60750170001006,2.249264883162845,,0
1846,case_1846_block_60759809001060_school_723.png,7238,60759809001060,723,2707,60750228031000,0.815975147618994,,0
1847,case_1847_block_60759809001060_school_735.png,7238,60759809001060,735,1320,60750165003002,3.143505957023677,,0
1848,case_1848_block_60759809001060_school_786.png,7238,60759809001060,786,1171,60750159001003,2.8589661100850767,,0
1849,case_1849_block_60759809001060_school_790.png,7238,60759809001060,790,344,60750111003002,3.039795485874302,,0
1850,case_1850_block_60759809001060_school_801.png,7238,60759809001060,801,101,60750103001013,3.834051098750867,,0
1851,case_1851_block_60759809001060_school_816.png,7238,60759809001060,816,1974,60750203002001,1.820056952237568,,0
1852,case_1852_block_60759809001060_school_823.png,7238,60759809001060,823,757,60750130001002,3.698259193089744,,0
1853,case_1853_block_60759809001060_school_834.png,7238,60759809001060,834,317,60750110002005,3.3289007944083795,,0
1854,case_1854_block_60759809001060_school_848.png,7238,60759809001060,848,5996,60750402003004,4.476104851924248,,0
1855,case_1855_block_60759809001060_school_859.png,7238,60759809001060,859,537,60750124022001,2.540189075122182,,0
