{
"type": "FeatureCollection",
"name": "sf_blockgroups",
"crs": { "type": "name", "properties": { "name": "urn:ogc:def:crs:OGC:1.3:CRS84" } },
"features": [
{ "type": "Feature", "properties": { "BlockGroup": 60750101001 }, "geometry": { "type": "Polygon", "coordinates": [ [ [ -122.418782, 37.806241 ], [ -122.418908, 37.806863 ], [ -122.419086, 37.807803 ], [ -122.41921, 37.808388 ], [ -122.419224, 37.808453 ], [ -122.419104, 37.808468 ], [ -122.419122, 37.808545 ], [ -122.418981, 37.808562 ], [ -122.418966, 37.808484 ], [ -122.417886, 37.808615 ], [ -122.41792, 37.808808 ], [ -122.418046, 37.808841 ], [ -122.418069, 37.808841 ], [ -122.418895, 37.808836 ], [ -122.418894, 37.80876 ], [ -122.418932, 37.808758 ], [ -122.418935, 37.808881 ], [ -122.419948, 37.808902 ], [ -122.419942, 37.809021 ], [ -122.419938, 37.809126 ], [ -122.419083, 37.809091 ], [ -122.419077, 37.809157 ], [ -122.418887, 37.809084 ], [ -122.418359, 37.809069 ], [ -122.418314, 37.809145 ], [ -122.41897, 37.809397 ], [ -122.418931, 37.809449 ], [ -122.417897, 37.809029 ], [ -122.41794, 37.80894 ], [ -122.417947, 37.80887 ], [ -122.417987, 37.808869 ], [ -122.417986, 37.808841 ], [ -122.417924, 37.808828 ], [ -122.417844, 37.80883 ], [ -122.417811, 37.808647 ], [ -122.417726, 37.808646 ], [ -122.417731, 37.808593 ], [ -122.417625, 37.808592 ], [ -122.417602, 37.808579 ], [ -122.417557, 37.808581 ], [ -122.417489, 37.808584 ], [ -122.417485, 37.808421 ], [ -122.417525, 37.808416 ], [ -122.417587, 37.808408 ], [ -122.417577, 37.808385 ], [ -122.417669, 37.808376 ], [ -122.417654, 37.808292 ], [ -122.417504, 37.80831 ], [ -122.417376, 37.808325 ], [ -122.417345, 37.808141 ], [ -122.416346, 37.80826 ], [ -122.416355, 37.808329 ], [ -122.416305, 37.808335 ], [ -122.416339, 37.808476 ], [ -122.417185, 37.808497 ], [ -122.417182, 37.808533 ], [ -122.416327, 37.808506 ], [ -122.416282, 37.808488 ], [ -122.41615, 37.808503 ], [ -122.416144, 37.80854 ], [ -122.416207, 37.808544 ], [ -122.416187, 37.808854 ], [ -122.417428, 37.808927 ], [ -122.417413, 37.809166 ], [ -122.418169, 37.809664 ], [ -122.419291, 37.810403 ], [ -122.419315, 37.810381 ], [ -122.419834, 37.810735 ], [ -122.419808, 37.810754 ], [ -122.420595, 37.811267 ], [ -122.420353, 37.81151 ], [ -122.420002, 37.811281 ], [ -122.419846, 37.81132 ], [ -122.419952, 37.811563 ], [ -122.419916, 37.811574 ], [ -122.419724, 37.811135 ], [ -122.419577, 37.811066 ], [ -122.419215, 37.810894 ], [ -122.419186, 37.810925 ], [ -122.419098, 37.810915 ], [ -122.418988, 37.810835 ], [ -122.418936, 37.810883 ], [ -122.419125, 37.811023 ], [ -122.419049, 37.811094 ], [ -122.419466, 37.811382 ], [ -122.419351, 37.811487 ], [ -122.418846, 37.811473 ], [ -122.416831, 37.810133 ], [ -122.415352, 37.809161 ], [ -122.415191, 37.809159 ], [ -122.415204, 37.809192 ], [ -122.415152, 37.809231 ], [ -122.415172, 37.809244 ], [ -122.415195, 37.809228 ], [ -122.415413, 37.809363 ], [ -122.41537, 37.809407 ], [ -122.415142, 37.809265 ], [ -122.41503, 37.80919 ], [ -122.414902, 37.809236 ], [ -122.414985, 37.809287 ], [ -122.414969, 37.809304 ], [ -122.414994, 37.809318 ], [ -122.415011, 37.809299 ], [ -122.415227, 37.809434 ], [ -122.415174, 37.809487 ], [ -122.414958, 37.809354 ], [ -122.414977, 37.809335 ], [ -122.414846, 37.809257 ], [ -122.41478, 37.809281 ], [ -122.414775, 37.809372 ], [ -122.415341, 37.809755 ], [ -122.415289, 37.809838 ], [ -122.414563, 37.809564 ], [ -122.414024, 37.809471 ], [ -122.41342, 37.809236 ], [ -122.413374, 37.809318 ], [ -122.413488, 37.809411 ], [ -122.413626, 37.809496 ], [ -122.414282, 37.809946 ], [ -122.414201, 37.810022 ], [ -122.414027, 37.810139 ], [ -122.41378, 37.809907 ], [ -122.413857, 37.809846 ], [ -122.412617, 37.809079 ], [ -122.412498, 37.809066 ], [ -122.412398, 37.809121 ], [ -122.412391, 37.809157 ], [ -122.412435, 37.809211 ], [ -122.412456, 37.809198 ], [ -122.412641, 37.809386 ], [ -122.412575, 37.809427 ], [ -122.412389, 37.80924 ], [ -122.412413, 37.809225 ], [ -122.412364, 37.809176 ], [ -122.412332, 37.80918 ], [ -122.412302, 37.809171 ], [ -122.412098, 37.809283 ], [ -122.412089, 37.809322 ], [ -122.412133, 37.809374 ], [ -122.412156, 37.80936 ], [ -122.412328, 37.809555 ], [ -122.412253, 37.809597 ], [ -122.412087, 37.809403 ], [ -122.412111, 37.809388 ], [ -122.412063, 37.809339 ], [ -122.412029, 37.809343 ], [ -122.412004, 37.809328 ], [ -122.411895, 37.809389 ], [ -122.412862, 37.810522 ], [ -122.412718, 37.810599 ], [ -122.412705, 37.810584 ], [ -122.41151, 37.811238 ], [ -122.411489, 37.811219 ], [ -122.412687, 37.810562 ], [ -122.411453, 37.809105 ], [ -122.411424, 37.809119 ], [ -122.411249, 37.80892 ], [ -122.41116, 37.808907 ], [ -122.411086, 37.808907 ], [ -122.411283, 37.809135 ], [ -122.411256, 37.809149 ], [ -122.411031, 37.80889 ], [ -122.411025, 37.808915 ], [ -122.410951, 37.808905 ], [ -122.410954, 37.80888 ], [ -122.410737, 37.808846 ], [ -122.410731, 37.808873 ], [ -122.410649, 37.808862 ], [ -122.410652, 37.808835 ], [ -122.410546, 37.808819 ], [ -122.410442, 37.809325 ], [ -122.41041, 37.80929 ], [ -122.410499, 37.808812 ], [ -122.410473, 37.808804 ], [ -122.410384, 37.809281 ], [ -122.410627, 37.80971 ], [ -122.410705, 37.809681 ], [ -122.410633, 37.809555 ], [ -122.410656, 37.809546 ], [ -122.410729, 37.809671 ], [ -122.410756, 37.809661 ], [ -122.410704, 37.809566 ], [ -122.410736, 37.809556 ], [ -122.410791, 37.809649 ], [ -122.410823, 37.809638 ], [ -122.410769, 37.809542 ], [ -122.410805, 37.809529 ], [ -122.410858, 37.809625 ], [ -122.410888, 37.809614 ], [ -122.410835, 37.809517 ], [ -122.410867, 37.809504 ], [ -122.410923, 37.809602 ], [ -122.410951, 37.809592 ], [ -122.410898, 37.809494 ], [ -122.41093, 37.809481 ], [ -122.410986, 37.80958 ], [ -122.411025, 37.809566 ], [ -122.410969, 37.809467 ], [ -122.411, 37.809454 ], [ -122.41106, 37.809554 ], [ -122.411089, 37.809543 ], [ -122.411032, 37.809443 ], [ -122.411057, 37.809433 ], [ -122.411195, 37.809675 ], [ -122.411167, 37.809686 ], [ -122.411102, 37.809565 ], [ -122.411055, 37.809582 ], [ -122.411125, 37.809701 ], [ -122.41109, 37.809714 ], [ -122.411021, 37.809594 ], [ -122.410983, 37.809608 ], [ -122.411051, 37.809729 ], [ -122.411016, 37.809741 ], [ -122.410947, 37.809621 ], [ -122.410913, 37.809633 ], [ -122.410981, 37.809755 ], [ -122.410947, 37.809767 ], [ -122.410878, 37.809645 ], [ -122.41084, 37.809659 ], [ -122.410911, 37.809781 ], [ -122.410875, 37.809794 ], [ -122.410805, 37.809672 ], [ -122.410769, 37.809684 ], [ -122.41084, 37.809807 ], [ -122.410807, 37.80982 ], [ -122.410735, 37.809697 ], [ -122.410639, 37.809731 ], [ -122.410894, 37.81018 ], [ -122.410972, 37.810153 ], [ -122.410901, 37.81003 ], [ -122.410927, 37.810022 ], [ -122.410998, 37.810145 ], [ -122.41104, 37.81013 ], [ -122.410969, 37.810006 ], [ -122.411, 37.809994 ], [ -122.411074, 37.810117 ], [ -122.411112, 37.810103 ], [ -122.411042, 37.80998 ], [ -122.411075, 37.809968 ], [ -122.411147, 37.810091 ], [ -122.41119, 37.810075 ], [ -122.41112, 37.809952 ], [ -122.41115, 37.80994 ], [ -122.411224, 37.810063 ], [ -122.411257, 37.810051 ], [ -122.411187, 37.809927 ], [ -122.411218, 37.809916 ], [ -122.411292, 37.810039 ], [ -122.411333, 37.810024 ], [ -122.411263, 37.809899 ], [ -122.411295, 37.80989 ], [ -122.411367, 37.810011 ], [ -122.4114, 37.809999 ], [ -122.411329, 37.809876 ], [ -122.411361, 37.809864 ], [ -122.411435, 37.809987 ], [ -122.411472, 37.809974 ], [ -122.411403, 37.809849 ], [ -122.411432, 37.809839 ], [ -122.411506, 37.809961 ], [ -122.411548, 37.809946 ], [ -122.411476, 37.809823 ], [ -122.411508, 37.809812 ], [ -122.411582, 37.809934 ], [ -122.411619, 37.809921 ], [ -122.411549, 37.809797 ], [ -122.411579, 37.809785 ], [ -122.411653, 37.809908 ], [ -122.411691, 37.809895 ], [ -122.411619, 37.809771 ], [ -122.411651, 37.809759 ], [ -122.411725, 37.809882 ], [ -122.411759, 37.80987 ], [ -122.411687, 37.809746 ], [ -122.411712, 37.809738 ], [ -122.411881, 37.810027 ], [ -122.411855, 37.810035 ], [ -122.411769, 37.809888 ], [ -122.411725, 37.809904 ], [ -122.411809, 37.810052 ], [ -122.411779, 37.810063 ], [ -122.41169, 37.809916 ], [ -122.41165, 37.809931 ], [ -122.411734, 37.810079 ], [ -122.411703, 37.81009 ], [ -122.411615, 37.809944 ], [ -122.411568, 37.80996 ], [ -122.411651, 37.810109 ], [ -122.411622, 37.810121 ], [ -122.411534, 37.809973 ], [ -122.411491, 37.809988 ], [ -122.411573, 37.810137 ], [ -122.411544, 37.810149 ], [ -122.411456, 37.810001 ], [ -122.411414, 37.810016 ], [ -122.411498, 37.810166 ], [ -122.411469, 37.810175 ], [ -122.411379, 37.810029 ], [ -122.411333, 37.810046 ], [ -122.411416, 37.810195 ], [ -122.411386, 37.810205 ], [ -122.411298, 37.810058 ], [ -122.411254, 37.810074 ], [ -122.411337, 37.810222 ], [ -122.411307, 37.810234 ], [ -122.411219, 37.810087 ], [ -122.411181, 37.8101 ], [ -122.411266, 37.81025 ], [ -122.411235, 37.81026 ], [ -122.411146, 37.810113 ], [ -122.411108, 37.810127 ], [ -122.411192, 37.810275 ], [ -122.411164, 37.810286 ], [ -122.411073, 37.810139 ], [ -122.411022, 37.810157 ], [ -122.411107, 37.810306 ], [ -122.411077, 37.810317 ], [ -122.41099, 37.810173 ], [ -122.410906, 37.810203 ], [ -122.411211, 37.810742 ], [ -122.411301, 37.81071 ], [ -122.411215, 37.810558 ], [ -122.411241, 37.810549 ], [ -122.411325, 37.810698 ], [ -122.411367, 37.810683 ], [ -122.411281, 37.810534 ], [ -122.411316, 37.810523 ], [ -122.411404, 37.810675 ], [ -122.411524, 37.810632 ], [ -122.411436, 37.81048 ], [ -122.411472, 37.810467 ], [ -122.411556, 37.810616 ], [ -122.411677, 37.810573 ], [ -122.411592, 37.810424 ], [ -122.411627, 37.810412 ], [ -122.411711, 37.810561 ], [ -122.411739, 37.810551 ], [ -122.411674, 37.810395 ], [ -122.411702, 37.810386 ], [ -122.411765, 37.810542 ], [ -122.41182, 37.810523 ], [ -122.411753, 37.810367 ], [ -122.41178, 37.810358 ], [ -122.411847, 37.810513 ], [ -122.411916, 37.810488 ], [ -122.411827, 37.810341 ], [ -122.411856, 37.810331 ], [ -122.411935, 37.810469 ], [ -122.411922, 37.810305 ], [ -122.411951, 37.810303 ], [ -122.411967, 37.81047 ], [ -122.412072, 37.810433 ], [ -122.411985, 37.810286 ], [ -122.412011, 37.810275 ], [ -122.412116, 37.810455 ], [ -122.412084, 37.810453 ], [ -122.411223, 37.810762 ], [ -122.411323, 37.81094 ], [ -122.411245, 37.811117 ], [ -122.41095, 37.811221 ], [ -122.410929, 37.811279 ], [ -122.410682, 37.811367 ], [ -122.410614, 37.811353 ], [ -122.410165, 37.811508 ], [ -122.408512, 37.811284 ], [ -122.407569, 37.808802 ], [ -122.407596, 37.808797 ], [ -122.408535, 37.811269 ], [ -122.410153, 37.811487 ], [ -122.410406, 37.811399 ], [ -122.410394, 37.811377 ], [ -122.410336, 37.811367 ], [ -122.410199, 37.811328 ], [ -122.410034, 37.811397 ], [ -122.410029, 37.811424 ], [ -122.408569, 37.811218 ], [ -122.408604, 37.811065 ], [ -122.408631, 37.81107 ], [ -122.408601, 37.811203 ], [ -122.40864, 37.811208 ], [ -122.408671, 37.811074 ], [ -122.40871, 37.81108 ], [ -122.408681, 37.811214 ], [ -122.408723, 37.81122 ], [ -122.408754, 37.811087 ], [ -122.408791, 37.811091 ], [ -122.408763, 37.811226 ], [ -122.408803, 37.811231 ], [ -122.408833, 37.811097 ], [ -122.408874, 37.811104 ], [ -122.408843, 37.811237 ], [ -122.408881, 37.811242 ], [ -122.408912, 37.811109 ], [ -122.408948, 37.811114 ], [ -122.408922, 37.811248 ], [ -122.408965, 37.811254 ], [ -122.408996, 37.81112 ], [ -122.409034, 37.811126 ], [ -122.409006, 37.81126 ], [ -122.409042, 37.811265 ], [ -122.409074, 37.811131 ], [ -122.409111, 37.811137 ], [ -122.409083, 37.811271 ], [ -122.409126, 37.811277 ], [ -122.409158, 37.811143 ], [ -122.409194, 37.811148 ], [ -122.409166, 37.811282 ], [ -122.409211, 37.811289 ], [ -122.409243, 37.811156 ], [ -122.409279, 37.81116 ], [ -122.409252, 37.811294 ], [ -122.40928, 37.811298 ], [ -122.409311, 37.811165 ], [ -122.409352, 37.81117 ], [ -122.40932, 37.811304 ], [ -122.409365, 37.81131 ], [ -122.409394, 37.811176 ], [ -122.409433, 37.811182 ], [ -122.409406, 37.811316 ], [ -122.409441, 37.811321 ], [ -122.409473, 37.811188 ], [ -122.409509, 37.811193 ], [ -122.409481, 37.811327 ], [ -122.409527, 37.811333 ], [ -122.409558, 37.8112 ], [ -122.409596, 37.811205 ], [ -122.409568, 37.811339 ], [ -122.409607, 37.811345 ], [ -122.409638, 37.811211 ], [ -122.409676, 37.811216 ], [ -122.409647, 37.81135 ], [ -122.409688, 37.811356 ], [ -122.409722, 37.811223 ], [ -122.409758, 37.811228 ], [ -122.409729, 37.811362 ], [ -122.409767, 37.811367 ], [ -122.409799, 37.811234 ], [ -122.409835, 37.811239 ], [ -122.409807, 37.811373 ], [ -122.409849, 37.811379 ], [ -122.409879, 37.811246 ], [ -122.409919, 37.81125 ], [ -122.40989, 37.811385 ], [ -122.409934, 37.811391 ], [ -122.409967, 37.811258 ], [ -122.41, 37.811259 ], [ -122.410052, 37.811355 ], [ -122.410079, 37.811347 ], [ -122.410032, 37.811244 ], [ -122.41006, 37.811237 ], [ -122.410107, 37.811336 ], [ -122.410181, 37.811307 ], [ -122.410002, 37.811 ], [ -122.410015, 37.810934 ], [ -122.410036, 37.810916 ], [ -122.410046, 37.810869 ], [ -122.409957, 37.810857 ], [ -122.409928, 37.81099 ], [ -122.4099, 37.810987 ], [ -122.409928, 37.810864 ], [ -122.409887, 37.810858 ], [ -122.409858, 37.81098 ], [ -122.409828, 37.810976 ], [ -122.409852, 37.810842 ], [ -122.409806, 37.810835 ], [ -122.409777, 37.810969 ], [ -122.409743, 37.810964 ], [ -122.409769, 37.81083 ], [ -122.409725, 37.810824 ], [ -122.409694, 37.810959 ], [ -122.409661, 37.810953 ], [ -122.409687, 37.810819 ], [ -122.409646, 37.810813 ], [ -122.409618, 37.810947 ], [ -122.409582, 37.810943 ], [ -122.409608, 37.810808 ], [ -122.409564, 37.810802 ], [ -122.409536, 37.810936 ], [ -122.409503, 37.810931 ], [ -122.409526, 37.810797 ], [ -122.409482, 37.810791 ], [ -122.409451, 37.810924 ], [ -122.409417, 37.81092 ], [ -122.409444, 37.810785 ], [ -122.4094, 37.810779 ], [ -122.409367, 37.810913 ], [ -122.409337, 37.810908 ], [ -122.409362, 37.810774 ], [ -122.409319, 37.810768 ], [ -122.409288, 37.810901 ], [ -122.409253, 37.810897 ], [ -122.409281, 37.810763 ], [ -122.409235, 37.810757 ], [ -122.409203, 37.81089 ], [ -122.40917, 37.810885 ], [ -122.409197, 37.810751 ], [ -122.409153, 37.810745 ], [ -122.40912, 37.810879 ], [ -122.40909, 37.810874 ], [ -122.409116, 37.81074 ], [ -122.409074, 37.810734 ], [ -122.409041, 37.810868 ], [ -122.409011, 37.810863 ], [ -122.409036, 37.810729 ], [ -122.408994, 37.810723 ], [ -122.408963, 37.810858 ], [ -122.40893, 37.810852 ], [ -122.408957, 37.810718 ], [ -122.40891, 37.810712 ], [ -122.408879, 37.810845 ], [ -122.408847, 37.810841 ], [ -122.408873, 37.810707 ], [ -122.408827, 37.8107 ], [ -122.408797, 37.810835 ], [ -122.408765, 37.810829 ], [ -122.40879, 37.810695 ], [ -122.408743, 37.810689 ], [ -122.408711, 37.810822 ], [ -122.40868, 37.810818 ], [ -122.408705, 37.810683 ], [ -122.408663, 37.810678 ], [ -122.40863, 37.810811 ], [ -122.4086, 37.810807 ], [ -122.408625, 37.810672 ], [ -122.408556, 37.810663 ], [ -122.408589, 37.810512 ], [ -122.408615, 37.810517 ], [ -122.408589, 37.810646 ], [ -122.408629, 37.810651 ], [ -122.40866, 37.810522 ], [ -122.408694, 37.810528 ], [ -122.408668, 37.810656 ], [ -122.408709, 37.810661 ], [ -122.408741, 37.810532 ], [ -122.408773, 37.810538 ], [ -122.408749, 37.810667 ], [ -122.408792, 37.810674 ], [ -122.408825, 37.810545 ], [ -122.408858, 37.810549 ], [ -122.408833, 37.810679 ], [ -122.408877, 37.810685 ], [ -122.408907, 37.810556 ], [ -122.408943, 37.810562 ], [ -122.408916, 37.810691 ], [ -122.408961, 37.810697 ], [ -122.408993, 37.810568 ], [ -122.409024, 37.810572 ], [ -122.409, 37.810701 ], [ -122.409041, 37.810707 ], [ -122.409071, 37.810578 ], [ -122.409107, 37.810584 ], [ -122.40908, 37.810712 ], [ -122.40912, 37.810718 ], [ -122.40915, 37.81059 ], [ -122.409184, 37.810594 ], [ -122.409159, 37.810724 ], [ -122.409201, 37.81073 ], [ -122.409234, 37.810601 ], [ -122.409268, 37.810606 ], [ -122.40924, 37.810734 ], [ -122.409287, 37.810741 ], [ -122.409319, 37.810613 ], [ -122.40935, 37.810617 ], [ -122.409326, 37.810745 ], [ -122.409367, 37.810752 ], [ -122.4094, 37.810624 ], [ -122.409433, 37.810629 ], [ -122.409405, 37.810757 ], [ -122.409447, 37.810763 ], [ -122.409477, 37.810635 ], [ -122.40951, 37.810639 ], [ -122.409488, 37.810768 ], [ -122.40953, 37.810774 ], [ -122.40956, 37.810646 ], [ -122.40959, 37.81065 ], [ -122.40957, 37.810781 ], [ -122.409611, 37.810786 ], [ -122.40964, 37.810658 ], [ -122.409673, 37.810662 ], [ -122.409651, 37.810792 ], [ -122.409692, 37.810798 ], [ -122.409723, 37.810669 ], [ -122.409756, 37.810673 ], [ -122.409732, 37.810803 ], [ -122.409772, 37.810809 ], [ -122.409804, 37.81068 ], [ -122.409836, 37.810684 ], [ -122.409814, 37.810813 ], [ -122.409855, 37.810819 ], [ -122.409888, 37.810691 ], [ -122.409919, 37.810696 ], [ -122.409895, 37.810818 ], [ -122.409937, 37.810822 ], [ -122.409964, 37.810702 ], [ -122.409991, 37.810706 ], [ -122.409962, 37.810835 ], [ -122.410051, 37.810846 ], [ -122.410057, 37.810818 ], [ -122.410043, 37.810795 ], [ -122.410054, 37.810739 ], [ -122.410078, 37.810724 ], [ -122.410095, 37.810623 ], [ -122.410082, 37.810597 ], [ -122.410092, 37.810546 ], [ -122.410117, 37.810527 ], [ -122.410136, 37.810423 ], [ -122.41012, 37.810401 ], [ -122.410126, 37.810372 ], [ -122.410086, 37.810367 ], [ -122.410063, 37.810472 ], [ -122.41004, 37.810469 ], [ -122.410061, 37.810373 ], [ -122.410031, 37.810367 ], [ -122.41001, 37.810465 ], [ -122.409986, 37.810462 ], [ -122.410009, 37.810355 ], [ -122.409971, 37.810348 ], [ -122.409948, 37.810457 ], [ -122.409915, 37.810452 ], [ -122.40994, 37.810331 ], [ -122.409902, 37.810326 ], [ -122.409875, 37.810448 ], [ -122.409845, 37.810443 ], [ -122.409868, 37.810321 ], [ -122.409831, 37.810317 ], [ -122.409805, 37.810438 ], [ -122.409773, 37.810432 ], [ -122.409797, 37.810312 ], [ -122.409756, 37.810306 ], [ -122.409729, 37.810428 ], [ -122.409699, 37.810423 ], [ -122.409722, 37.810302 ], [ -122.409687, 37.810297 ], [ -122.40966, 37.810419 ], [ -122.409626, 37.810413 ], [ -122.409652, 37.810293 ], [ -122.409619, 37.810288 ], [ -122.409593, 37.81041 ], [ -122.409561, 37.810404 ], [ -122.409585, 37.810284 ], [ -122.409541, 37.810278 ], [ -122.409516, 37.810399 ], [ -122.409483, 37.810394 ], [ -122.409507, 37.810273 ], [ -122.409468, 37.810268 ], [ -122.409441, 37.810388 ], [ -122.409411, 37.810384 ], [ -122.409434, 37.810263 ], [ -122.409395, 37.810258 ], [ -122.409367, 37.810378 ], [ -122.409337, 37.810376 ], [ -122.409361, 37.810253 ], [ -122.409318, 37.810248 ], [ -122.409307, 37.81037 ], [ -122.409277, 37.810366 ], [ -122.409284, 37.810243 ], [ -122.40925, 37.810237 ], [ -122.409225, 37.81036 ], [ -122.40919, 37.810355 ], [ -122.409216, 37.810234 ], [ -122.409177, 37.810229 ], [ -122.409151, 37.81035 ], [ -122.409118, 37.810344 ], [ -122.409143, 37.810224 ], [ -122.409106, 37.810219 ], [ -122.409079, 37.81034 ], [ -122.409049, 37.810336 ], [ -122.409072, 37.810215 ], [ -122.409029, 37.810209 ], [ -122.409001, 37.810329 ], [ -122.408971, 37.810325 ], [ -122.408995, 37.810204 ], [ -122.40896, 37.8102 ], [ -122.408934, 37.810321 ], [ -122.408901, 37.810316 ], [ -122.408926, 37.810195 ], [ -122.408886, 37.81019 ], [ -122.408861, 37.810311 ], [ -122.408827, 37.810306 ], [ -122.408852, 37.810185 ], [ -122.408816, 37.81018 ], [ -122.408789, 37.810301 ], [ -122.408757, 37.810297 ], [ -122.408782, 37.810176 ], [ -122.408738, 37.81017 ], [ -122.408712, 37.810291 ], [ -122.40868, 37.810286 ], [ -122.408704, 37.810165 ], [ -122.408665, 37.81016 ], [ -122.408638, 37.81028 ], [ -122.408606, 37.810277 ], [ -122.408631, 37.810155 ], [ -122.408595, 37.810151 ], [ -122.408569, 37.810271 ], [ -122.408537, 37.810267 ], [ -122.408561, 37.810146 ], [ -122.408522, 37.810141 ], [ -122.408496, 37.810262 ], [ -122.408464, 37.810257 ], [ -122.408487, 37.810136 ], [ -122.40845, 37.810131 ], [ -122.408422, 37.810251 ], [ -122.408393, 37.810249 ], [ -122.408415, 37.810126 ], [ -122.408357, 37.810119 ], [ -122.408375, 37.809995 ], [ -122.408399, 37.809998 ], [ -122.408379, 37.810101 ], [ -122.408415, 37.810105 ], [ -122.408434, 37.810003 ], [ -122.408465, 37.810007 ], [ -122.408439, 37.810109 ], [ -122.408473, 37.810114 ], [ -122.408494, 37.810011 ], [ -122.408521, 37.810015 ], [ -122.408499, 37.810117 ], [ -122.408536, 37.810122 ], [ -122.408557, 37.810019 ], [ -122.408583, 37.810023 ], [ -122.408559, 37.810125 ], [ -122.408592, 37.81013 ], [ -122.408613, 37.810027 ], [ -122.408641, 37.810031 ], [ -122.408621, 37.810137 ], [ -122.40865, 37.810141 ], [ -122.408674, 37.810035 ], [ -122.408704, 37.810039 ], [ -122.408679, 37.810141 ], [ -122.408712, 37.810146 ], [ -122.408733, 37.810043 ], [ -122.40876, 37.810047 ], [ -122.408737, 37.810149 ], [ -122.408773, 37.810154 ], [ -122.408794, 37.810051 ], [ -122.408821, 37.810055 ], [ -122.4088, 37.810159 ], [ -122.40883, 37.810163 ], [ -122.40885, 37.810059 ], [ -122.408879, 37.810063 ], [ -122.408855, 37.810164 ], [ -122.408892, 37.81017 ], [ -122.408913, 37.810067 ], [ -122.408941, 37.810071 ], [ -122.408918, 37.810174 ], [ -122.408947, 37.810177 ], [ -122.408967, 37.810075 ], [ -122.408998, 37.810078 ], [ -122.408976, 37.810185 ], [ -122.409008, 37.810189 ], [ -122.40903, 37.810083 ], [ -122.409063, 37.810087 ], [ -122.409042, 37.810194 ], [ -122.409068, 37.810197 ], [ -122.409091, 37.810092 ], [ -122.409121, 37.810095 ], [ -122.4091, 37.810199 ], [ -122.409129, 37.810202 ], [ -122.409149, 37.810099 ], [ -122.409181, 37.810103 ], [ -122.40916, 37.81021 ], [ -122.409188, 37.810213 ], [ -122.409212, 37.810108 ], [ -122.409243, 37.810112 ], [ -122.409222, 37.810218 ], [ -122.409246, 37.810221 ], [ -122.40927, 37.810116 ], [ -122.409302, 37.810119 ], [ -122.40928, 37.810226 ], [ -122.409304, 37.810229 ], [ -122.409328, 37.810123 ], [ -122.409358, 37.810127 ], [ -122.409338, 37.810234 ], [ -122.409365, 37.810237 ], [ -122.409389, 37.810131 ], [ -122.409419, 37.810135 ], [ -122.409399, 37.810242 ], [ -122.409425, 37.810245 ], [ -122.409449, 37.81014 ], [ -122.409481, 37.810143 ], [ -122.409459, 37.81025 ], [ -122.409482, 37.810253 ], [ -122.409507, 37.810147 ], [ -122.409536, 37.810151 ], [ -122.409516, 37.810257 ], [ -122.409544, 37.810261 ], [ -122.40957, 37.810157 ], [ -122.409601, 37.810159 ], [ -122.409578, 37.810266 ], [ -122.409605, 37.810269 ], [ -122.409628, 37.810164 ], [ -122.40966, 37.810168 ], [ -122.409639, 37.810274 ], [ -122.409664, 37.810277 ], [ -122.409687, 37.810172 ], [ -122.409719, 37.810175 ], [ -122.409698, 37.810282 ], [ -122.409725, 37.810286 ], [ -122.409749, 37.81018 ], [ -122.409781, 37.810184 ], [ -122.409759, 37.81029 ], [ -122.409783, 37.810293 ], [ -122.409809, 37.810188 ], [ -122.409837, 37.810192 ], [ -122.409814, 37.810295 ], [ -122.409843, 37.810299 ], [ -122.409865, 37.810195 ], [ -122.409897, 37.8102 ], [ -122.409874, 37.810306 ], [ -122.409901, 37.810309 ], [ -122.409925, 37.810202 ], [ -122.409957, 37.810207 ], [ -122.409935, 37.810314 ], [ -122.409963, 37.810318 ], [ -122.409986, 37.810212 ], [ -122.41001, 37.810215 ], [ -122.409991, 37.810301 ], [ -122.410017, 37.810305 ], [ -122.410034, 37.810218 ], [ -122.410062, 37.810222 ], [ -122.410043, 37.810309 ], [ -122.410071, 37.810313 ], [ -122.410088, 37.810225 ], [ -122.410115, 37.810229 ], [ -122.410091, 37.810345 ], [ -122.410135, 37.810351 ], [ -122.410155, 37.810331 ], [ -122.410176, 37.810233 ], [ -122.410158, 37.81021 ], [ -122.410179, 37.810102 ], [ -122.410077, 37.80992 ], [ -122.410053, 37.809917 ], [ -122.410033, 37.810027 ], [ -122.41, 37.810023 ], [ -122.410019, 37.809913 ], [ -122.409992, 37.809909 ], [ -122.409971, 37.81002 ], [ -122.409942, 37.810016 ], [ -122.409957, 37.809904 ], [ -122.409933, 37.809901 ], [ -122.409912, 37.810011 ], [ -122.409879, 37.810008 ], [ -122.409899, 37.809897 ], [ -122.409868, 37.809893 ], [ -122.409849, 37.810003 ], [ -122.409816, 37.809999 ], [ -122.409834, 37.809888 ], [ -122.409809, 37.809885 ], [ -122.409788, 37.809995 ], [ -122.409753, 37.809991 ], [ -122.409774, 37.80988 ], [ -122.409749, 37.809877 ], [ -122.409722, 37.809987 ], [ -122.409691, 37.809982 ], [ -122.409715, 37.809873 ], [ -122.409685, 37.809869 ], [ -122.409662, 37.809979 ], [ -122.40963, 37.809974 ], [ -122.409651, 37.809864 ], [ -122.409623, 37.80986 ], [ -122.409601, 37.80997 ], [ -122.409567, 37.809967 ], [ -122.409589, 37.809856 ], [ -122.409564, 37.809853 ], [ -122.409541, 37.809963 ], [ -122.409508, 37.809957 ], [ -122.40953, 37.809848 ], [ -122.409501, 37.809844 ], [ -122.409481, 37.809954 ], [ -122.409444, 37.809951 ], [ -122.409467, 37.80984 ], [ -122.409439, 37.809836 ], [ -122.409419, 37.809947 ], [ -122.409378, 37.809941 ], [ -122.409405, 37.809832 ], [ -122.409375, 37.809828 ], [ -122.409351, 37.809938 ], [ -122.409322, 37.809934 ], [ -122.409343, 37.809826 ], [ -122.409313, 37.809822 ], [ -122.409292, 37.80993 ], [ -122.409259, 37.809926 ], [ -122.409282, 37.809815 ], [ -122.409251, 37.809811 ], [ -122.409228, 37.809921 ], [ -122.409197, 37.809918 ], [ -122.409221, 37.809811 ], [ -122.40919, 37.809807 ], [ -122.409166, 37.809913 ], [ -122.40914, 37.80991 ], [ -122.409161, 37.809799 ], [ -122.40913, 37.809795 ], [ -122.409109, 37.809905 ], [ -122.409079, 37.809902 ], [ -122.409099, 37.809794 ], [ -122.409069, 37.80979 ], [ -122.40905, 37.809898 ], [ -122.409018, 37.809894 ], [ -122.409042, 37.809786 ], [ -122.40901, 37.809782 ], [ -122.408991, 37.80989 ], [ -122.408962, 37.809886 ], [ -122.40898, 37.809776 ], [ -122.408951, 37.809772 ], [ -122.408928, 37.809882 ], [ -122.408896, 37.809877 ], [ -122.408917, 37.809767 ], [ -122.408884, 37.809763 ], [ -122.408865, 37.809874 ], [ -122.408833, 37.809869 ], [ -122.408853, 37.809761 ], [ -122.408821, 37.809757 ], [ -122.4088, 37.809865 ], [ -122.408771, 37.80986 ], [ -122.40879, 37.80975 ], [ -122.40876, 37.809746 ], [ -122.408739, 37.809857 ], [ -122.408707, 37.809853 ], [ -122.408728, 37.809745 ], [ -122.408695, 37.809741 ], [ -122.408678, 37.809849 ], [ -122.408649, 37.809845 ], [ -122.408666, 37.809734 ], [ -122.408639, 37.809731 ], [ -122.408615, 37.809841 ], [ -122.408585, 37.809837 ], [ -122.408605, 37.809726 ], [ -122.40858, 37.809723 ], [ -122.408555, 37.809833 ], [ -122.408525, 37.809829 ], [ -122.408546, 37.809718 ], [ -122.408515, 37.809714 ], [ -122.408486, 37.809823 ], [ -122.40846, 37.809821 ], [ -122.408481, 37.80971 ], [ -122.408454, 37.809706 ], [ -122.408433, 37.809816 ], [ -122.408401, 37.809813 ], [ -122.408423, 37.809705 ], [ -122.408392, 37.809701 ], [ -122.408373, 37.809809 ], [ -122.408345, 37.809805 ], [ -122.408363, 37.809694 ], [ -122.408331, 37.80969 ], [ -122.408307, 37.8098 ], [ -122.408279, 37.809796 ], [ -122.408297, 37.809685 ], [ -122.408267, 37.809681 ], [ -122.408245, 37.809793 ], [ -122.408212, 37.809787 ], [ -122.408249, 37.809562 ], [ -122.408276, 37.809566 ], [ -122.408261, 37.809656 ], [ -122.408288, 37.809658 ], [ -122.408302, 37.80957 ], [ -122.408328, 37.809573 ], [ -122.408313, 37.809662 ], [ -122.408343, 37.809666 ], [ -122.408357, 37.809576 ], [ -122.408384, 37.80958 ], [ -122.408368, 37.80967 ], [ -122.408395, 37.809673 ], [ -122.408411, 37.809583 ], [ -122.408436, 37.809587 ], [ -122.40842, 37.809677 ], [ -122.408451, 37.80968 ], [ -122.408465, 37.809592 ], [ -122.408492, 37.809594 ], [ -122.408477, 37.809684 ], [ -122.408504, 37.809687 ], [ -122.408518, 37.809599 ], [ -122.408544, 37.809601 ], [ -122.408529, 37.809691 ], [ -122.408558, 37.809693 ], [ -122.408573, 37.809605 ], [ -122.408599, 37.809609 ], [ -122.408584, 37.809698 ], [ -122.408614, 37.809702 ], [ -122.408628, 37.809612 ], [ -122.408656, 37.809616 ], [ -122.40864, 37.809706 ], [ -122.408665, 37.809709 ], [ -122.408683, 37.80962 ], [ -122.40871, 37.809623 ], [ -122.408694, 37.809711 ], [ -122.408721, 37.809715 ], [ -122.408738, 37.809626 ], [ -122.408764, 37.80963 ], [ -122.408748, 37.80972 ], [ -122.408776, 37.809723 ], [ -122.40879, 37.809634 ], [ -122.408818, 37.809637 ], [ -122.408802, 37.809727 ], [ -122.40884, 37.809731 ], [ -122.408854, 37.809642 ], [ -122.408881, 37.809646 ], [ -122.408865, 37.809735 ], [ -122.408892, 37.809738 ], [ -122.408908, 37.809649 ], [ -122.408932, 37.809653 ], [ -122.408917, 37.809742 ], [ -122.408945, 37.809745 ], [ -122.408958, 37.809655 ], [ -122.408987, 37.80966 ], [ -122.408972, 37.809749 ], [ -122.409001, 37.809754 ], [ -122.409016, 37.809663 ], [ -122.409043, 37.809667 ], [ -122.409027, 37.809757 ], [ -122.409053, 37.80976 ], [ -122.409066, 37.80967 ], [ -122.409093, 37.809674 ], [ -122.409078, 37.809763 ], [ -122.409108, 37.809767 ], [ -122.409121, 37.809677 ], [ -122.409148, 37.809681 ], [ -122.409133, 37.809771 ], [ -122.409161, 37.809775 ], [ -122.409176, 37.809684 ], [ -122.409203, 37.809688 ], [ -122.409187, 37.809778 ], [ -122.409214, 37.80978 ], [ -122.409228, 37.809691 ], [ -122.409256, 37.809695 ], [ -122.40924, 37.809785 ], [ -122.409269, 37.809787 ], [ -122.409285, 37.8097 ], [ -122.40931, 37.809702 ], [ -122.409294, 37.809792 ], [ -122.409325, 37.809796 ], [ -122.40934, 37.809706 ], [ -122.409366, 37.80971 ], [ -122.409351, 37.809799 ], [ -122.409378, 37.809803 ], [ -122.409393, 37.809713 ], [ -122.40942, 37.809717 ], [ -122.409404, 37.809806 ], [ -122.409433, 37.809809 ], [ -122.409447, 37.809721 ], [ -122.409473, 37.809724 ], [ -122.409458, 37.809813 ], [ -122.409489, 37.809817 ], [ -122.409503, 37.809727 ], [ -122.409529, 37.809731 ], [ -122.409514, 37.809821 ], [ -122.409544, 37.809824 ], [ -122.409559, 37.809735 ], [ -122.409585, 37.809739 ], [ -122.409569, 37.809828 ], [ -122.4096, 37.809832 ], [ -122.409614, 37.809742 ], [ -122.409641, 37.809746 ], [ -122.409625, 37.809836 ], [ -122.40965, 37.809839 ], [ -122.409667, 37.809749 ], [ -122.409694, 37.809753 ], [ -122.409675, 37.809842 ], [ -122.409708, 37.809846 ], [ -122.409723, 37.809758 ], [ -122.409751, 37.80976 ], [ -122.409735, 37.80985 ], [ -122.409763, 37.809853 ], [ -122.409776, 37.809763 ], [ -122.409801, 37.809767 ], [ -122.409789, 37.809857 ], [ -122.409815, 37.80986 ], [ -122.409834, 37.809771 ], [ -122.40986, 37.809775 ], [ -122.409839, 37.809864 ], [ -122.409873, 37.809868 ], [ -122.409885, 37.809779 ], [ -122.40991, 37.809781 ], [ -122.409902, 37.809838 ], [ -122.409928, 37.809869 ], [ -122.410058, 37.809886 ], [ -122.409789, 37.809411 ], [ -122.409693, 37.809452 ], [ -122.409753, 37.809477 ], [ -122.409795, 37.809482 ], [ -122.409777, 37.809591 ], [ -122.409749, 37.809587 ], [ -122.409764, 37.809502 ], [ -122.409734, 37.809496 ], [ -122.409719, 37.809583 ], [ -122.409692, 37.809581 ], [ -122.409707, 37.809493 ], [ -122.409679, 37.809489 ], [ -122.409664, 37.809576 ], [ -122.409637, 37.809572 ], [ -122.409655, 37.809486 ], [ -122.409626, 37.809482 ], [ -122.409611, 37.809569 ], [ -122.409586, 37.809566 ], [ -122.409601, 37.809479 ], [ -122.409572, 37.809475 ], [ -122.409558, 37.809562 ], [ -122.40953, 37.809558 ], [ -122.409547, 37.809472 ], [ -122.409518, 37.809467 ], [ -122.409503, 37.809554 ], [ -122.409477, 37.809551 ], [ -122.409495, 37.809464 ], [ -122.409465, 37.80946 ], [ -122.409451, 37.809547 ], [ -122.409424, 37.809543 ], [ -122.40944, 37.809457 ], [ -122.409413, 37.809453 ], [ -122.409399, 37.80954 ], [ -122.409369, 37.809536 ], [ -122.409386, 37.809449 ], [ -122.409355, 37.809445 ], [ -122.409341, 37.809532 ], [ -122.409314, 37.809528 ], [ -122.409329, 37.809442 ], [ -122.409305, 37.809438 ], [ -122.40929, 37.809525 ], [ -122.409262, 37.809521 ], [ -122.409278, 37.809435 ], [ -122.409252, 37.809431 ], [ -122.409238, 37.809518 ], [ -122.409211, 37.809514 ], [ -122.409227, 37.809428 ], [ -122.409192, 37.809423 ], [ -122.409178, 37.80951 ], [ -122.409152, 37.809507 ], [ -122.409167, 37.80942 ], [ -122.409133, 37.809415 ], [ -122.409119, 37.809502 ], [ -122.409091, 37.809498 ], [ -122.409107, 37.809411 ], [ -122.409076, 37.809407 ], [ -122.409062, 37.809494 ], [ -122.409034, 37.809492 ], [ -122.40905, 37.809404 ], [ -122.409022, 37.809401 ], [ -122.409008, 37.809487 ], [ -122.408983, 37.809485 ], [ -122.408998, 37.809398 ], [ -122.408974, 37.809394 ], [ -122.40896, 37.809481 ], [ -122.408932, 37.809477 ], [ -122.408947, 37.809391 ], [ -122.408918, 37.809386 ], [ -122.408904, 37.809473 ], [ -122.408878, 37.809469 ], [ -122.408893, 37.809383 ], [ -122.408863, 37.809379 ], [ -122.408849, 37.809466 ], [ -122.408822, 37.809462 ], [ -122.408838, 37.809375 ], [ -122.408809, 37.809371 ], [ -122.408795, 37.809458 ], [ -122.408768, 37.809456 ], [ -122.408784, 37.809368 ], [ -122.408756, 37.809364 ], [ -122.408742, 37.809451 ], [ -122.408715, 37.809447 ], [ -122.40873, 37.809361 ], [ -122.408702, 37.809357 ], [ -122.408687, 37.809444 ], [ -122.40866, 37.80944 ], [ -122.408675, 37.809354 ], [ -122.408645, 37.809349 ], [ -122.408631, 37.809436 ], [ -122.408602, 37.809432 ], [ -122.408617, 37.809346 ], [ -122.408591, 37.809342 ], [ -122.408577, 37.809429 ], [ -122.408549, 37.809425 ], [ -122.408565, 37.809338 ], [ -122.408536, 37.809334 ], [ -122.408522, 37.809421 ], [ -122.408494, 37.809419 ], [ -122.408509, 37.809331 ], [ -122.408482, 37.809327 ], [ -122.408468, 37.809414 ], [ -122.408439, 37.80941 ], [ -122.408454, 37.809324 ], [ -122.408427, 37.80932 ], [ -122.408412, 37.809407 ], [ -122.408384, 37.809403 ], [ -122.4084, 37.809317 ], [ -122.408372, 37.809312 ], [ -122.408358, 37.809399 ], [ -122.40833, 37.809395 ], [ -122.408344, 37.809309 ], [ -122.408316, 37.809305 ], [ -122.408302, 37.809392 ], [ -122.408274, 37.809388 ], [ -122.408291, 37.809302 ], [ -122.408264, 37.809298 ], [ -122.40825, 37.809385 ], [ -122.408219, 37.809381 ], [ -122.408236, 37.809295 ], [ -122.408208, 37.80929 ], [ -122.408194, 37.809377 ], [ -122.408167, 37.809373 ], [ -122.408181, 37.809288 ], [ -122.408156, 37.809283 ], [ -122.408142, 37.80937 ], [ -122.408113, 37.809366 ], [ -122.408129, 37.809279 ], [ -122.408101, 37.809276 ], [ -122.408086, 37.809363 ], [ -122.408061, 37.80936 ], [ -122.408078, 37.809264 ], [ -122.408028, 37.809258 ], [ -122.408045, 37.809144 ], [ -122.408072, 37.809148 ], [ -122.408057, 37.809239 ], [ -122.408086, 37.809242 ], [ -122.408101, 37.809151 ], [ -122.408127, 37.809155 ], [ -122.408112, 37.809246 ], [ -122.408139, 37.80925 ], [ -122.408153, 37.809158 ], [ -122.408179, 37.809162 ], [ -122.408164, 37.809253 ], [ -122.408196, 37.809256 ], [ -122.40821, 37.809166 ], [ -122.408236, 37.80917 ], [ -122.408221, 37.809261 ], [ -122.408253, 37.809264 ], [ -122.408269, 37.809174 ], [ -122.408294, 37.809178 ], [ -122.408279, 37.809269 ], [ -122.408307, 37.809273 ], [ -122.408323, 37.809181 ], [ -122.408348, 37.809185 ], [ -122.408333, 37.809276 ], [ -122.408357, 37.809278 ], [ -122.408373, 37.809189 ], [ -122.408398, 37.809192 ], [ -122.408383, 37.809283 ], [ -122.408412, 37.809286 ], [ -122.408427, 37.809195 ], [ -122.408453, 37.809199 ], [ -122.408438, 37.809291 ], [ -122.408472, 37.809294 ], [ -122.408486, 37.809203 ], [ -122.408511, 37.809207 ], [ -122.408496, 37.809298 ], [ -122.408521, 37.8093 ], [ -122.408536, 37.80921 ], [ -122.408561, 37.809214 ], [ -122.408546, 37.809305 ], [ -122.408576, 37.809308 ], [ -122.40859, 37.809218 ], [ -122.408618, 37.809222 ], [ -122.408603, 37.809313 ], [ -122.408635, 37.809315 ], [ -122.408648, 37.809227 ], [ -122.408676, 37.809229 ], [ -122.408662, 37.809321 ], [ -122.408689, 37.809323 ], [ -122.408703, 37.809234 ], [ -122.408728, 37.809236 ], [ -122.408713, 37.809328 ], [ -122.408741, 37.80933 ], [ -122.408756, 37.80924 ], [ -122.408781, 37.809244 ], [ -122.408766, 37.809335 ], [ -122.408797, 37.809338 ], [ -122.408812, 37.809247 ], [ -122.408837, 37.809251 ], [ -122.408822, 37.809342 ], [ -122.408848, 37.809345 ], [ -122.408864, 37.809255 ], [ -122.408889, 37.809258 ], [ -122.408874, 37.809349 ], [ -122.408903, 37.809353 ], [ -122.408917, 37.809263 ], [ -122.408943, 37.809265 ], [ -122.408928, 37.809357 ], [ -122.408959, 37.809359 ], [ -122.408973, 37.809269 ], [ -122.408999, 37.809273 ], [ -122.408984, 37.809364 ], [ -122.409014, 37.809367 ], [ -122.409029, 37.809278 ], [ -122.409054, 37.80928 ], [ -122.409039, 37.809372 ], [ -122.409071, 37.809375 ], [ -122.409086, 37.809285 ], [ -122.409111, 37.809288 ], [ -122.409096, 37.809379 ], [ -122.409124, 37.809382 ], [ -122.409139, 37.809291 ], [ -122.409163, 37.809295 ], [ -122.409148, 37.809386 ], [ -122.409181, 37.809389 ], [ -122.409197, 37.8093 ], [ -122.409221, 37.809303 ], [ -122.409206, 37.809394 ], [ -122.409234, 37.809397 ], [ -122.409249, 37.809306 ], [ -122.409273, 37.80931 ], [ -122.409258, 37.809401 ], [ -122.40929, 37.809405 ], [ -122.409306, 37.809314 ], [ -122.409331, 37.809318 ], [ -122.409316, 37.809409 ], [ -122.409345, 37.809413 ], [ -122.409359, 37.809321 ], [ -122.409384, 37.809325 ], [ -122.409369, 37.809416 ], [ -122.409399, 37.80942 ], [ -122.409412, 37.80933 ], [ -122.409439, 37.809332 ], [ -122.409424, 37.809424 ], [ -122.409454, 37.809427 ], [ -122.409466, 37.809336 ], [ -122.409494, 37.80934 ], [ -122.409479, 37.80943 ], [ -122.409508, 37.809435 ], [ -122.409522, 37.809343 ], [ -122.409546, 37.809347 ], [ -122.409531, 37.809439 ], [ -122.409565, 37.809444 ], [ -122.40958, 37.809351 ], [ -122.409604, 37.809355 ], [ -122.409589, 37.809447 ], [ -122.409619, 37.809451 ], [ -122.409633, 37.809358 ], [ -122.409658, 37.809362 ], [ -122.409646, 37.809433 ], [ -122.409775, 37.809387 ], [ -122.409759, 37.809359 ], [ -122.409646, 37.809089 ], [ -122.409583, 37.809065 ], [ -122.409522, 37.80906 ], [ -122.409499, 37.809168 ], [ -122.409473, 37.809164 ], [ -122.409493, 37.809079 ], [ -122.409465, 37.809075 ], [ -122.409447, 37.809161 ], [ -122.409422, 37.809158 ], [ -122.409441, 37.809072 ], [ -122.40941, 37.809067 ], [ -122.409392, 37.809154 ], [ -122.409365, 37.809151 ], [ -122.409385, 37.809064 ], [ -122.409356, 37.80906 ], [ -122.409337, 37.809146 ], [ -122.409311, 37.809142 ], [ -122.40933, 37.809056 ], [ -122.4093, 37.809052 ], [ -122.409281, 37.809139 ], [ -122.409253, 37.809135 ], [ -122.409274, 37.809049 ], [ -122.409248, 37.809045 ], [ -122.409229, 37.809132 ], [ -122.409202, 37.809128 ], [ -122.409222, 37.809042 ], [ -122.409194, 37.809038 ], [ -122.409176, 37.809124 ], [ -122.409147, 37.809122 ], [ -122.409167, 37.809035 ], [ -122.40914, 37.809031 ], [ -122.409122, 37.809117 ], [ -122.409094, 37.809113 ], [ -122.409112, 37.809028 ], [ -122.409084, 37.809023 ], [ -122.409065, 37.809109 ], [ -122.40904, 37.809107 ], [ -122.409058, 37.809021 ], [ -122.409027, 37.809015 ], [ -122.409009, 37.809102 ], [ -122.408982, 37.809099 ], [ -122.409001, 37.809013 ], [ -122.408972, 37.809008 ], [ -122.408954, 37.809094 ], [ -122.408926, 37.809092 ], [ -122.408945, 37.809004 ], [ -122.408919, 37.809001 ], [ -122.4089, 37.809087 ], [ -122.408874, 37.809084 ], [ -122.408892, 37.808997 ], [ -122.408865, 37.808993 ], [ -122.408846, 37.80908 ], [ -122.408821, 37.809076 ], [ -122.40884, 37.808991 ], [ -122.408807, 37.808986 ], [ -122.408789, 37.809072 ], [ -122.408763, 37.809067 ], [ -122.408781, 37.808983 ], [ -122.408754, 37.808978 ], [ -122.408736, 37.809065 ], [ -122.40871, 37.809062 ], [ -122.408729, 37.808976 ], [ -122.408703, 37.808971 ], [ -122.408684, 37.809058 ], [ -122.408658, 37.809054 ], [ -122.408678, 37.808969 ], [ -122.408652, 37.808965 ], [ -122.408634, 37.809051 ], [ -122.408607, 37.809047 ], [ -122.408627, 37.808962 ], [ -122.408596, 37.808957 ], [ -122.408578, 37.809043 ], [ -122.408552, 37.809041 ], [ -122.408569, 37.808954 ], [ -122.408539, 37.808949 ], [ -122.408521, 37.809036 ], [ -122.408494, 37.809033 ], [ -122.408513, 37.808946 ], [ -122.408485, 37.808942 ], [ -122.408466, 37.809028 ], [ -122.40844, 37.809024 ], [ -122.408459, 37.808938 ], [ -122.408432, 37.808935 ], [ -122.408413, 37.809021 ], [ -122.408387, 37.809017 ], [ -122.408406, 37.808932 ], [ -122.408376, 37.808927 ], [ -122.408357, 37.809014 ], [ -122.408331, 37.80901 ], [ -122.40835, 37.808924 ], [ -122.408319, 37.808919 ], [ -122.408301, 37.809006 ], [ -122.408274, 37.809002 ], [ -122.408294, 37.808916 ], [ -122.408266, 37.808912 ], [ -122.408247, 37.808999 ], [ -122.408218, 37.808995 ], [ -122.408239, 37.808909 ], [ -122.408208, 37.808904 ], [ -122.40819, 37.808991 ], [ -122.408164, 37.808988 ], [ -122.408182, 37.808901 ], [ -122.408154, 37.808897 ], [ -122.408138, 37.808984 ], [ -122.408112, 37.80898 ], [ -122.408128, 37.808894 ], [ -122.408101, 37.80889 ], [ -122.408082, 37.808976 ], [ -122.408054, 37.808972 ], [ -122.408075, 37.808887 ], [ -122.408049, 37.808883 ], [ -122.408031, 37.808969 ], [ -122.408004, 37.808966 ], [ -122.408023, 37.80888 ], [ -122.40799, 37.808875 ], [ -122.407972, 37.808961 ], [ -122.407945, 37.808957 ], [ -122.407964, 37.808872 ], [ -122.407939, 37.808868 ], [ -122.407921, 37.808954 ], [ -122.407895, 37.808952 ], [ -122.407917, 37.808857 ], [ -122.407855, 37.808848 ], [ -122.40788, 37.808736 ], [ -122.407906, 37.80874 ], [ -122.407887, 37.80883 ], [ -122.40792, 37.808834 ], [ -122.407937, 37.808744 ], [ -122.407965, 37.808748 ], [ -122.407945, 37.808838 ], [ -122.407971, 37.808841 ], [ -122.407989, 37.808751 ], [ -122.408016, 37.808755 ], [ -122.407996, 37.808845 ], [ -122.40803, 37.808848 ], [ -122.408048, 37.808759 ], [ -122.408075, 37.808763 ], [ -122.408056, 37.808853 ], [ -122.408081, 37.808856 ], [ -122.4081, 37.808766 ], [ -122.408126, 37.80877 ], [ -122.408107, 37.80886 ], [ -122.408134, 37.808863 ], [ -122.40815, 37.808772 ], [ -122.408176, 37.808776 ], [ -122.408159, 37.808867 ], [ -122.408189, 37.808871 ], [ -122.408209, 37.80878 ], [ -122.408234, 37.808784 ], [ -122.408215, 37.808875 ], [ -122.408246, 37.808878 ], [ -122.408265, 37.808788 ], [ -122.408292, 37.808792 ], [ -122.408272, 37.808882 ], [ -122.4083, 37.808886 ], [ -122.40832, 37.808796 ], [ -122.408345, 37.808799 ], [ -122.408326, 37.80889 ], [ -122.408357, 37.808893 ], [ -122.408374, 37.808803 ], [ -122.408402, 37.808807 ], [ -122.408382, 37.808897 ], [ -122.408413, 37.808901 ], [ -122.408431, 37.808811 ], [ -122.408458, 37.808814 ], [ -122.408438, 37.808905 ], [ -122.408465, 37.808908 ], [ -122.408486, 37.808818 ], [ -122.40851, 37.808822 ], [ -122.408491, 37.808912 ], [ -122.40852, 37.808914 ], [ -122.408539, 37.808825 ], [ -122.408565, 37.808829 ], [ -122.408546, 37.808919 ], [ -122.408577, 37.808922 ], [ -122.408596, 37.808833 ], [ -122.408622, 37.808837 ], [ -122.408602, 37.808927 ], [ -122.408633, 37.80893 ], [ -122.408652, 37.808839 ], [ -122.408678, 37.808844 ], [ -122.408659, 37.808935 ], [ -122.408686, 37.808939 ], [ -122.408703, 37.808847 ], [ -122.408729, 37.808851 ], [ -122.408709, 37.808942 ], [ -122.408735, 37.808945 ], [ -122.408753, 37.808854 ], [ -122.40878, 37.808858 ], [ -122.408761, 37.808949 ], [ -122.408787, 37.808953 ], [ -122.408805, 37.808861 ], [ -122.408833, 37.808865 ], [ -122.408814, 37.808956 ], [ -122.408845, 37.808959 ], [ -122.408864, 37.808869 ], [ -122.408891, 37.808873 ], [ -122.408871, 37.808964 ], [ -122.408899, 37.808967 ], [ -122.408917, 37.808877 ], [ -122.408944, 37.80888 ], [ -122.408925, 37.808971 ], [ -122.408952, 37.808973 ], [ -122.40897, 37.808884 ], [ -122.408998, 37.808888 ], [ -122.408979, 37.808978 ], [ -122.409009, 37.808981 ], [ -122.409026, 37.808891 ], [ -122.409053, 37.808895 ], [ -122.409034, 37.808986 ], [ -122.409064, 37.808989 ], [ -122.409082, 37.808899 ], [ -122.40911, 37.808903 ], [ -122.40909, 37.808993 ], [ -122.409121, 37.808997 ], [ -122.409139, 37.808908 ], [ -122.409166, 37.80891 ], [ -122.409147, 37.809001 ], [ -122.409176, 37.809004 ], [ -122.409194, 37.808914 ], [ -122.40922, 37.808918 ], [ -122.409201, 37.809008 ], [ -122.409229, 37.809012 ], [ -122.409248, 37.808921 ], [ -122.409273, 37.808925 ], [ -122.409254, 37.809015 ], [ -122.409281, 37.809019 ], [ -122.4093, 37.808929 ], [ -122.409325, 37.808932 ], [ -122.409306, 37.809022 ], [ -122.409337, 37.809026 ], [ -122.409355, 37.808936 ], [ -122.409382, 37.80894 ], [ -122.409362, 37.80903 ], [ -122.409392, 37.809034 ], [ -122.409412, 37.808943 ], [ -122.409436, 37.808947 ], [ -122.409422, 37.809012 ], [ -122.409466, 37.809036 ], [ -122.409563, 37.809047 ], [ -122.40955, 37.809026 ], [ -122.40955, 37.808997 ], [ -122.409387, 37.80872 ], [ -122.409315, 37.808693 ], [ -122.409273, 37.808774 ], [ -122.409244, 37.808762 ], [ -122.409282, 37.80869 ], [ -122.409251, 37.808676 ], [ -122.409212, 37.808749 ], [ -122.409186, 37.808738 ], [ -122.409224, 37.808665 ], [ -122.409199, 37.808655 ], [ -122.409158, 37.808739 ], [ -122.409133, 37.808731 ], [ -122.409173, 37.808649 ], [ -122.409148, 37.80864 ], [ -122.409106, 37.808724 ], [ -122.409082, 37.808717 ], [ -122.409123, 37.808633 ], [ -122.409097, 37.808625 ], [ -122.409056, 37.808709 ], [ -122.40903, 37.808704 ], [ -122.409073, 37.808619 ], [ -122.409046, 37.80861 ], [ -122.409004, 37.808694 ], [ -122.408979, 37.808689 ], [ -122.40902, 37.808603 ], [ -122.408994, 37.808595 ], [ -122.408947, 37.808691 ], [ -122.408924, 37.808684 ], [ -122.40897, 37.808588 ], [ -122.40894, 37.808579 ], [ -122.408892, 37.808675 ], [ -122.408868, 37.808668 ], [ -122.408913, 37.808571 ], [ -122.408877, 37.80856 ], [ -122.40883, 37.808657 ], [ -122.408804, 37.80865 ], [ -122.408851, 37.808553 ], [ -122.408824, 37.808544 ], [ -122.408772, 37.808649 ], [ -122.408742, 37.808641 ], [ -122.408792, 37.808536 ], [ -122.408756, 37.808524 ], [ -122.408704, 37.80863 ], [ -122.408674, 37.808621 ], [ -122.408726, 37.808515 ], [ -122.408685, 37.808503 ], [ -122.408633, 37.808609 ], [ -122.408603, 37.808601 ], [ -122.408655, 37.808495 ], [ -122.408618, 37.808483 ], [ -122.408565, 37.80859 ], [ -122.408533, 37.80858 ], [ -122.408586, 37.808474 ], [ -122.40855, 37.808463 ], [ -122.408495, 37.808576 ], [ -122.408464, 37.808567 ], [ -122.40852, 37.808455 ], [ -122.408475, 37.808441 ], [ -122.408419, 37.808554 ], [ -122.408387, 37.808545 ], [ -122.408444, 37.808433 ], [ -122.408402, 37.808419 ], [ -122.408346, 37.808533 ], [ -122.408317, 37.808524 ], [ -122.408373, 37.808412 ], [ -122.408336, 37.808399 ], [ -122.40828, 37.808514 ], [ -122.408252, 37.808506 ], [ -122.408325, 37.808356 ], [ -122.408307, 37.808307 ], [ -122.408234, 37.808277 ], [ -122.408191, 37.80829 ], [ -122.408103, 37.808474 ], [ -122.40807, 37.808466 ], [ -122.408146, 37.808306 ], [ -122.408163, 37.808248 ], [ -122.408046, 37.808199 ], [ -122.408025, 37.808206 ], [ -122.407919, 37.808427 ], [ -122.407879, 37.808415 ], [ -122.407991, 37.808176 ], [ -122.407926, 37.808149 ], [ -122.407817, 37.808401 ], [ -122.407787, 37.808393 ], [ -122.407869, 37.808205 ], [ -122.40766, 37.808254 ], [ -122.407706, 37.808376 ], [ -122.407614, 37.808397 ], [ -122.407507, 37.808115 ], [ -122.407548, 37.808106 ], [ -122.407537, 37.808072 ], [ -122.407463, 37.808043 ], [ -122.407446, 37.808007 ], [ -122.407487, 37.80793 ], [ -122.407432, 37.807904 ], [ -122.407355, 37.808049 ], [ -122.406644, 37.807818 ], [ -122.406816, 37.809995 ], [ -122.406787, 37.810017 ], [ -122.406179, 37.810069 ], [ -122.406147, 37.810046 ], [ -122.406126, 37.810037 ], [ -122.40612, 37.810019 ], [ -122.405904, 37.80716 ], [ -122.405322, 37.806867 ], [ -122.404397, 37.808858 ], [ -122.404375, 37.808871 ], [ -122.404345, 37.808871 ], [ -122.404317, 37.808819 ], [ -122.403929, 37.808759 ], [ -122.403909, 37.80874 ], [ -122.403908, 37.808714 ], [ -122.404717, 37.806971 ], [ -122.403956, 37.806579 ], [ -122.40276, 37.808016 ], [ -122.40273, 37.808024 ], [ -122.402704, 37.808017 ], [ -122.402352, 37.807836 ], [ -122.40234, 37.807809 ], [ -122.402346, 37.80778 ], [ -122.403422, 37.806471 ], [ -122.402804, 37.806023 ], [ -122.40094, 37.807639 ], [ -122.400912, 37.807639 ], [ -122.400399, 37.807262 ], [ -122.400589, 37.806022 ], [ -122.401787, 37.805314 ], [ -122.40227, 37.805127 ], [ -122.403155, 37.805122 ], [ -122.403495, 37.805089 ], [ -122.403494, 37.805327 ], [ -122.404323, 37.805957 ], [ -122.404534, 37.80611 ], [ -122.40549, 37.806592 ], [ -122.405659, 37.806674 ], [ -122.405865, 37.806581 ], [ -122.407146, 37.806428 ], [ -122.408609, 37.806243 ], [ -122.409487, 37.806132 ], [ -122.410311, 37.806028 ], [ -122.41195, 37.805825 ], [ -122.413604, 37.805618 ], [ -122.415241, 37.805417 ], [ -122.416888, 37.805212 ], [ -122.417226, 37.80517 ], [ -122.418381, 37.805977 ], [ -122.418718, 37.805932 ], [ -122.418782, 37.806241 ] ] ] } },
{ "type": "Feature", "properties": { "BlockGroup": 60750101002 }, "geometry": { "type": "Polygon", "coordinates": [ [ [ -122.416051, 37.804356 ], [ -122.416818, 37.804887 ], [ -122.416888, 37.805212 ], [ -122.415241, 37.805417 ], [ -122.413604, 37.805618 ], [ -122.41195, 37.805825 ], [ -122.410311, 37.806028 ], [ -122.409487, 37.806132 ], [ -122.408609, 37.806243 ], [ -122.407146, 37.806428 ], [ -122.405865, 37.806581 ], [ -122.405659, 37.806674 ], [ -122.40549, 37.806592 ], [ -122.404534, 37.80611 ], [ -122.404323, 37.805957 ], [ -122.403494, 37.805327 ], [ -122.403495, 37.805089 ], [ -122.405174, 37.804763 ], [ -122.405954, 37.804664 ], [ -122.406256, 37.804606 ], [ -122.406625, 37.804535 ], [ -122.4067, 37.804495 ], [ -122.40675, 37.804455 ], [ -122.407531, 37.804466 ], [ -122.408332, 37.804367 ], [ -122.409325, 37.804243 ], [ -122.409936, 37.804168 ], [ -122.411581, 37.803963 ], [ -122.41285, 37.803807 ], [ -122.413223, 37.803761 ], [ -122.413718, 37.803695 ], [ -122.414877, 37.803542 ], [ -122.415446, 37.803937 ], [ -122.416051, 37.804356 ] ] ] } },
{ "type": "Feature", "properties": { "BlockGroup": 60750102001 }, "geometry": { "type": "MultiPolygon", "coordinates": [ [ [ [ -122.421434, 37.802612 ], [ -122.42148, 37.802695 ], [ -122.421444, 37.80281 ], [ -122.421504, 37.803264 ], [ -122.421568, 37.803401 ], [ -122.421659, 37.803495 ], [ -122.42177, 37.803543 ], [ -122.42183, 37.803546 ], [ -122.421715, 37.804008 ], [ -122.421815, 37.804565 ], [ -122.421919, 37.805069 ], [ -122.422007, 37.805497 ], [ -122.422196, 37.806436 ], [ -122.423845, 37.806222 ], [ -122.424854, 37.806091 ], [ -122.425843, 37.806878 ], [ -122.426222, 37.8073 ], [ -122.426513, 37.80792 ], [ -122.426613, 37.808152 ], [ -122.426473, 37.808071 ], [ -122.426465, 37.808015 ], [ -122.426421, 37.807832 ], [ -122.426356, 37.807652 ], [ -122.426325, 37.807581 ], [ -122.426289, 37.807546 ], [ -122.426118, 37.807641 ], [ -122.426005, 37.807512 ], [ -122.425948, 37.807541 ], [ -122.426073, 37.80768 ], [ -122.426045, 37.807693 ], [ -122.425788, 37.807406 ], [ -122.425811, 37.807394 ], [ -122.425842, 37.807428 ], [ -122.425868, 37.807413 ], [ -122.425917, 37.807465 ], [ -122.425895, 37.807479 ], [ -122.425932, 37.807524 ], [ -122.425979, 37.807494 ], [ -122.425942, 37.807453 ], [ -122.426098, 37.807361 ], [ -122.426131, 37.807352 ], [ -122.425943, 37.807202 ], [ -122.425744, 37.807069 ], [ -122.425531, 37.80695 ], [ -122.425305, 37.806846 ], [ -122.425069, 37.806758 ], [ -122.424802, 37.806681 ], [ -122.424632, 37.806641 ], [ -122.424429, 37.806613 ], [ -122.424253, 37.806605 ], [ -122.424077, 37.806611 ], [ -122.423992, 37.806621 ], [ -122.423902, 37.806631 ], [ -122.42376, 37.806659 ], [ -122.423706, 37.806673 ], [ -122.4234, 37.806799 ], [ -122.423156, 37.806918 ], [ -122.422808, 37.807118 ], [ -122.422411, 37.807382 ], [ -122.422359, 37.807419 ], [ -122.42216, 37.807561 ], [ -122.421917, 37.807747 ], [ -122.421544, 37.808056 ], [ -122.421532, 37.808072 ], [ -122.42179, 37.808374 ], [ -122.421759, 37.808395 ], [ -122.421493, 37.80811 ], [ -122.421324, 37.808279 ], [ -122.421367, 37.808321 ], [ -122.421417, 37.808346 ], [ -122.42155, 37.808461 ], [ -122.421521, 37.80848 ], [ -122.421585, 37.808543 ], [ -122.421559, 37.80856 ], [ -122.421495, 37.808497 ], [ -122.421472, 37.808513 ], [ -122.421366, 37.80839 ], [ -122.421339, 37.808345 ], [ -122.421301, 37.808302 ], [ -122.421061, 37.808563 ], [ -122.421066, 37.808618 ], [ -122.421102, 37.808804 ], [ -122.421495, 37.809133 ], [ -122.421448, 37.809163 ], [ -122.422886, 37.810219 ], [ -122.422844, 37.810256 ], [ -122.421366, 37.809161 ], [ -122.42121, 37.80919 ], [ -122.421036, 37.808957 ], [ -122.420944, 37.808967 ], [ -122.420911, 37.808797 ], [ -122.420858, 37.808796 ], [ -122.420717, 37.8089 ], [ -122.42076, 37.809085 ], [ -122.420694, 37.80908 ], [ -122.420677, 37.809022 ], [ -122.420416, 37.809021 ], [ -122.420361, 37.809004 ], [ -122.420385, 37.808934 ], [ -122.420668, 37.808958 ], [ -122.420635, 37.808756 ], [ -122.420541, 37.808769 ], [ -122.420508, 37.808577 ], [ -122.420462, 37.808303 ], [ -122.419224, 37.808453 ], [ -122.41921, 37.808388 ], [ -122.419086, 37.807803 ], [ -122.418908, 37.806863 ], [ -122.418782, 37.806241 ], [ -122.418718, 37.805932 ], [ -122.418531, 37.804999 ], [ -122.418445, 37.80458 ], [ -122.418341, 37.80407 ], [ -122.418281, 37.804023 ], [ -122.418216, 37.803687 ], [ -122.418256, 37.80365 ], [ -122.418151, 37.803135 ], [ -122.417966, 37.802201 ], [ -122.417877, 37.801707 ], [ -122.417799, 37.801267 ], [ -122.418674, 37.801157 ], [ -122.419072, 37.801107 ], [ -122.419425, 37.801062 ], [ -122.420955, 37.800874 ], [ -122.421063, 37.800834 ], [ -122.421258, 37.801758 ], [ -122.421434, 37.802612 ] ] ], [ [ [ -122.426277, 37.810213 ], [ -122.42622, 37.81027 ], [ -122.426166, 37.810313 ], [ -122.426148, 37.810335 ], [ -122.426005, 37.810442 ], [ -122.425875, 37.810521 ], [ -122.425737, 37.810592 ], [ -122.425563, 37.810663 ], [ -122.42538, 37.810719 ], [ -122.425222, 37.810755 ], [ -122.425061, 37.810779 ], [ -122.424898, 37.810792 ], [ -122.424876, 37.810799 ], [ -122.424714, 37.810788 ], [ -122.424597, 37.810769 ], [ -122.424471, 37.810733 ], [ -122.424431, 37.810717 ], [ -122.424408, 37.81072 ], [ -122.4244, 37.810703 ], [ -122.424359, 37.810673 ], [ -122.424322, 37.810626 ], [ -122.42431, 37.8106 ], [ -122.424299, 37.810553 ], [ -122.424305, 37.810507 ], [ -122.424331, 37.810461 ], [ -122.424375, 37.810424 ], [ -122.424432, 37.810401 ], [ -122.424485, 37.810393 ], [ -122.424545, 37.810399 ], [ -122.424595, 37.810416 ], [ -122.424641, 37.810448 ], [ -122.424672, 37.810489 ], [ -122.424685, 37.810534 ], [ -122.424686, 37.810561 ], [ -122.424696, 37.810591 ], [ -122.424723, 37.810615 ], [ -122.424752, 37.810625 ], [ -122.424839, 37.810627 ], [ -122.424913, 37.810626 ], [ -122.425086, 37.810609 ], [ -122.425257, 37.810577 ], [ -122.425422, 37.810532 ], [ -122.425606, 37.810462 ], [ -122.425753, 37.810388 ], [ -122.425869, 37.810317 ], [ -122.425976, 37.810239 ], [ -122.426033, 37.810212 ], [ -122.426044, 37.81018 ], [ -122.426174, 37.810047 ], [ -122.426289, 37.809905 ], [ -122.426388, 37.809756 ], [ -122.426471, 37.8096 ], [ -122.426484, 37.809567 ], [ -122.426671, 37.809639 ], [ -122.426625, 37.80974 ], [ -122.426527, 37.809905 ], [ -122.42641, 37.810064 ], [ -122.426277, 37.810213 ] ] ] ] } },
{ "type": "Feature", "properties": { "BlockGroup": 60750102002 }, "geometry": { "type": "Polygon", "coordinates": [ [ [ -122.424359, 37.800415 ], [ -122.42448, 37.800495 ], [ -122.424623, 37.801201 ], [ -122.424538, 37.801304 ], [ -122.424668, 37.801426 ], [ -122.424815, 37.802175 ], [ -122.424731, 37.802281 ], [ -122.423088, 37.80249 ], [ -122.422527, 37.802561 ], [ -122.422293, 37.802591 ], [ -122.422191, 37.802604 ], [ -122.422164, 37.802616 ], [ -122.421768, 37.80265 ], [ -122.421751, 37.802652 ], [ -122.42148, 37.802695 ], [ -122.421434, 37.802612 ], [ -122.421258, 37.801758 ], [ -122.421063, 37.800834 ], [ -122.420955, 37.800874 ], [ -122.419425, 37.801062 ], [ -122.419072, 37.801107 ], [ -122.418674, 37.801157 ], [ -122.417799, 37.801267 ], [ -122.417702, 37.800844 ], [ -122.417587, 37.800341 ], [ -122.419233, 37.800134 ], [ -122.420305, 37.799998 ], [ -122.420769, 37.799939 ], [ -122.420883, 37.799902 ], [ -122.422525, 37.799694 ], [ -122.424171, 37.799485 ], [ -122.424292, 37.799565 ], [ -122.424443, 37.800312 ], [ -122.424359, 37.800415 ] ] ] } },
{ "type": "Feature", "properties": { "BlockGroup": 60750102003 }, "geometry": { "type": "Polygon", "coordinates": [ [ [ -122.424919, 37.803206 ], [ -122.425042, 37.803293 ], [ -122.425191, 37.804027 ], [ -122.42511, 37.804146 ], [ -122.425231, 37.804226 ], [ -122.425382, 37.804971 ], [ -122.425299, 37.805078 ], [ -122.425488, 37.80601 ], [ -122.425628, 37.806456 ], [ -122.42578, 37.806715 ], [ -122.426257, 37.807185 ], [ -122.426489, 37.807652 ], [ -122.426592, 37.808066 ], [ -122.426613, 37.808152 ], [ -122.426513, 37.80792 ], [ -122.426222, 37.8073 ], [ -122.425843, 37.806878 ], [ -122.424854, 37.806091 ], [ -122.423845, 37.806222 ], [ -122.422196, 37.806436 ], [ -122.422007, 37.805497 ], [ -122.421919, 37.805069 ], [ -122.421815, 37.804565 ], [ -122.421715, 37.804008 ], [ -122.42183, 37.803546 ], [ -122.42177, 37.803543 ], [ -122.421659, 37.803495 ], [ -122.421568, 37.803401 ], [ -122.421504, 37.803264 ], [ -122.421444, 37.80281 ], [ -122.42148, 37.802695 ], [ -122.421751, 37.802652 ], [ -122.421768, 37.80265 ], [ -122.422164, 37.802616 ], [ -122.422191, 37.802604 ], [ -122.422293, 37.802591 ], [ -122.422527, 37.802561 ], [ -122.423088, 37.80249 ], [ -122.424731, 37.802281 ], [ -122.424853, 37.802361 ], [ -122.425004, 37.803107 ], [ -122.424919, 37.803206 ] ] ] } },
{ "type": "Feature", "properties": { "BlockGroup": 60750103001 }, "geometry": { "type": "Polygon", "coordinates": [ [ [ -122.418151, 37.803135 ], [ -122.418256, 37.80365 ], [ -122.418216, 37.803687 ], [ -122.418281, 37.804023 ], [ -122.418341, 37.80407 ], [ -122.418445, 37.80458 ], [ -122.418531, 37.804999 ], [ -122.418718, 37.805932 ], [ -122.418381, 37.805977 ], [ -122.417226, 37.80517 ], [ -122.416888, 37.805212 ], [ -122.416818, 37.804887 ], [ -122.416051, 37.804356 ], [ -122.415446, 37.803937 ], [ -122.414877, 37.803542 ], [ -122.413719, 37.802743 ], [ -122.412908, 37.802184 ], [ -122.412849, 37.801893 ], [ -122.413671, 37.801791 ], [ -122.414492, 37.801689 ], [ -122.41495, 37.801631 ], [ -122.416133, 37.801481 ], [ -122.416663, 37.801413 ], [ -122.417799, 37.801267 ], [ -122.417877, 37.801707 ], [ -122.417966, 37.802201 ], [ -122.418151, 37.803135 ] ] ] } },
{ "type": "Feature", "properties": { "BlockGroup": 60750103002 }, "geometry": { "type": "Polygon", "coordinates": [ [ [ -122.414214, 37.80029 ], [ -122.414303, 37.800758 ], [ -122.414876, 37.800684 ], [ -122.415943, 37.800547 ], [ -122.416458, 37.800482 ], [ -122.416648, 37.800459 ], [ -122.417587, 37.800341 ], [ -122.417702, 37.800844 ], [ -122.417799, 37.801267 ], [ -122.416663, 37.801413 ], [ -122.416133, 37.801481 ], [ -122.41495, 37.801631 ], [ -122.414492, 37.801689 ], [ -122.413671, 37.801791 ], [ -122.412849, 37.801893 ], [ -122.412754, 37.80143 ], [ -122.41266, 37.800965 ], [ -122.41253, 37.800323 ], [ -122.412471, 37.800032 ], [ -122.41412, 37.799824 ], [ -122.414214, 37.80029 ] ] ] } },
{ "type": "Feature", "properties": { "BlockGroup": 60750103003 }, "geometry": { "type": "Polygon", "coordinates": [ [ [ -122.412471, 37.800032 ], [ -122.412418, 37.799765 ], [ -122.412408, 37.799718 ], [ -122.412283, 37.799096 ], [ -122.412935, 37.799014 ], [ -122.413931, 37.798888 ], [ -122.414573, 37.798806 ], [ -122.415572, 37.79868 ], [ -122.417218, 37.798472 ], [ -122.417312, 37.798942 ], [ -122.417349, 37.799127 ], [ -122.417388, 37.799317 ], [ -122.417385, 37.799414 ], [ -122.417493, 37.799906 ], [ -122.417587, 37.800341 ], [ -122.416648, 37.800459 ], [ -122.416458, 37.800482 ], [ -122.415943, 37.800547 ], [ -122.414876, 37.800684 ], [ -122.414303, 37.800758 ], [ -122.414214, 37.80029 ], [ -122.41412, 37.799824 ], [ -122.412471, 37.800032 ] ] ] } },
{ "type": "Feature", "properties": { "BlockGroup": 60750104001 }, "geometry": { "type": "Polygon", "coordinates": [ [ [ -122.412908, 37.802184 ], [ -122.413719, 37.802743 ], [ -122.414877, 37.803542 ], [ -122.413718, 37.803695 ], [ -122.413223, 37.803761 ], [ -122.41285, 37.803807 ], [ -122.411581, 37.803963 ], [ -122.41148, 37.803472 ], [ -122.411389, 37.803034 ], [ -122.411203, 37.802101 ], [ -122.411019, 37.80117 ], [ -122.411376, 37.801125 ], [ -122.412541, 37.801931 ], [ -122.412908, 37.802184 ] ] ] } },
{ "type": "Feature", "properties": { "BlockGroup": 60750104002 }, "geometry": { "type": "Polygon", "coordinates": [ [ [ -122.408929, 37.801426 ], [ -122.409369, 37.801371 ], [ -122.411019, 37.80117 ], [ -122.411203, 37.802101 ], [ -122.411389, 37.803034 ], [ -122.41148, 37.803472 ], [ -122.411581, 37.803963 ], [ -122.409936, 37.804168 ], [ -122.409325, 37.804243 ], [ -122.408332, 37.804367 ], [ -122.408245, 37.803926 ], [ -122.408146, 37.803433 ], [ -122.408075, 37.803085 ], [ -122.408029, 37.802863 ], [ -122.407956, 37.802505 ], [ -122.4079, 37.802223 ], [ -122.407896, 37.802203 ], [ -122.40777, 37.801571 ], [ -122.408133, 37.801525 ], [ -122.408552, 37.801473 ], [ -122.408929, 37.801426 ] ] ] } },
{ "type": "Feature", "properties": { "BlockGroup": 60750104003 }, "geometry": { "type": "Polygon", "coordinates": [ [ [ -122.408029, 37.802863 ], [ -122.408075, 37.803085 ], [ -122.408146, 37.803433 ], [ -122.408245, 37.803926 ], [ -122.408332, 37.804367 ], [ -122.407531, 37.804466 ], [ -122.40675, 37.804455 ], [ -122.4067, 37.804495 ], [ -122.406625, 37.804535 ], [ -122.406256, 37.804606 ], [ -122.405954, 37.804664 ], [ -122.405174, 37.804763 ], [ -122.404986, 37.803833 ], [ -122.404798, 37.802901 ], [ -122.403521, 37.803055 ], [ -122.40316, 37.803098 ], [ -122.402974, 37.802167 ], [ -122.402881, 37.801698 ], [ -122.40279, 37.801242 ], [ -122.403168, 37.801196 ], [ -122.403615, 37.801142 ], [ -122.40443, 37.801038 ], [ -122.404864, 37.800982 ], [ -122.40524, 37.800934 ], [ -122.406024, 37.800835 ], [ -122.406199, 37.80172 ], [ -122.406217, 37.801748 ], [ -122.406249, 37.801765 ], [ -122.406287, 37.801766 ], [ -122.406527, 37.801735 ], [ -122.406988, 37.801674 ], [ -122.407461, 37.801611 ], [ -122.40777, 37.801571 ], [ -122.407896, 37.802203 ], [ -122.4079, 37.802223 ], [ -122.407956, 37.802505 ], [ -122.408029, 37.802863 ] ] ] } },
{ "type": "Feature", "properties": { "BlockGroup": 60750104004 }, "geometry": { "type": "Polygon", "coordinates": [ [ [ -122.405645, 37.798969 ], [ -122.405797, 37.799721 ], [ -122.405834, 37.799901 ], [ -122.406024, 37.800835 ], [ -122.40524, 37.800934 ], [ -122.404864, 37.800982 ], [ -122.40443, 37.801038 ], [ -122.403615, 37.801142 ], [ -122.403168, 37.801196 ], [ -122.40279, 37.801242 ], [ -122.402604, 37.800307 ], [ -122.402421, 37.799382 ], [ -122.403253, 37.799274 ], [ -122.403645, 37.799224 ], [ -122.40369, 37.799218 ], [ -122.404053, 37.799172 ], [ -122.404633, 37.799098 ], [ -122.405645, 37.798969 ] ] ] } },
{ "type": "Feature", "properties": { "BlockGroup": 60750105001 }, "geometry": { "type": "Polygon", "coordinates": [ [ [ -122.402421, 37.799382 ], [ -122.402604, 37.800307 ], [ -122.40279, 37.801242 ], [ -122.402881, 37.801698 ], [ -122.402974, 37.802167 ], [ -122.40316, 37.803098 ], [ -122.403521, 37.803055 ], [ -122.404798, 37.802901 ], [ -122.404986, 37.803833 ], [ -122.405174, 37.804763 ], [ -122.403495, 37.805089 ], [ -122.403155, 37.805122 ], [ -122.40227, 37.805127 ], [ -122.401787, 37.805314 ], [ -122.400589, 37.806022 ], [ -122.400964, 37.803564 ], [ -122.400843, 37.803429 ], [ -122.40048, 37.803466 ], [ -122.398543, 37.804606 ], [ -122.398511, 37.804597 ], [ -122.398559, 37.804526 ], [ -122.398224, 37.804275 ], [ -122.398225, 37.804256 ], [ -122.398241, 37.804243 ], [ -122.399972, 37.803225 ], [ -122.399602, 37.802808 ], [ -122.397814, 37.803814 ], [ -122.397791, 37.80381 ], [ -122.397512, 37.803487 ], [ -122.397515, 37.803469 ], [ -122.399616, 37.802282 ], [ -122.399724, 37.802176 ], [ -122.399409, 37.801825 ], [ -122.399303, 37.80184 ], [ -122.399193, 37.801872 ], [ -122.399152, 37.801889 ], [ -122.397107, 37.803024 ], [ -122.397084, 37.803021 ], [ -122.396143, 37.801955 ], [ -122.396156, 37.80192 ], [ -122.398384, 37.800673 ], [ -122.397989, 37.80023 ], [ -122.395757, 37.801476 ], [ -122.395734, 37.801472 ], [ -122.39544, 37.80116 ], [ -122.395444, 37.801142 ], [ -122.397542, 37.799958 ], [ -122.397602, 37.799901 ], [ -122.397642, 37.799842 ], [ -122.397382, 37.799549 ], [ -122.397363, 37.79956 ], [ -122.397302, 37.799492 ], [ -122.39767, 37.799234 ], [ -122.398044, 37.799026 ], [ -122.398117, 37.79899 ], [ -122.398216, 37.798956 ], [ -122.398297, 37.798938 ], [ -122.398696, 37.798881 ], [ -122.399873, 37.798729 ], [ -122.399686, 37.797807 ], [ -122.399507, 37.796926 ], [ -122.400681, 37.796777 ], [ -122.400863, 37.797654 ], [ -122.402041, 37.797505 ], [ -122.402192, 37.79825 ], [ -122.402229, 37.79843 ], [ -122.402421, 37.799382 ] ] ] } },
{ "type": "Feature", "properties": { "BlockGroup": 60750105002 }, "geometry": { "type": "Polygon", "coordinates": [ [ [ -122.400413, 37.795448 ], [ -122.400486, 37.795875 ], [ -122.400681, 37.796777 ], [ -122.399507, 37.796926 ], [ -122.399686, 37.797807 ], [ -122.399873, 37.798729 ], [ -122.398696, 37.798881 ], [ -122.398297, 37.798938 ], [ -122.398216, 37.798956 ], [ -122.398117, 37.79899 ], [ -122.398044, 37.799026 ], [ -122.39767, 37.799234 ], [ -122.397302, 37.799492 ], [ -122.397257, 37.799442 ], [ -122.396973, 37.79961 ], [ -122.396897, 37.799633 ], [ -122.396944, 37.799579 ], [ -122.397251, 37.799401 ], [ -122.396741, 37.798834 ], [ -122.396702, 37.798856 ], [ -122.39667, 37.798822 ], [ -122.396619, 37.798849 ], [ -122.396595, 37.798848 ], [ -122.396579, 37.798833 ], [ -122.39571, 37.799334 ], [ -122.395682, 37.799401 ], [ -122.395581, 37.799459 ], [ -122.395492, 37.799462 ], [ -122.394471, 37.800049 ], [ -122.394486, 37.800063 ], [ -122.394463, 37.80011 ], [ -122.394496, 37.800144 ], [ -122.394437, 37.800182 ], [ -122.394338, 37.800158 ], [ -122.394252, 37.800074 ], [ -122.394244, 37.799994 ], [ -122.394306, 37.799956 ], [ -122.39434, 37.799987 ], [ -122.394406, 37.799984 ], [ -122.394422, 37.799997 ], [ -122.395444, 37.799408 ], [ -122.395461, 37.799349 ], [ -122.395565, 37.799287 ], [ -122.395651, 37.799284 ], [ -122.396138, 37.799011 ], [ -122.396526, 37.798778 ], [ -122.396507, 37.798754 ], [ -122.396514, 37.798736 ], [ -122.396562, 37.798709 ], [ -122.396529, 37.798675 ], [ -122.396574, 37.79865 ], [ -122.396499, 37.798568 ], [ -122.396467, 37.798586 ], [ -122.396357, 37.798472 ], [ -122.396393, 37.798452 ], [ -122.395861, 37.797871 ], [ -122.395738, 37.79789 ], [ -122.39564, 37.797918 ], [ -122.395537, 37.797962 ], [ -122.393832, 37.798942 ], [ -122.393808, 37.798937 ], [ -122.393553, 37.798652 ], [ -122.393559, 37.798634 ], [ -122.395455, 37.797549 ], [ -122.395493, 37.79747 ], [ -122.395423, 37.797393 ], [ -122.395304, 37.797394 ], [ -122.395132, 37.797495 ], [ -122.394996, 37.797341 ], [ -122.395177, 37.797236 ], [ -122.395204, 37.797153 ], [ -122.395175, 37.797121 ], [ -122.395016, 37.797124 ], [ -122.394842, 37.797228 ], [ -122.394877, 37.797258 ], [ -122.393204, 37.798251 ], [ -122.393181, 37.798248 ], [ -122.39292, 37.797971 ], [ -122.392922, 37.797953 ], [ -122.392935, 37.797937 ], [ -122.393023, 37.797892 ], [ -122.393418, 37.797664 ], [ -122.393616, 37.797493 ], [ -122.393858, 37.797294 ], [ -122.394535, 37.796891 ], [ -122.394518, 37.796875 ], [ -122.394797, 37.796709 ], [ -122.394681, 37.796582 ], [ -122.393517, 37.797258 ], [ -122.393551, 37.797294 ], [ -122.393169, 37.797508 ], [ -122.393092, 37.797426 ], [ -122.393469, 37.797208 ], [ -122.393491, 37.797233 ], [ -122.394127, 37.796863 ], [ -122.393932, 37.796649 ], [ -122.39385, 37.796688 ], [ -122.393743, 37.796575 ], [ -122.393881, 37.796507 ], [ -122.393598, 37.796198 ], [ -122.393524, 37.796237 ], [ -122.393397, 37.796098 ], [ -122.393482, 37.796057 ], [ -122.393263, 37.795831 ], [ -122.393199, 37.795863 ], [ -122.393014, 37.795655 ], [ -122.393055, 37.795628 ], [ -122.392998, 37.795561 ], [ -122.39159, 37.796205 ], [ -122.391196, 37.795779 ], [ -122.392411, 37.79482 ], [ -122.392267, 37.794668 ], [ -122.391941, 37.794854 ], [ -122.391649, 37.794547 ], [ -122.391828, 37.794445 ], [ -122.391802, 37.794417 ], [ -122.391946, 37.794335 ], [ -122.39179, 37.794171 ], [ -122.391734, 37.794203 ], [ -122.391667, 37.794132 ], [ -122.391722, 37.794101 ], [ -122.391672, 37.794048 ], [ -122.391982, 37.793872 ], [ -122.392181, 37.793928 ], [ -122.392499, 37.793769 ], [ -122.393181, 37.79323 ], [ -122.393819, 37.793738 ], [ -122.394748, 37.79448 ], [ -122.39486, 37.794459 ], [ -122.395705, 37.793793 ], [ -122.396278, 37.793342 ], [ -122.396302, 37.793256 ], [ -122.39639, 37.793664 ], [ -122.396586, 37.794588 ], [ -122.397796, 37.794434 ], [ -122.39897, 37.794284 ], [ -122.400149, 37.794134 ], [ -122.400239, 37.794575 ], [ -122.400329, 37.795013 ], [ -122.400413, 37.795448 ] ] ] } },
{ "type": "Feature", "properties": { "BlockGroup": 60750106001 }, "geometry": { "type": "Polygon", "coordinates": [ [ [ -122.40683, 37.798823 ], [ -122.407206, 37.798776 ], [ -122.407395, 37.799704 ], [ -122.407584, 37.800638 ], [ -122.407645, 37.800943 ], [ -122.407736, 37.8014 ], [ -122.40777, 37.801571 ], [ -122.407461, 37.801611 ], [ -122.406988, 37.801674 ], [ -122.406527, 37.801735 ], [ -122.406287, 37.801766 ], [ -122.406249, 37.801765 ], [ -122.406217, 37.801748 ], [ -122.406199, 37.80172 ], [ -122.406024, 37.800835 ], [ -122.405834, 37.799901 ], [ -122.405797, 37.799721 ], [ -122.405645, 37.798969 ], [ -122.405972, 37.798929 ], [ -122.40643, 37.798872 ], [ -122.40683, 37.798823 ] ] ] } },
{ "type": "Feature", "properties": { "BlockGroup": 60750106002 }, "geometry": { "type": "Polygon", "coordinates": [ [ [ -122.406668, 37.797865 ], [ -122.406231, 37.79792 ], [ -122.406373, 37.798589 ], [ -122.40643, 37.798872 ], [ -122.405972, 37.798929 ], [ -122.405645, 37.798969 ], [ -122.404633, 37.799098 ], [ -122.404053, 37.799172 ], [ -122.40369, 37.799218 ], [ -122.403645, 37.799224 ], [ -122.403253, 37.799274 ], [ -122.402421, 37.799382 ], [ -122.402229, 37.79843 ], [ -122.402192, 37.79825 ], [ -122.402041, 37.797505 ], [ -122.402887, 37.797396 ], [ -122.403676, 37.797298 ], [ -122.404058, 37.79725 ], [ -122.40477, 37.79716 ], [ -122.405318, 37.79709 ], [ -122.405513, 37.797065 ], [ -122.406226, 37.797559 ], [ -122.406668, 37.797865 ] ] ] } },
{ "type": "Feature", "properties": { "BlockGroup": 60750106003 }, "geometry": { "type": "Polygon", "coordinates": [ [ [ -122.410207, 37.800315 ], [ -122.410954, 37.800833 ], [ -122.411376, 37.801125 ], [ -122.411019, 37.80117 ], [ -122.409369, 37.801371 ], [ -122.408929, 37.801426 ], [ -122.408552, 37.801473 ], [ -122.408133, 37.801525 ], [ -122.40777, 37.801571 ], [ -122.407736, 37.8014 ], [ -122.407645, 37.800943 ], [ -122.407584, 37.800638 ], [ -122.407395, 37.799704 ], [ -122.407206, 37.798776 ], [ -122.40683, 37.798823 ], [ -122.40643, 37.798872 ], [ -122.406373, 37.798589 ], [ -122.406231, 37.79792 ], [ -122.406668, 37.797865 ], [ -122.407083, 37.798152 ], [ -122.407869, 37.798697 ], [ -122.409014, 37.79949 ], [ -122.410207, 37.800315 ] ] ] } },
{ "type": "Feature", "properties": { "BlockGroup": 60750107001 }, "geometry": { "type": "Polygon", "coordinates": [ [ [ -122.410207, 37.800315 ], [ -122.409014, 37.79949 ], [ -122.409834, 37.799396 ], [ -122.410644, 37.799303 ], [ -122.411439, 37.799202 ], [ -122.411941, 37.799139 ], [ -122.412283, 37.799096 ], [ -122.412408, 37.799718 ], [ -122.412418, 37.799765 ], [ -122.412471, 37.800032 ], [ -122.41253, 37.800323 ], [ -122.41266, 37.800965 ], [ -122.412754, 37.80143 ], [ -122.412849, 37.801893 ], [ -122.412908, 37.802184 ], [ -122.412541, 37.801931 ], [ -122.411376, 37.801125 ], [ -122.410954, 37.800833 ], [ -122.410207, 37.800315 ] ] ] } },
{ "type": "Feature", "properties": { "BlockGroup": 60750107002 }, "geometry": { "type": "Polygon", "coordinates": [ [ [ -122.411803, 37.79729 ], [ -122.411888, 37.797132 ], [ -122.412074, 37.798057 ], [ -122.412096, 37.798165 ], [ -122.412283, 37.799096 ], [ -122.411941, 37.799139 ], [ -122.411439, 37.799202 ], [ -122.410644, 37.799303 ], [ -122.409834, 37.799396 ], [ -122.409014, 37.79949 ], [ -122.407869, 37.798697 ], [ -122.407945, 37.798687 ], [ -122.408808, 37.798571 ], [ -122.409639, 37.798471 ], [ -122.409879, 37.798442 ], [ -122.410456, 37.798373 ], [ -122.410264, 37.79742 ], [ -122.410408, 37.79745 ], [ -122.41105, 37.797314 ], [ -122.411199, 37.797329 ], [ -122.411344, 37.797343 ], [ -122.411803, 37.79729 ] ] ] } },
{ "type": "Feature", "properties": { "BlockGroup": 60750107003 }, "geometry": { "type": "Polygon", "coordinates": [ [ [ -122.409689, 37.797493 ], [ -122.409001, 37.79758 ], [ -122.408619, 37.797628 ], [ -122.407752, 37.797733 ], [ -122.407016, 37.797822 ], [ -122.407031, 37.797896 ], [ -122.407083, 37.798152 ], [ -122.406668, 37.797865 ], [ -122.406226, 37.797559 ], [ -122.405513, 37.797065 ], [ -122.406527, 37.796944 ], [ -122.406828, 37.796902 ], [ -122.407481, 37.796821 ], [ -122.40762, 37.796804 ], [ -122.407733, 37.79679 ], [ -122.408431, 37.796704 ], [ -122.408754, 37.796662 ], [ -122.408849, 37.79665 ], [ -122.409251, 37.796599 ], [ -122.410076, 37.796493 ], [ -122.410511, 37.796443 ], [ -122.410892, 37.796395 ], [ -122.411719, 37.796291 ], [ -122.411883, 37.797105 ], [ -122.411888, 37.797132 ], [ -122.411803, 37.79729 ], [ -122.411344, 37.797343 ], [ -122.411199, 37.797329 ], [ -122.41105, 37.797314 ], [ -122.410408, 37.79745 ], [ -122.410264, 37.79742 ], [ -122.409689, 37.797493 ] ] ] } },
{ "type": "Feature", "properties": { "BlockGroup": 60750107004 }, "geometry": { "type": "Polygon", "coordinates": [ [ [ -122.410264, 37.79742 ], [ -122.410456, 37.798373 ], [ -122.409879, 37.798442 ], [ -122.409639, 37.798471 ], [ -122.408808, 37.798571 ], [ -122.407945, 37.798687 ], [ -122.407869, 37.798697 ], [ -122.407083, 37.798152 ], [ -122.407031, 37.797896 ], [ -122.407016, 37.797822 ], [ -122.407752, 37.797733 ], [ -122.408619, 37.797628 ], [ -122.409001, 37.79758 ], [ -122.409689, 37.797493 ], [ -122.410264, 37.79742 ] ] ] } },
{ "type": "Feature", "properties": { "BlockGroup": 60750108001 }, "geometry": { "type": "Polygon", "coordinates": [ [ [ -122.416936, 37.797075 ], [ -122.41703, 37.797541 ], [ -122.417218, 37.798472 ], [ -122.415572, 37.79868 ], [ -122.414573, 37.798806 ], [ -122.413931, 37.798888 ], [ -122.412935, 37.799014 ], [ -122.412283, 37.799096 ], [ -122.412096, 37.798165 ], [ -122.412074, 37.798057 ], [ -122.411888, 37.797132 ], [ -122.412044, 37.797257 ], [ -122.412381, 37.797215 ], [ -122.412993, 37.797139 ], [ -122.413504, 37.797074 ], [ -122.413559, 37.797039 ], [ -122.413613, 37.797003 ], [ -122.414472, 37.796893 ], [ -122.414501, 37.79689 ], [ -122.415193, 37.796805 ], [ -122.416839, 37.796596 ], [ -122.416931, 37.797051 ], [ -122.416936, 37.797075 ] ] ] } },
{ "type": "Feature", "properties": { "BlockGroup": 60750108002 }, "geometry": { "type": "Polygon", "coordinates": [ [ [ -122.416704, 37.795925 ], [ -122.416741, 37.79611 ], [ -122.416819, 37.796499 ], [ -122.416839, 37.796596 ], [ -122.415193, 37.796805 ], [ -122.414501, 37.79689 ], [ -122.414472, 37.796893 ], [ -122.413613, 37.797003 ], [ -122.413559, 37.797039 ], [ -122.413504, 37.797074 ], [ -122.412993, 37.797139 ], [ -122.412381, 37.797215 ], [ -122.412044, 37.797257 ], [ -122.411888, 37.797132 ], [ -122.411883, 37.797105 ], [ -122.411719, 37.796291 ], [ -122.412177, 37.796233 ], [ -122.412504, 37.796192 ], [ -122.412541, 37.796187 ], [ -122.412797, 37.796155 ], [ -122.413366, 37.796084 ], [ -122.414277, 37.795969 ], [ -122.415005, 37.795877 ], [ -122.414826, 37.794988 ], [ -122.416473, 37.794777 ], [ -122.416653, 37.79567 ], [ -122.416704, 37.795925 ] ] ] } },
{ "type": "Feature", "properties": { "BlockGroup": 60750108003 }, "geometry": { "type": "Polygon", "coordinates": [ [ [ -122.416292, 37.793892 ], [ -122.416473, 37.794777 ], [ -122.414826, 37.794988 ], [ -122.415005, 37.795877 ], [ -122.414277, 37.795969 ], [ -122.413366, 37.796084 ], [ -122.412797, 37.796155 ], [ -122.412541, 37.796187 ], [ -122.412504, 37.796192 ], [ -122.412177, 37.796233 ], [ -122.411719, 37.796291 ], [ -122.41163, 37.795851 ], [ -122.411542, 37.795409 ], [ -122.411472, 37.795061 ], [ -122.411364, 37.794527 ], [ -122.411663, 37.79449 ], [ -122.413011, 37.794321 ], [ -122.414476, 37.794132 ], [ -122.414648, 37.79411 ], [ -122.415218, 37.794029 ], [ -122.415674, 37.793971 ], [ -122.416292, 37.793892 ] ] ] } },
{ "type": "Feature", "properties": { "BlockGroup": 60750109001 }, "geometry": { "type": "Polygon", "coordinates": [ [ [ -122.420633, 37.798693 ], [ -122.420689, 37.798971 ], [ -122.420883, 37.799902 ], [ -122.420769, 37.799939 ], [ -122.420305, 37.799998 ], [ -122.419233, 37.800134 ], [ -122.417587, 37.800341 ], [ -122.417493, 37.799906 ], [ -122.417385, 37.799414 ], [ -122.417388, 37.799317 ], [ -122.417349, 37.799127 ], [ -122.417312, 37.798942 ], [ -122.417218, 37.798472 ], [ -122.417388, 37.79845 ], [ -122.417829, 37.798395 ], [ -122.41886, 37.798265 ], [ -122.419631, 37.798167 ], [ -122.419892, 37.798134 ], [ -122.420389, 37.798071 ], [ -122.420501, 37.798033 ], [ -122.420633, 37.798693 ] ] ] } },
{ "type": "Feature", "properties": { "BlockGroup": 60750109002 }, "geometry": { "type": "Polygon", "coordinates": [ [ [ -122.420991, 37.796078 ], [ -122.421635, 37.795999 ], [ -122.421768, 37.795945 ], [ -122.421961, 37.7969 ], [ -122.422056, 37.797371 ], [ -122.422148, 37.797825 ], [ -122.420501, 37.798033 ], [ -122.420389, 37.798071 ], [ -122.419892, 37.798134 ], [ -122.419631, 37.798167 ], [ -122.41886, 37.798265 ], [ -122.417829, 37.798395 ], [ -122.417388, 37.79845 ], [ -122.417218, 37.798472 ], [ -122.41703, 37.797541 ], [ -122.416936, 37.797075 ], [ -122.416931, 37.797051 ], [ -122.416839, 37.796596 ], [ -122.417187, 37.79656 ], [ -122.418336, 37.79644 ], [ -122.418462, 37.796287 ], [ -122.418486, 37.796306 ], [ -122.418614, 37.796407 ], [ -122.419986, 37.796237 ], [ -122.420094, 37.79626 ], [ -122.42011, 37.796095 ], [ -122.420217, 37.796124 ], [ -122.420991, 37.796078 ] ] ] } },
{ "type": "Feature", "properties": { "BlockGroup": 60750109003 }, "geometry": { "type": "Polygon", "coordinates": [ [ [ -122.423601, 37.796691 ], [ -122.423726, 37.796766 ], [ -122.423805, 37.797156 ], [ -122.423877, 37.79751 ], [ -122.423793, 37.797617 ], [ -122.423914, 37.797697 ], [ -122.424066, 37.798446 ], [ -122.423982, 37.798552 ], [ -122.424104, 37.798633 ], [ -122.424254, 37.799378 ], [ -122.424171, 37.799485 ], [ -122.422525, 37.799694 ], [ -122.420883, 37.799902 ], [ -122.420689, 37.798971 ], [ -122.420633, 37.798693 ], [ -122.420501, 37.798033 ], [ -122.422148, 37.797825 ], [ -122.422056, 37.797371 ], [ -122.421961, 37.7969 ], [ -122.421768, 37.795945 ], [ -122.423413, 37.795737 ], [ -122.423539, 37.795838 ], [ -122.423689, 37.79658 ], [ -122.423601, 37.796691 ] ] ] } },
{ "type": "Feature", "properties": { "BlockGroup": 60750110001 }, "geometry": { "type": "Polygon", "coordinates": [ [ [ -122.423413, 37.795737 ], [ -122.421768, 37.795945 ], [ -122.421635, 37.795999 ], [ -122.420991, 37.796078 ], [ -122.420217, 37.796124 ], [ -122.42011, 37.796095 ], [ -122.420094, 37.79626 ], [ -122.419986, 37.796237 ], [ -122.418614, 37.796407 ], [ -122.418486, 37.796306 ], [ -122.418462, 37.796287 ], [ -122.418336, 37.79644 ], [ -122.417187, 37.79656 ], [ -122.416839, 37.796596 ], [ -122.416819, 37.796499 ], [ -122.416741, 37.79611 ], [ -122.416704, 37.795925 ], [ -122.416653, 37.79567 ], [ -122.417005, 37.795626 ], [ -122.418293, 37.795464 ], [ -122.419116, 37.79536 ], [ -122.419821, 37.795271 ], [ -122.419936, 37.795238 ], [ -122.421583, 37.795027 ], [ -122.423227, 37.794817 ], [ -122.423348, 37.794897 ], [ -122.423493, 37.795614 ], [ -122.423413, 37.795737 ] ] ] } },
{ "type": "Feature", "properties": { "BlockGroup": 60750110002 }, "geometry": { "type": "Polygon", "coordinates": [ [ [ -122.419753, 37.794354 ], [ -122.421404, 37.794144 ], [ -122.423049, 37.793935 ], [ -122.42317, 37.794015 ], [ -122.423311, 37.794711 ], [ -122.423227, 37.794817 ], [ -122.421583, 37.795027 ], [ -122.419936, 37.795238 ], [ -122.419821, 37.795271 ], [ -122.419116, 37.79536 ], [ -122.418293, 37.795464 ], [ -122.417005, 37.795626 ], [ -122.416653, 37.79567 ], [ -122.416473, 37.794777 ], [ -122.416292, 37.793892 ], [ -122.417936, 37.793684 ], [ -122.419579, 37.793467 ], [ -122.419753, 37.794354 ] ] ] } },
{ "type": "Feature", "properties": { "BlockGroup": 60750110003 }, "geometry": { "type": "Polygon", "coordinates": [ [ [ -122.422871, 37.79305 ], [ -122.422993, 37.79313 ], [ -122.423133, 37.793829 ], [ -122.423049, 37.793935 ], [ -122.421404, 37.794144 ], [ -122.419753, 37.794354 ], [ -122.419579, 37.793467 ], [ -122.417936, 37.793684 ], [ -122.416292, 37.793892 ], [ -122.416113, 37.793014 ], [ -122.416443, 37.792972 ], [ -122.417759, 37.792804 ], [ -122.41886, 37.792663 ], [ -122.419402, 37.792593 ], [ -122.421053, 37.792383 ], [ -122.422694, 37.792175 ], [ -122.422816, 37.792255 ], [ -122.422955, 37.792944 ], [ -122.422871, 37.79305 ] ] ] } },
{ "type": "Feature", "properties": { "BlockGroup": 60750111001 }, "geometry": { "type": "Polygon", "coordinates": [ [ [ -122.422515, 37.791289 ], [ -122.422636, 37.791369 ], [ -122.422778, 37.792068 ], [ -122.422694, 37.792175 ], [ -122.421053, 37.792383 ], [ -122.419402, 37.792593 ], [ -122.41886, 37.792663 ], [ -122.417759, 37.792804 ], [ -122.416443, 37.792972 ], [ -122.416113, 37.793014 ], [ -122.415936, 37.792133 ], [ -122.416291, 37.792088 ], [ -122.417582, 37.791923 ], [ -122.419222, 37.791704 ], [ -122.419036, 37.790788 ], [ -122.420687, 37.790578 ], [ -122.422329, 37.79037 ], [ -122.422455, 37.790472 ], [ -122.422599, 37.791183 ], [ -122.422515, 37.791289 ] ] ] } },
{ "type": "Feature", "properties": { "BlockGroup": 60750111002 }, "geometry": { "type": "Polygon", "coordinates": [ [ [ -122.422408, 37.790241 ], [ -122.422329, 37.79037 ], [ -122.420687, 37.790578 ], [ -122.419036, 37.790788 ], [ -122.419222, 37.791704 ], [ -122.417582, 37.791923 ], [ -122.416291, 37.792088 ], [ -122.415936, 37.792133 ], [ -122.415884, 37.791872 ], [ -122.415818, 37.791542 ], [ -122.41575, 37.791206 ], [ -122.415671, 37.790812 ], [ -122.415559, 37.790254 ], [ -122.415911, 37.790209 ], [ -122.417205, 37.790045 ], [ -122.417506, 37.790005 ], [ -122.418417, 37.789886 ], [ -122.418843, 37.78983 ], [ -122.420493, 37.78962 ], [ -122.422135, 37.789412 ], [ -122.422257, 37.789492 ], [ -122.422408, 37.790241 ] ] ] } },
{ "type": "Feature", "properties": { "BlockGroup": 60750111003 }, "geometry": { "type": "Polygon", "coordinates": [ [ [ -122.420307, 37.788699 ], [ -122.421949, 37.78849 ], [ -122.42207, 37.78857 ], [ -122.422145, 37.788943 ], [ -122.422219, 37.789306 ], [ -122.422135, 37.789412 ], [ -122.420493, 37.78962 ], [ -122.418843, 37.78983 ], [ -122.418417, 37.789886 ], [ -122.417506, 37.790005 ], [ -122.417205, 37.790045 ], [ -122.415911, 37.790209 ], [ -122.415559, 37.790254 ], [ -122.415372, 37.78932 ], [ -122.415764, 37.78927 ], [ -122.417017, 37.78911 ], [ -122.417646, 37.789033 ], [ -122.418656, 37.78891 ], [ -122.420307, 37.788699 ] ] ] } },
{ "type": "Feature", "properties": { "BlockGroup": 60750112001 }, "geometry": { "type": "Polygon", "coordinates": [ [ [ -122.415057, 37.793168 ], [ -122.415072, 37.793299 ], [ -122.415218, 37.794029 ], [ -122.414648, 37.79411 ], [ -122.414476, 37.794132 ], [ -122.413011, 37.794321 ], [ -122.411663, 37.79449 ], [ -122.411364, 37.794527 ], [ -122.410538, 37.794631 ], [ -122.410073, 37.79469 ], [ -122.409722, 37.794737 ], [ -122.409541, 37.793852 ], [ -122.409901, 37.793806 ], [ -122.409936, 37.793802 ], [ -122.410365, 37.793747 ], [ -122.410599, 37.793717 ], [ -122.411186, 37.793643 ], [ -122.411518, 37.793601 ], [ -122.412109, 37.793525 ], [ -122.412829, 37.793432 ], [ -122.413261, 37.793377 ], [ -122.413541, 37.793341 ], [ -122.41447, 37.793223 ], [ -122.415055, 37.793149 ], [ -122.415057, 37.793168 ] ] ] } },
{ "type": "Feature", "properties": { "BlockGroup": 60750112002 }, "geometry": { "type": "Polygon", "coordinates": [ [ [ -122.415116, 37.792238 ], [ -122.415526, 37.792185 ], [ -122.415936, 37.792133 ], [ -122.416113, 37.793014 ], [ -122.416292, 37.793892 ], [ -122.415674, 37.793971 ], [ -122.415218, 37.794029 ], [ -122.415072, 37.793299 ], [ -122.415057, 37.793168 ], [ -122.415055, 37.793149 ], [ -122.41447, 37.793223 ], [ -122.413541, 37.793341 ], [ -122.413261, 37.793377 ], [ -122.412829, 37.793432 ], [ -122.412109, 37.793525 ], [ -122.411518, 37.793601 ], [ -122.411186, 37.793643 ], [ -122.411134, 37.793384 ], [ -122.41109, 37.793171 ], [ -122.411007, 37.792762 ], [ -122.411429, 37.792708 ], [ -122.4119, 37.792648 ], [ -122.41193, 37.792645 ], [ -122.41265, 37.792552 ], [ -122.414293, 37.792343 ], [ -122.415116, 37.792238 ] ] ] } },
{ "type": "Feature", "properties": { "BlockGroup": 60750112003 }, "geometry": { "type": "Polygon", "coordinates": [ [ [ -122.415884, 37.791872 ], [ -122.415936, 37.792133 ], [ -122.415526, 37.792185 ], [ -122.415116, 37.792238 ], [ -122.414293, 37.792343 ], [ -122.41265, 37.792552 ], [ -122.41193, 37.792645 ], [ -122.4119, 37.792648 ], [ -122.411429, 37.792708 ], [ -122.411007, 37.792762 ], [ -122.41109, 37.793171 ], [ -122.411134, 37.793384 ], [ -122.411186, 37.793643 ], [ -122.410599, 37.793717 ], [ -122.410365, 37.793747 ], [ -122.409936, 37.793802 ], [ -122.409901, 37.793806 ], [ -122.409541, 37.793852 ], [ -122.409536, 37.793777 ], [ -122.409488, 37.793556 ], [ -122.409361, 37.792971 ], [ -122.409258, 37.792469 ], [ -122.409171, 37.792043 ], [ -122.410818, 37.791835 ], [ -122.411102, 37.791799 ], [ -122.411712, 37.791722 ], [ -122.412461, 37.791627 ], [ -122.414107, 37.791416 ], [ -122.41575, 37.791206 ], [ -122.415818, 37.791542 ], [ -122.415884, 37.791872 ] ] ] } },
{ "type": "Feature", "properties": { "BlockGroup": 60750113001 }, "geometry": { "type": "Polygon", "coordinates": [ [ [ -122.411364, 37.794527 ], [ -122.411472, 37.795061 ], [ -122.411542, 37.795409 ], [ -122.41163, 37.795851 ], [ -122.411719, 37.796291 ], [ -122.410892, 37.796395 ], [ -122.410511, 37.796443 ], [ -122.410076, 37.796493 ], [ -122.409251, 37.796599 ], [ -122.408849, 37.79665 ], [ -122.408754, 37.796662 ], [ -122.408431, 37.796704 ], [ -122.408253, 37.795824 ], [ -122.408705, 37.795767 ], [ -122.408743, 37.795762 ], [ -122.409076, 37.79572 ], [ -122.409027, 37.795473 ], [ -122.408989, 37.795281 ], [ -122.408899, 37.794841 ], [ -122.409164, 37.794807 ], [ -122.409339, 37.794785 ], [ -122.409722, 37.794737 ], [ -122.410073, 37.79469 ], [ -122.410538, 37.794631 ], [ -122.411364, 37.794527 ] ] ] } },
{ "type": "Feature", "properties": { "BlockGroup": 60750113002 }, "geometry": { "type": "Polygon", "coordinates": [ [ [ -122.409258, 37.792469 ], [ -122.409361, 37.792971 ], [ -122.409488, 37.793556 ], [ -122.409536, 37.793777 ], [ -122.409541, 37.793852 ], [ -122.409722, 37.794737 ], [ -122.409339, 37.794785 ], [ -122.409164, 37.794807 ], [ -122.408899, 37.794841 ], [ -122.408989, 37.795281 ], [ -122.409027, 37.795473 ], [ -122.409076, 37.79572 ], [ -122.408743, 37.795762 ], [ -122.408705, 37.795767 ], [ -122.408253, 37.795824 ], [ -122.408079, 37.794941 ], [ -122.407903, 37.79406 ], [ -122.407727, 37.793178 ], [ -122.407645, 37.792777 ], [ -122.407536, 37.792249 ], [ -122.408089, 37.792179 ], [ -122.408364, 37.792141 ], [ -122.408864, 37.79208 ], [ -122.409171, 37.792043 ], [ -122.409258, 37.792469 ] ] ] } },
{ "type": "Feature", "properties": { "BlockGroup": 60750117001 }, "geometry": { "type": "Polygon", "coordinates": [ [ [ -122.402724, 37.790925 ], [ -122.403672, 37.790805 ], [ -122.404031, 37.79076 ], [ -122.404333, 37.790722 ], [ -122.4044, 37.790713 ], [ -122.404767, 37.790667 ], [ -122.405267, 37.790604 ], [ -122.405574, 37.790565 ], [ -122.406331, 37.79047 ], [ -122.407126, 37.790368 ], [ -122.407149, 37.790366 ], [ -122.407209, 37.790658 ], [ -122.40734, 37.791296 ], [ -122.407417, 37.791668 ], [ -122.407536, 37.792249 ], [ -122.407513, 37.792252 ], [ -122.406718, 37.792352 ], [ -122.405938, 37.792451 ], [ -122.405654, 37.792487 ], [ -122.404418, 37.792639 ], [ -122.404613, 37.793565 ], [ -122.404016, 37.793646 ], [ -122.402957, 37.79378 ], [ -122.40216, 37.79388 ], [ -122.401315, 37.793987 ], [ -122.400149, 37.794134 ], [ -122.39897, 37.794284 ], [ -122.397796, 37.794434 ], [ -122.396586, 37.794588 ], [ -122.39639, 37.793664 ], [ -122.396302, 37.793256 ], [ -122.39641, 37.793238 ], [ -122.39648, 37.793182 ], [ -122.396504, 37.793097 ], [ -122.396612, 37.793079 ], [ -122.397359, 37.79249 ], [ -122.397383, 37.792406 ], [ -122.39749, 37.792387 ], [ -122.398235, 37.7918 ], [ -122.398264, 37.791716 ], [ -122.398369, 37.791695 ], [ -122.399123, 37.791101 ], [ -122.399149, 37.791017 ], [ -122.399494, 37.791325 ], [ -122.399572, 37.791327 ], [ -122.400744, 37.791177 ], [ -122.40113, 37.791128 ], [ -122.402005, 37.791016 ], [ -122.40238, 37.790969 ], [ -122.402724, 37.790925 ] ] ] } },
{ "type": "Feature", "properties": { "BlockGroup": 60750117002 }, "geometry": { "type": "Polygon", "coordinates": [ [ [ -122.408227, 37.787359 ], [ -122.408402, 37.788293 ], [ -122.408595, 37.789226 ], [ -122.408723, 37.789853 ], [ -122.408786, 37.79016 ], [ -122.40797, 37.790263 ], [ -122.407869, 37.790275 ], [ -122.4075, 37.790322 ], [ -122.407149, 37.790366 ], [ -122.407126, 37.790368 ], [ -122.406331, 37.79047 ], [ -122.405574, 37.790565 ], [ -122.405267, 37.790604 ], [ -122.404767, 37.790667 ], [ -122.4044, 37.790713 ], [ -122.404333, 37.790722 ], [ -122.404031, 37.79076 ], [ -122.403672, 37.790805 ], [ -122.402724, 37.790925 ], [ -122.40238, 37.790969 ], [ -122.402005, 37.791016 ], [ -122.40113, 37.791128 ], [ -122.400744, 37.791177 ], [ -122.399572, 37.791327 ], [ -122.399494, 37.791325 ], [ -122.399149, 37.791017 ], [ -122.399255, 37.790997 ], [ -122.399505, 37.790805 ], [ -122.399896, 37.790493 ], [ -122.400152, 37.79029 ], [ -122.401348, 37.789348 ], [ -122.401375, 37.789264 ], [ -122.401479, 37.789244 ], [ -122.401528, 37.789205 ], [ -122.401749, 37.789029 ], [ -122.401939, 37.788878 ], [ -122.402066, 37.788721 ], [ -122.40217, 37.7887 ], [ -122.402702, 37.78828 ], [ -122.402807, 37.788197 ], [ -122.402914, 37.788112 ], [ -122.403403, 37.787725 ], [ -122.403431, 37.787642 ], [ -122.403535, 37.787621 ], [ -122.404556, 37.786814 ], [ -122.404583, 37.786731 ], [ -122.404688, 37.78671 ], [ -122.405767, 37.785856 ], [ -122.405803, 37.785828 ], [ -122.405823, 37.785768 ], [ -122.405831, 37.785744 ], [ -122.405976, 37.785693 ], [ -122.406, 37.785674 ], [ -122.407326, 37.78463 ], [ -122.407337, 37.78456 ], [ -122.407698, 37.784699 ], [ -122.407853, 37.785492 ], [ -122.408036, 37.78641 ], [ -122.408227, 37.787359 ] ] ] } },
{ "type": "Feature", "properties": { "BlockGroup": 60750118001 }, "geometry": { "type": "Polygon", "coordinates": [ [ [ -122.407513, 37.792252 ], [ -122.407536, 37.792249 ], [ -122.407645, 37.792777 ], [ -122.407727, 37.793178 ], [ -122.407903, 37.79406 ], [ -122.407294, 37.794138 ], [ -122.406821, 37.794198 ], [ -122.406305, 37.794264 ], [ -122.405663, 37.794345 ], [ -122.404796, 37.794453 ], [ -122.404711, 37.794021 ], [ -122.404613, 37.793565 ], [ -122.404418, 37.792639 ], [ -122.405654, 37.792487 ], [ -122.405938, 37.792451 ], [ -122.406718, 37.792352 ], [ -122.407513, 37.792252 ] ] ] } },
{ "type": "Feature", "properties": { "BlockGroup": 60750119011 }, "geometry": { "type": "Polygon", "coordinates": [ [ [ -122.415671, 37.790812 ], [ -122.41575, 37.791206 ], [ -122.414107, 37.791416 ], [ -122.412461, 37.791627 ], [ -122.412266, 37.790673 ], [ -122.413916, 37.790463 ], [ -122.414211, 37.790425 ], [ -122.414705, 37.790363 ], [ -122.415559, 37.790254 ], [ -122.415671, 37.790812 ] ] ] } },
{ "type": "Feature", "properties": { "BlockGroup": 60750119012 }, "geometry": { "type": "Polygon", "coordinates": [ [ [ -122.414211, 37.790425 ], [ -122.413916, 37.790463 ], [ -122.412266, 37.790673 ], [ -122.412154, 37.790124 ], [ -122.412076, 37.78974 ], [ -122.412186, 37.789726 ], [ -122.413728, 37.789529 ], [ -122.414494, 37.789432 ], [ -122.415372, 37.78932 ], [ -122.415559, 37.790254 ], [ -122.414705, 37.790363 ], [ -122.414211, 37.790425 ] ] ] } },
{ "type": "Feature", "properties": { "BlockGroup": 60750119021 }, "geometry": { "type": "Polygon", "coordinates": [ [ [ -122.412154, 37.790124 ], [ -122.412266, 37.790673 ], [ -122.410998, 37.790833 ], [ -122.410623, 37.790881 ], [ -122.408976, 37.791089 ], [ -122.408379, 37.791165 ], [ -122.408165, 37.791191 ], [ -122.40806, 37.791205 ], [ -122.40734, 37.791296 ], [ -122.407209, 37.790658 ], [ -122.407149, 37.790366 ], [ -122.4075, 37.790322 ], [ -122.407869, 37.790275 ], [ -122.40797, 37.790263 ], [ -122.408786, 37.79016 ], [ -122.410433, 37.789951 ], [ -122.412076, 37.78974 ], [ -122.412154, 37.790124 ] ] ] } },
{ "type": "Feature", "properties": { "BlockGroup": 60750119022 }, "geometry": { "type": "Polygon", "coordinates": [ [ [ -122.412266, 37.790673 ], [ -122.412461, 37.791627 ], [ -122.411712, 37.791722 ], [ -122.411102, 37.791799 ], [ -122.410818, 37.791835 ], [ -122.409171, 37.792043 ], [ -122.408864, 37.79208 ], [ -122.408364, 37.792141 ], [ -122.408089, 37.792179 ], [ -122.407536, 37.792249 ], [ -122.407417, 37.791668 ], [ -122.40734, 37.791296 ], [ -122.40806, 37.791205 ], [ -122.408165, 37.791191 ], [ -122.408379, 37.791165 ], [ -122.408976, 37.791089 ], [ -122.410623, 37.790881 ], [ -122.410998, 37.790833 ], [ -122.412266, 37.790673 ] ] ] } },
{ "type": "Feature", "properties": { "BlockGroup": 60750120001 }, "geometry": { "type": "Polygon", "coordinates": [ [ [ -122.421879, 37.787628 ], [ -122.421955, 37.788001 ], [ -122.422032, 37.788383 ], [ -122.421949, 37.78849 ], [ -122.420307, 37.788699 ], [ -122.418656, 37.78891 ], [ -122.417646, 37.789033 ], [ -122.417017, 37.78911 ], [ -122.415764, 37.78927 ], [ -122.415372, 37.78932 ], [ -122.415185, 37.788388 ], [ -122.416535, 37.788215 ], [ -122.416827, 37.788178 ], [ -122.418013, 37.788025 ], [ -122.418465, 37.787966 ], [ -122.420116, 37.787757 ], [ -122.421758, 37.787548 ], [ -122.421879, 37.787628 ] ] ] } },
{ "type": "Feature", "properties": { "BlockGroup": 60750120002 }, "geometry": { "type": "Polygon", "coordinates": [ [ [ -122.421689, 37.786689 ], [ -122.421765, 37.787062 ], [ -122.421842, 37.787442 ], [ -122.421758, 37.787548 ], [ -122.420116, 37.787757 ], [ -122.418465, 37.787966 ], [ -122.418013, 37.788025 ], [ -122.416827, 37.788178 ], [ -122.416535, 37.788215 ], [ -122.415185, 37.788388 ], [ -122.414995, 37.787454 ], [ -122.416639, 37.787245 ], [ -122.41699, 37.787201 ], [ -122.418271, 37.787038 ], [ -122.419928, 37.786828 ], [ -122.42157, 37.786619 ], [ -122.421689, 37.786689 ] ] ] } },
{ "type": "Feature", "properties": { "BlockGroup": 60750121001 }, "geometry": { "type": "Polygon", "coordinates": [ [ [ -122.411699, 37.787872 ], [ -122.412344, 37.78779 ], [ -122.412531, 37.787767 ], [ -122.412736, 37.787741 ], [ -122.413354, 37.787664 ], [ -122.414995, 37.787454 ], [ -122.415185, 37.788388 ], [ -122.415372, 37.78932 ], [ -122.414494, 37.789432 ], [ -122.413728, 37.789529 ], [ -122.412186, 37.789726 ], [ -122.412076, 37.78974 ], [ -122.411886, 37.788808 ], [ -122.411819, 37.78848 ], [ -122.411755, 37.788169 ], [ -122.411699, 37.787872 ] ] ] } },
{ "type": "Feature", "properties": { "BlockGroup": 60750121002 }, "geometry": { "type": "Polygon", "coordinates": [ [ [ -122.411755, 37.788169 ], [ -122.411819, 37.78848 ], [ -122.411886, 37.788808 ], [ -122.412076, 37.78974 ], [ -122.410433, 37.789951 ], [ -122.408786, 37.79016 ], [ -122.408723, 37.789853 ], [ -122.408595, 37.789226 ], [ -122.408402, 37.788293 ], [ -122.410057, 37.788082 ], [ -122.411699, 37.787872 ], [ -122.411755, 37.788169 ] ] ] } },
{ "type": "Feature", "properties": { "BlockGroup": 60750122011 }, "geometry": { "type": "Polygon", "coordinates": [ [ [ -122.417996, 37.785642 ], [ -122.418088, 37.786101 ], [ -122.418179, 37.786566 ], [ -122.418271, 37.787038 ], [ -122.41699, 37.787201 ], [ -122.416639, 37.787245 ], [ -122.414995, 37.787454 ], [ -122.414807, 37.78652 ], [ -122.41471, 37.786041 ], [ -122.414617, 37.785582 ], [ -122.41502, 37.785532 ], [ -122.415674, 37.78545 ], [ -122.41626, 37.785376 ], [ -122.417901, 37.785167 ], [ -122.417996, 37.785642 ] ] ] } },
{ "type": "Feature", "properties": { "BlockGroup": 60750122012 }, "geometry": { "type": "Polygon", "coordinates": [ [ [ -122.417707, 37.784236 ], [ -122.417806, 37.78471 ], [ -122.417901, 37.785167 ], [ -122.41626, 37.785376 ], [ -122.415674, 37.78545 ], [ -122.41502, 37.785532 ], [ -122.414617, 37.785582 ], [ -122.414566, 37.785333 ], [ -122.414521, 37.785105 ], [ -122.41443, 37.784657 ], [ -122.414778, 37.784613 ], [ -122.416072, 37.784449 ], [ -122.417707, 37.784236 ] ] ] } },
{ "type": "Feature", "properties": { "BlockGroup": 60750122021 }, "geometry": { "type": "Polygon", "coordinates": [ [ [ -122.421098, 37.783915 ], [ -122.421171, 37.784283 ], [ -122.421243, 37.784635 ], [ -122.421193, 37.784753 ], [ -122.421277, 37.784857 ], [ -122.42136, 37.785214 ], [ -122.421442, 37.785567 ], [ -122.421393, 37.785686 ], [ -122.421298, 37.785794 ], [ -122.421373, 37.786166 ], [ -122.421447, 37.786528 ], [ -122.42157, 37.786619 ], [ -122.419928, 37.786828 ], [ -122.418271, 37.787038 ], [ -122.418179, 37.786566 ], [ -122.418088, 37.786101 ], [ -122.417996, 37.785642 ], [ -122.417901, 37.785167 ], [ -122.417806, 37.78471 ], [ -122.417707, 37.784236 ], [ -122.419364, 37.784029 ], [ -122.421008, 37.783824 ], [ -122.421098, 37.783915 ] ] ] } },
{ "type": "Feature", "properties": { "BlockGroup": 60750123011 }, "geometry": { "type": "Polygon", "coordinates": [ [ [ -122.412782, 37.784866 ], [ -122.412872, 37.785308 ], [ -122.412881, 37.785354 ], [ -122.41297, 37.78579 ], [ -122.412148, 37.785893 ], [ -122.411326, 37.785996 ], [ -122.411516, 37.78694 ], [ -122.411043, 37.787 ], [ -122.410237, 37.787103 ], [ -122.409874, 37.787149 ], [ -122.408227, 37.787359 ], [ -122.408036, 37.78641 ], [ -122.407853, 37.785492 ], [ -122.408667, 37.785388 ], [ -122.408782, 37.785373 ], [ -122.409498, 37.785283 ], [ -122.41114, 37.785075 ], [ -122.41184, 37.784985 ], [ -122.412214, 37.784938 ], [ -122.412782, 37.784866 ] ] ] } },
{ "type": "Feature", "properties": { "BlockGroup": 60750123012 }, "geometry": { "type": "Polygon", "coordinates": [ [ [ -122.413367, 37.784783 ], [ -122.413748, 37.784734 ], [ -122.41394, 37.78471 ], [ -122.414303, 37.784664 ], [ -122.41443, 37.784657 ], [ -122.414521, 37.785105 ], [ -122.414566, 37.785333 ], [ -122.414617, 37.785582 ], [ -122.413562, 37.785715 ], [ -122.41297, 37.78579 ], [ -122.412881, 37.785354 ], [ -122.412872, 37.785308 ], [ -122.412782, 37.784866 ], [ -122.412904, 37.784842 ], [ -122.413367, 37.784783 ] ] ] } },
{ "type": "Feature", "properties": { "BlockGroup": 60750123021 }, "geometry": { "type": "Polygon", "coordinates": [ [ [ -122.413562, 37.785715 ], [ -122.414617, 37.785582 ], [ -122.41471, 37.786041 ], [ -122.414807, 37.78652 ], [ -122.414995, 37.787454 ], [ -122.413354, 37.787664 ], [ -122.413295, 37.787384 ], [ -122.413161, 37.78673 ], [ -122.41297, 37.78579 ], [ -122.413562, 37.785715 ] ] ] } },
{ "type": "Feature", "properties": { "BlockGroup": 60750123022 }, "geometry": { "type": "Polygon", "coordinates": [ [ [ -122.413161, 37.78673 ], [ -122.413295, 37.787384 ], [ -122.413354, 37.787664 ], [ -122.412736, 37.787741 ], [ -122.412531, 37.787767 ], [ -122.412344, 37.78779 ], [ -122.411699, 37.787872 ], [ -122.410057, 37.788082 ], [ -122.408402, 37.788293 ], [ -122.408227, 37.787359 ], [ -122.409874, 37.787149 ], [ -122.410237, 37.787103 ], [ -122.411043, 37.787 ], [ -122.411516, 37.78694 ], [ -122.411326, 37.785996 ], [ -122.412148, 37.785893 ], [ -122.41297, 37.78579 ], [ -122.413161, 37.78673 ] ] ] } },
{ "type": "Feature", "properties": { "BlockGroup": 60750124011 }, "geometry": { "type": "Polygon", "coordinates": [ [ [ -122.416341, 37.781549 ], [ -122.416799, 37.781491 ], [ -122.417146, 37.781447 ], [ -122.417339, 37.782379 ], [ -122.417494, 37.783139 ], [ -122.417529, 37.783311 ], [ -122.417619, 37.783778 ], [ -122.417707, 37.784236 ], [ -122.416072, 37.784449 ], [ -122.415883, 37.783516 ], [ -122.415845, 37.78333 ], [ -122.415694, 37.782585 ], [ -122.415505, 37.781654 ], [ -122.416341, 37.781549 ] ] ] } },
{ "type": "Feature", "properties": { "BlockGroup": 60750124012 }, "geometry": { "type": "Polygon", "coordinates": [ [ [ -122.415505, 37.781654 ], [ -122.415694, 37.782585 ], [ -122.415845, 37.78333 ], [ -122.415883, 37.783516 ], [ -122.416072, 37.784449 ], [ -122.414778, 37.784613 ], [ -122.41443, 37.784657 ], [ -122.414345, 37.784239 ], [ -122.414242, 37.783724 ], [ -122.414054, 37.782794 ], [ -122.413866, 37.781863 ], [ -122.414683, 37.781759 ], [ -122.415505, 37.781654 ] ] ] } },
{ "type": "Feature", "properties": { "BlockGroup": 60750124021 }, "geometry": { "type": "Polygon", "coordinates": [ [ [ -122.416401, 37.777723 ], [ -122.41658, 37.778658 ], [ -122.416768, 37.779584 ], [ -122.416948, 37.78047 ], [ -122.417146, 37.781447 ], [ -122.416799, 37.781491 ], [ -122.416341, 37.781549 ], [ -122.415505, 37.781654 ], [ -122.414683, 37.781759 ], [ -122.413866, 37.781863 ], [ -122.413676, 37.780927 ], [ -122.413487, 37.779992 ], [ -122.413365, 37.779862 ], [ -122.414721, 37.778791 ], [ -122.414741, 37.778719 ], [ -122.414835, 37.778701 ], [ -122.416009, 37.777773 ], [ -122.416261, 37.777572 ], [ -122.416292, 37.777494 ], [ -122.416401, 37.777723 ] ] ] } },
{ "type": "Feature", "properties": { "BlockGroup": 60750124022 }, "geometry": { "type": "Polygon", "coordinates": [ [ [ -122.419565, 37.776262 ], [ -122.419506, 37.776369 ], [ -122.419603, 37.776457 ], [ -122.41975, 37.777192 ], [ -122.419694, 37.7773 ], [ -122.419788, 37.777387 ], [ -122.419857, 37.777732 ], [ -122.419934, 37.77812 ], [ -122.419883, 37.778251 ], [ -122.419968, 37.778312 ], [ -122.420311, 37.779917 ], [ -122.420247, 37.780075 ], [ -122.420336, 37.78019 ], [ -122.420425, 37.780583 ], [ -122.420499, 37.780909 ], [ -122.42044, 37.781031 ], [ -122.420552, 37.781126 ], [ -122.420623, 37.781494 ], [ -122.420693, 37.781852 ], [ -122.420638, 37.781961 ], [ -122.418993, 37.782169 ], [ -122.417339, 37.782379 ], [ -122.417146, 37.781447 ], [ -122.416948, 37.78047 ], [ -122.416768, 37.779584 ], [ -122.41658, 37.778658 ], [ -122.416401, 37.777723 ], [ -122.416292, 37.777494 ], [ -122.416392, 37.777469 ], [ -122.416878, 37.777085 ], [ -122.417471, 37.776618 ], [ -122.417501, 37.776541 ], [ -122.417629, 37.776494 ], [ -122.418704, 37.775645 ], [ -122.419168, 37.775278 ], [ -122.419256, 37.775147 ], [ -122.419355, 37.775234 ], [ -122.419397, 37.775422 ], [ -122.419492, 37.775894 ], [ -122.419565, 37.776262 ] ] ] } },
{ "type": "Feature", "properties": { "BlockGroup": 60750124023 }, "geometry": { "type": "Polygon", "coordinates": [ [ [ -122.420882, 37.782776 ], [ -122.420817, 37.782894 ], [ -122.420901, 37.782977 ], [ -122.420977, 37.783352 ], [ -122.42105, 37.783712 ], [ -122.421008, 37.783824 ], [ -122.419364, 37.784029 ], [ -122.417707, 37.784236 ], [ -122.417619, 37.783778 ], [ -122.417529, 37.783311 ], [ -122.417494, 37.783139 ], [ -122.417339, 37.782379 ], [ -122.418993, 37.782169 ], [ -122.420638, 37.781961 ], [ -122.420738, 37.782053 ], [ -122.42081, 37.782417 ], [ -122.420882, 37.782776 ] ] ] } },
{ "type": "Feature", "properties": { "BlockGroup": 60750125011 }, "geometry": { "type": "Polygon", "coordinates": [ [ [ -122.413487, 37.779992 ], [ -122.413676, 37.780927 ], [ -122.413866, 37.781863 ], [ -122.414054, 37.782794 ], [ -122.413003, 37.782928 ], [ -122.412412, 37.783004 ], [ -122.410765, 37.783214 ], [ -122.409252, 37.783407 ], [ -122.408952, 37.783288 ], [ -122.409053, 37.783268 ], [ -122.409184, 37.783164 ], [ -122.410052, 37.782479 ], [ -122.410271, 37.782306 ], [ -122.410292, 37.782231 ], [ -122.410391, 37.782211 ], [ -122.411457, 37.781369 ], [ -122.4117, 37.781177 ], [ -122.411985, 37.780952 ], [ -122.412492, 37.780552 ], [ -122.412512, 37.780479 ], [ -122.412609, 37.780459 ], [ -122.413365, 37.779862 ], [ -122.413487, 37.779992 ] ] ] } },
{ "type": "Feature", "properties": { "BlockGroup": 60750125012 }, "geometry": { "type": "Polygon", "coordinates": [ [ [ -122.407337, 37.78456 ], [ -122.407424, 37.784552 ], [ -122.408042, 37.784066 ], [ -122.408067, 37.783991 ], [ -122.40816, 37.783973 ], [ -122.408688, 37.783556 ], [ -122.408931, 37.783364 ], [ -122.408952, 37.783288 ], [ -122.409252, 37.783407 ], [ -122.410765, 37.783214 ], [ -122.410863, 37.783702 ], [ -122.410952, 37.784141 ], [ -122.41114, 37.785075 ], [ -122.409498, 37.785283 ], [ -122.408782, 37.785373 ], [ -122.408667, 37.785388 ], [ -122.407853, 37.785492 ], [ -122.407698, 37.784699 ], [ -122.407337, 37.78456 ] ] ] } },
{ "type": "Feature", "properties": { "BlockGroup": 60750125021 }, "geometry": { "type": "Polygon", "coordinates": [ [ [ -122.413367, 37.784783 ], [ -122.412904, 37.784842 ], [ -122.412782, 37.784866 ], [ -122.412214, 37.784938 ], [ -122.41184, 37.784985 ], [ -122.41114, 37.785075 ], [ -122.410952, 37.784141 ], [ -122.412595, 37.783933 ], [ -122.413168, 37.78386 ], [ -122.414242, 37.783724 ], [ -122.414345, 37.784239 ], [ -122.41443, 37.784657 ], [ -122.414303, 37.784664 ], [ -122.41394, 37.78471 ], [ -122.413748, 37.784734 ], [ -122.413367, 37.784783 ] ] ] } },
{ "type": "Feature", "properties": { "BlockGroup": 60750125022 }, "geometry": { "type": "Polygon", "coordinates": [ [ [ -122.413003, 37.782928 ], [ -122.414054, 37.782794 ], [ -122.414242, 37.783724 ], [ -122.413168, 37.78386 ], [ -122.412595, 37.783933 ], [ -122.410952, 37.784141 ], [ -122.410863, 37.783702 ], [ -122.410765, 37.783214 ], [ -122.412412, 37.783004 ], [ -122.413003, 37.782928 ] ] ] } },
{ "type": "Feature", "properties": { "BlockGroup": 60750126011 }, "geometry": { "type": "Polygon", "coordinates": [ [ [ -122.441559, 37.80205 ], [ -122.441655, 37.80251 ], [ -122.441754, 37.802985 ], [ -122.441905, 37.803744 ], [ -122.441032, 37.803858 ], [ -122.440195, 37.803963 ], [ -122.439255, 37.804081 ], [ -122.438005, 37.804238 ], [ -122.437046, 37.804359 ], [ -122.437116, 37.804256 ], [ -122.436999, 37.803683 ], [ -122.436892, 37.803603 ], [ -122.436962, 37.8035 ], [ -122.436815, 37.802777 ], [ -122.436693, 37.802628 ], [ -122.436764, 37.802525 ], [ -122.436381, 37.800895 ], [ -122.436274, 37.800814 ], [ -122.4373, 37.800684 ], [ -122.437889, 37.800609 ], [ -122.439504, 37.800403 ], [ -122.44031, 37.800301 ], [ -122.441177, 37.80019 ], [ -122.441368, 37.801126 ], [ -122.441559, 37.80205 ] ] ] } },
{ "type": "Feature", "properties": { "BlockGroup": 60750126021 }, "geometry": { "type": "Polygon", "coordinates": [ [ [ -122.442126, 37.80485 ], [ -122.442266, 37.805551 ], [ -122.44221, 37.805786 ], [ -122.442108, 37.806319 ], [ -122.442121, 37.806552 ], [ -122.442525, 37.806947 ], [ -122.442542, 37.807045 ], [ -122.442553, 37.807062 ], [ -122.442546, 37.807089 ], [ -122.442521, 37.807115 ], [ -122.442485, 37.807131 ], [ -122.442441, 37.807133 ], [ -122.442405, 37.807122 ], [ -122.442371, 37.807095 ], [ -122.442353, 37.807057 ], [ -122.442356, 37.807022 ], [ -122.442321, 37.806831 ], [ -122.442295, 37.806797 ], [ -122.442264, 37.806775 ], [ -122.442263, 37.806815 ], [ -122.442335, 37.807192 ], [ -122.442575, 37.807155 ], [ -122.44258, 37.807182 ], [ -122.442316, 37.807223 ], [ -122.442297, 37.80712 ], [ -122.44225, 37.80713 ], [ -122.442208, 37.807249 ], [ -122.442182, 37.807242 ], [ -122.442218, 37.807137 ], [ -122.442177, 37.807146 ], [ -122.442135, 37.807264 ], [ -122.442109, 37.807259 ], [ -122.442142, 37.807154 ], [ -122.442111, 37.80716 ], [ -122.442069, 37.807277 ], [ -122.442042, 37.807271 ], [ -122.442074, 37.807168 ], [ -122.441952, 37.807195 ], [ -122.441909, 37.807316 ], [ -122.441883, 37.80731 ], [ -122.441916, 37.807203 ], [ -122.44183, 37.807221 ], [ -122.4418, 37.807306 ], [ -122.441772, 37.8073 ], [ -122.441796, 37.807229 ], [ -122.441714, 37.807247 ], [ -122.441685, 37.807329 ], [ -122.441658, 37.807323 ], [ -122.441679, 37.807254 ], [ -122.441591, 37.807273 ], [ -122.441562, 37.807355 ], [ -122.441537, 37.80735 ], [ -122.441559, 37.80728 ], [ -122.441529, 37.807287 ], [ -122.441502, 37.807364 ], [ -122.441477, 37.807358 ], [ -122.441493, 37.807295 ], [ -122.441459, 37.807302 ], [ -122.44143, 37.807384 ], [ -122.441405, 37.807378 ], [ -122.441425, 37.807309 ], [ -122.441347, 37.807326 ], [ -122.441323, 37.807395 ], [ -122.441297, 37.807389 ], [ -122.441318, 37.807333 ], [ -122.441242, 37.807349 ], [ -122.441217, 37.807419 ], [ -122.441189, 37.807413 ], [ -122.441208, 37.807356 ], [ -122.441129, 37.807374 ], [ -122.441105, 37.807443 ], [ -122.441074, 37.807435 ], [ -122.441094, 37.807381 ], [ -122.441024, 37.807396 ], [ -122.441, 37.807471 ], [ -122.440976, 37.807465 ], [ -122.440991, 37.80741 ], [ -122.44096, 37.807312 ], [ -122.440985, 37.807307 ], [ -122.441007, 37.80738 ], [ -122.441089, 37.807363 ], [ -122.441063, 37.807285 ], [ -122.441092, 37.807278 ], [ -122.441122, 37.807355 ], [ -122.441199, 37.807339 ], [ -122.441174, 37.807259 ], [ -122.441203, 37.807253 ], [ -122.441235, 37.807331 ], [ -122.441303, 37.807316 ], [ -122.441281, 37.807237 ], [ -122.44131, 37.80723 ], [ -122.441336, 37.807309 ], [ -122.441405, 37.807294 ], [ -122.441379, 37.807216 ], [ -122.441409, 37.80721 ], [ -122.44144, 37.807286 ], [ -122.441505, 37.807272 ], [ -122.441481, 37.807193 ], [ -122.441512, 37.807186 ], [ -122.441538, 37.807265 ], [ -122.441611, 37.807249 ], [ -122.441592, 37.807184 ], [ -122.441623, 37.807179 ], [ -122.441644, 37.807242 ], [ -122.441715, 37.807227 ], [ -122.441694, 37.807163 ], [ -122.44173, 37.807154 ], [ -122.44175, 37.807219 ], [ -122.441815, 37.807205 ], [ -122.441795, 37.807139 ], [ -122.441829, 37.807134 ], [ -122.441849, 37.807197 ], [ -122.441912, 37.807184 ], [ -122.44189, 37.807119 ], [ -122.441924, 37.807112 ], [ -122.441943, 37.807177 ], [ -122.442004, 37.807164 ], [ -122.441983, 37.807099 ], [ -122.442016, 37.807093 ], [ -122.442038, 37.807156 ], [ -122.442093, 37.807144 ], [ -122.442076, 37.807079 ], [ -122.442108, 37.807075 ], [ -122.44213, 37.807136 ], [ -122.44219, 37.807123 ], [ -122.442168, 37.807062 ], [ -122.4422, 37.807056 ], [ -122.442222, 37.807116 ], [ -122.442293, 37.807101 ], [ -122.442243, 37.806837 ], [ -122.442167, 37.806845 ], [ -122.442178, 37.80691 ], [ -122.442147, 37.806912 ], [ -122.442137, 37.806849 ], [ -122.442072, 37.806856 ], [ -122.442081, 37.806923 ], [ -122.44205, 37.806926 ], [ -122.442039, 37.80686 ], [ -122.441976, 37.806867 ], [ -122.441984, 37.806934 ], [ -122.441956, 37.806936 ], [ -122.441943, 37.806871 ], [ -122.441882, 37.806878 ], [ -122.44189, 37.806947 ], [ -122.441858, 37.806949 ], [ -122.441847, 37.806882 ], [ -122.441786, 37.806889 ], [ -122.441794, 37.806959 ], [ -122.441762, 37.806962 ], [ -122.44175, 37.806893 ], [ -122.441684, 37.806901 ], [ -122.44169, 37.806972 ], [ -122.441659, 37.806973 ], [ -122.441646, 37.806905 ], [ -122.441573, 37.806913 ], [ -122.44158, 37.806982 ], [ -122.44155, 37.806984 ], [ -122.44154, 37.806917 ], [ -122.441466, 37.806925 ], [ -122.441478, 37.80701 ], [ -122.441446, 37.807012 ], [ -122.44143, 37.80693 ], [ -122.441365, 37.806941 ], [ -122.441379, 37.807025 ], [ -122.441356, 37.807026 ], [ -122.441345, 37.806957 ], [ -122.441306, 37.806959 ], [ -122.441318, 37.807031 ], [ -122.441292, 37.807033 ], [ -122.441281, 37.806965 ], [ -122.441253, 37.806969 ], [ -122.441265, 37.807041 ], [ -122.441239, 37.807043 ], [ -122.441225, 37.806962 ], [ -122.441151, 37.806972 ], [ -122.441163, 37.807056 ], [ -122.441132, 37.807059 ], [ -122.441116, 37.806977 ], [ -122.441038, 37.806988 ], [ -122.441052, 37.807071 ], [ -122.441019, 37.807072 ], [ -122.441003, 37.806993 ], [ -122.440923, 37.807004 ], [ -122.440938, 37.80708 ], [ -122.440912, 37.807082 ], [ -122.440896, 37.806988 ], [ -122.44142, 37.806912 ], [ -122.441416, 37.806884 ], [ -122.441306, 37.806883 ], [ -122.441275, 37.8069 ], [ -122.441242, 37.806896 ], [ -122.441194, 37.806917 ], [ -122.441043, 37.806926 ], [ -122.440921, 37.806944 ], [ -122.440679, 37.806957 ], [ -122.440547, 37.806968 ], [ -122.440468, 37.806989 ], [ -122.440135, 37.807017 ], [ -122.439897, 37.80705 ], [ -122.439672, 37.807088 ], [ -122.439538, 37.807116 ], [ -122.43941, 37.80713 ], [ -122.439104, 37.807152 ], [ -122.438767, 37.807201 ], [ -122.437961, 37.807297 ], [ -122.437376, 37.807394 ], [ -122.437259, 37.807408 ], [ -122.437146, 37.807412 ], [ -122.437032, 37.807433 ], [ -122.436886, 37.807471 ], [ -122.436715, 37.807492 ], [ -122.436614, 37.807523 ], [ -122.436564, 37.807532 ], [ -122.436508, 37.80752 ], [ -122.436299, 37.807544 ], [ -122.43624, 37.807559 ], [ -122.435982, 37.807557 ], [ -122.435836, 37.807569 ], [ -122.435866, 37.807698 ], [ -122.433925, 37.807949 ], [ -122.433824, 37.807918 ], [ -122.433656, 37.808201 ], [ -122.432918, 37.807948 ], [ -122.432906, 37.807971 ], [ -122.432882, 37.807963 ], [ -122.432919, 37.80789 ], [ -122.432943, 37.807899 ], [ -122.432932, 37.807921 ], [ -122.433642, 37.808173 ], [ -122.433798, 37.807908 ], [ -122.433755, 37.807893 ], [ -122.433765, 37.807874 ], [ -122.433933, 37.80793 ], [ -122.435839, 37.807681 ], [ -122.435834, 37.80766 ], [ -122.433917, 37.807904 ], [ -122.433895, 37.807794 ], [ -122.433923, 37.80779 ], [ -122.433936, 37.807874 ], [ -122.434042, 37.807862 ], [ -122.434029, 37.807777 ], [ -122.434054, 37.807772 ], [ -122.43407, 37.807857 ], [ -122.434163, 37.807847 ], [ -122.434149, 37.807762 ], [ -122.434176, 37.807759 ], [ -122.434191, 37.807843 ], [ -122.434287, 37.807831 ], [ -122.434273, 37.807746 ], [ -122.4343, 37.807742 ], [ -122.434315, 37.807827 ], [ -122.43441, 37.807816 ], [ -122.434396, 37.80773 ], [ -122.434425, 37.807727 ], [ -122.434438, 37.807811 ], [ -122.434524, 37.807801 ], [ -122.43451, 37.807716 ], [ -122.434535, 37.807713 ], [ -122.434552, 37.807796 ], [ -122.434638, 37.807787 ], [ -122.434625, 37.807701 ], [ -122.434651, 37.807698 ], [ -122.434667, 37.807782 ], [ -122.434753, 37.807771 ], [ -122.434739, 37.807687 ], [ -122.434765, 37.807683 ], [ -122.434779, 37.807766 ], [ -122.434873, 37.807756 ], [ -122.434859, 37.807672 ], [ -122.434886, 37.807668 ], [ -122.434901, 37.807752 ], [ -122.434978, 37.807742 ], [ -122.434964, 37.807659 ], [ -122.434991, 37.807655 ], [ -122.435005, 37.807737 ], [ -122.435087, 37.80773 ], [ -122.435074, 37.807645 ], [ -122.4351, 37.807641 ], [ -122.435115, 37.807724 ], [ -122.435194, 37.807716 ], [ -122.435181, 37.807631 ], [ -122.435209, 37.807628 ], [ -122.435223, 37.807711 ], [ -122.435304, 37.807703 ], [ -122.435291, 37.807617 ], [ -122.435319, 37.807613 ], [ -122.435335, 37.807698 ], [ -122.435404, 37.80769 ], [ -122.435392, 37.807604 ], [ -122.43542, 37.807601 ], [ -122.435436, 37.807686 ], [ -122.43551, 37.807678 ], [ -122.435498, 37.807591 ], [ -122.435524, 37.807588 ], [ -122.435541, 37.807673 ], [ -122.435611, 37.807664 ], [ -122.435599, 37.807578 ], [ -122.435628, 37.807575 ], [ -122.435645, 37.80766 ], [ -122.435705, 37.807654 ], [ -122.435683, 37.807566 ], [ -122.435714, 37.807564 ], [ -122.435733, 37.807653 ], [ -122.435829, 37.807641 ], [ -122.435811, 37.807573 ], [ -122.435767, 37.807567 ], [ -122.435737, 37.807548 ], [ -122.43572, 37.807518 ], [ -122.435679, 37.807411 ], [ -122.43567, 37.80726 ], [ -122.435637, 37.807264 ], [ -122.435654, 37.807361 ], [ -122.43563, 37.807364 ], [ -122.435609, 37.80727 ], [ -122.435544, 37.807278 ], [ -122.435558, 37.807372 ], [ -122.435528, 37.807377 ], [ -122.435505, 37.807283 ], [ -122.435443, 37.807291 ], [ -122.435457, 37.807386 ], [ -122.435428, 37.80739 ], [ -122.435404, 37.807296 ], [ -122.435342, 37.807304 ], [ -122.435358, 37.807398 ], [ -122.435324, 37.807402 ], [ -122.435303, 37.807309 ], [ -122.435236, 37.807317 ], [ -122.43525, 37.807412 ], [ -122.435219, 37.807416 ], [ -122.435197, 37.807322 ], [ -122.435128, 37.80733 ], [ -122.435142, 37.807425 ], [ -122.435113, 37.807429 ], [ -122.435089, 37.807335 ], [ -122.43502, 37.807344 ], [ -122.435034, 37.807439 ], [ -122.435004, 37.807443 ], [ -122.434981, 37.807349 ], [ -122.434911, 37.807358 ], [ -122.434925, 37.807452 ], [ -122.434896, 37.807456 ], [ -122.434872, 37.807363 ], [ -122.434799, 37.807372 ], [ -122.434813, 37.807468 ], [ -122.434784, 37.807469 ], [ -122.43476, 37.807377 ], [ -122.434691, 37.807385 ], [ -122.434706, 37.80748 ], [ -122.434677, 37.807484 ], [ -122.434652, 37.80739 ], [ -122.434576, 37.8074 ], [ -122.434591, 37.807495 ], [ -122.434562, 37.807499 ], [ -122.434537, 37.807405 ], [ -122.434462, 37.807414 ], [ -122.434475, 37.80751 ], [ -122.434449, 37.807511 ], [ -122.434423, 37.807419 ], [ -122.434349, 37.807428 ], [ -122.434364, 37.807523 ], [ -122.434337, 37.807526 ], [ -122.43431, 37.807433 ], [ -122.434231, 37.807443 ], [ -122.434246, 37.807539 ], [ -122.434219, 37.80754 ], [ -122.434192, 37.807448 ], [ -122.434111, 37.807458 ], [ -122.434122, 37.807554 ], [ -122.434098, 37.807555 ], [ -122.434072, 37.807463 ], [ -122.433993, 37.807473 ], [ -122.434005, 37.807569 ], [ -122.43398, 37.80757 ], [ -122.433954, 37.807478 ], [ -122.433869, 37.807488 ], [ -122.433882, 37.807583 ], [ -122.433855, 37.807587 ], [ -122.43383, 37.807493 ], [ -122.433745, 37.807504 ], [ -122.43376, 37.8076 ], [ -122.433731, 37.807601 ], [ -122.433705, 37.807509 ], [ -122.433606, 37.807521 ], [ -122.433628, 37.807615 ], [ -122.433599, 37.807619 ], [ -122.433561, 37.807428 ], [ -122.433585, 37.807425 ], [ -122.433604, 37.807498 ], [ -122.433675, 37.80749 ], [ -122.433668, 37.807415 ], [ -122.433694, 37.807411 ], [ -122.433715, 37.807484 ], [ -122.433793, 37.807474 ], [ -122.433785, 37.807399 ], [ -122.433812, 37.807398 ], [ -122.433832, 37.807468 ], [ -122.433908, 37.807458 ], [ -122.4339, 37.807386 ], [ -122.433928, 37.807382 ], [ -122.433947, 37.807454 ], [ -122.434023, 37.807445 ], [ -122.434015, 37.80737 ], [ -122.43404, 37.807369 ], [ -122.434062, 37.80744 ], [ -122.434133, 37.807432 ], [ -122.434123, 37.807357 ], [ -122.434151, 37.807354 ], [ -122.434172, 37.807427 ], [ -122.434243, 37.807419 ], [ -122.434236, 37.807344 ], [ -122.434264, 37.80734 ], [ -122.434282, 37.807413 ], [ -122.434351, 37.807405 ], [ -122.434341, 37.807329 ], [ -122.434372, 37.807327 ], [ -122.43439, 37.807399 ], [ -122.434461, 37.80739 ], [ -122.43445, 37.807317 ], [ -122.43448, 37.807313 ], [ -122.434499, 37.807386 ], [ -122.434569, 37.807376 ], [ -122.434561, 37.807303 ], [ -122.43459, 37.807299 ], [ -122.43461, 37.807371 ], [ -122.434681, 37.807362 ], [ -122.434669, 37.807289 ], [ -122.434701, 37.807284 ], [ -122.434718, 37.807356 ], [ -122.434781, 37.807349 ], [ -122.434772, 37.807275 ], [ -122.434801, 37.807273 ], [ -122.434821, 37.807346 ], [ -122.434882, 37.807338 ], [ -122.434872, 37.807264 ], [ -122.434903, 37.807259 ], [ -122.434922, 37.807333 ], [ -122.434986, 37.807324 ], [ -122.434977, 37.807251 ], [ -122.435007, 37.807246 ], [ -122.435025, 37.80732 ], [ -122.435089, 37.807312 ], [ -122.435079, 37.807238 ], [ -122.435108, 37.807234 ], [ -122.435128, 37.807307 ], [ -122.43519, 37.8073 ], [ -122.43518, 37.807225 ], [ -122.435211, 37.807221 ], [ -122.435229, 37.807294 ], [ -122.435295, 37.807286 ], [ -122.435284, 37.807211 ], [ -122.435315, 37.807208 ], [ -122.435334, 37.807283 ], [ -122.435396, 37.807276 ], [ -122.435382, 37.807198 ], [ -122.435408, 37.807197 ], [ -122.435421, 37.807261 ], [ -122.43545, 37.807256 ], [ -122.435436, 37.807193 ], [ -122.435461, 37.80719 ], [ -122.435474, 37.807254 ], [ -122.435508, 37.80725 ], [ -122.435496, 37.807186 ], [ -122.435519, 37.807183 ], [ -122.435537, 37.807257 ], [ -122.4356, 37.807249 ], [ -122.435588, 37.807175 ], [ -122.435611, 37.807171 ], [ -122.435626, 37.807244 ], [ -122.435655, 37.807241 ], [ -122.435585, 37.806912 ], [ -122.435557, 37.806915 ], [ -122.435573, 37.806994 ], [ -122.435545, 37.806998 ], [ -122.435526, 37.806917 ], [ -122.435473, 37.806923 ], [ -122.43548, 37.807006 ], [ -122.435453, 37.80701 ], [ -122.435426, 37.806929 ], [ -122.435369, 37.806936 ], [ -122.435375, 37.807019 ], [ -122.435348, 37.807023 ], [ -122.435321, 37.806943 ], [ -122.435266, 37.806949 ], [ -122.435271, 37.807032 ], [ -122.435245, 37.807036 ], [ -122.435218, 37.806955 ], [ -122.435164, 37.806962 ], [ -122.43517, 37.807045 ], [ -122.435142, 37.80705 ], [ -122.435116, 37.806968 ], [ -122.435062, 37.806975 ], [ -122.435068, 37.807058 ], [ -122.435041, 37.807062 ], [ -122.435014, 37.806981 ], [ -122.43496, 37.806988 ], [ -122.434969, 37.807072 ], [ -122.434939, 37.807074 ], [ -122.434913, 37.806994 ], [ -122.434858, 37.807001 ], [ -122.434863, 37.807085 ], [ -122.434838, 37.807087 ], [ -122.43481, 37.807007 ], [ -122.434755, 37.807014 ], [ -122.43476, 37.807098 ], [ -122.434735, 37.8071 ], [ -122.434707, 37.80702 ], [ -122.434652, 37.807027 ], [ -122.434659, 37.80711 ], [ -122.434632, 37.807113 ], [ -122.434604, 37.807033 ], [ -122.434548, 37.80704 ], [ -122.434553, 37.807124 ], [ -122.434527, 37.807126 ], [ -122.4345, 37.807046 ], [ -122.434441, 37.807054 ], [ -122.434448, 37.807136 ], [ -122.434419, 37.80714 ], [ -122.434393, 37.80706 ], [ -122.434334, 37.807067 ], [ -122.434339, 37.807151 ], [ -122.434314, 37.807152 ], [ -122.434286, 37.807073 ], [ -122.434223, 37.807081 ], [ -122.434228, 37.807164 ], [ -122.4342, 37.807168 ], [ -122.434175, 37.807087 ], [ -122.434109, 37.807096 ], [ -122.434117, 37.807178 ], [ -122.434089, 37.807181 ], [ -122.434061, 37.807102 ], [ -122.43401, 37.807108 ], [ -122.434015, 37.807191 ], [ -122.433988, 37.807194 ], [ -122.433962, 37.807114 ], [ -122.433894, 37.807123 ], [ -122.433902, 37.807205 ], [ -122.433874, 37.807209 ], [ -122.433847, 37.807129 ], [ -122.43378, 37.807137 ], [ -122.433787, 37.807221 ], [ -122.433757, 37.807222 ], [ -122.433732, 37.807143 ], [ -122.433667, 37.807151 ], [ -122.433672, 37.807234 ], [ -122.433643, 37.807238 ], [ -122.433619, 37.807157 ], [ -122.433554, 37.807166 ], [ -122.433558, 37.807248 ], [ -122.43353, 37.807252 ], [ -122.433506, 37.807172 ], [ -122.43344, 37.80718 ], [ -122.433448, 37.807264 ], [ -122.43342, 37.807265 ], [ -122.433392, 37.807186 ], [ -122.433327, 37.807194 ], [ -122.433332, 37.807277 ], [ -122.433305, 37.807281 ], [ -122.433279, 37.8072 ], [ -122.433213, 37.807209 ], [ -122.43322, 37.807291 ], [ -122.433193, 37.807295 ], [ -122.433166, 37.807215 ], [ -122.433095, 37.807224 ], [ -122.433111, 37.807305 ], [ -122.433081, 37.807309 ], [ -122.433045, 37.807131 ], [ -122.433075, 37.807127 ], [ -122.433086, 37.807201 ], [ -122.433162, 37.807192 ], [ -122.433153, 37.807116 ], [ -122.433182, 37.807115 ], [ -122.433207, 37.807187 ], [ -122.433274, 37.80718 ], [ -122.433266, 37.807103 ], [ -122.433301, 37.807098 ], [ -122.433323, 37.807173 ], [ -122.433379, 37.807167 ], [ -122.43337, 37.807091 ], [ -122.433407, 37.807086 ], [ -122.433427, 37.80716 ], [ -122.433486, 37.807153 ], [ -122.433477, 37.807076 ], [ -122.433509, 37.807073 ], [ -122.433533, 37.807147 ], [ -122.433587, 37.80714 ], [ -122.433578, 37.807065 ], [ -122.433614, 37.807059 ], [ -122.433634, 37.807134 ], [ -122.433687, 37.807128 ], [ -122.433681, 37.807051 ], [ -122.433713, 37.807047 ], [ -122.433734, 37.807121 ], [ -122.433795, 37.807114 ], [ -122.433784, 37.807037 ], [ -122.43381, 37.807035 ], [ -122.433823, 37.8071 ], [ -122.43386, 37.807095 ], [ -122.433847, 37.80703 ], [ -122.433872, 37.807026 ], [ -122.433885, 37.807091 ], [ -122.433913, 37.807088 ], [ -122.4339, 37.807023 ], [ -122.433928, 37.807021 ], [ -122.433945, 37.807096 ], [ -122.434013, 37.807087 ], [ -122.434006, 37.80701 ], [ -122.434037, 37.807006 ], [ -122.434059, 37.807079 ], [ -122.434419, 37.807036 ], [ -122.434416, 37.806995 ], [ -122.434261, 37.807004 ], [ -122.434211, 37.806995 ], [ -122.434165, 37.806972 ], [ -122.434123, 37.806927 ], [ -122.434123, 37.806902 ], [ -122.434085, 37.806832 ], [ -122.434057, 37.806769 ], [ -122.434051, 37.80674 ], [ -122.433989, 37.806747 ], [ -122.433994, 37.806818 ], [ -122.433961, 37.806821 ], [ -122.43394, 37.806753 ], [ -122.433868, 37.806762 ], [ -122.433871, 37.806833 ], [ -122.433841, 37.806837 ], [ -122.433818, 37.806768 ], [ -122.433759, 37.806775 ], [ -122.433764, 37.806846 ], [ -122.433734, 37.80685 ], [ -122.433709, 37.806781 ], [ -122.433653, 37.806788 ], [ -122.433657, 37.80686 ], [ -122.433626, 37.806863 ], [ -122.433604, 37.806795 ], [ -122.433555, 37.806801 ], [ -122.43356, 37.806872 ], [ -122.433527, 37.806877 ], [ -122.433506, 37.806807 ], [ -122.43345, 37.806814 ], [ -122.433454, 37.806885 ], [ -122.433423, 37.806889 ], [ -122.4334, 37.80682 ], [ -122.433354, 37.806826 ], [ -122.433361, 37.806898 ], [ -122.433329, 37.806899 ], [ -122.433305, 37.806832 ], [ -122.433259, 37.806837 ], [ -122.433264, 37.80691 ], [ -122.433234, 37.806912 ], [ -122.43321, 37.806844 ], [ -122.433158, 37.80685 ], [ -122.433162, 37.806921 ], [ -122.433131, 37.806925 ], [ -122.433108, 37.806856 ], [ -122.433056, 37.806863 ], [ -122.433062, 37.806934 ], [ -122.433031, 37.806938 ], [ -122.433007, 37.806869 ], [ -122.432941, 37.806877 ], [ -122.432955, 37.806949 ], [ -122.432928, 37.80695 ], [ -122.432898, 37.806795 ], [ -122.432922, 37.806791 ], [ -122.432937, 37.806854 ], [ -122.43301, 37.806845 ], [ -122.432998, 37.806783 ], [ -122.433028, 37.806778 ], [ -122.433042, 37.806842 ], [ -122.433116, 37.806832 ], [ -122.433105, 37.806768 ], [ -122.433136, 37.806766 ], [ -122.433149, 37.806829 ], [ -122.433217, 37.806821 ], [ -122.433205, 37.806757 ], [ -122.433235, 37.806753 ], [ -122.43325, 37.806816 ], [ -122.433319, 37.806809 ], [ -122.433307, 37.806744 ], [ -122.433341, 37.80674 ], [ -122.433354, 37.806804 ], [ -122.43342, 37.806796 ], [ -122.433408, 37.806731 ], [ -122.433442, 37.806728 ], [ -122.433454, 37.806792 ], [ -122.43352, 37.806784 ], [ -122.433508, 37.806719 ], [ -122.433543, 37.806715 ], [ -122.433555, 37.80678 ], [ -122.433614, 37.806773 ], [ -122.433604, 37.806707 ], [ -122.433632, 37.806703 ], [ -122.433649, 37.806767 ], [ -122.433712, 37.806759 ], [ -122.433701, 37.806695 ], [ -122.433731, 37.806691 ], [ -122.433745, 37.806755 ], [ -122.433802, 37.806748 ], [ -122.433788, 37.806684 ], [ -122.433824, 37.80668 ], [ -122.433836, 37.806744 ], [ -122.433899, 37.806737 ], [ -122.433885, 37.806673 ], [ -122.433924, 37.806667 ], [ -122.433934, 37.806732 ], [ -122.433991, 37.806725 ], [ -122.433979, 37.806661 ], [ -122.434008, 37.806657 ], [ -122.434021, 37.806719 ], [ -122.434047, 37.806716 ], [ -122.434048, 37.80667 ], [ -122.434017, 37.806491 ], [ -122.433993, 37.806434 ], [ -122.433965, 37.806436 ], [ -122.433976, 37.806502 ], [ -122.433951, 37.806504 ], [ -122.433933, 37.806436 ], [ -122.433886, 37.806443 ], [ -122.433891, 37.806513 ], [ -122.433859, 37.806517 ], [ -122.433839, 37.806449 ], [ -122.433791, 37.806455 ], [ -122.433794, 37.806525 ], [ -122.433768, 37.806529 ], [ -122.433745, 37.806461 ], [ -122.433695, 37.806468 ], [ -122.433697, 37.806538 ], [ -122.43367, 37.806542 ], [ -122.433649, 37.806474 ], [ -122.433596, 37.80648 ], [ -122.4336, 37.806551 ], [ -122.433572, 37.806555 ], [ -122.43355, 37.806486 ], [ -122.433504, 37.806493 ], [ -122.433507, 37.806563 ], [ -122.433481, 37.806567 ], [ -122.433458, 37.806499 ], [ -122.433404, 37.806506 ], [ -122.433406, 37.806577 ], [ -122.43338, 37.80658 ], [ -122.433358, 37.806512 ], [ -122.433305, 37.806519 ], [ -122.433309, 37.806589 ], [ -122.433281, 37.806593 ], [ -122.433259, 37.806525 ], [ -122.433207, 37.806531 ], [ -122.433209, 37.806602 ], [ -122.433183, 37.806606 ], [ -122.433161, 37.806537 ], [ -122.433099, 37.806546 ], [ -122.433103, 37.806616 ], [ -122.433076, 37.80662 ], [ -122.433053, 37.806552 ], [ -122.432991, 37.80656 ], [ -122.432993, 37.80663 ], [ -122.432967, 37.806634 ], [ -122.432945, 37.806566 ], [ -122.432886, 37.806573 ], [ -122.432892, 37.806644 ], [ -122.432868, 37.806647 ], [ -122.432842, 37.806492 ], [ -122.432866, 37.806489 ], [ -122.432877, 37.806552 ], [ -122.432948, 37.806543 ], [ -122.432942, 37.806478 ], [ -122.43297, 37.806475 ], [ -122.432985, 37.806537 ], [ -122.433053, 37.806529 ], [ -122.433048, 37.806466 ], [ -122.433074, 37.806462 ], [ -122.433091, 37.806525 ], [ -122.433159, 37.806516 ], [ -122.433154, 37.806451 ], [ -122.433181, 37.806447 ], [ -122.433198, 37.80651 ], [ -122.433258, 37.806502 ], [ -122.433253, 37.806438 ], [ -122.43328, 37.806434 ], [ -122.433297, 37.806498 ], [ -122.433356, 37.80649 ], [ -122.433348, 37.806425 ], [ -122.433377, 37.806421 ], [ -122.433395, 37.806485 ], [ -122.433452, 37.806477 ], [ -122.433446, 37.806412 ], [ -122.433473, 37.806409 ], [ -122.43349, 37.806473 ], [ -122.43355, 37.806465 ], [ -122.433546, 37.8064 ], [ -122.433573, 37.806396 ], [ -122.43359, 37.80646 ], [ -122.433646, 37.806452 ], [ -122.433641, 37.806388 ], [ -122.433669, 37.806383 ], [ -122.433685, 37.806446 ], [ -122.433743, 37.806439 ], [ -122.433737, 37.806374 ], [ -122.433767, 37.806372 ], [ -122.433783, 37.806435 ], [ -122.433841, 37.806426 ], [ -122.433835, 37.806362 ], [ -122.433863, 37.806358 ], [ -122.433878, 37.806421 ], [ -122.433929, 37.806415 ], [ -122.433921, 37.80635 ], [ -122.433945, 37.806347 ], [ -122.433956, 37.806416 ], [ -122.43399, 37.806413 ], [ -122.433995, 37.806358 ], [ -122.433982, 37.806335 ], [ -122.433943, 37.806226 ], [ -122.433951, 37.806183 ], [ -122.43394, 37.806129 ], [ -122.433901, 37.806133 ], [ -122.43391, 37.806198 ], [ -122.433881, 37.8062 ], [ -122.433869, 37.806132 ], [ -122.43382, 37.806138 ], [ -122.433824, 37.806208 ], [ -122.433796, 37.806212 ], [ -122.433777, 37.806144 ], [ -122.433726, 37.80615 ], [ -122.43373, 37.80622 ], [ -122.433701, 37.806224 ], [ -122.433682, 37.806156 ], [ -122.43363, 37.806163 ], [ -122.433633, 37.806234 ], [ -122.433608, 37.806236 ], [ -122.433588, 37.806168 ], [ -122.433534, 37.806175 ], [ -122.433536, 37.806246 ], [ -122.43351, 37.806247 ], [ -122.433492, 37.80618 ], [ -122.433437, 37.806187 ], [ -122.433443, 37.806257 ], [ -122.433412, 37.806261 ], [ -122.433394, 37.806193 ], [ -122.43334, 37.8062 ], [ -122.433347, 37.80627 ], [ -122.433317, 37.806273 ], [ -122.433297, 37.806205 ], [ -122.433241, 37.806212 ], [ -122.433246, 37.806282 ], [ -122.433219, 37.806286 ], [ -122.4332, 37.806218 ], [ -122.433141, 37.806225 ], [ -122.433144, 37.806296 ], [ -122.433119, 37.806298 ], [ -122.433098, 37.80623 ], [ -122.433038, 37.806238 ], [ -122.433041, 37.806308 ], [ -122.433015, 37.806312 ], [ -122.432996, 37.806243 ], [ -122.432928, 37.806252 ], [ -122.432931, 37.806322 ], [ -122.432903, 37.806326 ], [ -122.432887, 37.806258 ], [ -122.432821, 37.806266 ], [ -122.432829, 37.806336 ], [ -122.432806, 37.806338 ], [ -122.432774, 37.806185 ], [ -122.432799, 37.806182 ], [ -122.432812, 37.806246 ], [ -122.432876, 37.806238 ], [ -122.432876, 37.806172 ], [ -122.432904, 37.806168 ], [ -122.432922, 37.806232 ], [ -122.432987, 37.806224 ], [ -122.432987, 37.806158 ], [ -122.433014, 37.806154 ], [ -122.433033, 37.806218 ], [ -122.433088, 37.806211 ], [ -122.433088, 37.806145 ], [ -122.433115, 37.806143 ], [ -122.433131, 37.806205 ], [ -122.433192, 37.806198 ], [ -122.433193, 37.806131 ], [ -122.433218, 37.806128 ], [ -122.433235, 37.80619 ], [ -122.433291, 37.806184 ], [ -122.43329, 37.806119 ], [ -122.433319, 37.806116 ], [ -122.433334, 37.806179 ], [ -122.433388, 37.806173 ], [ -122.433387, 37.806106 ], [ -122.433417, 37.806103 ], [ -122.433432, 37.806166 ], [ -122.433482, 37.80616 ], [ -122.433482, 37.806094 ], [ -122.43351, 37.806091 ], [ -122.433527, 37.806154 ], [ -122.433579, 37.806147 ], [ -122.433579, 37.806081 ], [ -122.433606, 37.80608 ], [ -122.433623, 37.806141 ], [ -122.433674, 37.806135 ], [ -122.433674, 37.80607 ], [ -122.433703, 37.806067 ], [ -122.433719, 37.806129 ], [ -122.433773, 37.806123 ], [ -122.433773, 37.806056 ], [ -122.433802, 37.806054 ], [ -122.433816, 37.806117 ], [ -122.433865, 37.806111 ], [ -122.433862, 37.806045 ], [ -122.433887, 37.806043 ], [ -122.433898, 37.806113 ], [ -122.433935, 37.806108 ], [ -122.433874, 37.805822 ], [ -122.433806, 37.805829 ], [ -122.433818, 37.805899 ], [ -122.433792, 37.805901 ], [ -122.433783, 37.805844 ], [ -122.433751, 37.805848 ], [ -122.43376, 37.805906 ], [ -122.433735, 37.805908 ], [ -122.433726, 37.805851 ], [ -122.433698, 37.805854 ], [ -122.433707, 37.805913 ], [ -122.433681, 37.805915 ], [ -122.43367, 37.805847 ], [ -122.433612, 37.805854 ], [ -122.433621, 37.805925 ], [ -122.433588, 37.805927 ], [ -122.433574, 37.805859 ], [ -122.433516, 37.805867 ], [ -122.433522, 37.805936 ], [ -122.433495, 37.80594 ], [ -122.433478, 37.805871 ], [ -122.433425, 37.805878 ], [ -122.433431, 37.805949 ], [ -122.433405, 37.80595 ], [ -122.433387, 37.805883 ], [ -122.433327, 37.805891 ], [ -122.433334, 37.80596 ], [ -122.433307, 37.805964 ], [ -122.433289, 37.805896 ], [ -122.433228, 37.805904 ], [ -122.433234, 37.805973 ], [ -122.433206, 37.805977 ], [ -122.43319, 37.805908 ], [ -122.433125, 37.805917 ], [ -122.433132, 37.805986 ], [ -122.433103, 37.80599 ], [ -122.433087, 37.805922 ], [ -122.433022, 37.80593 ], [ -122.433032, 37.806 ], [ -122.433001, 37.806003 ], [ -122.432984, 37.805935 ], [ -122.432914, 37.805944 ], [ -122.432919, 37.806014 ], [ -122.432891, 37.806016 ], [ -122.432876, 37.805949 ], [ -122.432811, 37.805957 ], [ -122.432824, 37.806026 ], [ -122.432794, 37.80603 ], [ -122.432764, 37.805889 ], [ -122.432794, 37.805886 ], [ -122.432806, 37.805935 ], [ -122.432868, 37.805928 ], [ -122.432867, 37.805876 ], [ -122.432896, 37.805872 ], [ -122.432909, 37.805923 ], [ -122.432973, 37.805916 ], [ -122.432974, 37.805862 ], [ -122.433001, 37.805859 ], [ -122.433016, 37.805909 ], [ -122.433075, 37.805903 ], [ -122.433073, 37.805849 ], [ -122.433103, 37.805846 ], [ -122.433113, 37.805899 ], [ -122.433174, 37.80589 ], [ -122.433172, 37.805835 ], [ -122.4332, 37.805833 ], [ -122.433216, 37.805885 ], [ -122.43327, 37.805877 ], [ -122.433268, 37.805823 ], [ -122.433297, 37.805821 ], [ -122.433313, 37.805872 ], [ -122.433366, 37.805865 ], [ -122.433361, 37.805812 ], [ -122.433391, 37.805809 ], [ -122.433406, 37.805859 ], [ -122.433462, 37.805851 ], [ -122.433459, 37.805801 ], [ -122.433488, 37.805796 ], [ -122.433502, 37.805847 ], [ -122.433556, 37.80584 ], [ -122.433555, 37.805787 ], [ -122.433587, 37.805784 ], [ -122.433599, 37.805834 ], [ -122.433653, 37.805829 ], [ -122.433653, 37.805775 ], [ -122.43368, 37.805771 ], [ -122.433695, 37.805822 ], [ -122.433809, 37.805807 ], [ -122.433809, 37.805778 ], [ -122.433835, 37.805778 ], [ -122.433843, 37.805805 ], [ -122.43387, 37.805802 ], [ -122.433851, 37.805719 ], [ -122.43381, 37.805668 ], [ -122.433753, 37.805627 ], [ -122.433686, 37.8056 ], [ -122.433621, 37.805588 ], [ -122.43355, 37.805588 ], [ -122.432716, 37.805722 ], [ -122.432663, 37.805751 ], [ -122.432624, 37.805791 ], [ -122.432595, 37.805857 ], [ -122.432501, 37.805941 ], [ -122.43239, 37.805956 ], [ -122.432397, 37.805978 ], [ -122.432516, 37.80596 ], [ -122.432629, 37.805873 ], [ -122.432649, 37.805889 ], [ -122.432533, 37.805983 ], [ -122.432412, 37.806005 ], [ -122.4324, 37.806073 ], [ -122.43241, 37.806102 ], [ -122.432515, 37.80608 ], [ -122.432524, 37.806107 ], [ -122.432412, 37.806133 ], [ -122.432491, 37.806359 ], [ -122.432449, 37.806367 ], [ -122.432521, 37.80658 ], [ -122.432498, 37.806585 ], [ -122.432425, 37.806372 ], [ -122.432402, 37.806376 ], [ -122.432302, 37.806082 ], [ -122.432369, 37.806071 ], [ -122.432381, 37.806005 ], [ -122.432353, 37.80601 ], [ -122.43235, 37.805976 ], [ -122.432091, 37.8052 ], [ -122.432193, 37.805206 ], [ -122.433667, 37.805015 ], [ -122.433798, 37.805043 ], [ -122.433898, 37.804976 ], [ -122.434082, 37.804917 ], [ -122.435357, 37.804757 ], [ -122.436877, 37.804561 ], [ -122.437046, 37.804359 ], [ -122.438005, 37.804238 ], [ -122.439255, 37.804081 ], [ -122.440195, 37.803963 ], [ -122.441032, 37.803858 ], [ -122.441905, 37.803744 ], [ -122.44194, 37.803917 ], [ -122.442067, 37.804556 ], [ -122.442126, 37.80485 ] ] ] } },
{ "type": "Feature", "properties": { "BlockGroup": 60750126022 }, "geometry": { "type": "Polygon", "coordinates": [ [ [ -122.436999, 37.803683 ], [ -122.437116, 37.804256 ], [ -122.437046, 37.804359 ], [ -122.436877, 37.804561 ], [ -122.435357, 37.804757 ], [ -122.434082, 37.804917 ], [ -122.433898, 37.804976 ], [ -122.433798, 37.805043 ], [ -122.433667, 37.805015 ], [ -122.432193, 37.805206 ], [ -122.432091, 37.8052 ], [ -122.43235, 37.805976 ], [ -122.43232, 37.805983 ], [ -122.432265, 37.806016 ], [ -122.432227, 37.806023 ], [ -122.432194, 37.80604 ], [ -122.432179, 37.806059 ], [ -122.432165, 37.8061 ], [ -122.43218, 37.806145 ], [ -122.43221, 37.806153 ], [ -122.432227, 37.806214 ], [ -122.432203, 37.806237 ], [ -122.432206, 37.806291 ], [ -122.432221, 37.806338 ], [ -122.432307, 37.806805 ], [ -122.432383, 37.807104 ], [ -122.432565, 37.80848 ], [ -122.432615, 37.808486 ], [ -122.432608, 37.808505 ], [ -122.432584, 37.808515 ], [ -122.432342, 37.808516 ], [ -122.432079, 37.807223 ], [ -122.432, 37.807178 ], [ -122.431443, 37.807251 ], [ -122.431386, 37.807314 ], [ -122.431728, 37.809024 ], [ -122.431341, 37.809057 ], [ -122.430995, 37.807366 ], [ -122.430916, 37.80732 ], [ -122.430361, 37.807393 ], [ -122.430303, 37.807457 ], [ -122.430622, 37.809167 ], [ -122.430108, 37.809215 ], [ -122.429835, 37.807825 ], [ -122.429263, 37.807903 ], [ -122.42927, 37.80797 ], [ -122.428237, 37.808406 ], [ -122.427001, 37.808109 ], [ -122.426996, 37.808141 ], [ -122.427546, 37.808641 ], [ -122.428014, 37.80857 ], [ -122.428043, 37.808705 ], [ -122.427533, 37.808783 ], [ -122.427524, 37.808739 ], [ -122.427301, 37.808773 ], [ -122.427287, 37.808709 ], [ -122.42749, 37.808678 ], [ -122.42691, 37.808151 ], [ -122.426839, 37.808113 ], [ -122.426718, 37.808169 ], [ -122.426816, 37.808624 ], [ -122.426812, 37.808702 ], [ -122.426831, 37.808796 ], [ -122.426826, 37.808824 ], [ -122.426829, 37.80897 ], [ -122.426848, 37.809019 ], [ -122.426824, 37.809066 ], [ -122.426806, 37.809211 ], [ -122.426765, 37.809392 ], [ -122.426704, 37.809568 ], [ -122.426671, 37.809639 ], [ -122.426484, 37.809567 ], [ -122.426536, 37.80944 ], [ -122.426583, 37.809275 ], [ -122.426612, 37.809108 ], [ -122.426622, 37.808906 ], [ -122.426636, 37.808794 ], [ -122.426618, 37.808824 ], [ -122.426597, 37.808627 ], [ -122.426535, 37.808287 ], [ -122.426522, 37.808151 ], [ -122.426486, 37.808164 ], [ -122.426473, 37.808071 ], [ -122.426613, 37.808152 ], [ -122.426592, 37.808066 ], [ -122.426489, 37.807652 ], [ -122.426257, 37.807185 ], [ -122.42578, 37.806715 ], [ -122.425628, 37.806456 ], [ -122.425488, 37.80601 ], [ -122.425299, 37.805078 ], [ -122.425382, 37.804971 ], [ -122.425231, 37.804226 ], [ -122.42511, 37.804146 ], [ -122.425646, 37.804078 ], [ -122.426756, 37.803936 ], [ -122.427687, 37.803818 ], [ -122.4284, 37.803727 ], [ -122.430045, 37.803518 ], [ -122.431679, 37.803267 ], [ -122.433328, 37.803057 ], [ -122.434973, 37.802848 ], [ -122.436693, 37.802628 ], [ -122.436815, 37.802777 ], [ -122.436962, 37.8035 ], [ -122.436892, 37.803603 ], [ -122.436999, 37.803683 ] ] ] } },
{ "type": "Feature", "properties": { "BlockGroup": 60750127001 }, "geometry": { "type": "Polygon", "coordinates": [ [ [ -122.447922, 37.801532 ], [ -122.44836, 37.801587 ], [ -122.448803, 37.801772 ], [ -122.449179, 37.802074 ], [ -122.44946, 37.802454 ], [ -122.449565, 37.802791 ], [ -122.449584, 37.803153 ], [ -122.449496, 37.80347 ], [ -122.449388, 37.803711 ], [ -122.449124, 37.804008 ], [ -122.448815, 37.804229 ], [ -122.448241, 37.804478 ], [ -122.448279, 37.804724 ], [ -122.448321, 37.804994 ], [ -122.448492, 37.806088 ], [ -122.448386, 37.80622 ], [ -122.448184, 37.806339 ], [ -122.448146, 37.80635 ], [ -122.448185, 37.806755 ], [ -122.448127, 37.806896 ], [ -122.447835, 37.807052 ], [ -122.447181, 37.807477 ], [ -122.447024, 37.807491 ], [ -122.446638, 37.807525 ], [ -122.446477, 37.807517 ], [ -122.445245, 37.807626 ], [ -122.444788, 37.807607 ], [ -122.443685, 37.807722 ], [ -122.442712, 37.807973 ], [ -122.442626, 37.808004 ], [ -122.442524, 37.808024 ], [ -122.441537, 37.808127 ], [ -122.440951, 37.808196 ], [ -122.440653, 37.808288 ], [ -122.440552, 37.808345 ], [ -122.440461, 37.808412 ], [ -122.440383, 37.808488 ], [ -122.440222, 37.808671 ], [ -122.440032, 37.808833 ], [ -122.439928, 37.808779 ], [ -122.440278, 37.808222 ], [ -122.440334, 37.808182 ], [ -122.440411, 37.80815 ], [ -122.440471, 37.808144 ], [ -122.440632, 37.808107 ], [ -122.440778, 37.808098 ], [ -122.441795, 37.807987 ], [ -122.441787, 37.807914 ], [ -122.44149, 37.807944 ], [ -122.441481, 37.807917 ], [ -122.441399, 37.807833 ], [ -122.441423, 37.807817 ], [ -122.441527, 37.807922 ], [ -122.441625, 37.807912 ], [ -122.441537, 37.80782 ], [ -122.441558, 37.807805 ], [ -122.441659, 37.807909 ], [ -122.44178, 37.807896 ], [ -122.441695, 37.807803 ], [ -122.441717, 37.807787 ], [ -122.44182, 37.807893 ], [ -122.441936, 37.807881 ], [ -122.441849, 37.807788 ], [ -122.441874, 37.807771 ], [ -122.441976, 37.807877 ], [ -122.441978, 37.807895 ], [ -122.441816, 37.807911 ], [ -122.441824, 37.807984 ], [ -122.442321, 37.807932 ], [ -122.442377, 37.807918 ], [ -122.442423, 37.80788 ], [ -122.442454, 37.807816 ], [ -122.442449, 37.807795 ], [ -122.442345, 37.807813 ], [ -122.442347, 37.807836 ], [ -122.442033, 37.807875 ], [ -122.442009, 37.807734 ], [ -122.442027, 37.807721 ], [ -122.442047, 37.807836 ], [ -122.442059, 37.807852 ], [ -122.442208, 37.807834 ], [ -122.442182, 37.807681 ], [ -122.442215, 37.807675 ], [ -122.442249, 37.807828 ], [ -122.442315, 37.80782 ], [ -122.442321, 37.807802 ], [ -122.442293, 37.807666 ], [ -122.442319, 37.807652 ], [ -122.442355, 37.807784 ], [ -122.442383, 37.807726 ], [ -122.442373, 37.807665 ], [ -122.4424, 37.807646 ], [ -122.442414, 37.807729 ], [ -122.442385, 37.807783 ], [ -122.442457, 37.807772 ], [ -122.442424, 37.807638 ], [ -122.442685, 37.807596 ], [ -122.442713, 37.807793 ], [ -122.442763, 37.807809 ], [ -122.442769, 37.807774 ], [ -122.442731, 37.807519 ], [ -122.442883, 37.807509 ], [ -122.442885, 37.807531 ], [ -122.442773, 37.807539 ], [ -122.442779, 37.807566 ], [ -122.442888, 37.807558 ], [ -122.442892, 37.807578 ], [ -122.442779, 37.807586 ], [ -122.442785, 37.80761 ], [ -122.442894, 37.807603 ], [ -122.442898, 37.807623 ], [ -122.442787, 37.807631 ], [ -122.442793, 37.807661 ], [ -122.442902, 37.807651 ], [ -122.442905, 37.807674 ], [ -122.442795, 37.807682 ], [ -122.442798, 37.807704 ], [ -122.442908, 37.807696 ], [ -122.44291, 37.807717 ], [ -122.442797, 37.807725 ], [ -122.442803, 37.807752 ], [ -122.442914, 37.807744 ], [ -122.442916, 37.807763 ], [ -122.4428, 37.807772 ], [ -122.442804, 37.807804 ], [ -122.442903, 37.807794 ], [ -122.442998, 37.807774 ], [ -122.443056, 37.807754 ], [ -122.443128, 37.807744 ], [ -122.44326, 37.807705 ], [ -122.443291, 37.807699 ], [ -122.443286, 37.807673 ], [ -122.443154, 37.807687 ], [ -122.443151, 37.807665 ], [ -122.443262, 37.807653 ], [ -122.443258, 37.807626 ], [ -122.443146, 37.807639 ], [ -122.443142, 37.807618 ], [ -122.443255, 37.807606 ], [ -122.443251, 37.807581 ], [ -122.443138, 37.807594 ], [ -122.443134, 37.807574 ], [ -122.443238, 37.807562 ], [ -122.443234, 37.807533 ], [ -122.443128, 37.807547 ], [ -122.443124, 37.807525 ], [ -122.443235, 37.807512 ], [ -122.443231, 37.807488 ], [ -122.443119, 37.807503 ], [ -122.443116, 37.807482 ], [ -122.443221, 37.80747 ], [ -122.443218, 37.807443 ], [ -122.44311, 37.807454 ], [ -122.443106, 37.807433 ], [ -122.44336, 37.807404 ], [ -122.443363, 37.807425 ], [ -122.443268, 37.807436 ], [ -122.443269, 37.807458 ], [ -122.443368, 37.807447 ], [ -122.443372, 37.807469 ], [ -122.443274, 37.80748 ], [ -122.443279, 37.807507 ], [ -122.443378, 37.807496 ], [ -122.443382, 37.807516 ], [ -122.443286, 37.807528 ], [ -122.443289, 37.807553 ], [ -122.443386, 37.807542 ], [ -122.44339, 37.807566 ], [ -122.443296, 37.807575 ], [ -122.443299, 37.807601 ], [ -122.443396, 37.80759 ], [ -122.4434, 37.807612 ], [ -122.443306, 37.807621 ], [ -122.443311, 37.807647 ], [ -122.443405, 37.807637 ], [ -122.443409, 37.807658 ], [ -122.443319, 37.807668 ], [ -122.443322, 37.807693 ], [ -122.443434, 37.807672 ], [ -122.443672, 37.807598 ], [ -122.443668, 37.807568 ], [ -122.443656, 37.807486 ], [ -122.443695, 37.807471 ], [ -122.443872, 37.807441 ], [ -122.443843, 37.807368 ], [ -122.443707, 37.807398 ], [ -122.443662, 37.807431 ], [ -122.443636, 37.807419 ], [ -122.443654, 37.807407 ], [ -122.4436, 37.80741 ], [ -122.443507, 37.807336 ], [ -122.443526, 37.807318 ], [ -122.443613, 37.80739 ], [ -122.443647, 37.807384 ], [ -122.44357, 37.807321 ], [ -122.443589, 37.807305 ], [ -122.443677, 37.807379 ], [ -122.443709, 37.807373 ], [ -122.443637, 37.807313 ], [ -122.443657, 37.807297 ], [ -122.44374, 37.807367 ], [ -122.443769, 37.807362 ], [ -122.44369, 37.807299 ], [ -122.443712, 37.807283 ], [ -122.443799, 37.807356 ], [ -122.443828, 37.807351 ], [ -122.443755, 37.807289 ], [ -122.443774, 37.807274 ], [ -122.443859, 37.807346 ], [ -122.443945, 37.80733 ], [ -122.443834, 37.807234 ], [ -122.443852, 37.807218 ], [ -122.443977, 37.807324 ], [ -122.444024, 37.807316 ], [ -122.44389, 37.807204 ], [ -122.443909, 37.807189 ], [ -122.444053, 37.80731 ], [ -122.444103, 37.807301 ], [ -122.444012, 37.807217 ], [ -122.44403, 37.807202 ], [ -122.44414, 37.807294 ], [ -122.444194, 37.807282 ], [ -122.444052, 37.807167 ], [ -122.444071, 37.807153 ], [ -122.444216, 37.807276 ], [ -122.444263, 37.807262 ], [ -122.444126, 37.807148 ], [ -122.444146, 37.807132 ], [ -122.44429, 37.807254 ], [ -122.44433, 37.807242 ], [ -122.444203, 37.80713 ], [ -122.444222, 37.807113 ], [ -122.444363, 37.807232 ], [ -122.444404, 37.80722 ], [ -122.444278, 37.80711 ], [ -122.444298, 37.807094 ], [ -122.444436, 37.807211 ], [ -122.444547, 37.807178 ], [ -122.444421, 37.807067 ], [ -122.444438, 37.807052 ], [ -122.444577, 37.807169 ], [ -122.444646, 37.807149 ], [ -122.444657, 37.807166 ], [ -122.444451, 37.807227 ], [ -122.444496, 37.807298 ], [ -122.444798, 37.807204 ], [ -122.445257, 37.807071 ], [ -122.445225, 37.807015 ], [ -122.445091, 37.807031 ], [ -122.445061, 37.80704 ], [ -122.445056, 37.807019 ], [ -122.445159, 37.807007 ], [ -122.445178, 37.806986 ], [ -122.445117, 37.806952 ], [ -122.444842, 37.80699 ], [ -122.444836, 37.806968 ], [ -122.445037, 37.806942 ], [ -122.445058, 37.806919 ], [ -122.445006, 37.806889 ], [ -122.44483, 37.806914 ], [ -122.444825, 37.806893 ], [ -122.444885, 37.806885 ], [ -122.444879, 37.806844 ], [ -122.44462, 37.80688 ], [ -122.444617, 37.80686 ], [ -122.444919, 37.806817 ], [ -122.445008, 37.806867 ], [ -122.444974, 37.8068 ], [ -122.445003, 37.806791 ], [ -122.445058, 37.806895 ], [ -122.445122, 37.806931 ], [ -122.445046, 37.806781 ], [ -122.445075, 37.806772 ], [ -122.445167, 37.806957 ], [ -122.445231, 37.806992 ], [ -122.445356, 37.806955 ], [ -122.445248, 37.806723 ], [ -122.445275, 37.806714 ], [ -122.445385, 37.806947 ], [ -122.445469, 37.806922 ], [ -122.445353, 37.806692 ], [ -122.445382, 37.806683 ], [ -122.445498, 37.806913 ], [ -122.445562, 37.806894 ], [ -122.445446, 37.806665 ], [ -122.445474, 37.806656 ], [ -122.445592, 37.806886 ], [ -122.445704, 37.806852 ], [ -122.445652, 37.806749 ], [ -122.445653, 37.806727 ], [ -122.445896, 37.806816 ], [ -122.445736, 37.806863 ], [ -122.445754, 37.806897 ], [ -122.446385, 37.806715 ], [ -122.446259, 37.806718 ], [ -122.446193, 37.806738 ], [ -122.44617, 37.806727 ], [ -122.445982, 37.806783 ], [ -122.445589, 37.806636 ], [ -122.445607, 37.806611 ], [ -122.446001, 37.806756 ], [ -122.446132, 37.806717 ], [ -122.445702, 37.806559 ], [ -122.445718, 37.806535 ], [ -122.446177, 37.806704 ], [ -122.446266, 37.806678 ], [ -122.445996, 37.806507 ], [ -122.44602, 37.806488 ], [ -122.446306, 37.806667 ], [ -122.446407, 37.806637 ], [ -122.446143, 37.806472 ], [ -122.446167, 37.806453 ], [ -122.446443, 37.806626 ], [ -122.446554, 37.806593 ], [ -122.446392, 37.806492 ], [ -122.446415, 37.806475 ], [ -122.446531, 37.806546 ], [ -122.44662, 37.80652 ], [ -122.446643, 37.806584 ], [ -122.446711, 37.80657 ], [ -122.446939, 37.806492 ], [ -122.44695, 37.806511 ], [ -122.446721, 37.806589 ], [ -122.446734, 37.806615 ], [ -122.446997, 37.806534 ], [ -122.44699, 37.806444 ], [ -122.446851, 37.806456 ], [ -122.44685, 37.806432 ], [ -122.446973, 37.806421 ], [ -122.44697, 37.806378 ], [ -122.446779, 37.806395 ], [ -122.446778, 37.806372 ], [ -122.446979, 37.806357 ], [ -122.446973, 37.806324 ], [ -122.446767, 37.806343 ], [ -122.446765, 37.806321 ], [ -122.446957, 37.806296 ], [ -122.446942, 37.806222 ], [ -122.446801, 37.806234 ], [ -122.446797, 37.806209 ], [ -122.446935, 37.806186 ], [ -122.44692, 37.806114 ], [ -122.446781, 37.806131 ], [ -122.446776, 37.806109 ], [ -122.446901, 37.806095 ], [ -122.446896, 37.806056 ], [ -122.4467, 37.806074 ], [ -122.446698, 37.806051 ], [ -122.446884, 37.806034 ], [ -122.446879, 37.806002 ], [ -122.446685, 37.806021 ], [ -122.446682, 37.805999 ], [ -122.446894, 37.805981 ], [ -122.44688, 37.805907 ], [ -122.446671, 37.805926 ], [ -122.446669, 37.805901 ], [ -122.446874, 37.80588 ], [ -122.44686, 37.805805 ], [ -122.446663, 37.805829 ], [ -122.446658, 37.805803 ], [ -122.446844, 37.80578 ], [ -122.446838, 37.805747 ], [ -122.446649, 37.805771 ], [ -122.446646, 37.805749 ], [ -122.446829, 37.805727 ], [ -122.446824, 37.805698 ], [ -122.446639, 37.805721 ], [ -122.446637, 37.805699 ], [ -122.44682, 37.805677 ], [ -122.446818, 37.805651 ], [ -122.44663, 37.805675 ], [ -122.446627, 37.805653 ], [ -122.446809, 37.805632 ], [ -122.446804, 37.805609 ], [ -122.446738, 37.805618 ], [ -122.446733, 37.805595 ], [ -122.446818, 37.805586 ], [ -122.446808, 37.805536 ], [ -122.446721, 37.805548 ], [ -122.446719, 37.805526 ], [ -122.446787, 37.805517 ], [ -122.446782, 37.80549 ], [ -122.446701, 37.805499 ], [ -122.446698, 37.805477 ], [ -122.446792, 37.805466 ], [ -122.446771, 37.805406 ], [ -122.446003, 37.805503 ], [ -122.446017, 37.805578 ], [ -122.446546, 37.80551 ], [ -122.44655, 37.805529 ], [ -122.446519, 37.805533 ], [ -122.446527, 37.805602 ], [ -122.446501, 37.805606 ], [ -122.446489, 37.805549 ], [ -122.446468, 37.805539 ], [ -122.446451, 37.805552 ], [ -122.446464, 37.805611 ], [ -122.446437, 37.805613 ], [ -122.446423, 37.805556 ], [ -122.446391, 37.805561 ], [ -122.446418, 37.805685 ], [ -122.44639, 37.805687 ], [ -122.446363, 37.805564 ], [ -122.446326, 37.805567 ], [ -122.446353, 37.805693 ], [ -122.446326, 37.805697 ], [ -122.446298, 37.805572 ], [ -122.446263, 37.805579 ], [ -122.44629, 37.805702 ], [ -122.446262, 37.805706 ], [ -122.446233, 37.805569 ], [ -122.446149, 37.80558 ], [ -122.446177, 37.805717 ], [ -122.44615, 37.805721 ], [ -122.446123, 37.805596 ], [ -122.446071, 37.805601 ], [ -122.446098, 37.805728 ], [ -122.446068, 37.805732 ], [ -122.446041, 37.805604 ], [ -122.446008, 37.805608 ], [ -122.446036, 37.805736 ], [ -122.446007, 37.80574 ], [ -122.445978, 37.805614 ], [ -122.445941, 37.805617 ], [ -122.445966, 37.805745 ], [ -122.445937, 37.805749 ], [ -122.445911, 37.805622 ], [ -122.445875, 37.805625 ], [ -122.4459, 37.805753 ], [ -122.445871, 37.805757 ], [ -122.445845, 37.80563 ], [ -122.445805, 37.805633 ], [ -122.44583, 37.805763 ], [ -122.445801, 37.805767 ], [ -122.445778, 37.805639 ], [ -122.445739, 37.805647 ], [ -122.445763, 37.805771 ], [ -122.445736, 37.805775 ], [ -122.445712, 37.805648 ], [ -122.44567, 37.805655 ], [ -122.445695, 37.805782 ], [ -122.445665, 37.805786 ], [ -122.445639, 37.805658 ], [ -122.445596, 37.805661 ], [ -122.44562, 37.805789 ], [ -122.445594, 37.805793 ], [ -122.445568, 37.805667 ], [ -122.44552, 37.805673 ], [ -122.445544, 37.805797 ], [ -122.445515, 37.805801 ], [ -122.445492, 37.805676 ], [ -122.44545, 37.805682 ], [ -122.445469, 37.805779 ], [ -122.445441, 37.805783 ], [ -122.445421, 37.805686 ], [ -122.445377, 37.805694 ], [ -122.445399, 37.805812 ], [ -122.445369, 37.805816 ], [ -122.445347, 37.805693 ], [ -122.445303, 37.805697 ], [ -122.445325, 37.805813 ], [ -122.445296, 37.805817 ], [ -122.445273, 37.805702 ], [ -122.445232, 37.805709 ], [ -122.445254, 37.805824 ], [ -122.445225, 37.805828 ], [ -122.445204, 37.805712 ], [ -122.445162, 37.805715 ], [ -122.445185, 37.805831 ], [ -122.445156, 37.805835 ], [ -122.445133, 37.805719 ], [ -122.445097, 37.805723 ], [ -122.44512, 37.805839 ], [ -122.44509, 37.805843 ], [ -122.445066, 37.805728 ], [ -122.44503, 37.805731 ], [ -122.445053, 37.805847 ], [ -122.445026, 37.805851 ], [ -122.445002, 37.805728 ], [ -122.444908, 37.80574 ], [ -122.444934, 37.805863 ], [ -122.444908, 37.805867 ], [ -122.444885, 37.805749 ], [ -122.44484, 37.805756 ], [ -122.444862, 37.805874 ], [ -122.444834, 37.805878 ], [ -122.444811, 37.805762 ], [ -122.444774, 37.805765 ], [ -122.444794, 37.805884 ], [ -122.444763, 37.805888 ], [ -122.444746, 37.805769 ], [ -122.444706, 37.805773 ], [ -122.444726, 37.805894 ], [ -122.444698, 37.805898 ], [ -122.444677, 37.805778 ], [ -122.444645, 37.805781 ], [ -122.444665, 37.805902 ], [ -122.444637, 37.805906 ], [ -122.444617, 37.805784 ], [ -122.444577, 37.80579 ], [ -122.444598, 37.805912 ], [ -122.44457, 37.805916 ], [ -122.44455, 37.805794 ], [ -122.444509, 37.8058 ], [ -122.444527, 37.8059 ], [ -122.444498, 37.805904 ], [ -122.444481, 37.805803 ], [ -122.444443, 37.805807 ], [ -122.444462, 37.805908 ], [ -122.444433, 37.805912 ], [ -122.444414, 37.805812 ], [ -122.444381, 37.805815 ], [ -122.444399, 37.805916 ], [ -122.444369, 37.80592 ], [ -122.444352, 37.805819 ], [ -122.44432, 37.805821 ], [ -122.444339, 37.805923 ], [ -122.44431, 37.805927 ], [ -122.444291, 37.805828 ], [ -122.444257, 37.805831 ], [ -122.444276, 37.805931 ], [ -122.444248, 37.805935 ], [ -122.444229, 37.805836 ], [ -122.444197, 37.805839 ], [ -122.444215, 37.805938 ], [ -122.444186, 37.805942 ], [ -122.444167, 37.805844 ], [ -122.444136, 37.805847 ], [ -122.444154, 37.805946 ], [ -122.444127, 37.80595 ], [ -122.444109, 37.80584 ], [ -122.444058, 37.805846 ], [ -122.444015, 37.805862 ], [ -122.444033, 37.805961 ], [ -122.444005, 37.805963 ], [ -122.443989, 37.805864 ], [ -122.44395, 37.805869 ], [ -122.443968, 37.80597 ], [ -122.44394, 37.805974 ], [ -122.443921, 37.805873 ], [ -122.443894, 37.805877 ], [ -122.443912, 37.805978 ], [ -122.443885, 37.805982 ], [ -122.443864, 37.805872 ], [ -122.443818, 37.805879 ], [ -122.443771, 37.805896 ], [ -122.443788, 37.805994 ], [ -122.443759, 37.805998 ], [ -122.443742, 37.805898 ], [ -122.443707, 37.805902 ], [ -122.443724, 37.806003 ], [ -122.443693, 37.806006 ], [ -122.443676, 37.805907 ], [ -122.443644, 37.80591 ], [ -122.443661, 37.806011 ], [ -122.443634, 37.806015 ], [ -122.443614, 37.805914 ], [ -122.443583, 37.805918 ], [ -122.4436, 37.806019 ], [ -122.443571, 37.806023 ], [ -122.443555, 37.805921 ], [ -122.443525, 37.805924 ], [ -122.443543, 37.806026 ], [ -122.443513, 37.80603 ], [ -122.443497, 37.805928 ], [ -122.443464, 37.80593 ], [ -122.443482, 37.806034 ], [ -122.443454, 37.806038 ], [ -122.443436, 37.805934 ], [ -122.443401, 37.805937 ], [ -122.443419, 37.806042 ], [ -122.44339, 37.806047 ], [ -122.443373, 37.805944 ], [ -122.443341, 37.805943 ], [ -122.443359, 37.806049 ], [ -122.443331, 37.806053 ], [ -122.443315, 37.805952 ], [ -122.443282, 37.805954 ], [ -122.4433, 37.806057 ], [ -122.443273, 37.806059 ], [ -122.443255, 37.805959 ], [ -122.443221, 37.805964 ], [ -122.443238, 37.806064 ], [ -122.44321, 37.806068 ], [ -122.443194, 37.805967 ], [ -122.443164, 37.805971 ], [ -122.443181, 37.806071 ], [ -122.443155, 37.806075 ], [ -122.443135, 37.805964 ], [ -122.443059, 37.805973 ], [ -122.443082, 37.806084 ], [ -122.443054, 37.806087 ], [ -122.443037, 37.805988 ], [ -122.442997, 37.805993 ], [ -122.443014, 37.806092 ], [ -122.442986, 37.806096 ], [ -122.442965, 37.805994 ], [ -122.44294, 37.805997 ], [ -122.442958, 37.806099 ], [ -122.442933, 37.806103 ], [ -122.442906, 37.805992 ], [ -122.44284, 37.806001 ], [ -122.442858, 37.806112 ], [ -122.442823, 37.806115 ], [ -122.442799, 37.806006 ], [ -122.442734, 37.806014 ], [ -122.442748, 37.806125 ], [ -122.442717, 37.806129 ], [ -122.44269, 37.80602 ], [ -122.442636, 37.806027 ], [ -122.442652, 37.806137 ], [ -122.442619, 37.806141 ], [ -122.442591, 37.806032 ], [ -122.442552, 37.806037 ], [ -122.442548, 37.806018 ], [ -122.443029, 37.805958 ], [ -122.443019, 37.805887 ], [ -122.442516, 37.805951 ], [ -122.442428, 37.806051 ], [ -122.442522, 37.806508 ], [ -122.442586, 37.806579 ], [ -122.443132, 37.806513 ], [ -122.443116, 37.806443 ], [ -122.442614, 37.806494 ], [ -122.442611, 37.806475 ], [ -122.442655, 37.80647 ], [ -122.442639, 37.806361 ], [ -122.442664, 37.806359 ], [ -122.442675, 37.806451 ], [ -122.442704, 37.806448 ], [ -122.442693, 37.806357 ], [ -122.44272, 37.806356 ], [ -122.44273, 37.806444 ], [ -122.442771, 37.806442 ], [ -122.44276, 37.806351 ], [ -122.442785, 37.806349 ], [ -122.4428, 37.806456 ], [ -122.442873, 37.806448 ], [ -122.442854, 37.806339 ], [ -122.442881, 37.806336 ], [ -122.442897, 37.806429 ], [ -122.442925, 37.806425 ], [ -122.442909, 37.806332 ], [ -122.442936, 37.80633 ], [ -122.442951, 37.806423 ], [ -122.442977, 37.80642 ], [ -122.442962, 37.806327 ], [ -122.442989, 37.806325 ], [ -122.443004, 37.806418 ], [ -122.443035, 37.806415 ], [ -122.44302, 37.806321 ], [ -122.443047, 37.806319 ], [ -122.443062, 37.806412 ], [ -122.443094, 37.806409 ], [ -122.443078, 37.806315 ], [ -122.443106, 37.806313 ], [ -122.443121, 37.806406 ], [ -122.443153, 37.806403 ], [ -122.443137, 37.80631 ], [ -122.443164, 37.806308 ], [ -122.44318, 37.806401 ], [ -122.443222, 37.806401 ], [ -122.443209, 37.806302 ], [ -122.443234, 37.8063 ], [ -122.443251, 37.80641 ], [ -122.44333, 37.806402 ], [ -122.443315, 37.806289 ], [ -122.443352, 37.806289 ], [ -122.443367, 37.806398 ], [ -122.443446, 37.80639 ], [ -122.443425, 37.80628 ], [ -122.443453, 37.806278 ], [ -122.443468, 37.80637 ], [ -122.4435, 37.806368 ], [ -122.443484, 37.806272 ], [ -122.44351, 37.806272 ], [ -122.443526, 37.806364 ], [ -122.443569, 37.80636 ], [ -122.443559, 37.806266 ], [ -122.443584, 37.806266 ], [ -122.443598, 37.806374 ], [ -122.443677, 37.806366 ], [ -122.443663, 37.806253 ], [ -122.443696, 37.806252 ], [ -122.443712, 37.806363 ], [ -122.443796, 37.806354 ], [ -122.44378, 37.80624 ], [ -122.443806, 37.80624 ], [ -122.443817, 37.806336 ], [ -122.443854, 37.806333 ], [ -122.443839, 37.806234 ], [ -122.443867, 37.806234 ], [ -122.443881, 37.806328 ], [ -122.443915, 37.806325 ], [ -122.4439, 37.806229 ], [ -122.443927, 37.806229 ], [ -122.44394, 37.806322 ], [ -122.443976, 37.806318 ], [ -122.443961, 37.806224 ], [ -122.44399, 37.806224 ], [ -122.444004, 37.806315 ], [ -122.444038, 37.806316 ], [ -122.444021, 37.806218 ], [ -122.44405, 37.806216 ], [ -122.444064, 37.806311 ], [ -122.444101, 37.806308 ], [ -122.444085, 37.806214 ], [ -122.444114, 37.806212 ], [ -122.444127, 37.806305 ], [ -122.444159, 37.806301 ], [ -122.444139, 37.806203 ], [ -122.444167, 37.806197 ], [ -122.444185, 37.806295 ], [ -122.444219, 37.80629 ], [ -122.444204, 37.806203 ], [ -122.44423, 37.806197 ], [ -122.444246, 37.806289 ], [ -122.444283, 37.806285 ], [ -122.444268, 37.806184 ], [ -122.444302, 37.806184 ], [ -122.444321, 37.806293 ], [ -122.444411, 37.806281 ], [ -122.444389, 37.806167 ], [ -122.444421, 37.806167 ], [ -122.444443, 37.806277 ], [ -122.444537, 37.806265 ], [ -122.444519, 37.806152 ], [ -122.444552, 37.806151 ], [ -122.444572, 37.80626 ], [ -122.44466, 37.806249 ], [ -122.44464, 37.806145 ], [ -122.444669, 37.806143 ], [ -122.444684, 37.80623 ], [ -122.444721, 37.806227 ], [ -122.444707, 37.806137 ], [ -122.444739, 37.806135 ], [ -122.44475, 37.80622 ], [ -122.444792, 37.806221 ], [ -122.444779, 37.80615 ], [ -122.444808, 37.80615 ], [ -122.444823, 37.806228 ], [ -122.444886, 37.80622 ], [ -122.444872, 37.806138 ], [ -122.444904, 37.806138 ], [ -122.44492, 37.806216 ], [ -122.444987, 37.806207 ], [ -122.444973, 37.806123 ], [ -122.445005, 37.806123 ], [ -122.445021, 37.806203 ], [ -122.445093, 37.806193 ], [ -122.44508, 37.806112 ], [ -122.445111, 37.806112 ], [ -122.445127, 37.806189 ], [ -122.445203, 37.806179 ], [ -122.445185, 37.806096 ], [ -122.445212, 37.806096 ], [ -122.445224, 37.806165 ], [ -122.445253, 37.80616 ], [ -122.44524, 37.806087 ], [ -122.445267, 37.806086 ], [ -122.445279, 37.806157 ], [ -122.445306, 37.806153 ], [ -122.445292, 37.806083 ], [ -122.44532, 37.806083 ], [ -122.445332, 37.806147 ], [ -122.445364, 37.806143 ], [ -122.44535, 37.806071 ], [ -122.445375, 37.806071 ], [ -122.445388, 37.806145 ], [ -122.445421, 37.806142 ], [ -122.445407, 37.806068 ], [ -122.445435, 37.806068 ], [ -122.445448, 37.806138 ], [ -122.445479, 37.806135 ], [ -122.445465, 37.806066 ], [ -122.445493, 37.806065 ], [ -122.445504, 37.806129 ], [ -122.445538, 37.806125 ], [ -122.445523, 37.806058 ], [ -122.445551, 37.806058 ], [ -122.44559, 37.806231 ], [ -122.445561, 37.806234 ], [ -122.445547, 37.806166 ], [ -122.445515, 37.806169 ], [ -122.445531, 37.806238 ], [ -122.445505, 37.806241 ], [ -122.445487, 37.806174 ], [ -122.445457, 37.806178 ], [ -122.445472, 37.806246 ], [ -122.445446, 37.80625 ], [ -122.445431, 37.806169 ], [ -122.445353, 37.806179 ], [ -122.445365, 37.806261 ], [ -122.445336, 37.806265 ], [ -122.445316, 37.806184 ], [ -122.445245, 37.806193 ], [ -122.445262, 37.806275 ], [ -122.445233, 37.806279 ], [ -122.44522, 37.806207 ], [ -122.44518, 37.806212 ], [ -122.445193, 37.806284 ], [ -122.445163, 37.806289 ], [ -122.445151, 37.806218 ], [ -122.445126, 37.806221 ], [ -122.445138, 37.806292 ], [ -122.445114, 37.806294 ], [ -122.4451, 37.806212 ], [ -122.445031, 37.806221 ], [ -122.445043, 37.806305 ], [ -122.44502, 37.806308 ], [ -122.445008, 37.80624 ], [ -122.444969, 37.806244 ], [ -122.444981, 37.806313 ], [ -122.444956, 37.806317 ], [ -122.444941, 37.806247 ], [ -122.444916, 37.806251 ], [ -122.444928, 37.806317 ], [ -122.444902, 37.806321 ], [ -122.444885, 37.806239 ], [ -122.444824, 37.806247 ], [ -122.444836, 37.806328 ], [ -122.444802, 37.806333 ], [ -122.444785, 37.806252 ], [ -122.444722, 37.80626 ], [ -122.444735, 37.806341 ], [ -122.444703, 37.806345 ], [ -122.444681, 37.806266 ], [ -122.44462, 37.806274 ], [ -122.444633, 37.806356 ], [ -122.444599, 37.80636 ], [ -122.444583, 37.806278 ], [ -122.444519, 37.806287 ], [ -122.444539, 37.806405 ], [ -122.444502, 37.806409 ], [ -122.44448, 37.806292 ], [ -122.444387, 37.806304 ], [ -122.444407, 37.806424 ], [ -122.444379, 37.806427 ], [ -122.444361, 37.806323 ], [ -122.444312, 37.806332 ], [ -122.444331, 37.806441 ], [ -122.444304, 37.806445 ], [ -122.444282, 37.806334 ], [ -122.444247, 37.806338 ], [ -122.444266, 37.806446 ], [ -122.444239, 37.806448 ], [ -122.444214, 37.806326 ], [ -122.444127, 37.806337 ], [ -122.444152, 37.806457 ], [ -122.444118, 37.806461 ], [ -122.444086, 37.806342 ], [ -122.443954, 37.806357 ], [ -122.443976, 37.806432 ], [ -122.444009, 37.806429 ], [ -122.444015, 37.806454 ], [ -122.443984, 37.806458 ], [ -122.443991, 37.806483 ], [ -122.443992, 37.806513 ], [ -122.444125, 37.806501 ], [ -122.444128, 37.806521 ], [ -122.444013, 37.806534 ], [ -122.444012, 37.806572 ], [ -122.444135, 37.806559 ], [ -122.444139, 37.806581 ], [ -122.444023, 37.806592 ], [ -122.444027, 37.806619 ], [ -122.444144, 37.806606 ], [ -122.444149, 37.806627 ], [ -122.444029, 37.806639 ], [ -122.444031, 37.806665 ], [ -122.444153, 37.806651 ], [ -122.444157, 37.80667 ], [ -122.444038, 37.806685 ], [ -122.444045, 37.806718 ], [ -122.444163, 37.806705 ], [ -122.444167, 37.806726 ], [ -122.444046, 37.806739 ], [ -122.444054, 37.806775 ], [ -122.444173, 37.80676 ], [ -122.444178, 37.806784 ], [ -122.443904, 37.806817 ], [ -122.4439, 37.806793 ], [ -122.444, 37.806781 ], [ -122.443997, 37.806758 ], [ -122.443897, 37.80677 ], [ -122.443892, 37.806749 ], [ -122.443993, 37.806738 ], [ -122.443987, 37.806716 ], [ -122.443888, 37.806728 ], [ -122.443884, 37.806708 ], [ -122.443982, 37.806697 ], [ -122.443978, 37.806677 ], [ -122.443877, 37.806687 ], [ -122.44388, 37.806666 ], [ -122.443978, 37.806656 ], [ -122.443973, 37.806634 ], [ -122.443872, 37.806646 ], [ -122.443868, 37.806625 ], [ -122.443971, 37.806614 ], [ -122.443967, 37.806592 ], [ -122.443866, 37.806604 ], [ -122.44386, 37.806584 ], [ -122.443961, 37.806573 ], [ -122.443952, 37.80654 ], [ -122.443854, 37.806551 ], [ -122.443849, 37.806528 ], [ -122.443964, 37.806517 ], [ -122.443964, 37.806486 ], [ -122.443954, 37.806462 ], [ -122.443855, 37.806474 ], [ -122.443861, 37.8065 ], [ -122.443578, 37.806554 ], [ -122.443638, 37.806864 ], [ -122.443621, 37.806936 ], [ -122.443595, 37.806933 ], [ -122.443607, 37.806878 ], [ -122.44353, 37.806899 ], [ -122.443513, 37.806969 ], [ -122.443489, 37.806966 ], [ -122.443502, 37.806906 ], [ -122.443425, 37.806927 ], [ -122.443409, 37.806997 ], [ -122.443384, 37.806992 ], [ -122.443398, 37.806935 ], [ -122.443318, 37.806957 ], [ -122.443302, 37.807027 ], [ -122.443279, 37.807022 ], [ -122.44329, 37.806964 ], [ -122.443212, 37.806985 ], [ -122.443196, 37.807056 ], [ -122.443172, 37.807052 ], [ -122.443181, 37.806994 ], [ -122.443104, 37.807015 ], [ -122.443089, 37.807085 ], [ -122.443065, 37.807082 ], [ -122.443076, 37.807023 ], [ -122.442998, 37.807044 ], [ -122.442982, 37.807113 ], [ -122.442957, 37.807107 ], [ -122.44297, 37.807051 ], [ -122.442896, 37.807072 ], [ -122.44288, 37.807147 ], [ -122.442854, 37.807141 ], [ -122.442869, 37.807075 ], [ -122.442831, 37.806994 ], [ -122.442854, 37.806985 ], [ -122.442887, 37.807054 ], [ -122.44295, 37.807037 ], [ -122.442923, 37.806973 ], [ -122.442955, 37.806961 ], [ -122.44299, 37.807026 ], [ -122.443045, 37.807011 ], [ -122.44302, 37.806948 ], [ -122.443048, 37.806937 ], [ -122.443082, 37.807001 ], [ -122.443138, 37.806985 ], [ -122.443119, 37.806934 ], [ -122.443148, 37.806923 ], [ -122.443176, 37.806975 ], [ -122.443231, 37.80696 ], [ -122.443211, 37.806909 ], [ -122.443239, 37.8069 ], [ -122.443267, 37.80695 ], [ -122.443322, 37.806935 ], [ -122.443302, 37.806884 ], [ -122.443331, 37.806875 ], [ -122.443357, 37.806926 ], [ -122.443416, 37.806909 ], [ -122.443394, 37.80686 ], [ -122.443424, 37.806851 ], [ -122.443447, 37.806901 ], [ -122.443508, 37.806884 ], [ -122.443489, 37.806834 ], [ -122.443516, 37.806824 ], [ -122.443542, 37.806875 ], [ -122.443612, 37.806856 ], [ -122.443569, 37.806643 ], [ -122.443505, 37.806652 ], [ -122.44351, 37.80671 ], [ -122.443482, 37.80671 ], [ -122.443476, 37.806656 ], [ -122.443447, 37.80666 ], [ -122.443453, 37.806714 ], [ -122.443428, 37.806716 ], [ -122.443421, 37.806664 ], [ -122.443393, 37.806668 ], [ -122.443399, 37.806723 ], [ -122.443373, 37.806723 ], [ -122.443365, 37.806673 ], [ -122.443308, 37.806681 ], [ -122.443316, 37.806736 ], [ -122.443286, 37.806739 ], [ -122.443275, 37.806686 ], [ -122.443213, 37.806695 ], [ -122.443219, 37.806752 ], [ -122.443189, 37.806754 ], [ -122.443179, 37.8067 ], [ -122.443116, 37.806709 ], [ -122.443119, 37.806765 ], [ -122.44309, 37.806766 ], [ -122.443084, 37.806714 ], [ -122.443021, 37.806723 ], [ -122.443026, 37.806793 ], [ -122.442996, 37.806793 ], [ -122.442986, 37.806728 ], [ -122.442925, 37.806736 ], [ -122.44293, 37.806807 ], [ -122.442902, 37.806807 ], [ -122.442885, 37.806741 ], [ -122.442829, 37.806749 ], [ -122.442836, 37.806819 ], [ -122.442809, 37.806819 ], [ -122.442793, 37.806753 ], [ -122.442732, 37.806761 ], [ -122.442738, 37.806833 ], [ -122.442714, 37.806832 ], [ -122.442708, 37.806774 ], [ -122.44267, 37.806777 ], [ -122.442677, 37.806835 ], [ -122.442651, 37.806837 ], [ -122.442643, 37.806788 ], [ -122.442611, 37.806791 ], [ -122.442619, 37.806845 ], [ -122.442558, 37.806846 ], [ -122.442543, 37.806768 ], [ -122.442896, 37.806722 ], [ -122.442884, 37.806645 ], [ -122.442865, 37.806656 ], [ -122.442685, 37.806682 ], [ -122.44262, 37.806691 ], [ -122.442535, 37.806724 ], [ -122.442514, 37.806738 ], [ -122.442482, 37.806799 ], [ -122.442511, 37.806803 ], [ -122.442514, 37.806838 ], [ -122.442482, 37.806837 ], [ -122.442514, 37.806888 ], [ -122.442525, 37.806947 ], [ -122.442121, 37.806552 ], [ -122.442108, 37.806319 ], [ -122.44221, 37.805786 ], [ -122.442266, 37.805551 ], [ -122.442126, 37.80485 ], [ -122.442067, 37.804556 ], [ -122.44194, 37.803917 ], [ -122.441905, 37.803744 ], [ -122.441754, 37.802985 ], [ -122.443414, 37.802774 ], [ -122.445082, 37.802562 ], [ -122.446723, 37.802353 ], [ -122.44661, 37.801787 ], [ -122.44782, 37.801633 ], [ -122.447922, 37.801532 ] ] ] } },
{ "type": "Feature", "properties": { "BlockGroup": 60750127002 }, "geometry": { "type": "Polygon", "coordinates": [ [ [ -122.44653, 37.801418 ], [ -122.44661, 37.801787 ], [ -122.446723, 37.802353 ], [ -122.445082, 37.802562 ], [ -122.443414, 37.802774 ], [ -122.441754, 37.802985 ], [ -122.441655, 37.80251 ], [ -122.441559, 37.80205 ], [ -122.441368, 37.801126 ], [ -122.443035, 37.800908 ], [ -122.444704, 37.800696 ], [ -122.446348, 37.800486 ], [ -122.44653, 37.801418 ] ] ] } },
{ "type": "Feature", "properties": { "BlockGroup": 60750127003 }, "geometry": { "type": "Polygon", "coordinates": [ [ [ -122.447613, 37.800324 ], [ -122.447656, 37.800681 ], [ -122.447695, 37.800832 ], [ -122.44782, 37.801633 ], [ -122.44661, 37.801787 ], [ -122.44653, 37.801418 ], [ -122.446348, 37.800486 ], [ -122.444704, 37.800696 ], [ -122.443035, 37.800908 ], [ -122.441368, 37.801126 ], [ -122.441177, 37.80019 ], [ -122.442846, 37.799978 ], [ -122.444516, 37.799765 ], [ -122.445965, 37.799581 ], [ -122.446161, 37.799556 ], [ -122.447466, 37.79939 ], [ -122.447613, 37.800324 ] ] ] } },
{ "type": "Feature", "properties": { "BlockGroup": 60750128001 }, "geometry": { "type": "Polygon", "coordinates": [ [ [ -122.440798, 37.798324 ], [ -122.440978, 37.799212 ], [ -122.441177, 37.80019 ], [ -122.44031, 37.800301 ], [ -122.439504, 37.800403 ], [ -122.437889, 37.800609 ], [ -122.4373, 37.800684 ], [ -122.436274, 37.800814 ], [ -122.436225, 37.800722 ], [ -122.436046, 37.799843 ], [ -122.435961, 37.799419 ], [ -122.435866, 37.798952 ], [ -122.435772, 37.798487 ], [ -122.435678, 37.798021 ], [ -122.437326, 37.797811 ], [ -122.437138, 37.796879 ], [ -122.43695, 37.795949 ], [ -122.438591, 37.795741 ], [ -122.440234, 37.795533 ], [ -122.440422, 37.796461 ], [ -122.44061, 37.797394 ], [ -122.440798, 37.798324 ] ] ] } },
{ "type": "Feature", "properties": { "BlockGroup": 60750128002 }, "geometry": { "type": "Polygon", "coordinates": [ [ [ -122.440234, 37.795533 ], [ -122.441902, 37.795321 ], [ -122.443573, 37.795108 ], [ -122.445224, 37.794898 ], [ -122.446728, 37.794706 ], [ -122.446871, 37.795641 ], [ -122.447015, 37.796579 ], [ -122.445598, 37.796759 ], [ -122.44395, 37.796969 ], [ -122.442279, 37.797181 ], [ -122.44061, 37.797394 ], [ -122.440422, 37.796461 ], [ -122.440234, 37.795533 ] ] ] } },
{ "type": "Feature", "properties": { "BlockGroup": 60750128003 }, "geometry": { "type": "Polygon", "coordinates": [ [ [ -122.440798, 37.798324 ], [ -122.44061, 37.797394 ], [ -122.442279, 37.797181 ], [ -122.44395, 37.796969 ], [ -122.445598, 37.796759 ], [ -122.447015, 37.796579 ], [ -122.447158, 37.797515 ], [ -122.447303, 37.798459 ], [ -122.445974, 37.798626 ], [ -122.444931, 37.79876 ], [ -122.444828, 37.79884 ], [ -122.444711, 37.798867 ], [ -122.444505, 37.798841 ], [ -122.444409, 37.798845 ], [ -122.444319, 37.79879 ], [ -122.444263, 37.79885 ], [ -122.442726, 37.799044 ], [ -122.442648, 37.799 ], [ -122.442468, 37.798112 ], [ -122.440798, 37.798324 ] ] ] } },
{ "type": "Feature", "properties": { "BlockGroup": 60750128004 }, "geometry": { "type": "Polygon", "coordinates": [ [ [ -122.442648, 37.799 ], [ -122.442726, 37.799044 ], [ -122.444263, 37.79885 ], [ -122.444319, 37.79879 ], [ -122.444409, 37.798845 ], [ -122.444505, 37.798841 ], [ -122.444711, 37.798867 ], [ -122.444828, 37.79884 ], [ -122.444931, 37.79876 ], [ -122.445974, 37.798626 ], [ -122.447303, 37.798459 ], [ -122.447341, 37.798553 ], [ -122.447466, 37.79939 ], [ -122.446161, 37.799556 ], [ -122.445965, 37.799581 ], [ -122.444516, 37.799765 ], [ -122.442846, 37.799978 ], [ -122.441177, 37.80019 ], [ -122.440978, 37.799212 ], [ -122.440798, 37.798324 ], [ -122.442468, 37.798112 ], [ -122.442648, 37.799 ] ] ] } },
{ "type": "Feature", "properties": { "BlockGroup": 60750129011 }, "geometry": { "type": "Polygon", "coordinates": [ [ [ -122.424623, 37.801201 ], [ -122.42448, 37.800495 ], [ -122.424359, 37.800415 ], [ -122.426001, 37.800206 ], [ -122.426494, 37.800143 ], [ -122.426788, 37.800106 ], [ -122.427645, 37.799997 ], [ -122.42929, 37.799788 ], [ -122.429471, 37.800678 ], [ -122.429667, 37.801654 ], [ -122.428022, 37.801863 ], [ -122.426377, 37.802072 ], [ -122.425065, 37.802238 ], [ -122.424731, 37.802281 ], [ -122.424815, 37.802175 ], [ -122.424668, 37.801426 ], [ -122.424538, 37.801304 ], [ -122.424623, 37.801201 ] ] ] } },
{ "type": "Feature", "properties": { "BlockGroup": 60750129012 }, "geometry": { "type": "Polygon", "coordinates": [ [ [ -122.425004, 37.803107 ], [ -122.424853, 37.802361 ], [ -122.424731, 37.802281 ], [ -122.425065, 37.802238 ], [ -122.426377, 37.802072 ], [ -122.428022, 37.801863 ], [ -122.429667, 37.801654 ], [ -122.429855, 37.802583 ], [ -122.430045, 37.803518 ], [ -122.4284, 37.803727 ], [ -122.427687, 37.803818 ], [ -122.426756, 37.803936 ], [ -122.425646, 37.804078 ], [ -122.42511, 37.804146 ], [ -122.425191, 37.804027 ], [ -122.425042, 37.803293 ], [ -122.424919, 37.803206 ], [ -122.425004, 37.803107 ] ] ] } },
{ "type": "Feature", "properties": { "BlockGroup": 60750129021 }, "geometry": { "type": "Polygon", "coordinates": [ [ [ -122.432487, 37.798905 ], [ -122.432581, 37.79937 ], [ -122.432675, 37.799837 ], [ -122.43276, 37.80026 ], [ -122.432655, 37.800337 ], [ -122.431246, 37.800516 ], [ -122.431115, 37.800469 ], [ -122.430935, 37.799579 ], [ -122.42929, 37.799788 ], [ -122.427645, 37.799997 ], [ -122.426788, 37.800106 ], [ -122.426494, 37.800143 ], [ -122.426001, 37.800206 ], [ -122.424359, 37.800415 ], [ -122.424443, 37.800312 ], [ -122.424292, 37.799565 ], [ -122.424171, 37.799485 ], [ -122.425814, 37.799276 ], [ -122.426631, 37.799172 ], [ -122.427457, 37.799067 ], [ -122.429102, 37.798858 ], [ -122.430747, 37.798648 ], [ -122.432393, 37.798439 ], [ -122.432487, 37.798905 ] ] ] } },
{ "type": "Feature", "properties": { "BlockGroup": 60750129022 }, "geometry": { "type": "Polygon", "coordinates": [ [ [ -122.430935, 37.799579 ], [ -122.431115, 37.800469 ], [ -122.431246, 37.800516 ], [ -122.432655, 37.800337 ], [ -122.43276, 37.80026 ], [ -122.432864, 37.800773 ], [ -122.432958, 37.801236 ], [ -122.431311, 37.801445 ], [ -122.431498, 37.802376 ], [ -122.431679, 37.803267 ], [ -122.430045, 37.803518 ], [ -122.429855, 37.802583 ], [ -122.429667, 37.801654 ], [ -122.429471, 37.800678 ], [ -122.42929, 37.799788 ], [ -122.430935, 37.799579 ] ] ] } },
{ "type": "Feature", "properties": { "BlockGroup": 60750129023 }, "geometry": { "type": "Polygon", "coordinates": [ [ [ -122.435866, 37.798952 ], [ -122.435961, 37.799419 ], [ -122.436046, 37.799843 ], [ -122.436225, 37.800722 ], [ -122.436274, 37.800814 ], [ -122.436381, 37.800895 ], [ -122.436764, 37.802525 ], [ -122.436693, 37.802628 ], [ -122.434973, 37.802848 ], [ -122.433328, 37.803057 ], [ -122.431679, 37.803267 ], [ -122.431498, 37.802376 ], [ -122.431311, 37.801445 ], [ -122.432958, 37.801236 ], [ -122.432864, 37.800773 ], [ -122.43276, 37.80026 ], [ -122.432675, 37.799837 ], [ -122.432581, 37.79937 ], [ -122.432487, 37.798905 ], [ -122.432393, 37.798439 ], [ -122.434036, 37.79823 ], [ -122.435678, 37.798021 ], [ -122.435772, 37.798487 ], [ -122.435866, 37.798952 ] ] ] } },
{ "type": "Feature", "properties": { "BlockGroup": 60750130001 }, "geometry": { "type": "Polygon", "coordinates": [ [ [ -122.42708, 37.7972 ], [ -122.427269, 37.798135 ], [ -122.427457, 37.799067 ], [ -122.426631, 37.799172 ], [ -122.425814, 37.799276 ], [ -122.424171, 37.799485 ], [ -122.424254, 37.799378 ], [ -122.424104, 37.798633 ], [ -122.423982, 37.798552 ], [ -122.424066, 37.798446 ], [ -122.423914, 37.797697 ], [ -122.423793, 37.797617 ], [ -122.423877, 37.79751 ], [ -122.423805, 37.797156 ], [ -122.423726, 37.796766 ], [ -122.423601, 37.796691 ], [ -122.42448, 37.796578 ], [ -122.42525, 37.796481 ], [ -122.426893, 37.796272 ], [ -122.42708, 37.7972 ] ] ] } },
{ "type": "Feature", "properties": { "BlockGroup": 60750130002 }, "geometry": { "type": "Polygon", "coordinates": [ [ [ -122.430371, 37.796783 ], [ -122.430559, 37.797716 ], [ -122.430747, 37.798648 ], [ -122.429102, 37.798858 ], [ -122.427457, 37.799067 ], [ -122.427269, 37.798135 ], [ -122.42708, 37.7972 ], [ -122.426893, 37.796272 ], [ -122.427511, 37.796193 ], [ -122.427916, 37.796142 ], [ -122.428538, 37.796063 ], [ -122.428601, 37.796054 ], [ -122.429574, 37.795931 ], [ -122.430183, 37.795854 ], [ -122.430371, 37.796783 ] ] ] } },
{ "type": "Feature", "properties": { "BlockGroup": 60750130003 }, "geometry": { "type": "Polygon", "coordinates": [ [ [ -122.433658, 37.796367 ], [ -122.433847, 37.797298 ], [ -122.434036, 37.79823 ], [ -122.432393, 37.798439 ], [ -122.430747, 37.798648 ], [ -122.430559, 37.797716 ], [ -122.430371, 37.796783 ], [ -122.430183, 37.795854 ], [ -122.431828, 37.795644 ], [ -122.433469, 37.795435 ], [ -122.433658, 37.796367 ] ] ] } },
{ "type": "Feature", "properties": { "BlockGroup": 60750130004 }, "geometry": { "type": "Polygon", "coordinates": [ [ [ -122.437138, 37.796879 ], [ -122.437326, 37.797811 ], [ -122.435678, 37.798021 ], [ -122.434036, 37.79823 ], [ -122.433847, 37.797298 ], [ -122.433658, 37.796367 ], [ -122.433469, 37.795435 ], [ -122.435113, 37.795226 ], [ -122.436761, 37.795016 ], [ -122.43695, 37.795949 ], [ -122.437138, 37.796879 ] ] ] } },
{ "type": "Feature", "properties": { "BlockGroup": 60750131011 }, "geometry": { "type": "Polygon", "coordinates": [ [ [ -122.426514, 37.794398 ], [ -122.4267, 37.795316 ], [ -122.426872, 37.796171 ], [ -122.426893, 37.796272 ], [ -122.42525, 37.796481 ], [ -122.42448, 37.796578 ], [ -122.423601, 37.796691 ], [ -122.423689, 37.79658 ], [ -122.423539, 37.795838 ], [ -122.423413, 37.795737 ], [ -122.423493, 37.795614 ], [ -122.423348, 37.794897 ], [ -122.423227, 37.794817 ], [ -122.423311, 37.794711 ], [ -122.42317, 37.794015 ], [ -122.423049, 37.793935 ], [ -122.424694, 37.793726 ], [ -122.426335, 37.793517 ], [ -122.426514, 37.794398 ] ] ] } },
{ "type": "Feature", "properties": { "BlockGroup": 60750131012 }, "geometry": { "type": "Polygon", "coordinates": [ [ [ -122.426157, 37.792634 ], [ -122.426335, 37.793517 ], [ -122.424694, 37.793726 ], [ -122.423049, 37.793935 ], [ -122.423133, 37.793829 ], [ -122.422993, 37.79313 ], [ -122.422871, 37.79305 ], [ -122.422955, 37.792944 ], [ -122.422816, 37.792255 ], [ -122.422694, 37.792175 ], [ -122.422778, 37.792068 ], [ -122.422636, 37.791369 ], [ -122.422515, 37.791289 ], [ -122.424161, 37.791081 ], [ -122.425802, 37.790874 ], [ -122.42598, 37.791757 ], [ -122.426157, 37.792634 ] ] ] } },
{ "type": "Feature", "properties": { "BlockGroup": 60750131021 }, "geometry": { "type": "Polygon", "coordinates": [ [ [ -122.429092, 37.790459 ], [ -122.42927, 37.791339 ], [ -122.429447, 37.792217 ], [ -122.429625, 37.793098 ], [ -122.427983, 37.793307 ], [ -122.426335, 37.793517 ], [ -122.426157, 37.792634 ], [ -122.42598, 37.791757 ], [ -122.425802, 37.790874 ], [ -122.424161, 37.791081 ], [ -122.422515, 37.791289 ], [ -122.422599, 37.791183 ], [ -122.422455, 37.790472 ], [ -122.422329, 37.79037 ], [ -122.423975, 37.79016 ], [ -122.425616, 37.789952 ], [ -122.42726, 37.789743 ], [ -122.428905, 37.789534 ], [ -122.429092, 37.790459 ] ] ] } },
{ "type": "Feature", "properties": { "BlockGroup": 60750131022 }, "geometry": { "type": "Polygon", "coordinates": [ [ [ -122.429804, 37.793977 ], [ -122.429989, 37.794895 ], [ -122.430065, 37.795273 ], [ -122.430143, 37.795657 ], [ -122.430183, 37.795854 ], [ -122.429574, 37.795931 ], [ -122.428601, 37.796054 ], [ -122.428538, 37.796063 ], [ -122.427916, 37.796142 ], [ -122.427511, 37.796193 ], [ -122.426893, 37.796272 ], [ -122.426872, 37.796171 ], [ -122.4267, 37.795316 ], [ -122.426514, 37.794398 ], [ -122.426335, 37.793517 ], [ -122.427983, 37.793307 ], [ -122.429625, 37.793098 ], [ -122.429804, 37.793977 ] ] ] } },
{ "type": "Feature", "properties": { "BlockGroup": 60750132001 }, "geometry": { "type": "Polygon", "coordinates": [ [ [ -122.434919, 37.794266 ], [ -122.435113, 37.795226 ], [ -122.433469, 37.795435 ], [ -122.431828, 37.795644 ], [ -122.430183, 37.795854 ], [ -122.430143, 37.795657 ], [ -122.430065, 37.795273 ], [ -122.429989, 37.794895 ], [ -122.429804, 37.793977 ], [ -122.429625, 37.793098 ], [ -122.431263, 37.792889 ], [ -122.432918, 37.79268 ], [ -122.434558, 37.792472 ], [ -122.434734, 37.793347 ], [ -122.434919, 37.794266 ] ] ] } },
{ "type": "Feature", "properties": { "BlockGroup": 60750132002 }, "geometry": { "type": "Polygon", "coordinates": [ [ [ -122.438022, 37.792927 ], [ -122.438209, 37.79385 ], [ -122.438275, 37.79418 ], [ -122.438402, 37.794807 ], [ -122.438591, 37.795741 ], [ -122.43695, 37.795949 ], [ -122.436761, 37.795016 ], [ -122.435113, 37.795226 ], [ -122.434919, 37.794266 ], [ -122.434734, 37.793347 ], [ -122.434558, 37.792472 ], [ -122.436204, 37.792263 ], [ -122.437846, 37.792054 ], [ -122.438022, 37.792927 ] ] ] } },
{ "type": "Feature", "properties": { "BlockGroup": 60750132003 }, "geometry": { "type": "Polygon", "coordinates": [ [ [ -122.446524, 37.793337 ], [ -122.446588, 37.793765 ], [ -122.446652, 37.794195 ], [ -122.446728, 37.794706 ], [ -122.445224, 37.794898 ], [ -122.443573, 37.795108 ], [ -122.441902, 37.795321 ], [ -122.440234, 37.795533 ], [ -122.438591, 37.795741 ], [ -122.438402, 37.794807 ], [ -122.438275, 37.79418 ], [ -122.438209, 37.79385 ], [ -122.438022, 37.792927 ], [ -122.437846, 37.792054 ], [ -122.439488, 37.791843 ], [ -122.441155, 37.791631 ], [ -122.442827, 37.791418 ], [ -122.444478, 37.791208 ], [ -122.446117, 37.790999 ], [ -122.4463, 37.791879 ], [ -122.446446, 37.792811 ], [ -122.446524, 37.793337 ] ] ] } },
{ "type": "Feature", "properties": { "BlockGroup": 60750133001 }, "geometry": { "type": "Polygon", "coordinates": [ [ [ -122.445934, 37.790119 ], [ -122.44733, 37.789941 ], [ -122.449012, 37.789727 ], [ -122.450655, 37.789518 ], [ -122.452302, 37.789308 ], [ -122.45248, 37.790189 ], [ -122.45262, 37.79088 ], [ -122.45274, 37.790974 ], [ -122.450995, 37.791323 ], [ -122.449426, 37.791637 ], [ -122.449367, 37.791488 ], [ -122.447679, 37.791703 ], [ -122.4463, 37.791879 ], [ -122.446117, 37.790999 ], [ -122.445934, 37.790119 ] ] ] } },
{ "type": "Feature", "properties": { "BlockGroup": 60750133002 }, "geometry": { "type": "Polygon", "coordinates": [ [ [ -122.445589, 37.788364 ], [ -122.446974, 37.788186 ], [ -122.448656, 37.787977 ], [ -122.450303, 37.787766 ], [ -122.451946, 37.787552 ], [ -122.452126, 37.788437 ], [ -122.452302, 37.789308 ], [ -122.450655, 37.789518 ], [ -122.449012, 37.789727 ], [ -122.44733, 37.789941 ], [ -122.445934, 37.790119 ], [ -122.445758, 37.789248 ], [ -122.445589, 37.788364 ] ] ] } },
{ "type": "Feature", "properties": { "BlockGroup": 60750133003 }, "geometry": { "type": "Polygon", "coordinates": [ [ [ -122.45505, 37.786209 ], [ -122.455236, 37.787137 ], [ -122.453593, 37.787344 ], [ -122.451946, 37.787552 ], [ -122.450303, 37.787766 ], [ -122.448656, 37.787977 ], [ -122.446974, 37.788186 ], [ -122.445589, 37.788364 ], [ -122.445402, 37.787438 ], [ -122.446793, 37.787262 ], [ -122.448468, 37.787049 ], [ -122.450118, 37.786838 ], [ -122.450225, 37.786817 ], [ -122.451758, 37.78662 ], [ -122.453287, 37.786428 ], [ -122.453407, 37.786418 ], [ -122.454774, 37.786244 ], [ -122.45505, 37.786209 ] ] ] } },
{ "type": "Feature", "properties": { "BlockGroup": 60750133004 }, "geometry": { "type": "Polygon", "coordinates": [ [ [ -122.455419, 37.788018 ], [ -122.455595, 37.788888 ], [ -122.457234, 37.78868 ], [ -122.459388, 37.788405 ], [ -122.459453, 37.789301 ], [ -122.459476, 37.789711 ], [ -122.459029, 37.789716 ], [ -122.45748, 37.790026 ], [ -122.455836, 37.790355 ], [ -122.454229, 37.790676 ], [ -122.45274, 37.790974 ], [ -122.45262, 37.79088 ], [ -122.45248, 37.790189 ], [ -122.452302, 37.789308 ], [ -122.452126, 37.788437 ], [ -122.451946, 37.787552 ], [ -122.453593, 37.787344 ], [ -122.455236, 37.787137 ], [ -122.455419, 37.788018 ] ] ] } },
{ "type": "Feature", "properties": { "BlockGroup": 60750133005 }, "geometry": { "type": "Polygon", "coordinates": [ [ [ -122.458062, 37.785824 ], [ -122.459179, 37.785682 ], [ -122.459256, 37.786623 ], [ -122.45928, 37.786914 ], [ -122.459324, 37.787521 ], [ -122.459388, 37.788405 ], [ -122.457234, 37.78868 ], [ -122.455595, 37.788888 ], [ -122.455419, 37.788018 ], [ -122.455236, 37.787137 ], [ -122.45505, 37.786209 ], [ -122.455865, 37.786105 ], [ -122.456685, 37.786 ], [ -122.456963, 37.785964 ], [ -122.458062, 37.785824 ] ] ] } },
{ "type": "Feature", "properties": { "BlockGroup": 60750134001 }, "geometry": { "type": "Polygon", "coordinates": [ [ [ -122.438773, 37.788278 ], [ -122.43896, 37.789208 ], [ -122.439048, 37.789645 ], [ -122.439136, 37.790081 ], [ -122.439309, 37.790972 ], [ -122.439488, 37.791843 ], [ -122.437846, 37.792054 ], [ -122.436204, 37.792263 ], [ -122.436026, 37.791383 ], [ -122.435849, 37.790502 ], [ -122.435673, 37.789629 ], [ -122.435581, 37.789172 ], [ -122.435486, 37.788697 ], [ -122.437129, 37.788488 ], [ -122.438773, 37.788278 ] ] ] } },
{ "type": "Feature", "properties": { "BlockGroup": 60750134002 }, "geometry": { "type": "Polygon", "coordinates": [ [ [ -122.438773, 37.788278 ], [ -122.44044, 37.788067 ], [ -122.44211, 37.787856 ], [ -122.443753, 37.787647 ], [ -122.445402, 37.787438 ], [ -122.445589, 37.788364 ], [ -122.445758, 37.789248 ], [ -122.444119, 37.789457 ], [ -122.442476, 37.789663 ], [ -122.440806, 37.789872 ], [ -122.439136, 37.790081 ], [ -122.439048, 37.789645 ], [ -122.43896, 37.789208 ], [ -122.438773, 37.788278 ] ] ] } },
{ "type": "Feature", "properties": { "BlockGroup": 60750134003 }, "geometry": { "type": "Polygon", "coordinates": [ [ [ -122.439136, 37.790081 ], [ -122.440806, 37.789872 ], [ -122.442476, 37.789663 ], [ -122.444119, 37.789457 ], [ -122.445758, 37.789248 ], [ -122.445934, 37.790119 ], [ -122.446117, 37.790999 ], [ -122.444478, 37.791208 ], [ -122.442827, 37.791418 ], [ -122.441155, 37.791631 ], [ -122.439488, 37.791843 ], [ -122.439309, 37.790972 ], [ -122.439136, 37.790081 ] ] ] } },
{ "type": "Feature", "properties": { "BlockGroup": 60750135001 }, "geometry": { "type": "Polygon", "coordinates": [ [ [ -122.436026, 37.791383 ], [ -122.436204, 37.792263 ], [ -122.434558, 37.792472 ], [ -122.432918, 37.79268 ], [ -122.431263, 37.792889 ], [ -122.429625, 37.793098 ], [ -122.429447, 37.792217 ], [ -122.42927, 37.791339 ], [ -122.430914, 37.79113 ], [ -122.431092, 37.792008 ], [ -122.43274, 37.7918 ], [ -122.432562, 37.79092 ], [ -122.433771, 37.790766 ], [ -122.434203, 37.790711 ], [ -122.435849, 37.790502 ], [ -122.436026, 37.791383 ] ] ] } },
{ "type": "Feature", "properties": { "BlockGroup": 60750135002 }, "geometry": { "type": "Polygon", "coordinates": [ [ [ -122.435673, 37.789629 ], [ -122.435849, 37.790502 ], [ -122.434203, 37.790711 ], [ -122.433771, 37.790766 ], [ -122.432562, 37.79092 ], [ -122.43274, 37.7918 ], [ -122.431092, 37.792008 ], [ -122.430914, 37.79113 ], [ -122.42927, 37.791339 ], [ -122.429092, 37.790459 ], [ -122.428905, 37.789534 ], [ -122.430551, 37.789324 ], [ -122.432197, 37.789115 ], [ -122.433019, 37.789011 ], [ -122.43384, 37.788906 ], [ -122.435486, 37.788697 ], [ -122.435581, 37.789172 ], [ -122.435673, 37.789629 ] ] ] } },
{ "type": "Feature", "properties": { "BlockGroup": 60750151001 }, "geometry": { "type": "Polygon", "coordinates": [ [ [ -122.425237, 37.78807 ], [ -122.425331, 37.788536 ], [ -122.425423, 37.788995 ], [ -122.425616, 37.789952 ], [ -122.423975, 37.79016 ], [ -122.422329, 37.79037 ], [ -122.422408, 37.790241 ], [ -122.422257, 37.789492 ], [ -122.422135, 37.789412 ], [ -122.422219, 37.789306 ], [ -122.422145, 37.788943 ], [ -122.42207, 37.78857 ], [ -122.421949, 37.78849 ], [ -122.422032, 37.788383 ], [ -122.421955, 37.788001 ], [ -122.421879, 37.787628 ], [ -122.421758, 37.787548 ], [ -122.423404, 37.787339 ], [ -122.425047, 37.78713 ], [ -122.425141, 37.787597 ], [ -122.425237, 37.78807 ] ] ] } },
{ "type": "Feature", "properties": { "BlockGroup": 60750151002 }, "geometry": { "type": "Polygon", "coordinates": [ [ [ -122.423325, 37.784615 ], [ -122.423612, 37.784766 ], [ -122.423874, 37.785003 ], [ -122.42417, 37.785193 ], [ -122.424538, 37.785274 ], [ -122.424687, 37.785335 ], [ -122.424858, 37.786196 ], [ -122.425047, 37.78713 ], [ -122.423404, 37.787339 ], [ -122.421758, 37.787548 ], [ -122.421842, 37.787442 ], [ -122.421765, 37.787062 ], [ -122.421689, 37.786689 ], [ -122.42157, 37.786619 ], [ -122.421447, 37.786528 ], [ -122.421373, 37.786166 ], [ -122.421298, 37.785794 ], [ -122.421393, 37.785686 ], [ -122.421442, 37.785567 ], [ -122.42136, 37.785214 ], [ -122.421277, 37.784857 ], [ -122.421193, 37.784753 ], [ -122.422838, 37.784547 ], [ -122.42304, 37.784553 ], [ -122.423325, 37.784615 ] ] ] } },
{ "type": "Feature", "properties": { "BlockGroup": 60750152001 }, "geometry": { "type": "Polygon", "coordinates": [ [ [ -122.428525, 37.787651 ], [ -122.428712, 37.788577 ], [ -122.428905, 37.789534 ], [ -122.42726, 37.789743 ], [ -122.425616, 37.789952 ], [ -122.425423, 37.788995 ], [ -122.425331, 37.788536 ], [ -122.425237, 37.78807 ], [ -122.425141, 37.787597 ], [ -122.425047, 37.78713 ], [ -122.426667, 37.786925 ], [ -122.428336, 37.786713 ], [ -122.428525, 37.787651 ] ] ] } },
{ "type": "Feature", "properties": { "BlockGroup": 60750152002 }, "geometry": { "type": "Polygon", "coordinates": [ [ [ -122.431813, 37.787231 ], [ -122.43191, 37.787697 ], [ -122.432003, 37.788159 ], [ -122.432826, 37.788055 ], [ -122.433647, 37.78795 ], [ -122.43384, 37.788906 ], [ -122.433019, 37.789011 ], [ -122.432197, 37.789115 ], [ -122.430551, 37.789324 ], [ -122.428905, 37.789534 ], [ -122.428712, 37.788577 ], [ -122.428525, 37.787651 ], [ -122.428336, 37.786713 ], [ -122.429979, 37.786504 ], [ -122.431552, 37.786304 ], [ -122.431662, 37.786358 ], [ -122.431828, 37.787126 ], [ -122.431813, 37.787231 ] ] ] } },
{ "type": "Feature", "properties": { "BlockGroup": 60750152003 }, "geometry": { "type": "Polygon", "coordinates": [ [ [ -122.435199, 37.787275 ], [ -122.435293, 37.787741 ], [ -122.435486, 37.788697 ], [ -122.43384, 37.788906 ], [ -122.433647, 37.78795 ], [ -122.432826, 37.788055 ], [ -122.432003, 37.788159 ], [ -122.43191, 37.787697 ], [ -122.431813, 37.787231 ], [ -122.431828, 37.787126 ], [ -122.431662, 37.786358 ], [ -122.431552, 37.786304 ], [ -122.432271, 37.786212 ], [ -122.433272, 37.786085 ], [ -122.434918, 37.785876 ], [ -122.435106, 37.786811 ], [ -122.435199, 37.787275 ] ] ] } },
{ "type": "Feature", "properties": { "BlockGroup": 60750153001 }, "geometry": { "type": "Polygon", "coordinates": [ [ [ -122.434918, 37.785876 ], [ -122.436557, 37.785668 ], [ -122.436747, 37.786601 ], [ -122.438394, 37.786392 ], [ -122.440061, 37.78618 ], [ -122.440121, 37.786244 ], [ -122.440278, 37.787025 ], [ -122.44025, 37.787112 ], [ -122.440312, 37.787187 ], [ -122.440472, 37.78799 ], [ -122.44044, 37.788067 ], [ -122.438773, 37.788278 ], [ -122.437129, 37.788488 ], [ -122.435486, 37.788697 ], [ -122.435293, 37.787741 ], [ -122.435199, 37.787275 ], [ -122.435106, 37.786811 ], [ -122.434918, 37.785876 ] ] ] } },
{ "type": "Feature", "properties": { "BlockGroup": 60750153002 }, "geometry": { "type": "Polygon", "coordinates": [ [ [ -122.438394, 37.786392 ], [ -122.436747, 37.786601 ], [ -122.436557, 37.785668 ], [ -122.438206, 37.785459 ], [ -122.439873, 37.785248 ], [ -122.441537, 37.785036 ], [ -122.443183, 37.784827 ], [ -122.44337, 37.785759 ], [ -122.44356, 37.786691 ], [ -122.443753, 37.787647 ], [ -122.44211, 37.787856 ], [ -122.44044, 37.788067 ], [ -122.440472, 37.78799 ], [ -122.440312, 37.787187 ], [ -122.44025, 37.787112 ], [ -122.440278, 37.787025 ], [ -122.440121, 37.786244 ], [ -122.440061, 37.78618 ], [ -122.438394, 37.786392 ] ] ] } },
{ "type": "Feature", "properties": { "BlockGroup": 60750154001 }, "geometry": { "type": "Polygon", "coordinates": [ [ [ -122.44927, 37.784688 ], [ -122.449259, 37.784805 ], [ -122.449358, 37.785446 ], [ -122.449479, 37.785939 ], [ -122.449578, 37.786075 ], [ -122.4498, 37.786143 ], [ -122.44998, 37.786135 ], [ -122.450118, 37.786838 ], [ -122.448468, 37.787049 ], [ -122.446793, 37.787262 ], [ -122.445402, 37.787438 ], [ -122.443753, 37.787647 ], [ -122.44356, 37.786691 ], [ -122.44337, 37.785759 ], [ -122.44502, 37.785549 ], [ -122.446422, 37.78537 ], [ -122.44762, 37.785084 ], [ -122.44927, 37.784688 ] ] ] } },
{ "type": "Feature", "properties": { "BlockGroup": 60750154002 }, "geometry": { "type": "Polygon", "coordinates": [ [ [ -122.445711, 37.782518 ], [ -122.445803, 37.782513 ], [ -122.445826, 37.782512 ], [ -122.44591, 37.782917 ], [ -122.446033, 37.783509 ], [ -122.446247, 37.784438 ], [ -122.446422, 37.78537 ], [ -122.44502, 37.785549 ], [ -122.44337, 37.785759 ], [ -122.443183, 37.784827 ], [ -122.442989, 37.783897 ], [ -122.442793, 37.782885 ], [ -122.444441, 37.782678 ], [ -122.445711, 37.782518 ] ] ] } },
{ "type": "Feature", "properties": { "BlockGroup": 60750154003 }, "geometry": { "type": "Polygon", "coordinates": [ [ [ -122.446775, 37.782461 ], [ -122.447302, 37.782392 ], [ -122.447318, 37.782432 ], [ -122.447366, 37.782555 ], [ -122.448064, 37.782483 ], [ -122.448989, 37.78236 ], [ -122.449079, 37.782314 ], [ -122.450026, 37.782203 ], [ -122.450092, 37.782117 ], [ -122.450199, 37.782177 ], [ -122.451046, 37.782073 ], [ -122.45112, 37.781984 ], [ -122.451233, 37.782051 ], [ -122.452061, 37.781947 ], [ -122.452143, 37.781853 ], [ -122.452252, 37.781913 ], [ -122.453099, 37.781803 ], [ -122.45317, 37.781717 ], [ -122.453268, 37.781779 ], [ -122.45407, 37.781686 ], [ -122.454176, 37.781599 ], [ -122.45457, 37.783562 ], [ -122.454618, 37.78403 ], [ -122.453653, 37.784054 ], [ -122.452752, 37.784065 ], [ -122.452276, 37.784091 ], [ -122.451998, 37.784106 ], [ -122.451875, 37.784127 ], [ -122.451546, 37.784183 ], [ -122.451012, 37.784275 ], [ -122.450136, 37.784481 ], [ -122.44927, 37.784688 ], [ -122.44762, 37.785084 ], [ -122.446422, 37.78537 ], [ -122.446247, 37.784438 ], [ -122.446033, 37.783509 ], [ -122.44591, 37.782917 ], [ -122.445826, 37.782512 ], [ -122.445853, 37.78251 ], [ -122.446775, 37.782461 ] ] ] } },
{ "type": "Feature", "properties": { "BlockGroup": 60750154004 }, "geometry": { "type": "Polygon", "coordinates": [ [ [ -122.451546, 37.784183 ], [ -122.451875, 37.784127 ], [ -122.451998, 37.784106 ], [ -122.452276, 37.784091 ], [ -122.452752, 37.784065 ], [ -122.453653, 37.784054 ], [ -122.454618, 37.78403 ], [ -122.454774, 37.786244 ], [ -122.453407, 37.786418 ], [ -122.453287, 37.786428 ], [ -122.451758, 37.78662 ], [ -122.450225, 37.786817 ], [ -122.450118, 37.786838 ], [ -122.44998, 37.786135 ], [ -122.4498, 37.786143 ], [ -122.449578, 37.786075 ], [ -122.449479, 37.785939 ], [ -122.449358, 37.785446 ], [ -122.449259, 37.784805 ], [ -122.44927, 37.784688 ], [ -122.450136, 37.784481 ], [ -122.451012, 37.784275 ], [ -122.451546, 37.784183 ] ] ] } },
{ "type": "Feature", "properties": { "BlockGroup": 60750154005 }, "geometry": { "type": "Polygon", "coordinates": [ [ [ -122.458859, 37.781257 ], [ -122.458998, 37.783189 ], [ -122.459045, 37.783827 ], [ -122.459134, 37.785059 ], [ -122.459179, 37.785682 ], [ -122.458062, 37.785824 ], [ -122.456963, 37.785964 ], [ -122.456685, 37.786 ], [ -122.455865, 37.786105 ], [ -122.45505, 37.786209 ], [ -122.454774, 37.786244 ], [ -122.454618, 37.78403 ], [ -122.45457, 37.783562 ], [ -122.454176, 37.781599 ], [ -122.454283, 37.781655 ], [ -122.455211, 37.781536 ], [ -122.455281, 37.781459 ], [ -122.455378, 37.781524 ], [ -122.455469, 37.781514 ], [ -122.455524, 37.781431 ], [ -122.455633, 37.78149 ], [ -122.456226, 37.781454 ], [ -122.456296, 37.781381 ], [ -122.456396, 37.781447 ], [ -122.456629, 37.781439 ], [ -122.457647, 37.781396 ], [ -122.457733, 37.781315 ], [ -122.457823, 37.781376 ], [ -122.45873, 37.781343 ], [ -122.458859, 37.781257 ] ] ] } },
{ "type": "Feature", "properties": { "BlockGroup": 60750155001 }, "geometry": { "type": "Polygon", "coordinates": [ [ [ -122.431436, 37.785268 ], [ -122.431366, 37.785373 ], [ -122.431467, 37.785456 ], [ -122.431623, 37.786233 ], [ -122.431552, 37.786304 ], [ -122.429979, 37.786504 ], [ -122.428336, 37.786713 ], [ -122.426667, 37.786925 ], [ -122.425047, 37.78713 ], [ -122.424858, 37.786196 ], [ -122.424687, 37.785335 ], [ -122.424899, 37.785441 ], [ -122.426483, 37.785242 ], [ -122.427894, 37.785064 ], [ -122.427989, 37.784954 ], [ -122.428102, 37.785027 ], [ -122.429063, 37.78491 ], [ -122.429519, 37.784855 ], [ -122.431053, 37.784668 ], [ -122.431205, 37.784568 ], [ -122.431328, 37.784798 ], [ -122.431436, 37.785268 ] ] ] } },
{ "type": "Feature", "properties": { "BlockGroup": 60750155002 }, "geometry": { "type": "Polygon", "coordinates": [ [ [ -122.434562, 37.784152 ], [ -122.434659, 37.784194 ], [ -122.437752, 37.783802 ], [ -122.437848, 37.783718 ], [ -122.43802, 37.784531 ], [ -122.438206, 37.785459 ], [ -122.436557, 37.785668 ], [ -122.434918, 37.785876 ], [ -122.433272, 37.786085 ], [ -122.432271, 37.786212 ], [ -122.431552, 37.786304 ], [ -122.431623, 37.786233 ], [ -122.431467, 37.785456 ], [ -122.431366, 37.785373 ], [ -122.431436, 37.785268 ], [ -122.431328, 37.784798 ], [ -122.431205, 37.784568 ], [ -122.431399, 37.784607 ], [ -122.432885, 37.78442 ], [ -122.432914, 37.784355 ], [ -122.43297, 37.78441 ], [ -122.433737, 37.784314 ], [ -122.434465, 37.784222 ], [ -122.434562, 37.784152 ] ] ] } },
{ "type": "Feature", "properties": { "BlockGroup": 60750155003 }, "geometry": { "type": "Polygon", "coordinates": [ [ [ -122.442989, 37.783897 ], [ -122.443183, 37.784827 ], [ -122.441537, 37.785036 ], [ -122.439873, 37.785248 ], [ -122.438206, 37.785459 ], [ -122.43802, 37.784531 ], [ -122.437848, 37.783718 ], [ -122.438017, 37.783773 ], [ -122.438268, 37.783716 ], [ -122.438551, 37.783597 ], [ -122.438937, 37.78345 ], [ -122.439352, 37.783395 ], [ -122.43948, 37.783308 ], [ -122.439633, 37.78336 ], [ -122.441158, 37.783164 ], [ -122.442702, 37.782972 ], [ -122.442793, 37.782885 ], [ -122.442989, 37.783897 ] ] ] } },
{ "type": "Feature", "properties": { "BlockGroup": 60750156001 }, "geometry": { "type": "Polygon", "coordinates": [ [ [ -122.455442, 37.778828 ], [ -122.455574, 37.779477 ], [ -122.455684, 37.779726 ], [ -122.455843, 37.779941 ], [ -122.455983, 37.780096 ], [ -122.456079, 37.78027 ], [ -122.456296, 37.781381 ], [ -122.456226, 37.781454 ], [ -122.455633, 37.78149 ], [ -122.455524, 37.781431 ], [ -122.455469, 37.781514 ], [ -122.455378, 37.781524 ], [ -122.455281, 37.781459 ], [ -122.455211, 37.781536 ], [ -122.454283, 37.781655 ], [ -122.454176, 37.781599 ], [ -122.454116, 37.781435 ], [ -122.453877, 37.780239 ], [ -122.453855, 37.780126 ], [ -122.453841, 37.779888 ], [ -122.453782, 37.779602 ], [ -122.453669, 37.779055 ], [ -122.45345, 37.777978 ], [ -122.453385, 37.777827 ], [ -122.454331, 37.777713 ], [ -122.455217, 37.777599 ], [ -122.455213, 37.777704 ], [ -122.455442, 37.778828 ] ] ] } },
{ "type": "Feature", "properties": { "BlockGroup": 60750156002 }, "geometry": { "type": "Polygon", "coordinates": [ [ [ -122.458435, 37.77524 ], [ -122.458463, 37.775618 ], [ -122.458505, 37.77619 ], [ -122.456663, 37.776419 ], [ -122.456746, 37.776825 ], [ -122.456863, 37.777402 ], [ -122.456051, 37.777499 ], [ -122.455217, 37.777599 ], [ -122.45522, 37.777494 ], [ -122.455124, 37.777026 ], [ -122.454978, 37.776322 ], [ -122.454847, 37.775685 ], [ -122.454764, 37.775527 ], [ -122.454668, 37.774965 ], [ -122.454683, 37.774755 ], [ -122.455253, 37.774687 ], [ -122.456284, 37.774555 ], [ -122.458371, 37.774309 ], [ -122.458435, 37.77524 ] ] ] } },
{ "type": "Feature", "properties": { "BlockGroup": 60750156003 }, "geometry": { "type": "Polygon", "coordinates": [ [ [ -122.458581, 37.777254 ], [ -122.458638, 37.778008 ], [ -122.458732, 37.779333 ], [ -122.458859, 37.781257 ], [ -122.45873, 37.781343 ], [ -122.457823, 37.781376 ], [ -122.457733, 37.781315 ], [ -122.457647, 37.781396 ], [ -122.456629, 37.781439 ], [ -122.456396, 37.781447 ], [ -122.456296, 37.781381 ], [ -122.456079, 37.78027 ], [ -122.455983, 37.780096 ], [ -122.455843, 37.779941 ], [ -122.455684, 37.779726 ], [ -122.455574, 37.779477 ], [ -122.455442, 37.778828 ], [ -122.455213, 37.777704 ], [ -122.455217, 37.777599 ], [ -122.456051, 37.777499 ], [ -122.456863, 37.777402 ], [ -122.456746, 37.776825 ], [ -122.456663, 37.776419 ], [ -122.458505, 37.77619 ], [ -122.458581, 37.777254 ] ] ] } },
{ "type": "Feature", "properties": { "BlockGroup": 60750157001 }, "geometry": { "type": "Polygon", "coordinates": [ [ [ -122.44704, 37.778622 ], [ -122.447098, 37.778715 ], [ -122.447373, 37.780063 ], [ -122.447352, 37.780152 ], [ -122.447417, 37.780229 ], [ -122.447572, 37.780971 ], [ -122.447518, 37.78107 ], [ -122.447603, 37.781141 ], [ -122.447679, 37.78151 ], [ -122.447637, 37.781719 ], [ -122.447451, 37.782195 ], [ -122.447302, 37.782392 ], [ -122.446775, 37.782461 ], [ -122.445853, 37.78251 ], [ -122.445826, 37.782512 ], [ -122.445803, 37.782513 ], [ -122.445711, 37.782518 ], [ -122.444441, 37.782678 ], [ -122.442793, 37.782885 ], [ -122.442692, 37.782643 ], [ -122.44182, 37.782307 ], [ -122.441672, 37.782234 ], [ -122.441512, 37.782096 ], [ -122.44134, 37.781235 ], [ -122.441149, 37.780293 ], [ -122.440958, 37.779364 ], [ -122.441119, 37.779372 ], [ -122.442053, 37.779244 ], [ -122.443699, 37.779038 ], [ -122.445347, 37.778837 ], [ -122.445156, 37.777887 ], [ -122.446846, 37.777669 ], [ -122.44704, 37.778622 ] ] ] } },
{ "type": "Feature", "properties": { "BlockGroup": 60750157002 }, "geometry": { "type": "Polygon", "coordinates": [ [ [ -122.441634, 37.777156 ], [ -122.441488, 37.776435 ], [ -122.443132, 37.776226 ], [ -122.44478, 37.776017 ], [ -122.446471, 37.775802 ], [ -122.44666, 37.776742 ], [ -122.446846, 37.777669 ], [ -122.445156, 37.777887 ], [ -122.445347, 37.778837 ], [ -122.443699, 37.779038 ], [ -122.442053, 37.779244 ], [ -122.441866, 37.7783 ], [ -122.441678, 37.777373 ], [ -122.441634, 37.777156 ] ] ] } },
{ "type": "Feature", "properties": { "BlockGroup": 60750157003 }, "geometry": { "type": "Polygon", "coordinates": [ [ [ -122.450458, 37.777205 ], [ -122.451346, 37.77709 ], [ -122.452234, 37.776976 ], [ -122.453188, 37.776853 ], [ -122.453385, 37.777827 ], [ -122.45345, 37.777978 ], [ -122.453669, 37.779055 ], [ -122.453782, 37.779602 ], [ -122.453841, 37.779888 ], [ -122.453855, 37.780126 ], [ -122.453877, 37.780239 ], [ -122.454116, 37.781435 ], [ -122.454176, 37.781599 ], [ -122.45407, 37.781686 ], [ -122.453268, 37.781779 ], [ -122.45317, 37.781717 ], [ -122.453099, 37.781803 ], [ -122.452252, 37.781913 ], [ -122.452143, 37.781853 ], [ -122.452061, 37.781947 ], [ -122.451233, 37.782051 ], [ -122.45112, 37.781984 ], [ -122.451046, 37.782073 ], [ -122.450199, 37.782177 ], [ -122.450092, 37.782117 ], [ -122.450026, 37.782203 ], [ -122.449079, 37.782314 ], [ -122.448989, 37.78236 ], [ -122.448064, 37.782483 ], [ -122.447366, 37.782555 ], [ -122.447318, 37.782432 ], [ -122.447302, 37.782392 ], [ -122.447451, 37.782195 ], [ -122.447637, 37.781719 ], [ -122.447679, 37.78151 ], [ -122.447603, 37.781141 ], [ -122.447518, 37.78107 ], [ -122.447572, 37.780971 ], [ -122.447417, 37.780229 ], [ -122.447352, 37.780152 ], [ -122.447373, 37.780063 ], [ -122.447098, 37.778715 ], [ -122.44704, 37.778622 ], [ -122.447998, 37.778501 ], [ -122.448879, 37.778389 ], [ -122.449767, 37.778277 ], [ -122.450655, 37.778165 ], [ -122.450458, 37.777205 ] ] ] } },
{ "type": "Feature", "properties": { "BlockGroup": 60750157004 }, "geometry": { "type": "Polygon", "coordinates": [ [ [ -122.454683, 37.774755 ], [ -122.454668, 37.774965 ], [ -122.454764, 37.775527 ], [ -122.454847, 37.775685 ], [ -122.454978, 37.776322 ], [ -122.455124, 37.777026 ], [ -122.45522, 37.777494 ], [ -122.455217, 37.777599 ], [ -122.454331, 37.777713 ], [ -122.453385, 37.777827 ], [ -122.453188, 37.776853 ], [ -122.452234, 37.776976 ], [ -122.451346, 37.77709 ], [ -122.450458, 37.777205 ], [ -122.450655, 37.778165 ], [ -122.449767, 37.778277 ], [ -122.448879, 37.778389 ], [ -122.447998, 37.778501 ], [ -122.44704, 37.778622 ], [ -122.446846, 37.777669 ], [ -122.44666, 37.776742 ], [ -122.446471, 37.775802 ], [ -122.447443, 37.775678 ], [ -122.448068, 37.775599 ], [ -122.44885, 37.775499 ], [ -122.449708, 37.77539 ], [ -122.451358, 37.775175 ], [ -122.45281, 37.774995 ], [ -122.453003, 37.774971 ], [ -122.454683, 37.774755 ] ] ] } },
{ "type": "Feature", "properties": { "BlockGroup": 60750158011 }, "geometry": { "type": "Polygon", "coordinates": [ [ [ -122.437446, 37.781727 ], [ -122.437633, 37.782663 ], [ -122.437848, 37.783718 ], [ -122.437752, 37.783802 ], [ -122.434659, 37.784194 ], [ -122.434562, 37.784152 ], [ -122.43435, 37.783083 ], [ -122.434162, 37.782151 ], [ -122.433973, 37.781219 ], [ -122.435616, 37.781009 ], [ -122.436189, 37.780937 ], [ -122.43726, 37.780802 ], [ -122.437446, 37.781727 ] ] ] } },
{ "type": "Feature", "properties": { "BlockGroup": 60750158012 }, "geometry": { "type": "Polygon", "coordinates": [ [ [ -122.441512, 37.782096 ], [ -122.441672, 37.782234 ], [ -122.44182, 37.782307 ], [ -122.442692, 37.782643 ], [ -122.442793, 37.782885 ], [ -122.442702, 37.782972 ], [ -122.441158, 37.783164 ], [ -122.439633, 37.78336 ], [ -122.43948, 37.783308 ], [ -122.439352, 37.783395 ], [ -122.438937, 37.78345 ], [ -122.438551, 37.783597 ], [ -122.438268, 37.783716 ], [ -122.438017, 37.783773 ], [ -122.437848, 37.783718 ], [ -122.437633, 37.782663 ], [ -122.437446, 37.781727 ], [ -122.43726, 37.780802 ], [ -122.437072, 37.779867 ], [ -122.437895, 37.779765 ], [ -122.43874, 37.77966 ], [ -122.440397, 37.779439 ], [ -122.440958, 37.779364 ], [ -122.441149, 37.780293 ], [ -122.44134, 37.781235 ], [ -122.441512, 37.782096 ] ] ] } },
{ "type": "Feature", "properties": { "BlockGroup": 60750158013 }, "geometry": { "type": "Polygon", "coordinates": [ [ [ -122.436979, 37.779404 ], [ -122.437072, 37.779867 ], [ -122.43726, 37.780802 ], [ -122.436189, 37.780937 ], [ -122.435616, 37.781009 ], [ -122.433973, 37.781219 ], [ -122.433785, 37.780287 ], [ -122.433596, 37.779355 ], [ -122.433407, 37.778422 ], [ -122.435052, 37.778213 ], [ -122.436697, 37.778006 ], [ -122.436885, 37.778938 ], [ -122.436979, 37.779404 ] ] ] } },
{ "type": "Feature", "properties": { "BlockGroup": 60750158021 }, "geometry": { "type": "Polygon", "coordinates": [ [ [ -122.436697, 37.778006 ], [ -122.438237, 37.77781 ], [ -122.438366, 37.777794 ], [ -122.438812, 37.777738 ], [ -122.439426, 37.777661 ], [ -122.440027, 37.777587 ], [ -122.440213, 37.778511 ], [ -122.441866, 37.7783 ], [ -122.442053, 37.779244 ], [ -122.441119, 37.779372 ], [ -122.440958, 37.779364 ], [ -122.440397, 37.779439 ], [ -122.43874, 37.77966 ], [ -122.437895, 37.779765 ], [ -122.437072, 37.779867 ], [ -122.436979, 37.779404 ], [ -122.436885, 37.778938 ], [ -122.436697, 37.778006 ] ] ] } },
{ "type": "Feature", "properties": { "BlockGroup": 60750158022 }, "geometry": { "type": "Polygon", "coordinates": [ [ [ -122.441634, 37.777156 ], [ -122.441678, 37.777373 ], [ -122.441866, 37.7783 ], [ -122.440213, 37.778511 ], [ -122.440027, 37.777587 ], [ -122.439426, 37.777661 ], [ -122.438812, 37.777738 ], [ -122.438366, 37.777794 ], [ -122.438237, 37.77781 ], [ -122.436697, 37.778006 ], [ -122.435052, 37.778213 ], [ -122.433407, 37.778422 ], [ -122.433219, 37.77749 ], [ -122.434864, 37.777281 ], [ -122.436507, 37.777068 ], [ -122.438177, 37.776856 ], [ -122.439844, 37.776644 ], [ -122.44034, 37.77658 ], [ -122.441488, 37.776435 ], [ -122.441634, 37.777156 ] ] ] } },
{ "type": "Feature", "properties": { "BlockGroup": 60750159001 }, "geometry": { "type": "Polygon", "coordinates": [ [ [ -122.430798, 37.78257 ], [ -122.430906, 37.782676 ], [ -122.43099, 37.783096 ], [ -122.43105, 37.783398 ], [ -122.430989, 37.783508 ], [ -122.431073, 37.783604 ], [ -122.43124, 37.784334 ], [ -122.431205, 37.784568 ], [ -122.431053, 37.784668 ], [ -122.429519, 37.784855 ], [ -122.429063, 37.78491 ], [ -122.428102, 37.785027 ], [ -122.427989, 37.784954 ], [ -122.427894, 37.785064 ], [ -122.426483, 37.785242 ], [ -122.424899, 37.785441 ], [ -122.424687, 37.785335 ], [ -122.424487, 37.784346 ], [ -122.424295, 37.7834 ], [ -122.424202, 37.782942 ], [ -122.424108, 37.782477 ], [ -122.427396, 37.782057 ], [ -122.429041, 37.781847 ], [ -122.430609, 37.781646 ], [ -122.430715, 37.78174 ], [ -122.430858, 37.782447 ], [ -122.430798, 37.78257 ] ] ] } },
{ "type": "Feature", "properties": { "BlockGroup": 60750159002 }, "geometry": { "type": "Polygon", "coordinates": [ [ [ -122.430715, 37.78174 ], [ -122.430609, 37.781646 ], [ -122.431696, 37.781508 ], [ -122.432329, 37.781428 ], [ -122.433251, 37.78131 ], [ -122.433973, 37.781219 ], [ -122.434162, 37.782151 ], [ -122.43435, 37.783083 ], [ -122.434562, 37.784152 ], [ -122.434465, 37.784222 ], [ -122.433737, 37.784314 ], [ -122.43297, 37.78441 ], [ -122.432914, 37.784355 ], [ -122.432885, 37.78442 ], [ -122.431399, 37.784607 ], [ -122.431205, 37.784568 ], [ -122.43124, 37.784334 ], [ -122.431073, 37.783604 ], [ -122.430989, 37.783508 ], [ -122.43105, 37.783398 ], [ -122.43099, 37.783096 ], [ -122.430906, 37.782676 ], [ -122.430798, 37.78257 ], [ -122.430858, 37.782447 ], [ -122.430715, 37.78174 ] ] ] } },
{ "type": "Feature", "properties": { "BlockGroup": 60750160001 }, "geometry": { "type": "Polygon", "coordinates": [ [ [ -122.423918, 37.781536 ], [ -122.424108, 37.782477 ], [ -122.424202, 37.782942 ], [ -122.424295, 37.7834 ], [ -122.424487, 37.784346 ], [ -122.424687, 37.785335 ], [ -122.424538, 37.785274 ], [ -122.42417, 37.785193 ], [ -122.423874, 37.785003 ], [ -122.423612, 37.784766 ], [ -122.423325, 37.784615 ], [ -122.42304, 37.784553 ], [ -122.422838, 37.784547 ], [ -122.421193, 37.784753 ], [ -122.421243, 37.784635 ], [ -122.421171, 37.784283 ], [ -122.421098, 37.783915 ], [ -122.421008, 37.783824 ], [ -122.42105, 37.783712 ], [ -122.420977, 37.783352 ], [ -122.420901, 37.782977 ], [ -122.420817, 37.782894 ], [ -122.420882, 37.782776 ], [ -122.42081, 37.782417 ], [ -122.420738, 37.782053 ], [ -122.420638, 37.781961 ], [ -122.420693, 37.781852 ], [ -122.420623, 37.781494 ], [ -122.420552, 37.781126 ], [ -122.42044, 37.781031 ], [ -122.420499, 37.780909 ], [ -122.420425, 37.780583 ], [ -122.420336, 37.78019 ], [ -122.420247, 37.780075 ], [ -122.420461, 37.780069 ], [ -122.421892, 37.77989 ], [ -122.423541, 37.779674 ], [ -122.423731, 37.780612 ], [ -122.423825, 37.781078 ], [ -122.423918, 37.781536 ] ] ] } },
{ "type": "Feature", "properties": { "BlockGroup": 60750161001 }, "geometry": { "type": "Polygon", "coordinates": [ [ [ -122.426755, 37.778893 ], [ -122.426829, 37.779258 ], [ -122.4269, 37.779611 ], [ -122.427017, 37.780193 ], [ -122.427203, 37.781117 ], [ -122.427312, 37.781652 ], [ -122.427396, 37.782057 ], [ -122.424108, 37.782477 ], [ -122.423918, 37.781536 ], [ -122.423825, 37.781078 ], [ -122.423731, 37.780612 ], [ -122.423541, 37.779674 ], [ -122.423448, 37.779213 ], [ -122.423354, 37.778747 ], [ -122.424998, 37.778538 ], [ -122.426641, 37.778329 ], [ -122.426755, 37.778893 ] ] ] } },
{ "type": "Feature", "properties": { "BlockGroup": 60750161002 }, "geometry": { "type": "Polygon", "coordinates": [ [ [ -122.433407, 37.778422 ], [ -122.433596, 37.779355 ], [ -122.431952, 37.779564 ], [ -122.431763, 37.778632 ], [ -122.430646, 37.778774 ], [ -122.430047, 37.778851 ], [ -122.429731, 37.778891 ], [ -122.428555, 37.779039 ], [ -122.42819, 37.779086 ], [ -122.426829, 37.779258 ], [ -122.426755, 37.778893 ], [ -122.426641, 37.778329 ], [ -122.428084, 37.778145 ], [ -122.428909, 37.778039 ], [ -122.429152, 37.778007 ], [ -122.429849, 37.777919 ], [ -122.430576, 37.777827 ], [ -122.431575, 37.7777 ], [ -122.433219, 37.77749 ], [ -122.433407, 37.778422 ] ] ] } },
{ "type": "Feature", "properties": { "BlockGroup": 60750161003 }, "geometry": { "type": "Polygon", "coordinates": [ [ [ -122.4269, 37.779611 ], [ -122.426829, 37.779258 ], [ -122.42819, 37.779086 ], [ -122.428555, 37.779039 ], [ -122.429731, 37.778891 ], [ -122.430047, 37.778851 ], [ -122.430646, 37.778774 ], [ -122.431763, 37.778632 ], [ -122.431952, 37.779564 ], [ -122.43214, 37.780496 ], [ -122.430424, 37.780716 ], [ -122.428668, 37.780939 ], [ -122.427324, 37.78111 ], [ -122.427203, 37.781117 ], [ -122.427017, 37.780193 ], [ -122.4269, 37.779611 ] ] ] } },
{ "type": "Feature", "properties": { "BlockGroup": 60750161004 }, "geometry": { "type": "Polygon", "coordinates": [ [ [ -122.433785, 37.780287 ], [ -122.433973, 37.781219 ], [ -122.433251, 37.78131 ], [ -122.432329, 37.781428 ], [ -122.431696, 37.781508 ], [ -122.430609, 37.781646 ], [ -122.429041, 37.781847 ], [ -122.427396, 37.782057 ], [ -122.427312, 37.781652 ], [ -122.427203, 37.781117 ], [ -122.427324, 37.78111 ], [ -122.428668, 37.780939 ], [ -122.430424, 37.780716 ], [ -122.43214, 37.780496 ], [ -122.431952, 37.779564 ], [ -122.433596, 37.779355 ], [ -122.433785, 37.780287 ] ] ] } },
{ "type": "Feature", "properties": { "BlockGroup": 60750162001 }, "geometry": { "type": "Polygon", "coordinates": [ [ [ -122.424809, 37.777602 ], [ -122.424904, 37.778072 ], [ -122.424998, 37.778538 ], [ -122.423354, 37.778747 ], [ -122.423448, 37.779213 ], [ -122.423541, 37.779674 ], [ -122.421892, 37.77989 ], [ -122.420461, 37.780069 ], [ -122.420247, 37.780075 ], [ -122.420311, 37.779917 ], [ -122.419968, 37.778312 ], [ -122.419883, 37.778251 ], [ -122.419934, 37.77812 ], [ -122.419857, 37.777732 ], [ -122.419788, 37.777387 ], [ -122.419694, 37.7773 ], [ -122.42133, 37.777091 ], [ -122.422978, 37.776884 ], [ -122.424623, 37.776674 ], [ -122.424718, 37.77714 ], [ -122.424809, 37.777602 ] ] ] } },
{ "type": "Feature", "properties": { "BlockGroup": 60750162002 }, "geometry": { "type": "Polygon", "coordinates": [ [ [ -122.42434, 37.775277 ], [ -122.424434, 37.77574 ], [ -122.424529, 37.776206 ], [ -122.424623, 37.776674 ], [ -122.422978, 37.776884 ], [ -122.42133, 37.777091 ], [ -122.419694, 37.7773 ], [ -122.41975, 37.777192 ], [ -122.419603, 37.776457 ], [ -122.419506, 37.776369 ], [ -122.419565, 37.776262 ], [ -122.419492, 37.775894 ], [ -122.419397, 37.775422 ], [ -122.420795, 37.775249 ], [ -122.42096, 37.775232 ], [ -122.421097, 37.775219 ], [ -122.422598, 37.775021 ], [ -122.424246, 37.774811 ], [ -122.42434, 37.775277 ] ] ] } },
{ "type": "Feature", "properties": { "BlockGroup": 60750162003 }, "geometry": { "type": "Polygon", "coordinates": [ [ [ -122.425888, 37.774599 ], [ -122.425979, 37.775049 ], [ -122.42607, 37.775525 ], [ -122.426167, 37.775997 ], [ -122.426263, 37.776464 ], [ -122.426359, 37.77693 ], [ -122.426452, 37.777388 ], [ -122.426548, 37.777862 ], [ -122.426641, 37.778329 ], [ -122.424998, 37.778538 ], [ -122.424904, 37.778072 ], [ -122.424809, 37.777602 ], [ -122.424718, 37.77714 ], [ -122.424623, 37.776674 ], [ -122.424529, 37.776206 ], [ -122.424434, 37.77574 ], [ -122.42434, 37.775277 ], [ -122.424246, 37.774811 ], [ -122.424343, 37.774799 ], [ -122.425888, 37.774599 ] ] ] } },
{ "type": "Feature", "properties": { "BlockGroup": 60750163001 }, "geometry": { "type": "Polygon", "coordinates": [ [ [ -122.429626, 37.776513 ], [ -122.429691, 37.776562 ], [ -122.429738, 37.776882 ], [ -122.429687, 37.776976 ], [ -122.429773, 37.777067 ], [ -122.42992, 37.777798 ], [ -122.429849, 37.777919 ], [ -122.429152, 37.778007 ], [ -122.428909, 37.778039 ], [ -122.428084, 37.778145 ], [ -122.426641, 37.778329 ], [ -122.426548, 37.777862 ], [ -122.426452, 37.777388 ], [ -122.426359, 37.77693 ], [ -122.426263, 37.776464 ], [ -122.427914, 37.776254 ], [ -122.429554, 37.776044 ], [ -122.429622, 37.776329 ], [ -122.429623, 37.776332 ], [ -122.429626, 37.776513 ] ] ] } },
{ "type": "Feature", "properties": { "BlockGroup": 60750163002 }, "geometry": { "type": "Polygon", "coordinates": [ [ [ -122.429366, 37.775111 ], [ -122.42946, 37.775577 ], [ -122.429554, 37.776044 ], [ -122.427914, 37.776254 ], [ -122.426263, 37.776464 ], [ -122.426167, 37.775997 ], [ -122.42607, 37.775525 ], [ -122.425979, 37.775049 ], [ -122.425888, 37.774599 ], [ -122.427546, 37.774388 ], [ -122.429178, 37.774181 ], [ -122.429273, 37.774649 ], [ -122.429366, 37.775111 ] ] ] } },
{ "type": "Feature", "properties": { "BlockGroup": 60750163003 }, "geometry": { "type": "Polygon", "coordinates": [ [ [ -122.432634, 37.774585 ], [ -122.432649, 37.774693 ], [ -122.432663, 37.7748 ], [ -122.43283, 37.775626 ], [ -122.43286, 37.775719 ], [ -122.433028, 37.77655 ], [ -122.433219, 37.77749 ], [ -122.431575, 37.7777 ], [ -122.430576, 37.777827 ], [ -122.429849, 37.777919 ], [ -122.42992, 37.777798 ], [ -122.429773, 37.777067 ], [ -122.429687, 37.776976 ], [ -122.429738, 37.776882 ], [ -122.429691, 37.776562 ], [ -122.429626, 37.776513 ], [ -122.429623, 37.776332 ], [ -122.429622, 37.776329 ], [ -122.429554, 37.776044 ], [ -122.42946, 37.775577 ], [ -122.429366, 37.775111 ], [ -122.429273, 37.774649 ], [ -122.429178, 37.774181 ], [ -122.430825, 37.773973 ], [ -122.432351, 37.773779 ], [ -122.432467, 37.773757 ], [ -122.432634, 37.774585 ] ] ] } },
{ "type": "Feature", "properties": { "BlockGroup": 60750164001 }, "geometry": { "type": "Polygon", "coordinates": [ [ [ -122.437611, 37.774062 ], [ -122.437673, 37.774139 ], [ -122.437832, 37.774904 ], [ -122.437799, 37.774992 ], [ -122.437867, 37.775065 ], [ -122.438028, 37.775846 ], [ -122.43799, 37.775925 ], [ -122.438061, 37.775997 ], [ -122.438213, 37.77678 ], [ -122.438177, 37.776856 ], [ -122.436507, 37.777068 ], [ -122.434864, 37.777281 ], [ -122.433219, 37.77749 ], [ -122.433028, 37.77655 ], [ -122.43286, 37.775719 ], [ -122.43283, 37.775626 ], [ -122.432663, 37.7748 ], [ -122.432649, 37.774693 ], [ -122.432634, 37.774585 ], [ -122.432467, 37.773757 ], [ -122.434109, 37.773549 ], [ -122.435751, 37.773346 ], [ -122.437423, 37.773133 ], [ -122.437486, 37.773214 ], [ -122.437638, 37.773977 ], [ -122.437611, 37.774062 ] ] ] } },
{ "type": "Feature", "properties": { "BlockGroup": 60750164002 }, "geometry": { "type": "Polygon", "coordinates": [ [ [ -122.44111, 37.774567 ], [ -122.4413, 37.775505 ], [ -122.441488, 37.776435 ], [ -122.44034, 37.77658 ], [ -122.439844, 37.776644 ], [ -122.438177, 37.776856 ], [ -122.438213, 37.77678 ], [ -122.438061, 37.775997 ], [ -122.43799, 37.775925 ], [ -122.438028, 37.775846 ], [ -122.437867, 37.775065 ], [ -122.437799, 37.774992 ], [ -122.437832, 37.774904 ], [ -122.437673, 37.774139 ], [ -122.437611, 37.774062 ], [ -122.437638, 37.773977 ], [ -122.437486, 37.773214 ], [ -122.437423, 37.773133 ], [ -122.439089, 37.772922 ], [ -122.440735, 37.772713 ], [ -122.440922, 37.773635 ], [ -122.44111, 37.774567 ] ] ] } },
{ "type": "Feature", "properties": { "BlockGroup": 60750165001 }, "geometry": { "type": "Polygon", "coordinates": [ [ [ -122.444405, 37.774149 ], [ -122.444593, 37.775086 ], [ -122.44478, 37.776017 ], [ -122.443132, 37.776226 ], [ -122.441488, 37.776435 ], [ -122.4413, 37.775505 ], [ -122.44111, 37.774567 ], [ -122.440922, 37.773635 ], [ -122.442565, 37.773424 ], [ -122.444216, 37.773212 ], [ -122.444405, 37.774149 ] ] ] } },
{ "type": "Feature", "properties": { "BlockGroup": 60750165002 }, "geometry": { "type": "Polygon", "coordinates": [ [ [ -122.447688, 37.773733 ], [ -122.447878, 37.774667 ], [ -122.448068, 37.775599 ], [ -122.447443, 37.775678 ], [ -122.446471, 37.775802 ], [ -122.44478, 37.776017 ], [ -122.444593, 37.775086 ], [ -122.444405, 37.774149 ], [ -122.444216, 37.773212 ], [ -122.445902, 37.772995 ], [ -122.447497, 37.77279 ], [ -122.447688, 37.773733 ] ] ] } },
{ "type": "Feature", "properties": { "BlockGroup": 60750165003 }, "geometry": { "type": "Polygon", "coordinates": [ [ [ -122.450974, 37.773316 ], [ -122.451163, 37.774249 ], [ -122.451358, 37.775175 ], [ -122.449708, 37.77539 ], [ -122.44885, 37.775499 ], [ -122.448068, 37.775599 ], [ -122.447878, 37.774667 ], [ -122.447688, 37.773733 ], [ -122.447497, 37.77279 ], [ -122.449143, 37.772579 ], [ -122.450787, 37.772368 ], [ -122.450974, 37.773316 ] ] ] } },
{ "type": "Feature", "properties": { "BlockGroup": 60750165004 }, "geometry": { "type": "Polygon", "coordinates": [ [ [ -122.454083, 37.77193 ], [ -122.454285, 37.772895 ], [ -122.454451, 37.773711 ], [ -122.454642, 37.774646 ], [ -122.454683, 37.774755 ], [ -122.453003, 37.774971 ], [ -122.45281, 37.774995 ], [ -122.451358, 37.775175 ], [ -122.451163, 37.774249 ], [ -122.450974, 37.773316 ], [ -122.450787, 37.772368 ], [ -122.452242, 37.772181 ], [ -122.452437, 37.772189 ], [ -122.453959, 37.771997 ], [ -122.454083, 37.77193 ] ] ] } },
{ "type": "Feature", "properties": { "BlockGroup": 60750166001 }, "geometry": { "type": "Polygon", "coordinates": [ [ [ -122.445535, 37.771142 ], [ -122.445717, 37.77208 ], [ -122.444024, 37.772295 ], [ -122.442378, 37.772504 ], [ -122.440735, 37.772713 ], [ -122.440546, 37.771779 ], [ -122.440358, 37.770847 ], [ -122.441998, 37.770638 ], [ -122.443312, 37.77047 ], [ -122.443649, 37.770426 ], [ -122.445345, 37.77021 ], [ -122.445535, 37.771142 ] ] ] } },
{ "type": "Feature", "properties": { "BlockGroup": 60750166002 }, "geometry": { "type": "Polygon", "coordinates": [ [ [ -122.45071, 37.769526 ], [ -122.450217, 37.769589 ], [ -122.449645, 37.769662 ], [ -122.448579, 37.769798 ], [ -122.446934, 37.770008 ], [ -122.445345, 37.77021 ], [ -122.443649, 37.770426 ], [ -122.443312, 37.77047 ], [ -122.443265, 37.77018 ], [ -122.443155, 37.769972 ], [ -122.443019, 37.769825 ], [ -122.442765, 37.769661 ], [ -122.442843, 37.769605 ], [ -122.443079, 37.769565 ], [ -122.44334, 37.769533 ], [ -122.443461, 37.769497 ], [ -122.445106, 37.769284 ], [ -122.445922, 37.769179 ], [ -122.446745, 37.769074 ], [ -122.447568, 37.768969 ], [ -122.44839, 37.768865 ], [ -122.449454, 37.768729 ], [ -122.450522, 37.768593 ], [ -122.45071, 37.769526 ] ] ] } },
{ "type": "Feature", "properties": { "BlockGroup": 60750166003 }, "geometry": { "type": "Polygon", "coordinates": [ [ [ -122.453352, 37.768246 ], [ -122.453537, 37.769165 ], [ -122.453726, 37.770098 ], [ -122.453902, 37.771054 ], [ -122.453782, 37.771022 ], [ -122.452242, 37.77123 ], [ -122.451871, 37.771299 ], [ -122.4506, 37.77146 ], [ -122.450408, 37.770519 ], [ -122.450217, 37.769589 ], [ -122.45071, 37.769526 ], [ -122.450522, 37.768593 ], [ -122.451676, 37.768446 ], [ -122.453206, 37.768249 ], [ -122.453352, 37.768246 ] ] ] } },
{ "type": "Feature", "properties": { "BlockGroup": 60750166004 }, "geometry": { "type": "Polygon", "coordinates": [ [ [ -122.450217, 37.769589 ], [ -122.450408, 37.770519 ], [ -122.4506, 37.77146 ], [ -122.448958, 37.771669 ], [ -122.447312, 37.771878 ], [ -122.445717, 37.77208 ], [ -122.445535, 37.771142 ], [ -122.445345, 37.77021 ], [ -122.446934, 37.770008 ], [ -122.448579, 37.769798 ], [ -122.449645, 37.769662 ], [ -122.450217, 37.769589 ] ] ] } },
{ "type": "Feature", "properties": { "BlockGroup": 60750167001 }, "geometry": { "type": "Polygon", "coordinates": [ [ [ -122.435373, 37.771479 ], [ -122.435563, 37.772418 ], [ -122.435751, 37.773346 ], [ -122.434109, 37.773549 ], [ -122.432467, 37.773757 ], [ -122.43228, 37.772829 ], [ -122.432092, 37.771897 ], [ -122.431998, 37.771431 ], [ -122.431904, 37.770964 ], [ -122.432717, 37.770861 ], [ -122.433547, 37.770755 ], [ -122.434405, 37.770646 ], [ -122.435184, 37.770548 ], [ -122.435373, 37.771479 ] ] ] } },
{ "type": "Feature", "properties": { "BlockGroup": 60750167002 }, "geometry": { "type": "Polygon", "coordinates": [ [ [ -122.435794, 37.769058 ], [ -122.436588, 37.769001 ], [ -122.436849, 37.770343 ], [ -122.435184, 37.770548 ], [ -122.434405, 37.770646 ], [ -122.433547, 37.770755 ], [ -122.432717, 37.770861 ], [ -122.431904, 37.770964 ], [ -122.431811, 37.770501 ], [ -122.431717, 37.770035 ], [ -122.43157, 37.769307 ], [ -122.432464, 37.76925 ], [ -122.433572, 37.769178 ], [ -122.434893, 37.769114 ], [ -122.435794, 37.769058 ] ] ] } },
{ "type": "Feature", "properties": { "BlockGroup": 60750167003 }, "geometry": { "type": "Polygon", "coordinates": [ [ [ -122.440604, 37.766955 ], [ -122.441938, 37.765953 ], [ -122.442009, 37.765907 ], [ -122.442167, 37.765888 ], [ -122.442361, 37.765885 ], [ -122.442575, 37.765928 ], [ -122.442811, 37.766011 ], [ -122.443004, 37.766145 ], [ -122.443042, 37.766215 ], [ -122.443105, 37.766414 ], [ -122.443533, 37.766691 ], [ -122.443695, 37.766954 ], [ -122.443764, 37.767067 ], [ -122.443866, 37.767536 ], [ -122.443356, 37.768944 ], [ -122.443167, 37.769037 ], [ -122.442411, 37.769493 ], [ -122.442384, 37.7696 ], [ -122.442506, 37.769686 ], [ -122.442647, 37.76969 ], [ -122.442765, 37.769661 ], [ -122.443019, 37.769825 ], [ -122.443155, 37.769972 ], [ -122.443265, 37.77018 ], [ -122.443312, 37.77047 ], [ -122.441998, 37.770638 ], [ -122.440358, 37.770847 ], [ -122.438709, 37.771056 ], [ -122.437046, 37.771267 ], [ -122.435373, 37.771479 ], [ -122.435184, 37.770548 ], [ -122.436849, 37.770343 ], [ -122.436588, 37.769001 ], [ -122.437106, 37.768963 ], [ -122.437231, 37.76906 ], [ -122.437556, 37.769043 ], [ -122.438338, 37.769007 ], [ -122.43882, 37.768401 ], [ -122.439301, 37.768166 ], [ -122.440137, 37.767757 ], [ -122.440604, 37.766955 ] ] ] } },
{ "type": "Feature", "properties": { "BlockGroup": 60750167004 }, "geometry": { "type": "Polygon", "coordinates": [ [ [ -122.435373, 37.771479 ], [ -122.437046, 37.771267 ], [ -122.438709, 37.771056 ], [ -122.440358, 37.770847 ], [ -122.440546, 37.771779 ], [ -122.440735, 37.772713 ], [ -122.439089, 37.772922 ], [ -122.437423, 37.773133 ], [ -122.435751, 37.773346 ], [ -122.435563, 37.772418 ], [ -122.435373, 37.771479 ] ] ] } },
{ "type": "Feature", "properties": { "BlockGroup": 60750168011 }, "geometry": { "type": "Polygon", "coordinates": [ [ [ -122.431998, 37.771431 ], [ -122.432092, 37.771897 ], [ -122.43228, 37.772829 ], [ -122.432467, 37.773757 ], [ -122.432351, 37.773779 ], [ -122.430825, 37.773973 ], [ -122.430629, 37.773039 ], [ -122.42899, 37.773248 ], [ -122.42889, 37.772754 ], [ -122.428802, 37.772316 ], [ -122.428708, 37.77185 ], [ -122.428614, 37.771383 ], [ -122.430261, 37.771174 ], [ -122.431904, 37.770964 ], [ -122.431998, 37.771431 ] ] ] } },
{ "type": "Feature", "properties": { "BlockGroup": 60750168012 }, "geometry": { "type": "Polygon", "coordinates": [ [ [ -122.43157, 37.769307 ], [ -122.431717, 37.770035 ], [ -122.431811, 37.770501 ], [ -122.431904, 37.770964 ], [ -122.430261, 37.771174 ], [ -122.428614, 37.771383 ], [ -122.42852, 37.770918 ], [ -122.428426, 37.770452 ], [ -122.428275, 37.769701 ], [ -122.42822, 37.769441 ], [ -122.428991, 37.769394 ], [ -122.429128, 37.769456 ], [ -122.429906, 37.769408 ], [ -122.430247, 37.769392 ], [ -122.431357, 37.769321 ], [ -122.43157, 37.769307 ] ] ] } },
{ "type": "Feature", "properties": { "BlockGroup": 60750168013 }, "geometry": { "type": "Polygon", "coordinates": [ [ [ -122.42822, 37.769441 ], [ -122.428275, 37.769701 ], [ -122.428426, 37.770452 ], [ -122.42852, 37.770918 ], [ -122.428614, 37.771383 ], [ -122.428708, 37.77185 ], [ -122.428802, 37.772316 ], [ -122.427158, 37.772525 ], [ -122.425512, 37.772734 ], [ -122.425322, 37.771795 ], [ -122.425136, 37.770869 ], [ -122.424853, 37.770748 ], [ -122.424958, 37.770726 ], [ -122.426285, 37.769684 ], [ -122.426309, 37.769603 ], [ -122.426684, 37.769534 ], [ -122.42822, 37.769441 ] ] ] } },
{ "type": "Feature", "properties": { "BlockGroup": 60750168021 }, "geometry": { "type": "Polygon", "coordinates": [ [ [ -122.424057, 37.773875 ], [ -122.424144, 37.774342 ], [ -122.425794, 37.774132 ], [ -122.425888, 37.774599 ], [ -122.424343, 37.774799 ], [ -122.424246, 37.774811 ], [ -122.422598, 37.775021 ], [ -122.421097, 37.775219 ], [ -122.42096, 37.775232 ], [ -122.420795, 37.775249 ], [ -122.419397, 37.775422 ], [ -122.419355, 37.775234 ], [ -122.419256, 37.775147 ], [ -122.419357, 37.775128 ], [ -122.420231, 37.774438 ], [ -122.420254, 37.774359 ], [ -122.420386, 37.774316 ], [ -122.420675, 37.774087 ], [ -122.420699, 37.774008 ], [ -122.420808, 37.773997 ], [ -122.421089, 37.773775 ], [ -122.421916, 37.773123 ], [ -122.421941, 37.773036 ], [ -122.422051, 37.773016 ], [ -122.422186, 37.772909 ], [ -122.422595, 37.772587 ], [ -122.42262, 37.772503 ], [ -122.422732, 37.77248 ], [ -122.423267, 37.772058 ], [ -122.423596, 37.771798 ], [ -122.42362, 37.771717 ], [ -122.423678, 37.772005 ], [ -122.423868, 37.772943 ], [ -122.423962, 37.773409 ], [ -122.424057, 37.773875 ] ] ] } },
{ "type": "Feature", "properties": { "BlockGroup": 60750168022 }, "geometry": { "type": "Polygon", "coordinates": [ [ [ -122.42889, 37.772754 ], [ -122.42899, 37.773248 ], [ -122.430629, 37.773039 ], [ -122.430825, 37.773973 ], [ -122.429178, 37.774181 ], [ -122.427546, 37.774388 ], [ -122.425888, 37.774599 ], [ -122.425794, 37.774132 ], [ -122.4257, 37.773666 ], [ -122.425606, 37.7732 ], [ -122.425512, 37.772734 ], [ -122.427158, 37.772525 ], [ -122.428802, 37.772316 ], [ -122.42889, 37.772754 ] ] ] } },
{ "type": "Feature", "properties": { "BlockGroup": 60750168023 }, "geometry": { "type": "Polygon", "coordinates": [ [ [ -122.424853, 37.770748 ], [ -122.425136, 37.770869 ], [ -122.425322, 37.771795 ], [ -122.425512, 37.772734 ], [ -122.425606, 37.7732 ], [ -122.4257, 37.773666 ], [ -122.425794, 37.774132 ], [ -122.424144, 37.774342 ], [ -122.424057, 37.773875 ], [ -122.423962, 37.773409 ], [ -122.423868, 37.772943 ], [ -122.423678, 37.772005 ], [ -122.42362, 37.771717 ], [ -122.423725, 37.771696 ], [ -122.424008, 37.771474 ], [ -122.424829, 37.770829 ], [ -122.424853, 37.770748 ] ] ] } },
{ "type": "Feature", "properties": { "BlockGroup": 60750169001 }, "geometry": { "type": "Polygon", "coordinates": [ [ [ -122.433408, 37.767462 ], [ -122.433572, 37.769178 ], [ -122.432464, 37.76925 ], [ -122.43157, 37.769307 ], [ -122.431357, 37.769321 ], [ -122.430247, 37.769392 ], [ -122.429906, 37.769408 ], [ -122.429128, 37.769456 ], [ -122.428991, 37.769394 ], [ -122.42822, 37.769441 ], [ -122.426684, 37.769534 ], [ -122.426309, 37.769603 ], [ -122.426555, 37.769485 ], [ -122.426948, 37.769175 ], [ -122.427462, 37.76877 ], [ -122.428635, 37.767846 ], [ -122.428657, 37.767735 ], [ -122.428969, 37.767729 ], [ -122.428949, 37.767504 ], [ -122.429182, 37.767413 ], [ -122.430749, 37.766177 ], [ -122.430824, 37.766014 ], [ -122.431038, 37.765996 ], [ -122.433255, 37.765862 ], [ -122.433332, 37.766662 ], [ -122.433408, 37.767462 ] ] ] } },
{ "type": "Feature", "properties": { "BlockGroup": 60750169002 }, "geometry": { "type": "Polygon", "coordinates": [ [ [ -122.43456, 37.763138 ], [ -122.435152, 37.762743 ], [ -122.435188, 37.762671 ], [ -122.435259, 37.763463 ], [ -122.435317, 37.764102 ], [ -122.435396, 37.764926 ], [ -122.435472, 37.765727 ], [ -122.435548, 37.766528 ], [ -122.435624, 37.767328 ], [ -122.435794, 37.769058 ], [ -122.434893, 37.769114 ], [ -122.433572, 37.769178 ], [ -122.433408, 37.767462 ], [ -122.433332, 37.766662 ], [ -122.433255, 37.765862 ], [ -122.431038, 37.765996 ], [ -122.430824, 37.766014 ], [ -122.43084, 37.765928 ], [ -122.430912, 37.765876 ], [ -122.431025, 37.765868 ], [ -122.431231, 37.765788 ], [ -122.432923, 37.764468 ], [ -122.433074, 37.764196 ], [ -122.433411, 37.764069 ], [ -122.43456, 37.763138 ] ] ] } },
{ "type": "Feature", "properties": { "BlockGroup": 60750170001 }, "geometry": { "type": "Polygon", "coordinates": [ [ [ -122.436459, 37.765666 ], [ -122.437067, 37.76586 ], [ -122.438555, 37.766297 ], [ -122.439502, 37.766576 ], [ -122.439207, 37.767164 ], [ -122.439301, 37.768166 ], [ -122.43882, 37.768401 ], [ -122.438338, 37.769007 ], [ -122.437556, 37.769043 ], [ -122.437231, 37.76906 ], [ -122.437106, 37.768963 ], [ -122.436588, 37.769001 ], [ -122.435794, 37.769058 ], [ -122.435624, 37.767328 ], [ -122.435548, 37.766528 ], [ -122.435472, 37.765727 ], [ -122.436459, 37.765666 ] ] ] } },
{ "type": "Feature", "properties": { "BlockGroup": 60750170002 }, "geometry": { "type": "Polygon", "coordinates": [ [ [ -122.440168, 37.762187 ], [ -122.440221, 37.762777 ], [ -122.440285, 37.763493 ], [ -122.440874, 37.763455 ], [ -122.441983, 37.763483 ], [ -122.441987, 37.763252 ], [ -122.443795, 37.763296 ], [ -122.442951, 37.763678 ], [ -122.44295, 37.764109 ], [ -122.4432, 37.764469 ], [ -122.443215, 37.764558 ], [ -122.443279, 37.764726 ], [ -122.443263, 37.765218 ], [ -122.443347, 37.765333 ], [ -122.443511, 37.76534 ], [ -122.442575, 37.765928 ], [ -122.442361, 37.765885 ], [ -122.442167, 37.765888 ], [ -122.442009, 37.765907 ], [ -122.441938, 37.765953 ], [ -122.440604, 37.766955 ], [ -122.440137, 37.767757 ], [ -122.439301, 37.768166 ], [ -122.439207, 37.767164 ], [ -122.439502, 37.766576 ], [ -122.438555, 37.766297 ], [ -122.437067, 37.76586 ], [ -122.436459, 37.765666 ], [ -122.435472, 37.765727 ], [ -122.435396, 37.764926 ], [ -122.435317, 37.764102 ], [ -122.435259, 37.763463 ], [ -122.435188, 37.762671 ], [ -122.435322, 37.762691 ], [ -122.435804, 37.762499 ], [ -122.435973, 37.762449 ], [ -122.436369, 37.76243 ], [ -122.436437, 37.762409 ], [ -122.437342, 37.762355 ], [ -122.438418, 37.762291 ], [ -122.439491, 37.762227 ], [ -122.440168, 37.762187 ] ] ] } },
{ "type": "Feature", "properties": { "BlockGroup": 60750170003 }, "geometry": { "type": "Polygon", "coordinates": [ [ [ -122.440168, 37.762187 ], [ -122.442908, 37.762023 ], [ -122.443359, 37.761997 ], [ -122.444196, 37.761947 ], [ -122.445309, 37.76188 ], [ -122.446384, 37.761816 ], [ -122.446401, 37.76207 ], [ -122.446392, 37.762232 ], [ -122.446287, 37.76231 ], [ -122.446247, 37.762247 ], [ -122.446168, 37.762219 ], [ -122.445931, 37.762233 ], [ -122.445826, 37.762264 ], [ -122.445692, 37.762348 ], [ -122.444664, 37.763327 ], [ -122.444412, 37.763987 ], [ -122.444301, 37.764307 ], [ -122.444203, 37.764371 ], [ -122.444129, 37.764427 ], [ -122.444072, 37.764504 ], [ -122.444037, 37.764598 ], [ -122.443997, 37.764696 ], [ -122.443992, 37.764808 ], [ -122.444045, 37.764952 ], [ -122.444013, 37.765025 ], [ -122.443538, 37.765323 ], [ -122.443347, 37.765333 ], [ -122.443263, 37.765218 ], [ -122.443279, 37.764726 ], [ -122.443215, 37.764558 ], [ -122.4432, 37.764469 ], [ -122.44295, 37.764109 ], [ -122.442951, 37.763678 ], [ -122.443795, 37.763296 ], [ -122.441987, 37.763252 ], [ -122.441983, 37.763483 ], [ -122.440874, 37.763455 ], [ -122.440285, 37.763493 ], [ -122.440221, 37.762777 ], [ -122.440168, 37.762187 ] ] ] } },
{ "type": "Feature", "properties": { "BlockGroup": 60750171011 }, "geometry": { "type": "Polygon", "coordinates": [ [ [ -122.446748, 37.763343 ], [ -122.446994, 37.762722 ], [ -122.447305, 37.764256 ], [ -122.447566, 37.764801 ], [ -122.447635, 37.765139 ], [ -122.447824, 37.766072 ], [ -122.448013, 37.767007 ], [ -122.447199, 37.767111 ], [ -122.446369, 37.76722 ], [ -122.445545, 37.767323 ], [ -122.444732, 37.767426 ], [ -122.443866, 37.767536 ], [ -122.443764, 37.767067 ], [ -122.443695, 37.766954 ], [ -122.443533, 37.766691 ], [ -122.443105, 37.766414 ], [ -122.443042, 37.766215 ], [ -122.443004, 37.766145 ], [ -122.442811, 37.766011 ], [ -122.442575, 37.765928 ], [ -122.443511, 37.76534 ], [ -122.443347, 37.765333 ], [ -122.443538, 37.765323 ], [ -122.444172, 37.765959 ], [ -122.444927, 37.765492 ], [ -122.445216, 37.765313 ], [ -122.445963, 37.765216 ], [ -122.445838, 37.764577 ], [ -122.446074, 37.764188 ], [ -122.446101, 37.764142 ], [ -122.446505, 37.763708 ], [ -122.446594, 37.763607 ], [ -122.446748, 37.763343 ] ] ] } },
{ "type": "Feature", "properties": { "BlockGroup": 60750171012 }, "geometry": { "type": "Polygon", "coordinates": [ [ [ -122.449296, 37.762519 ], [ -122.449433, 37.7632 ], [ -122.448109, 37.763367 ], [ -122.448274, 37.764196 ], [ -122.448441, 37.765036 ], [ -122.447635, 37.765139 ], [ -122.447566, 37.764801 ], [ -122.447305, 37.764256 ], [ -122.446994, 37.762722 ], [ -122.446748, 37.763343 ], [ -122.446594, 37.763607 ], [ -122.446505, 37.763708 ], [ -122.446101, 37.764142 ], [ -122.446074, 37.764188 ], [ -122.445838, 37.764577 ], [ -122.445963, 37.765216 ], [ -122.445216, 37.765313 ], [ -122.444927, 37.765492 ], [ -122.444172, 37.765959 ], [ -122.443538, 37.765323 ], [ -122.444013, 37.765025 ], [ -122.444045, 37.764952 ], [ -122.443992, 37.764808 ], [ -122.443997, 37.764696 ], [ -122.444037, 37.764598 ], [ -122.444072, 37.764504 ], [ -122.444129, 37.764427 ], [ -122.444203, 37.764371 ], [ -122.444301, 37.764307 ], [ -122.444412, 37.763987 ], [ -122.444664, 37.763327 ], [ -122.445692, 37.762348 ], [ -122.445826, 37.762264 ], [ -122.445931, 37.762233 ], [ -122.446168, 37.762219 ], [ -122.446247, 37.762247 ], [ -122.446287, 37.76231 ], [ -122.446392, 37.762232 ], [ -122.446401, 37.76207 ], [ -122.446384, 37.761816 ], [ -122.446783, 37.761781 ], [ -122.44778, 37.761726 ], [ -122.44912, 37.761648 ], [ -122.449296, 37.762519 ] ] ] } },
{ "type": "Feature", "properties": { "BlockGroup": 60750171013 }, "geometry": { "type": "Polygon", "coordinates": [ [ [ -122.44839, 37.768865 ], [ -122.447568, 37.768969 ], [ -122.446745, 37.769074 ], [ -122.445922, 37.769179 ], [ -122.445106, 37.769284 ], [ -122.443461, 37.769497 ], [ -122.44334, 37.769533 ], [ -122.443079, 37.769565 ], [ -122.442843, 37.769605 ], [ -122.442765, 37.769661 ], [ -122.442647, 37.76969 ], [ -122.442506, 37.769686 ], [ -122.442384, 37.7696 ], [ -122.442411, 37.769493 ], [ -122.443167, 37.769037 ], [ -122.443356, 37.768944 ], [ -122.443866, 37.767536 ], [ -122.444732, 37.767426 ], [ -122.445545, 37.767323 ], [ -122.446369, 37.76722 ], [ -122.447199, 37.767111 ], [ -122.448013, 37.767007 ], [ -122.44839, 37.768865 ] ] ] } },
{ "type": "Feature", "properties": { "BlockGroup": 60750171021 }, "geometry": { "type": "Polygon", "coordinates": [ [ [ -122.452569, 37.764509 ], [ -122.452758, 37.765443 ], [ -122.451403, 37.765616 ], [ -122.449958, 37.7658 ], [ -122.450146, 37.766729 ], [ -122.449074, 37.766872 ], [ -122.448013, 37.767007 ], [ -122.447824, 37.766072 ], [ -122.447635, 37.765139 ], [ -122.448441, 37.765036 ], [ -122.448274, 37.764196 ], [ -122.4496, 37.764027 ], [ -122.451042, 37.763843 ], [ -122.4524, 37.763669 ], [ -122.452569, 37.764509 ] ] ] } },
{ "type": "Feature", "properties": { "BlockGroup": 60750171022 }, "geometry": { "type": "Polygon", "coordinates": [ [ [ -122.452097, 37.762167 ], [ -122.452233, 37.762843 ], [ -122.4524, 37.763669 ], [ -122.451042, 37.763843 ], [ -122.4496, 37.764027 ], [ -122.448274, 37.764196 ], [ -122.448109, 37.763367 ], [ -122.449433, 37.7632 ], [ -122.449296, 37.762519 ], [ -122.44912, 37.761648 ], [ -122.45058, 37.761561 ], [ -122.451958, 37.761478 ], [ -122.452097, 37.762167 ] ] ] } },
{ "type": "Feature", "properties": { "BlockGroup": 60750171023 }, "geometry": { "type": "Polygon", "coordinates": [ [ [ -122.452758, 37.765443 ], [ -122.452947, 37.766374 ], [ -122.452996, 37.766476 ], [ -122.45305, 37.766742 ], [ -122.453165, 37.767307 ], [ -122.453352, 37.768246 ], [ -122.453206, 37.768249 ], [ -122.451676, 37.768446 ], [ -122.450522, 37.768593 ], [ -122.449454, 37.768729 ], [ -122.44839, 37.768865 ], [ -122.448013, 37.767007 ], [ -122.449074, 37.766872 ], [ -122.450146, 37.766729 ], [ -122.449958, 37.7658 ], [ -122.451403, 37.765616 ], [ -122.452758, 37.765443 ] ] ] } },
{ "type": "Feature", "properties": { "BlockGroup": 60750176011 }, "geometry": { "type": "Polygon", "coordinates": [ [ [ -122.407871, 37.782751 ], [ -122.407185, 37.783292 ], [ -122.407483, 37.783529 ], [ -122.408067, 37.783991 ], [ -122.408042, 37.784066 ], [ -122.407424, 37.784552 ], [ -122.407337, 37.78456 ], [ -122.407326, 37.78463 ], [ -122.406, 37.785674 ], [ -122.405976, 37.785693 ], [ -122.405831, 37.785744 ], [ -122.405822, 37.785737 ], [ -122.405807, 37.785725 ], [ -122.405236, 37.785265 ], [ -122.404795, 37.784908 ], [ -122.404267, 37.784479 ], [ -122.403712, 37.784044 ], [ -122.402708, 37.783259 ], [ -122.40325, 37.782831 ], [ -122.404933, 37.7815 ], [ -122.405719, 37.780878 ], [ -122.406248, 37.781306 ], [ -122.406711, 37.78168 ], [ -122.407255, 37.782119 ], [ -122.407164, 37.782191 ], [ -122.407696, 37.782612 ], [ -122.407871, 37.782751 ] ] ] } },
{ "type": "Feature", "properties": { "BlockGroup": 60750176012 }, "geometry": { "type": "Polygon", "coordinates": [ [ [ -122.409387, 37.777977 ], [ -122.409938, 37.778416 ], [ -122.410401, 37.778785 ], [ -122.410937, 37.779212 ], [ -122.411484, 37.779648 ], [ -122.411933, 37.780006 ], [ -122.412512, 37.780479 ], [ -122.412492, 37.780552 ], [ -122.411985, 37.780952 ], [ -122.4117, 37.781177 ], [ -122.411457, 37.781369 ], [ -122.410391, 37.782211 ], [ -122.410292, 37.782231 ], [ -122.410069, 37.782053 ], [ -122.409693, 37.781754 ], [ -122.409245, 37.781398 ], [ -122.408709, 37.780971 ], [ -122.408161, 37.780535 ], [ -122.407691, 37.780162 ], [ -122.407159, 37.779739 ], [ -122.407691, 37.779318 ], [ -122.408272, 37.778861 ], [ -122.408833, 37.778416 ], [ -122.409387, 37.777977 ] ] ] } },
{ "type": "Feature", "properties": { "BlockGroup": 60750176013 }, "geometry": { "type": "Polygon", "coordinates": [ [ [ -122.414711, 37.776231 ], [ -122.415321, 37.776718 ], [ -122.416292, 37.777494 ], [ -122.416261, 37.777572 ], [ -122.416009, 37.777773 ], [ -122.414835, 37.778701 ], [ -122.414741, 37.778719 ], [ -122.414721, 37.778791 ], [ -122.413365, 37.779862 ], [ -122.412609, 37.780459 ], [ -122.412512, 37.780479 ], [ -122.411933, 37.780006 ], [ -122.411484, 37.779648 ], [ -122.410937, 37.779212 ], [ -122.410401, 37.778785 ], [ -122.409938, 37.778416 ], [ -122.409387, 37.777977 ], [ -122.409923, 37.777553 ], [ -122.410506, 37.777092 ], [ -122.411014, 37.77669 ], [ -122.411606, 37.776221 ], [ -122.413161, 37.774992 ], [ -122.413718, 37.775437 ], [ -122.414173, 37.775801 ], [ -122.414711, 37.776231 ] ] ] } },
{ "type": "Feature", "properties": { "BlockGroup": 60750176014 }, "geometry": { "type": "Polygon", "coordinates": [ [ [ -122.417104, 37.774325 ], [ -122.417515, 37.774651 ], [ -122.418659, 37.775558 ], [ -122.418704, 37.775645 ], [ -122.417629, 37.776494 ], [ -122.417501, 37.776541 ], [ -122.417471, 37.776618 ], [ -122.416878, 37.777085 ], [ -122.416392, 37.777469 ], [ -122.416292, 37.777494 ], [ -122.415321, 37.776718 ], [ -122.414711, 37.776231 ], [ -122.414173, 37.775801 ], [ -122.413718, 37.775437 ], [ -122.413161, 37.774992 ], [ -122.413587, 37.77466 ], [ -122.413769, 37.774516 ], [ -122.413944, 37.774378 ], [ -122.414368, 37.774043 ], [ -122.415561, 37.773101 ], [ -122.416104, 37.773532 ], [ -122.416576, 37.773906 ], [ -122.417104, 37.774325 ] ] ] } },
{ "type": "Feature", "properties": { "BlockGroup": 60750176015 }, "geometry": { "type": "Polygon", "coordinates": [ [ [ -122.410052, 37.782479 ], [ -122.409184, 37.783164 ], [ -122.409053, 37.783268 ], [ -122.408952, 37.783288 ], [ -122.408931, 37.783364 ], [ -122.408688, 37.783556 ], [ -122.40816, 37.783973 ], [ -122.408067, 37.783991 ], [ -122.407483, 37.783529 ], [ -122.407185, 37.783292 ], [ -122.407871, 37.782751 ], [ -122.407696, 37.782612 ], [ -122.407164, 37.782191 ], [ -122.407255, 37.782119 ], [ -122.406711, 37.78168 ], [ -122.406248, 37.781306 ], [ -122.405719, 37.780878 ], [ -122.407159, 37.779739 ], [ -122.407691, 37.780162 ], [ -122.408161, 37.780535 ], [ -122.408709, 37.780971 ], [ -122.409245, 37.781398 ], [ -122.409693, 37.781754 ], [ -122.410069, 37.782053 ], [ -122.410292, 37.782231 ], [ -122.410271, 37.782306 ], [ -122.410052, 37.782479 ] ] ] } },
{ "type": "Feature", "properties": { "BlockGroup": 60750177001 }, "geometry": { "type": "Polygon", "coordinates": [ [ [ -122.41326, 37.76707 ], [ -122.413341, 37.768023 ], [ -122.413396, 37.768671 ], [ -122.413427, 37.769036 ], [ -122.413389, 37.769459 ], [ -122.413385, 37.769502 ], [ -122.413347, 37.769578 ], [ -122.413209, 37.769854 ], [ -122.413046, 37.770052 ], [ -122.412751, 37.770389 ], [ -122.412619, 37.770521 ], [ -122.41248, 37.77063 ], [ -122.410989, 37.769456 ], [ -122.410959, 37.769433 ], [ -122.410931, 37.769411 ], [ -122.410908, 37.769429 ], [ -122.410886, 37.769447 ], [ -122.409736, 37.770349 ], [ -122.409035, 37.769793 ], [ -122.408436, 37.769318 ], [ -122.408007, 37.769244 ], [ -122.407895, 37.769343 ], [ -122.407739, 37.769466 ], [ -122.40764, 37.769545 ], [ -122.407623, 37.769558 ], [ -122.407587, 37.769586 ], [ -122.407001, 37.77005 ], [ -122.406213, 37.769463 ], [ -122.405939, 37.769659 ], [ -122.405844, 37.769665 ], [ -122.405589, 37.76968 ], [ -122.405408, 37.76969 ], [ -122.405203, 37.769702 ], [ -122.40499, 37.769715 ], [ -122.404875, 37.768531 ], [ -122.40475, 37.767257 ], [ -122.404623, 37.765958 ], [ -122.404497, 37.764664 ], [ -122.40484, 37.764643 ], [ -122.40509, 37.764628 ], [ -122.405463, 37.764606 ], [ -122.406429, 37.764548 ], [ -122.40742, 37.764488 ], [ -122.408424, 37.764427 ], [ -122.409393, 37.764369 ], [ -122.410364, 37.76431 ], [ -122.41133, 37.764252 ], [ -122.412293, 37.764193 ], [ -122.412859, 37.764159 ], [ -122.413003, 37.764091 ], [ -122.413105, 37.765448 ], [ -122.413227, 37.766725 ], [ -122.41326, 37.76707 ] ] ] } },
{ "type": "Feature", "properties": { "BlockGroup": 60750177002 }, "geometry": { "type": "Polygon", "coordinates": [ [ [ -122.417838, 37.768486 ], [ -122.417857, 37.769194 ], [ -122.41781, 37.76967 ], [ -122.417803, 37.769739 ], [ -122.417753, 37.769815 ], [ -122.417764, 37.769857 ], [ -122.417781, 37.769918 ], [ -122.417777, 37.769975 ], [ -122.417766, 37.770143 ], [ -122.417706, 37.770364 ], [ -122.417609, 37.770407 ], [ -122.417794, 37.770435 ], [ -122.417915, 37.770626 ], [ -122.417995, 37.770765 ], [ -122.418029, 37.770876 ], [ -122.418399, 37.772102 ], [ -122.418352, 37.772222 ], [ -122.418469, 37.772323 ], [ -122.418608, 37.772731 ], [ -122.418618, 37.773053 ], [ -122.41873, 37.773183 ], [ -122.419015, 37.774098 ], [ -122.41928, 37.774945 ], [ -122.419256, 37.775147 ], [ -122.419168, 37.775278 ], [ -122.418704, 37.775645 ], [ -122.418659, 37.775558 ], [ -122.417515, 37.774651 ], [ -122.417104, 37.774325 ], [ -122.416576, 37.773906 ], [ -122.416104, 37.773532 ], [ -122.415561, 37.773101 ], [ -122.415002, 37.772649 ], [ -122.414392, 37.772158 ], [ -122.414027, 37.771864 ], [ -122.41248, 37.77063 ], [ -122.412619, 37.770521 ], [ -122.412751, 37.770389 ], [ -122.413046, 37.770052 ], [ -122.413209, 37.769854 ], [ -122.413347, 37.769578 ], [ -122.413385, 37.769502 ], [ -122.413389, 37.769459 ], [ -122.413427, 37.769036 ], [ -122.413396, 37.768671 ], [ -122.413341, 37.768023 ], [ -122.41326, 37.76707 ], [ -122.413227, 37.766725 ], [ -122.413105, 37.765448 ], [ -122.413003, 37.764091 ], [ -122.413588, 37.763823 ], [ -122.413722, 37.763779 ], [ -122.415155, 37.763697 ], [ -122.416227, 37.763635 ], [ -122.417332, 37.763572 ], [ -122.417487, 37.765183 ], [ -122.417542, 37.765752 ], [ -122.417645, 37.766805 ], [ -122.417802, 37.768405 ], [ -122.417838, 37.768486 ] ] ] } },
{ "type": "Feature", "properties": { "BlockGroup": 60750178011 }, "geometry": { "type": "Polygon", "coordinates": [ [ [ -122.401929, 37.781416 ], [ -122.402245, 37.781167 ], [ -122.403387, 37.780265 ], [ -122.403921, 37.780699 ], [ -122.404404, 37.781077 ], [ -122.404933, 37.7815 ], [ -122.40325, 37.782831 ], [ -122.402708, 37.783259 ], [ -122.400468, 37.78503 ], [ -122.399887, 37.784559 ], [ -122.39946, 37.784214 ], [ -122.39893, 37.783785 ], [ -122.400374, 37.782645 ], [ -122.40116, 37.782024 ], [ -122.401929, 37.781416 ] ] ] } },
{ "type": "Feature", "properties": { "BlockGroup": 60750178012 }, "geometry": { "type": "Polygon", "coordinates": [ [ [ -122.401843, 37.779032 ], [ -122.402377, 37.779459 ], [ -122.402487, 37.779547 ], [ -122.402518, 37.779572 ], [ -122.402658, 37.779683 ], [ -122.402841, 37.779829 ], [ -122.403387, 37.780265 ], [ -122.402245, 37.781167 ], [ -122.401929, 37.781416 ], [ -122.40116, 37.782024 ], [ -122.400374, 37.782645 ], [ -122.39893, 37.783785 ], [ -122.397943, 37.782998 ], [ -122.397386, 37.782554 ], [ -122.398341, 37.781799 ], [ -122.399616, 37.780791 ], [ -122.401843, 37.779032 ] ] ] } },
{ "type": "Feature", "properties": { "BlockGroup": 60750178021 }, "geometry": { "type": "Polygon", "coordinates": [ [ [ -122.40952, 37.774552 ], [ -122.410063, 37.774992 ], [ -122.410611, 37.775428 ], [ -122.411069, 37.775794 ], [ -122.411606, 37.776221 ], [ -122.411014, 37.77669 ], [ -122.410506, 37.777092 ], [ -122.409923, 37.777553 ], [ -122.409387, 37.777977 ], [ -122.408833, 37.778416 ], [ -122.408272, 37.778861 ], [ -122.407691, 37.779318 ], [ -122.407159, 37.779739 ], [ -122.405719, 37.780878 ], [ -122.404933, 37.7815 ], [ -122.404404, 37.781077 ], [ -122.403921, 37.780699 ], [ -122.403387, 37.780265 ], [ -122.402841, 37.779829 ], [ -122.402658, 37.779683 ], [ -122.402518, 37.779572 ], [ -122.402487, 37.779547 ], [ -122.402377, 37.779459 ], [ -122.401843, 37.779032 ], [ -122.402385, 37.778604 ], [ -122.402961, 37.778149 ], [ -122.40353, 37.7777 ], [ -122.40407, 37.777273 ], [ -122.40461, 37.776846 ], [ -122.404896, 37.77662 ], [ -122.405476, 37.776162 ], [ -122.406296, 37.775514 ], [ -122.406369, 37.775457 ], [ -122.406829, 37.775093 ], [ -122.407405, 37.774638 ], [ -122.407768, 37.774351 ], [ -122.407986, 37.774179 ], [ -122.408516, 37.77376 ], [ -122.409062, 37.774195 ], [ -122.40952, 37.774552 ] ] ] } },
{ "type": "Feature", "properties": { "BlockGroup": 60750178022 }, "geometry": { "type": "Polygon", "coordinates": [ [ [ -122.414392, 37.772158 ], [ -122.415002, 37.772649 ], [ -122.415561, 37.773101 ], [ -122.414368, 37.774043 ], [ -122.413944, 37.774378 ], [ -122.413769, 37.774516 ], [ -122.413587, 37.77466 ], [ -122.413161, 37.774992 ], [ -122.411606, 37.776221 ], [ -122.411069, 37.775794 ], [ -122.410611, 37.775428 ], [ -122.410063, 37.774992 ], [ -122.40952, 37.774552 ], [ -122.409062, 37.774195 ], [ -122.408516, 37.77376 ], [ -122.408913, 37.773447 ], [ -122.409683, 37.772838 ], [ -122.410077, 37.772526 ], [ -122.410678, 37.772052 ], [ -122.411278, 37.771579 ], [ -122.411841, 37.771135 ], [ -122.41248, 37.77063 ], [ -122.414027, 37.771864 ], [ -122.414392, 37.772158 ] ] ] } },
{ "type": "Feature", "properties": { "BlockGroup": 60750179021 }, "geometry": { "type": "Polygon", "coordinates": [ [ [ -122.367381, 37.807728 ], [ -122.367881, 37.807928 ], [ -122.3728, 37.8111 ], [ -122.372181, 37.811628 ], [ -122.371681, 37.815128 ], [ -122.372068, 37.815716 ], [ -122.379381, 37.826827 ], [ -122.379199, 37.827371 ], [ -122.378808, 37.828544 ], [ -122.3785, 37.829469 ], [ -122.378181, 37.830427 ], [ -122.373281, 37.832427 ], [ -122.368781, 37.831227 ], [ -122.367481, 37.830127 ], [ -122.367448, 37.829472 ], [ -122.367217, 37.829537 ], [ -122.367229, 37.829737 ], [ -122.367237, 37.829875 ], [ -122.367123, 37.829886 ], [ -122.366966, 37.829558 ], [ -122.366811, 37.829639 ], [ -122.366865, 37.829966 ], [ -122.366717, 37.829966 ], [ -122.366628, 37.829703 ], [ -122.366263, 37.829821 ], [ -122.366669, 37.830696 ], [ -122.366481, 37.830827 ], [ -122.365481, 37.829027 ], [ -122.36589, 37.828925 ], [ -122.366235, 37.829483 ], [ -122.366458, 37.829392 ], [ -122.366364, 37.82908 ], [ -122.366567, 37.829037 ], [ -122.366669, 37.829354 ], [ -122.366909, 37.829242 ], [ -122.366845, 37.828973 ], [ -122.366946, 37.828897 ], [ -122.367034, 37.829214 ], [ -122.367163, 37.829193 ], [ -122.367081, 37.828627 ], [ -122.366081, 37.827227 ], [ -122.363881, 37.823927 ], [ -122.362981, 37.822527 ], [ -122.363101, 37.821984 ], [ -122.361972, 37.821563 ], [ -122.361845, 37.821515 ], [ -122.36188, 37.82142 ], [ -122.361969, 37.821179 ], [ -122.363161, 37.821532 ], [ -122.363351, 37.821543 ], [ -122.363494, 37.821103 ], [ -122.36329, 37.821103 ], [ -122.362111, 37.820795 ], [ -122.3622, 37.820555 ], [ -122.363581, 37.820888 ], [ -122.363777, 37.820399 ], [ -122.362373, 37.820088 ], [ -122.362462, 37.819849 ], [ -122.364022, 37.820077 ], [ -122.364131, 37.819721 ], [ -122.364181, 37.819727 ], [ -122.364056, 37.818979 ], [ -122.36501, 37.818481 ], [ -122.364841, 37.818272 ], [ -122.364012, 37.818716 ], [ -122.363996, 37.81862 ], [ -122.364719, 37.81825 ], [ -122.364516, 37.818068 ], [ -122.364681, 37.817927 ], [ -122.365281, 37.818527 ], [ -122.3691, 37.816881 ], [ -122.371081, 37.816027 ], [ -122.371031, 37.815974 ], [ -122.367681, 37.812428 ], [ -122.359181, 37.815027 ], [ -122.358581, 37.814527 ], [ -122.359281, 37.813727 ], [ -122.360881, 37.812528 ], [ -122.360581, 37.811528 ], [ -122.360581, 37.811228 ], [ -122.361179, 37.810406 ], [ -122.361381, 37.810128 ], [ -122.362021, 37.808272 ], [ -122.362381, 37.807228 ], [ -122.366507, 37.807641 ], [ -122.367381, 37.807728 ] ] ] } },
{ "type": "Feature", "properties": { "BlockGroup": 60750180001 }, "geometry": { "type": "Polygon", "coordinates": [ [ [ -122.403506, 37.776823 ], [ -122.403673, 37.776956 ], [ -122.40407, 37.777273 ], [ -122.40353, 37.7777 ], [ -122.402961, 37.778149 ], [ -122.402385, 37.778604 ], [ -122.401843, 37.779032 ], [ -122.399616, 37.780791 ], [ -122.398341, 37.781799 ], [ -122.397386, 37.782554 ], [ -122.396841, 37.782119 ], [ -122.396613, 37.781937 ], [ -122.396461, 37.781815 ], [ -122.39638, 37.78175 ], [ -122.395843, 37.781321 ], [ -122.395518, 37.781062 ], [ -122.395065, 37.780701 ], [ -122.394631, 37.780354 ], [ -122.3943, 37.78009 ], [ -122.39275, 37.778852 ], [ -122.393287, 37.778427 ], [ -122.393537, 37.77823 ], [ -122.393857, 37.777977 ], [ -122.394981, 37.777089 ], [ -122.397206, 37.775332 ], [ -122.397969, 37.775941 ], [ -122.398755, 37.776568 ], [ -122.400914, 37.774862 ], [ -122.400982, 37.774809 ], [ -122.402524, 37.776039 ], [ -122.403371, 37.776715 ], [ -122.403506, 37.776823 ] ] ] } },
{ "type": "Feature", "properties": { "BlockGroup": 60750180002 }, "geometry": { "type": "Polygon", "coordinates": [ [ [ -122.410989, 37.769456 ], [ -122.41248, 37.77063 ], [ -122.411841, 37.771135 ], [ -122.411278, 37.771579 ], [ -122.410678, 37.772052 ], [ -122.410077, 37.772526 ], [ -122.409683, 37.772838 ], [ -122.408913, 37.773447 ], [ -122.408516, 37.77376 ], [ -122.407986, 37.774179 ], [ -122.407768, 37.774351 ], [ -122.407405, 37.774638 ], [ -122.406829, 37.775093 ], [ -122.406369, 37.775457 ], [ -122.406296, 37.775514 ], [ -122.405476, 37.776162 ], [ -122.404896, 37.77662 ], [ -122.40461, 37.776846 ], [ -122.40407, 37.777273 ], [ -122.403673, 37.776956 ], [ -122.403506, 37.776823 ], [ -122.403371, 37.776715 ], [ -122.402524, 37.776039 ], [ -122.400982, 37.774809 ], [ -122.40057, 37.77448 ], [ -122.400212, 37.774195 ], [ -122.399433, 37.773573 ], [ -122.399516, 37.773507 ], [ -122.399648, 37.773404 ], [ -122.401657, 37.771817 ], [ -122.403878, 37.770063 ], [ -122.404083, 37.769969 ], [ -122.404391, 37.76975 ], [ -122.40499, 37.769715 ], [ -122.405203, 37.769702 ], [ -122.405408, 37.76969 ], [ -122.405589, 37.76968 ], [ -122.405844, 37.769665 ], [ -122.405939, 37.769659 ], [ -122.406213, 37.769463 ], [ -122.407001, 37.77005 ], [ -122.407587, 37.769586 ], [ -122.407623, 37.769558 ], [ -122.40764, 37.769545 ], [ -122.407739, 37.769466 ], [ -122.407895, 37.769343 ], [ -122.408007, 37.769244 ], [ -122.408436, 37.769318 ], [ -122.409035, 37.769793 ], [ -122.409736, 37.770349 ], [ -122.410886, 37.769447 ], [ -122.410908, 37.769429 ], [ -122.410931, 37.769411 ], [ -122.410959, 37.769433 ], [ -122.410989, 37.769456 ] ] ] } },
{ "type": "Feature", "properties": { "BlockGroup": 60750201001 }, "geometry": { "type": "Polygon", "coordinates": [ [ [ -122.421406, 37.769895 ], [ -122.421583, 37.769918 ], [ -122.422365, 37.769868 ], [ -122.422444, 37.770715 ], [ -122.422526, 37.771595 ], [ -122.422485, 37.771712 ], [ -122.422542, 37.772315 ], [ -122.42262, 37.772503 ], [ -122.422595, 37.772587 ], [ -122.422186, 37.772909 ], [ -122.422051, 37.773016 ], [ -122.421941, 37.773036 ], [ -122.421916, 37.773123 ], [ -122.421089, 37.773775 ], [ -122.420808, 37.773997 ], [ -122.420699, 37.774008 ], [ -122.420675, 37.774087 ], [ -122.420386, 37.774316 ], [ -122.420254, 37.774359 ], [ -122.420231, 37.774438 ], [ -122.419357, 37.775128 ], [ -122.419256, 37.775147 ], [ -122.41928, 37.774945 ], [ -122.419015, 37.774098 ], [ -122.41873, 37.773183 ], [ -122.418618, 37.773053 ], [ -122.418608, 37.772731 ], [ -122.418469, 37.772323 ], [ -122.418352, 37.772222 ], [ -122.418399, 37.772102 ], [ -122.418029, 37.770876 ], [ -122.417995, 37.770765 ], [ -122.417915, 37.770626 ], [ -122.417794, 37.770435 ], [ -122.417609, 37.770407 ], [ -122.417706, 37.770364 ], [ -122.417766, 37.770143 ], [ -122.417777, 37.769975 ], [ -122.417781, 37.769918 ], [ -122.417764, 37.769857 ], [ -122.417753, 37.769815 ], [ -122.417803, 37.769739 ], [ -122.41781, 37.76967 ], [ -122.417857, 37.769194 ], [ -122.417838, 37.768486 ], [ -122.417802, 37.768405 ], [ -122.418556, 37.76836 ], [ -122.419225, 37.768319 ], [ -122.419982, 37.768274 ], [ -122.420032, 37.769045 ], [ -122.420004, 37.769127 ], [ -122.419944, 37.769601 ], [ -122.419899, 37.769893 ], [ -122.420008, 37.770111 ], [ -122.420227, 37.769936 ], [ -122.420808, 37.769924 ], [ -122.420939, 37.769918 ], [ -122.421406, 37.769895 ] ] ] } },
{ "type": "Feature", "properties": { "BlockGroup": 60750201002 }, "geometry": { "type": "Polygon", "coordinates": [ [ [ -122.421057, 37.766599 ], [ -122.421531, 37.766571 ], [ -122.422044, 37.76654 ], [ -122.422122, 37.767344 ], [ -122.42214, 37.767531 ], [ -122.422199, 37.76814 ], [ -122.422258, 37.768754 ], [ -122.422308, 37.769278 ], [ -122.422365, 37.769868 ], [ -122.421583, 37.769918 ], [ -122.421406, 37.769895 ], [ -122.420939, 37.769918 ], [ -122.420808, 37.769924 ], [ -122.420227, 37.769936 ], [ -122.420008, 37.770111 ], [ -122.419899, 37.769893 ], [ -122.419944, 37.769601 ], [ -122.420004, 37.769127 ], [ -122.420032, 37.769045 ], [ -122.419982, 37.768274 ], [ -122.419825, 37.766674 ], [ -122.419669, 37.765051 ], [ -122.420482, 37.765002 ], [ -122.420581, 37.764996 ], [ -122.420901, 37.764977 ], [ -122.421057, 37.766599 ] ] ] } },
{ "type": "Feature", "properties": { "BlockGroup": 60750201003 }, "geometry": { "type": "Polygon", "coordinates": [ [ [ -122.418579, 37.765117 ], [ -122.418698, 37.76511 ], [ -122.419669, 37.765051 ], [ -122.419825, 37.766674 ], [ -122.419982, 37.768274 ], [ -122.419225, 37.768319 ], [ -122.418556, 37.76836 ], [ -122.417802, 37.768405 ], [ -122.417645, 37.766805 ], [ -122.417542, 37.765752 ], [ -122.417487, 37.765183 ], [ -122.418579, 37.765117 ] ] ] } },
{ "type": "Feature", "properties": { "BlockGroup": 60750201004 }, "geometry": { "type": "Polygon", "coordinates": [ [ [ -122.420581, 37.764996 ], [ -122.420482, 37.765002 ], [ -122.419669, 37.765051 ], [ -122.418698, 37.76511 ], [ -122.418579, 37.765117 ], [ -122.417487, 37.765183 ], [ -122.417332, 37.763572 ], [ -122.418484, 37.763496 ], [ -122.419513, 37.763429 ], [ -122.420433, 37.763376 ], [ -122.421084, 37.763338 ], [ -122.421732, 37.7633 ], [ -122.421886, 37.764917 ], [ -122.421964, 37.765721 ], [ -122.422044, 37.76654 ], [ -122.421531, 37.766571 ], [ -122.421057, 37.766599 ], [ -122.420901, 37.764977 ], [ -122.420581, 37.764996 ] ] ] } },
{ "type": "Feature", "properties": { "BlockGroup": 60750202001 }, "geometry": { "type": "Polygon", "coordinates": [ [ [ -122.424958, 37.770726 ], [ -122.424853, 37.770748 ], [ -122.424829, 37.770829 ], [ -122.424008, 37.771474 ], [ -122.423725, 37.771696 ], [ -122.42362, 37.771717 ], [ -122.423596, 37.771798 ], [ -122.423267, 37.772058 ], [ -122.422732, 37.77248 ], [ -122.42262, 37.772503 ], [ -122.422542, 37.772315 ], [ -122.422485, 37.771712 ], [ -122.422526, 37.771595 ], [ -122.422444, 37.770715 ], [ -122.422365, 37.769868 ], [ -122.422308, 37.769278 ], [ -122.424475, 37.769148 ], [ -122.424571, 37.769134 ], [ -122.424664, 37.769109 ], [ -122.425679, 37.769046 ], [ -122.426713, 37.768982 ], [ -122.426858, 37.769042 ], [ -122.426948, 37.769175 ], [ -122.426555, 37.769485 ], [ -122.426309, 37.769603 ], [ -122.426285, 37.769684 ], [ -122.424958, 37.770726 ] ] ] } },
{ "type": "Feature", "properties": { "BlockGroup": 60750202002 }, "geometry": { "type": "Polygon", "coordinates": [ [ [ -122.426538, 37.766268 ], [ -122.426461, 37.766361 ], [ -122.426524, 37.767013 ], [ -122.426616, 37.76707 ], [ -122.426535, 37.767128 ], [ -122.426596, 37.767758 ], [ -122.426693, 37.767869 ], [ -122.426618, 37.76799 ], [ -122.426713, 37.768982 ], [ -122.425679, 37.769046 ], [ -122.424664, 37.769109 ], [ -122.424571, 37.769134 ], [ -122.424475, 37.769148 ], [ -122.422308, 37.769278 ], [ -122.422258, 37.768754 ], [ -122.422199, 37.76814 ], [ -122.42214, 37.767531 ], [ -122.422122, 37.767344 ], [ -122.422044, 37.76654 ], [ -122.423281, 37.766465 ], [ -122.424258, 37.766406 ], [ -122.4252, 37.766349 ], [ -122.426538, 37.766268 ] ] ] } },
{ "type": "Feature", "properties": { "BlockGroup": 60750202003 }, "geometry": { "type": "Polygon", "coordinates": [ [ [ -122.424807, 37.763117 ], [ -122.426228, 37.763031 ], [ -122.426153, 37.76315 ], [ -122.426226, 37.763916 ], [ -122.426317, 37.76397 ], [ -122.42624, 37.76406 ], [ -122.426282, 37.764506 ], [ -122.426382, 37.764646 ], [ -122.426309, 37.764792 ], [ -122.426398, 37.765711 ], [ -122.426491, 37.765774 ], [ -122.42641, 37.765835 ], [ -122.426444, 37.766185 ], [ -122.426538, 37.766268 ], [ -122.4252, 37.766349 ], [ -122.424258, 37.766406 ], [ -122.423281, 37.766465 ], [ -122.422044, 37.76654 ], [ -122.421964, 37.765721 ], [ -122.421886, 37.764917 ], [ -122.421732, 37.7633 ], [ -122.422699, 37.763243 ], [ -122.423075, 37.763221 ], [ -122.423959, 37.763168 ], [ -122.424807, 37.763117 ] ] ] } },
{ "type": "Feature", "properties": { "BlockGroup": 60750203001 }, "geometry": { "type": "Polygon", "coordinates": [ [ [ -122.428665, 37.764508 ], [ -122.428819, 37.76613 ], [ -122.428949, 37.767504 ], [ -122.428969, 37.767729 ], [ -122.428657, 37.767735 ], [ -122.428635, 37.767846 ], [ -122.427462, 37.76877 ], [ -122.426948, 37.769175 ], [ -122.426858, 37.769042 ], [ -122.426713, 37.768982 ], [ -122.426618, 37.76799 ], [ -122.426693, 37.767869 ], [ -122.426596, 37.767758 ], [ -122.426535, 37.767128 ], [ -122.426616, 37.76707 ], [ -122.426524, 37.767013 ], [ -122.426461, 37.766361 ], [ -122.426538, 37.766268 ], [ -122.426444, 37.766185 ], [ -122.42641, 37.765835 ], [ -122.426491, 37.765774 ], [ -122.426398, 37.765711 ], [ -122.426309, 37.764792 ], [ -122.426382, 37.764646 ], [ -122.42756, 37.764574 ], [ -122.428665, 37.764508 ] ] ] } },
{ "type": "Feature", "properties": { "BlockGroup": 60750203002 }, "geometry": { "type": "Polygon", "coordinates": [ [ [ -122.426226, 37.763916 ], [ -122.426153, 37.76315 ], [ -122.426228, 37.763031 ], [ -122.427167, 37.762973 ], [ -122.428509, 37.76289 ], [ -122.430727, 37.762753 ], [ -122.431545, 37.762703 ], [ -122.432124, 37.762668 ], [ -122.43228, 37.764289 ], [ -122.4317, 37.764324 ], [ -122.430882, 37.764374 ], [ -122.430118, 37.76442 ], [ -122.429771, 37.764441 ], [ -122.429428, 37.764461 ], [ -122.428665, 37.764508 ], [ -122.42756, 37.764574 ], [ -122.426382, 37.764646 ], [ -122.426282, 37.764506 ], [ -122.42624, 37.76406 ], [ -122.426317, 37.76397 ], [ -122.426226, 37.763916 ] ] ] } },
{ "type": "Feature", "properties": { "BlockGroup": 60750203003 }, "geometry": { "type": "Polygon", "coordinates": [ [ [ -122.43494, 37.762502 ], [ -122.435188, 37.762671 ], [ -122.435152, 37.762743 ], [ -122.43456, 37.763138 ], [ -122.433411, 37.764069 ], [ -122.433074, 37.764196 ], [ -122.432923, 37.764468 ], [ -122.431231, 37.765788 ], [ -122.431025, 37.765868 ], [ -122.430912, 37.765876 ], [ -122.43084, 37.765928 ], [ -122.430824, 37.766014 ], [ -122.430749, 37.766177 ], [ -122.429182, 37.767413 ], [ -122.428949, 37.767504 ], [ -122.428819, 37.76613 ], [ -122.428665, 37.764508 ], [ -122.429428, 37.764461 ], [ -122.429771, 37.764441 ], [ -122.430118, 37.76442 ], [ -122.430882, 37.764374 ], [ -122.4317, 37.764324 ], [ -122.43228, 37.764289 ], [ -122.432124, 37.762668 ], [ -122.432949, 37.762618 ], [ -122.434062, 37.762551 ], [ -122.43494, 37.762502 ] ] ] } },
{ "type": "Feature", "properties": { "BlockGroup": 60750204011 }, "geometry": { "type": "Polygon", "coordinates": [ [ [ -122.444563, 37.75833 ], [ -122.444911, 37.758329 ], [ -122.445863, 37.758738 ], [ -122.446021, 37.758722 ], [ -122.446267, 37.758754 ], [ -122.446395, 37.758856 ], [ -122.446454, 37.759047 ], [ -122.446413, 37.759855 ], [ -122.446399, 37.760013 ], [ -122.446343, 37.760411 ], [ -122.446394, 37.760907 ], [ -122.446434, 37.761007 ], [ -122.44641, 37.761094 ], [ -122.44653, 37.761396 ], [ -122.446783, 37.761781 ], [ -122.446384, 37.761816 ], [ -122.445309, 37.76188 ], [ -122.444196, 37.761947 ], [ -122.444544, 37.761575 ], [ -122.444611, 37.761246 ], [ -122.44435, 37.760514 ], [ -122.444293, 37.760668 ], [ -122.444284, 37.760764 ], [ -122.444289, 37.760989 ], [ -122.444264, 37.7611 ], [ -122.444104, 37.761248 ], [ -122.444008, 37.761282 ], [ -122.443739, 37.760858 ], [ -122.443517, 37.760509 ], [ -122.443374, 37.760376 ], [ -122.443408, 37.760276 ], [ -122.443119, 37.759831 ], [ -122.443004, 37.759632 ], [ -122.442991, 37.759567 ], [ -122.442307, 37.759614 ], [ -122.442175, 37.758939 ], [ -122.442164, 37.758754 ], [ -122.442209, 37.758514 ], [ -122.442223, 37.758323 ], [ -122.442238, 37.758104 ], [ -122.442258, 37.757734 ], [ -122.442281, 37.75763 ], [ -122.442371, 37.757584 ], [ -122.442287, 37.756854 ], [ -122.442244, 37.756755 ], [ -122.44222, 37.756639 ], [ -122.442339, 37.756693 ], [ -122.442525, 37.756833 ], [ -122.442618, 37.75694 ], [ -122.442915, 37.75736 ], [ -122.443003, 37.757493 ], [ -122.443158, 37.757667 ], [ -122.443202, 37.75771 ], [ -122.443217, 37.757799 ], [ -122.44332, 37.757814 ], [ -122.443446, 37.757921 ], [ -122.443767, 37.758121 ], [ -122.443782, 37.758193 ], [ -122.443994, 37.758148 ], [ -122.444247, 37.758264 ], [ -122.444563, 37.75833 ] ] ] } },
{ "type": "Feature", "properties": { "BlockGroup": 60750204012 }, "geometry": { "type": "Polygon", "coordinates": [ [ [ -122.443933, 37.756707 ], [ -122.444696, 37.757224 ], [ -122.444812, 37.757253 ], [ -122.444964, 37.757273 ], [ -122.444979, 37.757204 ], [ -122.445106, 37.756961 ], [ -122.44482, 37.756808 ], [ -122.444407, 37.756568 ], [ -122.444355, 37.756503 ], [ -122.444357, 37.756456 ], [ -122.444375, 37.756422 ], [ -122.444385, 37.756402 ], [ -122.444485, 37.756354 ], [ -122.444501, 37.756374 ], [ -122.444545, 37.75643 ], [ -122.444763, 37.756558 ], [ -122.445026, 37.756612 ], [ -122.445283, 37.756573 ], [ -122.445646, 37.756449 ], [ -122.445849, 37.756425 ], [ -122.445946, 37.756413 ], [ -122.44695, 37.75655 ], [ -122.447033, 37.756756 ], [ -122.447119, 37.756875 ], [ -122.447165, 37.756916 ], [ -122.447307, 37.757042 ], [ -122.447547, 37.75719 ], [ -122.447707, 37.757345 ], [ -122.447819, 37.75749 ], [ -122.447915, 37.757589 ], [ -122.447768, 37.757662 ], [ -122.447488, 37.757799 ], [ -122.447303, 37.757891 ], [ -122.447036, 37.758174 ], [ -122.446772, 37.758454 ], [ -122.446395, 37.758856 ], [ -122.446267, 37.758754 ], [ -122.446021, 37.758722 ], [ -122.445863, 37.758738 ], [ -122.444911, 37.758329 ], [ -122.444563, 37.75833 ], [ -122.444247, 37.758264 ], [ -122.443994, 37.758148 ], [ -122.443782, 37.758193 ], [ -122.443767, 37.758121 ], [ -122.443446, 37.757921 ], [ -122.44332, 37.757814 ], [ -122.443217, 37.757799 ], [ -122.443202, 37.75771 ], [ -122.443158, 37.757667 ], [ -122.443003, 37.757493 ], [ -122.442915, 37.75736 ], [ -122.442618, 37.75694 ], [ -122.442525, 37.756833 ], [ -122.442339, 37.756693 ], [ -122.44222, 37.756639 ], [ -122.442273, 37.756575 ], [ -122.442379, 37.756512 ], [ -122.442981, 37.75616 ], [ -122.443334, 37.756424 ], [ -122.443276, 37.756234 ], [ -122.443383, 37.756337 ], [ -122.443933, 37.756707 ] ] ] } },
{ "type": "Feature", "properties": { "BlockGroup": 60750204013 }, "geometry": { "type": "Polygon", "coordinates": [ [ [ -122.442175, 37.758939 ], [ -122.442307, 37.759614 ], [ -122.442991, 37.759567 ], [ -122.443004, 37.759632 ], [ -122.443119, 37.759831 ], [ -122.443408, 37.760276 ], [ -122.443374, 37.760376 ], [ -122.443517, 37.760509 ], [ -122.443739, 37.760858 ], [ -122.444008, 37.761282 ], [ -122.444104, 37.761248 ], [ -122.444264, 37.7611 ], [ -122.444289, 37.760989 ], [ -122.444284, 37.760764 ], [ -122.444293, 37.760668 ], [ -122.44435, 37.760514 ], [ -122.444611, 37.761246 ], [ -122.444544, 37.761575 ], [ -122.444196, 37.761947 ], [ -122.443359, 37.761997 ], [ -122.442908, 37.762023 ], [ -122.440168, 37.762187 ], [ -122.439491, 37.762227 ], [ -122.439414, 37.761425 ], [ -122.439337, 37.760627 ], [ -122.439256, 37.759808 ], [ -122.439167, 37.759028 ], [ -122.440096, 37.758979 ], [ -122.440381, 37.759032 ], [ -122.440591, 37.759042 ], [ -122.440798, 37.759025 ], [ -122.441034, 37.75901 ], [ -122.442175, 37.758939 ] ] ] } },
{ "type": "Feature", "properties": { "BlockGroup": 60750204021 }, "geometry": { "type": "Polygon", "coordinates": [ [ [ -122.447786, 37.746438 ], [ -122.447916, 37.74648 ], [ -122.448562, 37.746316 ], [ -122.448893, 37.746232 ], [ -122.449721, 37.746056 ], [ -122.450705, 37.745929 ], [ -122.450853, 37.745826 ], [ -122.45087, 37.746078 ], [ -122.450727, 37.746187 ], [ -122.450521, 37.746207 ], [ -122.450169, 37.746269 ], [ -122.449797, 37.746442 ], [ -122.449447, 37.74666 ], [ -122.44931, 37.746716 ], [ -122.449146, 37.74686 ], [ -122.449048, 37.747075 ], [ -122.448738, 37.747816 ], [ -122.448649, 37.747988 ], [ -122.448272, 37.748586 ], [ -122.447794, 37.749408 ], [ -122.447696, 37.749485 ], [ -122.447558, 37.749513 ], [ -122.447348, 37.749454 ], [ -122.447149, 37.749339 ], [ -122.446513, 37.748873 ], [ -122.446321, 37.748782 ], [ -122.446146, 37.748733 ], [ -122.4459, 37.748761 ], [ -122.445697, 37.748855 ], [ -122.445635, 37.748983 ], [ -122.445658, 37.749137 ], [ -122.445803, 37.749296 ], [ -122.446924, 37.749962 ], [ -122.447061, 37.749999 ], [ -122.447716, 37.750197 ], [ -122.447958, 37.75027 ], [ -122.448133, 37.75025 ], [ -122.448264, 37.750168 ], [ -122.448885, 37.749339 ], [ -122.449051, 37.749183 ], [ -122.449245, 37.749106 ], [ -122.4494, 37.749106 ], [ -122.449543, 37.749182 ], [ -122.44964, 37.749314 ], [ -122.449717, 37.74954 ], [ -122.449682, 37.749823 ], [ -122.449498, 37.750256 ], [ -122.449423, 37.750412 ], [ -122.449305, 37.750547 ], [ -122.449185, 37.750637 ], [ -122.448838, 37.750828 ], [ -122.44873, 37.750902 ], [ -122.447928, 37.750798 ], [ -122.447769, 37.750831 ], [ -122.447633, 37.750908 ], [ -122.44709, 37.751505 ], [ -122.447034, 37.751659 ], [ -122.447029, 37.751775 ], [ -122.447095, 37.751931 ], [ -122.447398, 37.752262 ], [ -122.447536, 37.752482 ], [ -122.447357, 37.752721 ], [ -122.447225, 37.752848 ], [ -122.446777, 37.753249 ], [ -122.446716, 37.753388 ], [ -122.446734, 37.753573 ], [ -122.446869, 37.753762 ], [ -122.44721, 37.754043 ], [ -122.447376, 37.754218 ], [ -122.447435, 37.754329 ], [ -122.447699, 37.75483 ], [ -122.447943, 37.755532 ], [ -122.447962, 37.755673 ], [ -122.447852, 37.755821 ], [ -122.447683, 37.755868 ], [ -122.44753, 37.755821 ], [ -122.447004, 37.755438 ], [ -122.446809, 37.755349 ], [ -122.44656, 37.755346 ], [ -122.446152, 37.755464 ], [ -122.445782, 37.755507 ], [ -122.445348, 37.755619 ], [ -122.445222, 37.755737 ], [ -122.445268, 37.755921 ], [ -122.445464, 37.755984 ], [ -122.445929, 37.75583 ], [ -122.446126, 37.755804 ], [ -122.446339, 37.755911 ], [ -122.446777, 37.756299 ], [ -122.44695, 37.75655 ], [ -122.445946, 37.756413 ], [ -122.445849, 37.756425 ], [ -122.445646, 37.756449 ], [ -122.445283, 37.756573 ], [ -122.445026, 37.756612 ], [ -122.444763, 37.756558 ], [ -122.444545, 37.75643 ], [ -122.444501, 37.756374 ], [ -122.444485, 37.756354 ], [ -122.444342, 37.756173 ], [ -122.444284, 37.756027 ], [ -122.444239, 37.755911 ], [ -122.444219, 37.755584 ], [ -122.444209, 37.755163 ], [ -122.444186, 37.755015 ], [ -122.444002, 37.754609 ], [ -122.443966, 37.754457 ], [ -122.444002, 37.754267 ], [ -122.444064, 37.754171 ], [ -122.444091, 37.754129 ], [ -122.444261, 37.753913 ], [ -122.4443, 37.753624 ], [ -122.444374, 37.753379 ], [ -122.44461, 37.753201 ], [ -122.44464, 37.753136 ], [ -122.443762, 37.752747 ], [ -122.443773, 37.752647 ], [ -122.443719, 37.752489 ], [ -122.44361, 37.752312 ], [ -122.443499, 37.752131 ], [ -122.443462, 37.751997 ], [ -122.44349, 37.75189 ], [ -122.443548, 37.751799 ], [ -122.443599, 37.751718 ], [ -122.443693, 37.751566 ], [ -122.443898, 37.751152 ], [ -122.444017, 37.750839 ], [ -122.444071, 37.750659 ], [ -122.443969, 37.750459 ], [ -122.443672, 37.750124 ], [ -122.443589, 37.750158 ], [ -122.443426, 37.750137 ], [ -122.443347, 37.750083 ], [ -122.443441, 37.750015 ], [ -122.443553, 37.749443 ], [ -122.443704, 37.749177 ], [ -122.444093, 37.748685 ], [ -122.444267, 37.74838 ], [ -122.444221, 37.748031 ], [ -122.444158, 37.747791 ], [ -122.444172, 37.747556 ], [ -122.444292, 37.747309 ], [ -122.444426, 37.747174 ], [ -122.44462, 37.747081 ], [ -122.44474, 37.747045 ], [ -122.44482, 37.74697 ], [ -122.444786, 37.746934 ], [ -122.444556, 37.746687 ], [ -122.444603, 37.746683 ], [ -122.444783, 37.746771 ], [ -122.444847, 37.746945 ], [ -122.44505, 37.747015 ], [ -122.445414, 37.74696 ], [ -122.446186, 37.746843 ], [ -122.446648, 37.74676 ], [ -122.446841, 37.746722 ], [ -122.447399, 37.746596 ], [ -122.447659, 37.746537 ], [ -122.447786, 37.746438 ] ] ] } },
{ "type": "Feature", "properties": { "BlockGroup": 60750204022 }, "geometry": { "type": "Polygon", "coordinates": [ [ [ -122.443969, 37.750459 ], [ -122.444071, 37.750659 ], [ -122.444017, 37.750839 ], [ -122.443898, 37.751152 ], [ -122.443693, 37.751566 ], [ -122.443599, 37.751718 ], [ -122.443548, 37.751799 ], [ -122.44349, 37.75189 ], [ -122.443462, 37.751997 ], [ -122.443499, 37.752131 ], [ -122.44361, 37.752312 ], [ -122.443719, 37.752489 ], [ -122.443773, 37.752647 ], [ -122.443762, 37.752747 ], [ -122.44464, 37.753136 ], [ -122.44461, 37.753201 ], [ -122.444374, 37.753379 ], [ -122.4443, 37.753624 ], [ -122.444261, 37.753913 ], [ -122.444091, 37.754129 ], [ -122.444064, 37.754171 ], [ -122.444002, 37.754267 ], [ -122.443966, 37.754457 ], [ -122.444002, 37.754609 ], [ -122.444186, 37.755015 ], [ -122.444209, 37.755163 ], [ -122.444219, 37.755584 ], [ -122.444239, 37.755911 ], [ -122.444284, 37.756027 ], [ -122.444342, 37.756173 ], [ -122.444485, 37.756354 ], [ -122.444385, 37.756402 ], [ -122.444375, 37.756422 ], [ -122.444357, 37.756456 ], [ -122.444355, 37.756503 ], [ -122.444407, 37.756568 ], [ -122.44482, 37.756808 ], [ -122.445106, 37.756961 ], [ -122.444979, 37.757204 ], [ -122.444964, 37.757273 ], [ -122.444812, 37.757253 ], [ -122.444696, 37.757224 ], [ -122.443933, 37.756707 ], [ -122.443383, 37.756337 ], [ -122.443276, 37.756234 ], [ -122.443334, 37.756424 ], [ -122.442981, 37.75616 ], [ -122.442379, 37.756512 ], [ -122.442273, 37.756575 ], [ -122.44222, 37.756639 ], [ -122.442244, 37.756755 ], [ -122.442287, 37.756854 ], [ -122.442371, 37.757584 ], [ -122.442281, 37.75763 ], [ -122.442258, 37.757734 ], [ -122.442238, 37.758104 ], [ -122.442223, 37.758323 ], [ -122.442209, 37.758514 ], [ -122.442164, 37.758754 ], [ -122.442175, 37.758939 ], [ -122.441034, 37.75901 ], [ -122.440798, 37.759025 ], [ -122.440591, 37.759042 ], [ -122.440381, 37.759032 ], [ -122.440096, 37.758979 ], [ -122.439167, 37.759028 ], [ -122.439114, 37.758463 ], [ -122.439074, 37.757855 ], [ -122.439033, 37.757415 ], [ -122.439003, 37.75709 ], [ -122.438977, 37.757022 ], [ -122.438839, 37.755525 ], [ -122.438864, 37.755434 ], [ -122.438974, 37.755389 ], [ -122.439647, 37.75532 ], [ -122.440033, 37.755229 ], [ -122.440345, 37.755228 ], [ -122.44045, 37.755065 ], [ -122.440768, 37.754609 ], [ -122.440897, 37.754493 ], [ -122.441076, 37.754178 ], [ -122.441163, 37.75409 ], [ -122.441307, 37.75388 ], [ -122.441807, 37.753471 ], [ -122.441886, 37.753365 ], [ -122.442057, 37.753071 ], [ -122.442239, 37.75283 ], [ -122.442493, 37.752607 ], [ -122.442525, 37.75238 ], [ -122.442704, 37.752377 ], [ -122.442847, 37.752375 ], [ -122.442991, 37.751808 ], [ -122.443062, 37.751528 ], [ -122.443213, 37.750935 ], [ -122.443255, 37.750769 ], [ -122.443402, 37.750187 ], [ -122.443347, 37.750083 ], [ -122.443426, 37.750137 ], [ -122.443589, 37.750158 ], [ -122.443672, 37.750124 ], [ -122.443969, 37.750459 ] ] ] } },
{ "type": "Feature", "properties": { "BlockGroup": 60750205001 }, "geometry": { "type": "Polygon", "coordinates": [ [ [ -122.439491, 37.762227 ], [ -122.438418, 37.762291 ], [ -122.437342, 37.762355 ], [ -122.436437, 37.762409 ], [ -122.436369, 37.76243 ], [ -122.435973, 37.762449 ], [ -122.435804, 37.762499 ], [ -122.435322, 37.762691 ], [ -122.435188, 37.762671 ], [ -122.435141, 37.762414 ], [ -122.435001, 37.760889 ], [ -122.436114, 37.760824 ], [ -122.437191, 37.760758 ], [ -122.438265, 37.760692 ], [ -122.439337, 37.760627 ], [ -122.439414, 37.761425 ], [ -122.439491, 37.762227 ] ] ] } },
{ "type": "Feature", "properties": { "BlockGroup": 60750205002 }, "geometry": { "type": "Polygon", "coordinates": [ [ [ -122.437039, 37.759157 ], [ -122.438112, 37.759093 ], [ -122.439167, 37.759028 ], [ -122.439256, 37.759808 ], [ -122.439337, 37.760627 ], [ -122.438265, 37.760692 ], [ -122.437191, 37.760758 ], [ -122.436114, 37.760824 ], [ -122.435001, 37.760889 ], [ -122.434854, 37.759289 ], [ -122.434698, 37.757687 ], [ -122.435808, 37.757623 ], [ -122.436886, 37.757557 ], [ -122.437039, 37.759157 ] ] ] } },
{ "type": "Feature", "properties": { "BlockGroup": 60750205003 }, "geometry": { "type": "Polygon", "coordinates": [ [ [ -122.438864, 37.755434 ], [ -122.438839, 37.755525 ], [ -122.438977, 37.757022 ], [ -122.439003, 37.75709 ], [ -122.439033, 37.757415 ], [ -122.439074, 37.757855 ], [ -122.439114, 37.758463 ], [ -122.439167, 37.759028 ], [ -122.438112, 37.759093 ], [ -122.437039, 37.759157 ], [ -122.436886, 37.757557 ], [ -122.435808, 37.757623 ], [ -122.434698, 37.757687 ], [ -122.434622, 37.756887 ], [ -122.434546, 37.756093 ], [ -122.434671, 37.756109 ], [ -122.435642, 37.756041 ], [ -122.436744, 37.755966 ], [ -122.437803, 37.755893 ], [ -122.437769, 37.755541 ], [ -122.438864, 37.755434 ] ] ] } },
{ "type": "Feature", "properties": { "BlockGroup": 60750206001 }, "geometry": { "type": "Polygon", "coordinates": [ [ [ -122.430344, 37.758756 ], [ -122.43042, 37.759557 ], [ -122.430497, 37.760357 ], [ -122.430574, 37.761155 ], [ -122.43065, 37.761954 ], [ -122.430662, 37.762081 ], [ -122.430727, 37.762753 ], [ -122.428509, 37.76289 ], [ -122.427167, 37.762973 ], [ -122.426228, 37.763031 ], [ -122.426131, 37.762912 ], [ -122.426104, 37.762631 ], [ -122.426065, 37.762222 ], [ -122.426146, 37.76216 ], [ -122.426054, 37.762102 ], [ -122.426002, 37.761549 ], [ -122.426077, 37.761427 ], [ -122.425979, 37.761315 ], [ -122.425846, 37.759949 ], [ -122.42592, 37.75983 ], [ -122.425822, 37.75971 ], [ -122.425769, 37.759154 ], [ -122.425843, 37.759029 ], [ -122.425746, 37.758912 ], [ -122.425692, 37.758349 ], [ -122.425767, 37.758227 ], [ -122.42805, 37.758089 ], [ -122.430269, 37.757955 ], [ -122.430344, 37.758756 ] ] ] } },
{ "type": "Feature", "properties": { "BlockGroup": 60750206002 }, "geometry": { "type": "Polygon", "coordinates": [ [ [ -122.425605, 37.757347 ], [ -122.42555, 37.75672 ], [ -122.425612, 37.756631 ], [ -122.426787, 37.756561 ], [ -122.427892, 37.756494 ], [ -122.430115, 37.75636 ], [ -122.43177, 37.75626 ], [ -122.432331, 37.756227 ], [ -122.432407, 37.75702 ], [ -122.432432, 37.757279 ], [ -122.43238, 37.757407 ], [ -122.43239, 37.757533 ], [ -122.432357, 37.757613 ], [ -122.432286, 37.757677 ], [ -122.431979, 37.757851 ], [ -122.430269, 37.757955 ], [ -122.42805, 37.758089 ], [ -122.425767, 37.758227 ], [ -122.425683, 37.758145 ], [ -122.425627, 37.757518 ], [ -122.425689, 37.75743 ], [ -122.425605, 37.757347 ] ] ] } },
{ "type": "Feature", "properties": { "BlockGroup": 60750206003 }, "geometry": { "type": "Polygon", "coordinates": [ [ [ -122.434546, 37.756093 ], [ -122.434622, 37.756887 ], [ -122.434698, 37.757687 ], [ -122.434854, 37.759289 ], [ -122.433745, 37.759356 ], [ -122.432638, 37.759423 ], [ -122.43042, 37.759557 ], [ -122.430344, 37.758756 ], [ -122.430269, 37.757955 ], [ -122.431979, 37.757851 ], [ -122.432286, 37.757677 ], [ -122.432357, 37.757613 ], [ -122.43239, 37.757533 ], [ -122.43238, 37.757407 ], [ -122.432432, 37.757279 ], [ -122.432407, 37.75702 ], [ -122.432331, 37.756227 ], [ -122.434546, 37.756093 ] ] ] } },
{ "type": "Feature", "properties": { "BlockGroup": 60750206004 }, "geometry": { "type": "Polygon", "coordinates": [ [ [ -122.433745, 37.759356 ], [ -122.434854, 37.759289 ], [ -122.435001, 37.760889 ], [ -122.435141, 37.762414 ], [ -122.435188, 37.762671 ], [ -122.43494, 37.762502 ], [ -122.434062, 37.762551 ], [ -122.432949, 37.762618 ], [ -122.432124, 37.762668 ], [ -122.431545, 37.762703 ], [ -122.430727, 37.762753 ], [ -122.430662, 37.762081 ], [ -122.43065, 37.761954 ], [ -122.430574, 37.761155 ], [ -122.430497, 37.760357 ], [ -122.43042, 37.759557 ], [ -122.432638, 37.759423 ], [ -122.433745, 37.759356 ] ] ] } },
{ "type": "Feature", "properties": { "BlockGroup": 60750207001 }, "geometry": { "type": "Polygon", "coordinates": [ [ [ -122.425979, 37.761315 ], [ -122.426077, 37.761427 ], [ -122.426002, 37.761549 ], [ -122.426054, 37.762102 ], [ -122.426146, 37.76216 ], [ -122.426065, 37.762222 ], [ -122.426104, 37.762631 ], [ -122.426131, 37.762912 ], [ -122.426228, 37.763031 ], [ -122.424807, 37.763117 ], [ -122.423959, 37.763168 ], [ -122.423075, 37.763221 ], [ -122.422699, 37.763243 ], [ -122.421732, 37.7633 ], [ -122.421695, 37.762917 ], [ -122.421662, 37.762579 ], [ -122.421578, 37.761701 ], [ -122.421425, 37.760101 ], [ -122.422258, 37.760051 ], [ -122.422879, 37.760013 ], [ -122.423641, 37.759967 ], [ -122.424863, 37.759894 ], [ -122.42592, 37.75983 ], [ -122.425846, 37.759949 ], [ -122.425979, 37.761315 ] ] ] } },
{ "type": "Feature", "properties": { "BlockGroup": 60750207002 }, "geometry": { "type": "Polygon", "coordinates": [ [ [ -122.424977, 37.75667 ], [ -122.425612, 37.756631 ], [ -122.42555, 37.75672 ], [ -122.425605, 37.757347 ], [ -122.425689, 37.75743 ], [ -122.425627, 37.757518 ], [ -122.425683, 37.758145 ], [ -122.425767, 37.758227 ], [ -122.425692, 37.758349 ], [ -122.425746, 37.758912 ], [ -122.425843, 37.759029 ], [ -122.425769, 37.759154 ], [ -122.425822, 37.75971 ], [ -122.42592, 37.75983 ], [ -122.424863, 37.759894 ], [ -122.423641, 37.759967 ], [ -122.422879, 37.760013 ], [ -122.422258, 37.760051 ], [ -122.421425, 37.760101 ], [ -122.421355, 37.759372 ], [ -122.421272, 37.758499 ], [ -122.421194, 37.757701 ], [ -122.421118, 37.756902 ], [ -122.423331, 37.756769 ], [ -122.423913, 37.756734 ], [ -122.424443, 37.756702 ], [ -122.424977, 37.75667 ] ] ] } },
{ "type": "Feature", "properties": { "BlockGroup": 60750207003 }, "geometry": { "type": "Polygon", "coordinates": [ [ [ -122.423181, 37.75517 ], [ -122.423757, 37.755137 ], [ -122.42429, 37.755106 ], [ -122.424823, 37.755075 ], [ -122.425457, 37.755029 ], [ -122.425386, 37.755122 ], [ -122.425528, 37.756549 ], [ -122.425612, 37.756631 ], [ -122.424977, 37.75667 ], [ -122.424443, 37.756702 ], [ -122.423913, 37.756734 ], [ -122.423331, 37.756769 ], [ -122.421118, 37.756902 ], [ -122.421041, 37.756102 ], [ -122.420964, 37.755295 ], [ -122.421435, 37.755268 ], [ -122.423181, 37.75517 ] ] ] } },
{ "type": "Feature", "properties": { "BlockGroup": 60750208001 }, "geometry": { "type": "Polygon", "coordinates": [ [ [ -122.421662, 37.762579 ], [ -122.421695, 37.762917 ], [ -122.421732, 37.7633 ], [ -122.421084, 37.763338 ], [ -122.420433, 37.763376 ], [ -122.419513, 37.763429 ], [ -122.418484, 37.763496 ], [ -122.417332, 37.763572 ], [ -122.417179, 37.761968 ], [ -122.418271, 37.761902 ], [ -122.419359, 37.761836 ], [ -122.420128, 37.761789 ], [ -122.420813, 37.761747 ], [ -122.421578, 37.761701 ], [ -122.421662, 37.762579 ] ] ] } },
{ "type": "Feature", "properties": { "BlockGroup": 60750208002 }, "geometry": { "type": "Polygon", "coordinates": [ [ [ -122.417965, 37.758698 ], [ -122.418118, 37.760301 ], [ -122.419206, 37.760235 ], [ -122.419975, 37.760189 ], [ -122.42066, 37.760148 ], [ -122.421425, 37.760101 ], [ -122.421578, 37.761701 ], [ -122.420813, 37.761747 ], [ -122.420128, 37.761789 ], [ -122.419359, 37.761836 ], [ -122.418271, 37.761902 ], [ -122.417179, 37.761968 ], [ -122.417026, 37.760367 ], [ -122.416872, 37.758764 ], [ -122.417965, 37.758698 ] ] ] } },
{ "type": "Feature", "properties": { "BlockGroup": 60750208003 }, "geometry": { "type": "Polygon", "coordinates": [ [ [ -122.421194, 37.757701 ], [ -122.421272, 37.758499 ], [ -122.421355, 37.759372 ], [ -122.421425, 37.760101 ], [ -122.42066, 37.760148 ], [ -122.419975, 37.760189 ], [ -122.419206, 37.760235 ], [ -122.418118, 37.760301 ], [ -122.417965, 37.758698 ], [ -122.419053, 37.758633 ], [ -122.419841, 37.758585 ], [ -122.419689, 37.756988 ], [ -122.420011, 37.756969 ], [ -122.420338, 37.756949 ], [ -122.421118, 37.756902 ], [ -122.421194, 37.757701 ] ] ] } },
{ "type": "Feature", "properties": { "BlockGroup": 60750208004 }, "geometry": { "type": "Polygon", "coordinates": [ [ [ -122.421041, 37.756102 ], [ -122.421118, 37.756902 ], [ -122.420338, 37.756949 ], [ -122.420011, 37.756969 ], [ -122.419689, 37.756988 ], [ -122.419841, 37.758585 ], [ -122.419053, 37.758633 ], [ -122.417965, 37.758698 ], [ -122.416872, 37.758764 ], [ -122.41672, 37.757167 ], [ -122.416567, 37.755568 ], [ -122.417659, 37.755502 ], [ -122.418748, 37.755437 ], [ -122.419858, 37.755366 ], [ -122.420964, 37.755295 ], [ -122.421041, 37.756102 ] ] ] } },
{ "type": "Feature", "properties": { "BlockGroup": 60750209001 }, "geometry": { "type": "Polygon", "coordinates": [ [ [ -122.416108, 37.750771 ], [ -122.416672, 37.750737 ], [ -122.417201, 37.750705 ], [ -122.417726, 37.750674 ], [ -122.418288, 37.75064 ], [ -122.418445, 37.752239 ], [ -122.418594, 37.753837 ], [ -122.418748, 37.755437 ], [ -122.417659, 37.755502 ], [ -122.416567, 37.755568 ], [ -122.416413, 37.753968 ], [ -122.416266, 37.752373 ], [ -122.416108, 37.750771 ] ] ] } },
{ "type": "Feature", "properties": { "BlockGroup": 60750209002 }, "geometry": { "type": "Polygon", "coordinates": [ [ [ -122.418094, 37.748605 ], [ -122.418135, 37.749041 ], [ -122.418288, 37.75064 ], [ -122.417726, 37.750674 ], [ -122.417201, 37.750705 ], [ -122.416672, 37.750737 ], [ -122.416108, 37.750771 ], [ -122.415955, 37.749172 ], [ -122.415863, 37.748212 ], [ -122.416009, 37.748251 ], [ -122.418047, 37.748211 ], [ -122.418221, 37.748166 ], [ -122.418097, 37.748478 ], [ -122.418094, 37.748605 ] ] ] } },
{ "type": "Feature", "properties": { "BlockGroup": 60750209003 }, "geometry": { "type": "Polygon", "coordinates": [ [ [ -122.420279, 37.748125 ], [ -122.420354, 37.748907 ], [ -122.420507, 37.750506 ], [ -122.419934, 37.75054 ], [ -122.4194, 37.750573 ], [ -122.418861, 37.750605 ], [ -122.418288, 37.75064 ], [ -122.418135, 37.749041 ], [ -122.418094, 37.748605 ], [ -122.418097, 37.748478 ], [ -122.418221, 37.748166 ], [ -122.418357, 37.748198 ], [ -122.419171, 37.748179 ], [ -122.420139, 37.748157 ], [ -122.420279, 37.748125 ] ] ] } },
{ "type": "Feature", "properties": { "BlockGroup": 60750209004 }, "geometry": { "type": "Polygon", "coordinates": [ [ [ -122.418288, 37.75064 ], [ -122.418861, 37.750605 ], [ -122.4194, 37.750573 ], [ -122.419934, 37.75054 ], [ -122.420507, 37.750506 ], [ -122.420665, 37.752104 ], [ -122.420812, 37.753703 ], [ -122.420964, 37.755295 ], [ -122.419858, 37.755366 ], [ -122.418748, 37.755437 ], [ -122.418594, 37.753837 ], [ -122.418445, 37.752239 ], [ -122.418288, 37.75064 ] ] ] } },
{ "type": "Feature", "properties": { "BlockGroup": 60750210001 }, "geometry": { "type": "Polygon", "coordinates": [ [ [ -122.423028, 37.753569 ], [ -122.423601, 37.753535 ], [ -122.424136, 37.753503 ], [ -122.424667, 37.753471 ], [ -122.425303, 37.753432 ], [ -122.425236, 37.753519 ], [ -122.425378, 37.754945 ], [ -122.425457, 37.755029 ], [ -122.424823, 37.755075 ], [ -122.42429, 37.755106 ], [ -122.423757, 37.755137 ], [ -122.423181, 37.75517 ], [ -122.421435, 37.755268 ], [ -122.420964, 37.755295 ], [ -122.420812, 37.753703 ], [ -122.421518, 37.75366 ], [ -122.423028, 37.753569 ] ] ] } },
{ "type": "Feature", "properties": { "BlockGroup": 60750210002 }, "geometry": { "type": "Polygon", "coordinates": [ [ [ -122.422879, 37.751972 ], [ -122.423988, 37.751911 ], [ -122.42452, 37.75188 ], [ -122.425153, 37.751842 ], [ -122.425086, 37.751929 ], [ -122.425155, 37.752627 ], [ -122.425228, 37.753356 ], [ -122.425303, 37.753432 ], [ -122.424667, 37.753471 ], [ -122.424136, 37.753503 ], [ -122.423601, 37.753535 ], [ -122.423028, 37.753569 ], [ -122.421518, 37.75366 ], [ -122.420812, 37.753703 ], [ -122.420665, 37.752104 ], [ -122.421143, 37.752074 ], [ -122.421595, 37.752047 ], [ -122.422879, 37.751972 ] ] ] } },
{ "type": "Feature", "properties": { "BlockGroup": 60750210003 }, "geometry": { "type": "Polygon", "coordinates": [ [ [ -122.424773, 37.748752 ], [ -122.42483, 37.749331 ], [ -122.424923, 37.749435 ], [ -122.424851, 37.749548 ], [ -122.424869, 37.749725 ], [ -122.424908, 37.750125 ], [ -122.424999, 37.750233 ], [ -122.42493, 37.750349 ], [ -122.424987, 37.750926 ], [ -122.425076, 37.751033 ], [ -122.425009, 37.751149 ], [ -122.425066, 37.751724 ], [ -122.425153, 37.751842 ], [ -122.42452, 37.75188 ], [ -122.423988, 37.751911 ], [ -122.422879, 37.751972 ], [ -122.421595, 37.752047 ], [ -122.421143, 37.752074 ], [ -122.420665, 37.752104 ], [ -122.420507, 37.750506 ], [ -122.420985, 37.750477 ], [ -122.421438, 37.75045 ], [ -122.422726, 37.750372 ], [ -122.422664, 37.750239 ], [ -122.422626, 37.749847 ], [ -122.422535, 37.748909 ], [ -122.422571, 37.748773 ], [ -122.423677, 37.748711 ], [ -122.42467, 37.748655 ], [ -122.424845, 37.748633 ], [ -122.424773, 37.748752 ] ] ] } },
{ "type": "Feature", "properties": { "BlockGroup": 60750210004 }, "geometry": { "type": "Polygon", "coordinates": [ [ [ -122.424918, 37.748512 ], [ -122.424845, 37.748633 ], [ -122.42467, 37.748655 ], [ -122.423677, 37.748711 ], [ -122.422571, 37.748773 ], [ -122.422535, 37.748909 ], [ -122.422626, 37.749847 ], [ -122.422664, 37.750239 ], [ -122.422726, 37.750372 ], [ -122.421438, 37.75045 ], [ -122.420985, 37.750477 ], [ -122.420507, 37.750506 ], [ -122.420354, 37.748907 ], [ -122.420279, 37.748125 ], [ -122.42047, 37.748161 ], [ -122.421299, 37.748143 ], [ -122.421393, 37.748124 ], [ -122.4223, 37.74807 ], [ -122.422487, 37.748013 ], [ -122.422878, 37.747948 ], [ -122.424584, 37.747847 ], [ -122.424768, 37.74783 ], [ -122.424863, 37.747939 ], [ -122.424918, 37.748512 ] ] ] } },
{ "type": "Feature", "properties": { "BlockGroup": 60750211001 }, "geometry": { "type": "Polygon", "coordinates": [ [ [ -122.429884, 37.753957 ], [ -122.429962, 37.754761 ], [ -122.430038, 37.755556 ], [ -122.430115, 37.75636 ], [ -122.427892, 37.756494 ], [ -122.426787, 37.756561 ], [ -122.425612, 37.756631 ], [ -122.425528, 37.756549 ], [ -122.425386, 37.755122 ], [ -122.425457, 37.755029 ], [ -122.425378, 37.754945 ], [ -122.425236, 37.753519 ], [ -122.425303, 37.753432 ], [ -122.425537, 37.753417 ], [ -122.425945, 37.753392 ], [ -122.426478, 37.75336 ], [ -122.427023, 37.753326 ], [ -122.427583, 37.753292 ], [ -122.428165, 37.753257 ], [ -122.428695, 37.753225 ], [ -122.429234, 37.753193 ], [ -122.429808, 37.753158 ], [ -122.429884, 37.753957 ] ] ] } },
{ "type": "Feature", "properties": { "BlockGroup": 60750211002 }, "geometry": { "type": "Polygon", "coordinates": [ [ [ -122.427023, 37.753326 ], [ -122.426478, 37.75336 ], [ -122.425945, 37.753392 ], [ -122.425537, 37.753417 ], [ -122.425303, 37.753432 ], [ -122.425228, 37.753356 ], [ -122.425155, 37.752627 ], [ -122.425086, 37.751929 ], [ -122.425153, 37.751842 ], [ -122.425794, 37.751803 ], [ -122.426333, 37.751771 ], [ -122.427437, 37.751705 ], [ -122.428548, 37.751638 ], [ -122.429659, 37.751571 ], [ -122.429731, 37.752362 ], [ -122.429808, 37.753158 ], [ -122.429234, 37.753193 ], [ -122.428695, 37.753225 ], [ -122.428165, 37.753257 ], [ -122.427583, 37.753292 ], [ -122.427023, 37.753326 ] ] ] } },
{ "type": "Feature", "properties": { "BlockGroup": 60750211003 }, "geometry": { "type": "Polygon", "coordinates": [ [ [ -122.434163, 37.752092 ], [ -122.43424, 37.752891 ], [ -122.434317, 37.75369 ], [ -122.4321, 37.753823 ], [ -122.429884, 37.753957 ], [ -122.429808, 37.753158 ], [ -122.429731, 37.752362 ], [ -122.429659, 37.751571 ], [ -122.431877, 37.751437 ], [ -122.43409, 37.751304 ], [ -122.434163, 37.752092 ] ] ] } },
{ "type": "Feature", "properties": { "BlockGroup": 60750211004 }, "geometry": { "type": "Polygon", "coordinates": [ [ [ -122.434394, 37.754494 ], [ -122.43447, 37.755289 ], [ -122.434546, 37.756093 ], [ -122.432331, 37.756227 ], [ -122.43177, 37.75626 ], [ -122.430115, 37.75636 ], [ -122.430038, 37.755556 ], [ -122.429962, 37.754761 ], [ -122.429884, 37.753957 ], [ -122.4321, 37.753823 ], [ -122.434317, 37.75369 ], [ -122.434394, 37.754494 ] ] ] } },
{ "type": "Feature", "properties": { "BlockGroup": 60750212001 }, "geometry": { "type": "Polygon", "coordinates": [ [ [ -122.436454, 37.75276 ], [ -122.437494, 37.752697 ], [ -122.437649, 37.754296 ], [ -122.437769, 37.755541 ], [ -122.437803, 37.755893 ], [ -122.436744, 37.755966 ], [ -122.435642, 37.756041 ], [ -122.434671, 37.756109 ], [ -122.434546, 37.756093 ], [ -122.43447, 37.755289 ], [ -122.434394, 37.754494 ], [ -122.434317, 37.75369 ], [ -122.43424, 37.752891 ], [ -122.436454, 37.75276 ] ] ] } },
{ "type": "Feature", "properties": { "BlockGroup": 60750212002 }, "geometry": { "type": "Polygon", "coordinates": [ [ [ -122.443103, 37.750771 ], [ -122.443255, 37.750769 ], [ -122.443213, 37.750935 ], [ -122.443062, 37.751528 ], [ -122.442991, 37.751808 ], [ -122.442847, 37.752375 ], [ -122.442704, 37.752377 ], [ -122.442525, 37.75238 ], [ -122.440774, 37.752498 ], [ -122.438628, 37.752629 ], [ -122.437494, 37.752697 ], [ -122.436454, 37.75276 ], [ -122.43424, 37.752891 ], [ -122.434163, 37.752092 ], [ -122.43409, 37.751304 ], [ -122.436299, 37.751153 ], [ -122.438474, 37.751024 ], [ -122.439547, 37.750963 ], [ -122.440616, 37.750902 ], [ -122.441687, 37.750836 ], [ -122.442783, 37.750773 ], [ -122.443103, 37.750771 ] ] ] } },
{ "type": "Feature", "properties": { "BlockGroup": 60750212003 }, "geometry": { "type": "Polygon", "coordinates": [ [ [ -122.442239, 37.75283 ], [ -122.442057, 37.753071 ], [ -122.441886, 37.753365 ], [ -122.441807, 37.753471 ], [ -122.441307, 37.75388 ], [ -122.441163, 37.75409 ], [ -122.441076, 37.754178 ], [ -122.440897, 37.754493 ], [ -122.440768, 37.754609 ], [ -122.44045, 37.755065 ], [ -122.440345, 37.755228 ], [ -122.440033, 37.755229 ], [ -122.439647, 37.75532 ], [ -122.438974, 37.755389 ], [ -122.438864, 37.755434 ], [ -122.437769, 37.755541 ], [ -122.437649, 37.754296 ], [ -122.437494, 37.752697 ], [ -122.438628, 37.752629 ], [ -122.440774, 37.752498 ], [ -122.442525, 37.75238 ], [ -122.442493, 37.752607 ], [ -122.442239, 37.75283 ] ] ] } },
{ "type": "Feature", "properties": { "BlockGroup": 60750213001 }, "geometry": { "type": "Polygon", "coordinates": [ [ [ -122.435026, 37.747224 ], [ -122.435916, 37.747179 ], [ -122.43599, 37.747963 ], [ -122.436067, 37.748762 ], [ -122.436138, 37.749562 ], [ -122.43832, 37.74943 ], [ -122.438397, 37.750226 ], [ -122.438474, 37.751024 ], [ -122.436299, 37.751153 ], [ -122.43409, 37.751304 ], [ -122.434007, 37.750495 ], [ -122.433929, 37.749696 ], [ -122.433851, 37.748896 ], [ -122.433769, 37.748097 ], [ -122.433697, 37.747297 ], [ -122.434383, 37.747256 ], [ -122.435026, 37.747224 ] ] ] } },
{ "type": "Feature", "properties": { "BlockGroup": 60750213002 }, "geometry": { "type": "Polygon", "coordinates": [ [ [ -122.444426, 37.747174 ], [ -122.444292, 37.747309 ], [ -122.444172, 37.747556 ], [ -122.444158, 37.747791 ], [ -122.444221, 37.748031 ], [ -122.444267, 37.74838 ], [ -122.444093, 37.748685 ], [ -122.443704, 37.749177 ], [ -122.443553, 37.749443 ], [ -122.443441, 37.750015 ], [ -122.443347, 37.750083 ], [ -122.443402, 37.750187 ], [ -122.443255, 37.750769 ], [ -122.443103, 37.750771 ], [ -122.442783, 37.750773 ], [ -122.441687, 37.750836 ], [ -122.440616, 37.750902 ], [ -122.439547, 37.750963 ], [ -122.438474, 37.751024 ], [ -122.438397, 37.750226 ], [ -122.43832, 37.74943 ], [ -122.436138, 37.749562 ], [ -122.436067, 37.748762 ], [ -122.43599, 37.747963 ], [ -122.435916, 37.747179 ], [ -122.43809, 37.74705 ], [ -122.438166, 37.747832 ], [ -122.438246, 37.748665 ], [ -122.438858, 37.748659 ], [ -122.439718, 37.748649 ], [ -122.440693, 37.748639 ], [ -122.441408, 37.74861 ], [ -122.441555, 37.748571 ], [ -122.441917, 37.748474 ], [ -122.442519, 37.748183 ], [ -122.442584, 37.748079 ], [ -122.443162, 37.747504 ], [ -122.443961, 37.746765 ], [ -122.444095, 37.746722 ], [ -122.444556, 37.746687 ], [ -122.444786, 37.746934 ], [ -122.44482, 37.74697 ], [ -122.44474, 37.747045 ], [ -122.44462, 37.747081 ], [ -122.444426, 37.747174 ] ] ] } },
{ "type": "Feature", "properties": { "BlockGroup": 60750214001 }, "geometry": { "type": "Polygon", "coordinates": [ [ [ -122.424987, 37.750926 ], [ -122.42493, 37.750349 ], [ -122.424999, 37.750233 ], [ -122.427277, 37.750097 ], [ -122.428389, 37.750031 ], [ -122.4295, 37.749965 ], [ -122.429577, 37.750762 ], [ -122.429659, 37.751571 ], [ -122.428548, 37.751638 ], [ -122.427437, 37.751705 ], [ -122.426333, 37.751771 ], [ -122.425794, 37.751803 ], [ -122.425153, 37.751842 ], [ -122.425066, 37.751724 ], [ -122.425009, 37.751149 ], [ -122.425076, 37.751033 ], [ -122.424987, 37.750926 ] ] ] } },
{ "type": "Feature", "properties": { "BlockGroup": 60750214002 }, "geometry": { "type": "Polygon", "coordinates": [ [ [ -122.433769, 37.748097 ], [ -122.431557, 37.748229 ], [ -122.429346, 37.748362 ], [ -122.429423, 37.749158 ], [ -122.4295, 37.749965 ], [ -122.428389, 37.750031 ], [ -122.427277, 37.750097 ], [ -122.424999, 37.750233 ], [ -122.424908, 37.750125 ], [ -122.424869, 37.749725 ], [ -122.424851, 37.749548 ], [ -122.424923, 37.749435 ], [ -122.42483, 37.749331 ], [ -122.424773, 37.748752 ], [ -122.424845, 37.748633 ], [ -122.424918, 37.748512 ], [ -122.424863, 37.747939 ], [ -122.424768, 37.74783 ], [ -122.427045, 37.747696 ], [ -122.42927, 37.747564 ], [ -122.431477, 37.747434 ], [ -122.431774, 37.747413 ], [ -122.432129, 37.74739 ], [ -122.433697, 37.747297 ], [ -122.433769, 37.748097 ] ] ] } },
{ "type": "Feature", "properties": { "BlockGroup": 60750214003 }, "geometry": { "type": "Polygon", "coordinates": [ [ [ -122.433929, 37.749696 ], [ -122.434007, 37.750495 ], [ -122.43409, 37.751304 ], [ -122.431877, 37.751437 ], [ -122.429659, 37.751571 ], [ -122.429577, 37.750762 ], [ -122.4295, 37.749965 ], [ -122.429423, 37.749158 ], [ -122.429346, 37.748362 ], [ -122.431557, 37.748229 ], [ -122.433769, 37.748097 ], [ -122.433851, 37.748896 ], [ -122.433929, 37.749696 ] ] ] } },
{ "type": "Feature", "properties": { "BlockGroup": 60750215001 }, "geometry": { "type": "Polygon", "coordinates": [ [ [ -122.426968, 37.746897 ], [ -122.427045, 37.747696 ], [ -122.424768, 37.74783 ], [ -122.424584, 37.747847 ], [ -122.422878, 37.747948 ], [ -122.422487, 37.748013 ], [ -122.4223, 37.74807 ], [ -122.421393, 37.748124 ], [ -122.421385, 37.748032 ], [ -122.421328, 37.747442 ], [ -122.421406, 37.747231 ], [ -122.421704, 37.746412 ], [ -122.422311, 37.746377 ], [ -122.424603, 37.746241 ], [ -122.426891, 37.746099 ], [ -122.42693, 37.746499 ], [ -122.426968, 37.746897 ] ] ] } },
{ "type": "Feature", "properties": { "BlockGroup": 60750215002 }, "geometry": { "type": "Polygon", "coordinates": [ [ [ -122.426822, 37.745299 ], [ -122.426891, 37.746099 ], [ -122.424603, 37.746241 ], [ -122.422311, 37.746377 ], [ -122.421704, 37.746412 ], [ -122.421918, 37.745826 ], [ -122.422218, 37.745579 ], [ -122.422283, 37.745482 ], [ -122.422276, 37.745348 ], [ -122.422293, 37.745184 ], [ -122.422369, 37.744959 ], [ -122.422439, 37.744759 ], [ -122.422706, 37.74404 ], [ -122.422669, 37.743942 ], [ -122.424385, 37.743838 ], [ -122.42667, 37.7437 ], [ -122.426746, 37.744497 ], [ -122.426822, 37.745299 ] ] ] } },
{ "type": "Feature", "properties": { "BlockGroup": 60750215003 }, "geometry": { "type": "Polygon", "coordinates": [ [ [ -122.430953, 37.741917 ], [ -122.431022, 37.742631 ], [ -122.428806, 37.742764 ], [ -122.426594, 37.742897 ], [ -122.42667, 37.7437 ], [ -122.424385, 37.743838 ], [ -122.422669, 37.743942 ], [ -122.422763, 37.743855 ], [ -122.423043, 37.743114 ], [ -122.423302, 37.742426 ], [ -122.423286, 37.742295 ], [ -122.424233, 37.742236 ], [ -122.425814, 37.742141 ], [ -122.426518, 37.742098 ], [ -122.426846, 37.742078 ], [ -122.427879, 37.742015 ], [ -122.428729, 37.741964 ], [ -122.428911, 37.741953 ], [ -122.429947, 37.74189 ], [ -122.430888, 37.741833 ], [ -122.430953, 37.741917 ] ] ] } },
{ "type": "Feature", "properties": { "BlockGroup": 60750215004 }, "geometry": { "type": "Polygon", "coordinates": [ [ [ -122.4311, 37.743431 ], [ -122.43118, 37.744245 ], [ -122.431256, 37.745032 ], [ -122.429037, 37.745165 ], [ -122.426822, 37.745299 ], [ -122.426746, 37.744497 ], [ -122.42667, 37.7437 ], [ -122.426594, 37.742897 ], [ -122.428806, 37.742764 ], [ -122.431022, 37.742631 ], [ -122.4311, 37.743431 ] ] ] } },
{ "type": "Feature", "properties": { "BlockGroup": 60750215005 }, "geometry": { "type": "Polygon", "coordinates": [ [ [ -122.431325, 37.745828 ], [ -122.431412, 37.74663 ], [ -122.431477, 37.747434 ], [ -122.42927, 37.747564 ], [ -122.427045, 37.747696 ], [ -122.426968, 37.746897 ], [ -122.42693, 37.746499 ], [ -122.426891, 37.746099 ], [ -122.426822, 37.745299 ], [ -122.429037, 37.745165 ], [ -122.431256, 37.745032 ], [ -122.431325, 37.745828 ] ] ] } },
{ "type": "Feature", "properties": { "BlockGroup": 60750216001 }, "geometry": { "type": "Polygon", "coordinates": [ [ [ -122.435603, 37.744 ], [ -122.43568, 37.744761 ], [ -122.437861, 37.744634 ], [ -122.437934, 37.745435 ], [ -122.438011, 37.746231 ], [ -122.43809, 37.74705 ], [ -122.435916, 37.747179 ], [ -122.435026, 37.747224 ], [ -122.434383, 37.747256 ], [ -122.433697, 37.747297 ], [ -122.432129, 37.74739 ], [ -122.431774, 37.747413 ], [ -122.431477, 37.747434 ], [ -122.431412, 37.74663 ], [ -122.431325, 37.745828 ], [ -122.431256, 37.745032 ], [ -122.43118, 37.744245 ], [ -122.4311, 37.743431 ], [ -122.431022, 37.742631 ], [ -122.430953, 37.741917 ], [ -122.430888, 37.741833 ], [ -122.431118, 37.741832 ], [ -122.432017, 37.741794 ], [ -122.432225, 37.741783 ], [ -122.432444, 37.741772 ], [ -122.432597, 37.7418 ], [ -122.432781, 37.741899 ], [ -122.432902, 37.741925 ], [ -122.433259, 37.741903 ], [ -122.433315, 37.742495 ], [ -122.43338, 37.743175 ], [ -122.43332, 37.743296 ], [ -122.434622, 37.743218 ], [ -122.435559, 37.743161 ], [ -122.435603, 37.744 ] ] ] } },
{ "type": "Feature", "properties": { "BlockGroup": 60750216002 }, "geometry": { "type": "Polygon", "coordinates": [ [ [ -122.442644, 37.744193 ], [ -122.442741, 37.743995 ], [ -122.442893, 37.743843 ], [ -122.443743, 37.74337 ], [ -122.443901, 37.743304 ], [ -122.444148, 37.743297 ], [ -122.44436, 37.743369 ], [ -122.444658, 37.743528 ], [ -122.445214, 37.743688 ], [ -122.445411, 37.743766 ], [ -122.44559, 37.743906 ], [ -122.445679, 37.744139 ], [ -122.445733, 37.744417 ], [ -122.445785, 37.744652 ], [ -122.445866, 37.744805 ], [ -122.446026, 37.745134 ], [ -122.446179, 37.745314 ], [ -122.446336, 37.74546 ], [ -122.446428, 37.745518 ], [ -122.446739, 37.745841 ], [ -122.446817, 37.745951 ], [ -122.446853, 37.746123 ], [ -122.447285, 37.746055 ], [ -122.447375, 37.746482 ], [ -122.447399, 37.746596 ], [ -122.446841, 37.746722 ], [ -122.446648, 37.74676 ], [ -122.446186, 37.746843 ], [ -122.445414, 37.74696 ], [ -122.44505, 37.747015 ], [ -122.444847, 37.746945 ], [ -122.444783, 37.746771 ], [ -122.444603, 37.746683 ], [ -122.444556, 37.746687 ], [ -122.444095, 37.746722 ], [ -122.443961, 37.746765 ], [ -122.443162, 37.747504 ], [ -122.442584, 37.748079 ], [ -122.442519, 37.748183 ], [ -122.441917, 37.748474 ], [ -122.441555, 37.748571 ], [ -122.441408, 37.74861 ], [ -122.440693, 37.748639 ], [ -122.439718, 37.748649 ], [ -122.438858, 37.748659 ], [ -122.438246, 37.748665 ], [ -122.438166, 37.747832 ], [ -122.43809, 37.74705 ], [ -122.438011, 37.746231 ], [ -122.437934, 37.745435 ], [ -122.437861, 37.744634 ], [ -122.43568, 37.744761 ], [ -122.435603, 37.744 ], [ -122.435559, 37.743161 ], [ -122.435536, 37.742697 ], [ -122.435509, 37.742592 ], [ -122.435462, 37.742273 ], [ -122.435387, 37.741923 ], [ -122.435425, 37.741688 ], [ -122.435525, 37.741652 ], [ -122.435621, 37.741534 ], [ -122.435584, 37.741612 ], [ -122.4358, 37.742105 ], [ -122.436098, 37.742519 ], [ -122.436472, 37.742886 ], [ -122.437227, 37.743421 ], [ -122.437514, 37.743594 ], [ -122.437683, 37.743609 ], [ -122.437739, 37.743729 ], [ -122.439529, 37.744804 ], [ -122.439764, 37.74497 ], [ -122.439968, 37.745227 ], [ -122.440088, 37.745296 ], [ -122.44127, 37.745231 ], [ -122.441271, 37.745048 ], [ -122.441366, 37.744907 ], [ -122.44171, 37.744629 ], [ -122.442014, 37.744452 ], [ -122.442271, 37.744375 ], [ -122.442629, 37.744348 ], [ -122.442644, 37.744193 ] ] ] } },
{ "type": "Feature", "properties": { "BlockGroup": 60750217001 }, "geometry": { "type": "Polygon", "coordinates": [ [ [ -122.444133, 37.740279 ], [ -122.444366, 37.740576 ], [ -122.444518, 37.740693 ], [ -122.444682, 37.740793 ], [ -122.444911, 37.740872 ], [ -122.445196, 37.740921 ], [ -122.445523, 37.740972 ], [ -122.445738, 37.741022 ], [ -122.445898, 37.741117 ], [ -122.445964, 37.741199 ], [ -122.446059, 37.741275 ], [ -122.4461, 37.741358 ], [ -122.446157, 37.741535 ], [ -122.446195, 37.741872 ], [ -122.446239, 37.742013 ], [ -122.446257, 37.742072 ], [ -122.446324, 37.742185 ], [ -122.446371, 37.742238 ], [ -122.446411, 37.742282 ], [ -122.446516, 37.742359 ], [ -122.446658, 37.742442 ], [ -122.44684, 37.742519 ], [ -122.44711, 37.74258 ], [ -122.447385, 37.742609 ], [ -122.448489, 37.742705 ], [ -122.448821, 37.742749 ], [ -122.449137, 37.742829 ], [ -122.449357, 37.742922 ], [ -122.449583, 37.743065 ], [ -122.44979, 37.743257 ], [ -122.449861, 37.743265 ], [ -122.449919, 37.743272 ], [ -122.450592, 37.744091 ], [ -122.450587, 37.744213 ], [ -122.451589, 37.745429 ], [ -122.451624, 37.745534 ], [ -122.45157, 37.745654 ], [ -122.45097, 37.74587 ], [ -122.450853, 37.745826 ], [ -122.450705, 37.745929 ], [ -122.449721, 37.746056 ], [ -122.448893, 37.746232 ], [ -122.448562, 37.746316 ], [ -122.447916, 37.74648 ], [ -122.447786, 37.746438 ], [ -122.447659, 37.746537 ], [ -122.447399, 37.746596 ], [ -122.447375, 37.746482 ], [ -122.447285, 37.746055 ], [ -122.446853, 37.746123 ], [ -122.446817, 37.745951 ], [ -122.446739, 37.745841 ], [ -122.446428, 37.745518 ], [ -122.446336, 37.74546 ], [ -122.446179, 37.745314 ], [ -122.446026, 37.745134 ], [ -122.445866, 37.744805 ], [ -122.445785, 37.744652 ], [ -122.445733, 37.744417 ], [ -122.445679, 37.744139 ], [ -122.44559, 37.743906 ], [ -122.445411, 37.743766 ], [ -122.445214, 37.743688 ], [ -122.444658, 37.743528 ], [ -122.44436, 37.743369 ], [ -122.444148, 37.743297 ], [ -122.443901, 37.743304 ], [ -122.443743, 37.74337 ], [ -122.442893, 37.743843 ], [ -122.442741, 37.743995 ], [ -122.442644, 37.744193 ], [ -122.442629, 37.744348 ], [ -122.442271, 37.744375 ], [ -122.442014, 37.744452 ], [ -122.44171, 37.744629 ], [ -122.441366, 37.744907 ], [ -122.441271, 37.745048 ], [ -122.44127, 37.745231 ], [ -122.440088, 37.745296 ], [ -122.439968, 37.745227 ], [ -122.439764, 37.74497 ], [ -122.439529, 37.744804 ], [ -122.437739, 37.743729 ], [ -122.437683, 37.743609 ], [ -122.437514, 37.743594 ], [ -122.437227, 37.743421 ], [ -122.436472, 37.742886 ], [ -122.436098, 37.742519 ], [ -122.4358, 37.742105 ], [ -122.435584, 37.741612 ], [ -122.435621, 37.741534 ], [ -122.435663, 37.741449 ], [ -122.435626, 37.741369 ], [ -122.435558, 37.741012 ], [ -122.435632, 37.740681 ], [ -122.435867, 37.740255 ], [ -122.43584, 37.740153 ], [ -122.435956, 37.740093 ], [ -122.436652, 37.738868 ], [ -122.43668, 37.738752 ], [ -122.436769, 37.738725 ], [ -122.436993, 37.738477 ], [ -122.437357, 37.738348 ], [ -122.437398, 37.738288 ], [ -122.437485, 37.738322 ], [ -122.437641, 37.738334 ], [ -122.439451, 37.738697 ], [ -122.439549, 37.738688 ], [ -122.439629, 37.738699 ], [ -122.439841, 37.73865 ], [ -122.440076, 37.738452 ], [ -122.440188, 37.738154 ], [ -122.440124, 37.737939 ], [ -122.43999, 37.737813 ], [ -122.43992, 37.737789 ], [ -122.439927, 37.737746 ], [ -122.439884, 37.737691 ], [ -122.439771, 37.737418 ], [ -122.439734, 37.737239 ], [ -122.439691, 37.737198 ], [ -122.439723, 37.735886 ], [ -122.439735, 37.735585 ], [ -122.439724, 37.735532 ], [ -122.439804, 37.735221 ], [ -122.439934, 37.734857 ], [ -122.440024, 37.734909 ], [ -122.440694, 37.735069 ], [ -122.441015, 37.73557 ], [ -122.441152, 37.735709 ], [ -122.441384, 37.73586 ], [ -122.441698, 37.735951 ], [ -122.441867, 37.735977 ], [ -122.441927, 37.735968 ], [ -122.442029, 37.735991 ], [ -122.442155, 37.735971 ], [ -122.442429, 37.735894 ], [ -122.443162, 37.735688 ], [ -122.443301, 37.735676 ], [ -122.443453, 37.735692 ], [ -122.443566, 37.735729 ], [ -122.443666, 37.735786 ], [ -122.443746, 37.735856 ], [ -122.443792, 37.735922 ], [ -122.443824, 37.736009 ], [ -122.443829, 37.736134 ], [ -122.443801, 37.736239 ], [ -122.443746, 37.736355 ], [ -122.443655, 37.736428 ], [ -122.443602, 37.736503 ], [ -122.443532, 37.736602 ], [ -122.442657, 37.737119 ], [ -122.442489, 37.737289 ], [ -122.442421, 37.737438 ], [ -122.442404, 37.73764 ], [ -122.442446, 37.7378 ], [ -122.442579, 37.738172 ], [ -122.442625, 37.738314 ], [ -122.442628, 37.738565 ], [ -122.442504, 37.739238 ], [ -122.442525, 37.739448 ], [ -122.442578, 37.739521 ], [ -122.442597, 37.739548 ], [ -122.442718, 37.739682 ], [ -122.442857, 37.739767 ], [ -122.44302, 37.739814 ], [ -122.443419, 37.739902 ], [ -122.443694, 37.739971 ], [ -122.443876, 37.740064 ], [ -122.443922, 37.740088 ], [ -122.444098, 37.740234 ], [ -122.444133, 37.740279 ] ] ] } },
{ "type": "Feature", "properties": { "BlockGroup": 60750217002 }, "geometry": { "type": "Polygon", "coordinates": [ [ [ -122.439573, 37.734843 ], [ -122.439934, 37.734857 ], [ -122.439804, 37.735221 ], [ -122.439724, 37.735532 ], [ -122.439735, 37.735585 ], [ -122.439723, 37.735886 ], [ -122.439691, 37.737198 ], [ -122.439734, 37.737239 ], [ -122.439771, 37.737418 ], [ -122.439884, 37.737691 ], [ -122.439927, 37.737746 ], [ -122.43992, 37.737789 ], [ -122.43999, 37.737813 ], [ -122.440124, 37.737939 ], [ -122.440188, 37.738154 ], [ -122.440076, 37.738452 ], [ -122.439841, 37.73865 ], [ -122.439629, 37.738699 ], [ -122.439549, 37.738688 ], [ -122.439451, 37.738697 ], [ -122.437641, 37.738334 ], [ -122.437485, 37.738322 ], [ -122.437398, 37.738288 ], [ -122.436916, 37.737796 ], [ -122.437422, 37.737855 ], [ -122.437512, 37.737799 ], [ -122.437622, 37.737215 ], [ -122.436716, 37.737093 ], [ -122.436378, 37.737226 ], [ -122.436284, 37.737324 ], [ -122.435853, 37.737692 ], [ -122.435089, 37.737902 ], [ -122.434626, 37.73829 ], [ -122.434715, 37.737547 ], [ -122.434731, 37.737413 ], [ -122.434697, 37.737256 ], [ -122.434564, 37.736779 ], [ -122.434401, 37.736199 ], [ -122.434612, 37.736094 ], [ -122.434773, 37.735872 ], [ -122.434985, 37.735682 ], [ -122.435077, 37.735577 ], [ -122.43538, 37.735339 ], [ -122.435393, 37.735299 ], [ -122.435551, 37.734797 ], [ -122.43584, 37.733875 ], [ -122.43592, 37.733931 ], [ -122.43658, 37.734068 ], [ -122.436673, 37.73404 ], [ -122.436752, 37.734096 ], [ -122.437514, 37.734246 ], [ -122.438392, 37.73442 ], [ -122.438629, 37.734494 ], [ -122.43892, 37.7346 ], [ -122.439191, 37.734735 ], [ -122.439573, 37.734843 ] ] ] } },
{ "type": "Feature", "properties": { "BlockGroup": 60750217003 }, "geometry": { "type": "Polygon", "coordinates": [ [ [ -122.434211, 37.737119 ], [ -122.434374, 37.737238 ], [ -122.434608, 37.737273 ], [ -122.434697, 37.737256 ], [ -122.434731, 37.737413 ], [ -122.434715, 37.737547 ], [ -122.434626, 37.73829 ], [ -122.435089, 37.737902 ], [ -122.435853, 37.737692 ], [ -122.436284, 37.737324 ], [ -122.436378, 37.737226 ], [ -122.436716, 37.737093 ], [ -122.437622, 37.737215 ], [ -122.437512, 37.737799 ], [ -122.437422, 37.737855 ], [ -122.436916, 37.737796 ], [ -122.437398, 37.738288 ], [ -122.437357, 37.738348 ], [ -122.436993, 37.738477 ], [ -122.436769, 37.738725 ], [ -122.43668, 37.738752 ], [ -122.436652, 37.738868 ], [ -122.435956, 37.740093 ], [ -122.43584, 37.740153 ], [ -122.435867, 37.740255 ], [ -122.435632, 37.740681 ], [ -122.435558, 37.741012 ], [ -122.435626, 37.741369 ], [ -122.435663, 37.741449 ], [ -122.435621, 37.741534 ], [ -122.435525, 37.741652 ], [ -122.435425, 37.741688 ], [ -122.435387, 37.741923 ], [ -122.435462, 37.742273 ], [ -122.435509, 37.742592 ], [ -122.435536, 37.742697 ], [ -122.435559, 37.743161 ], [ -122.434622, 37.743218 ], [ -122.43332, 37.743296 ], [ -122.43338, 37.743175 ], [ -122.433315, 37.742495 ], [ -122.433259, 37.741903 ], [ -122.432902, 37.741925 ], [ -122.432781, 37.741899 ], [ -122.432597, 37.7418 ], [ -122.432444, 37.741772 ], [ -122.432225, 37.741783 ], [ -122.432017, 37.741794 ], [ -122.431118, 37.741832 ], [ -122.430888, 37.741833 ], [ -122.430741, 37.740424 ], [ -122.43075, 37.740351 ], [ -122.431759, 37.739803 ], [ -122.431308, 37.739278 ], [ -122.431175, 37.739153 ], [ -122.431029, 37.739151 ], [ -122.430301, 37.739189 ], [ -122.429248, 37.738982 ], [ -122.428729, 37.738631 ], [ -122.428728, 37.738502 ], [ -122.428727, 37.738412 ], [ -122.428726, 37.738326 ], [ -122.429271, 37.73797 ], [ -122.429496, 37.737824 ], [ -122.430072, 37.737449 ], [ -122.431349, 37.736618 ], [ -122.431378, 37.736574 ], [ -122.432443, 37.735879 ], [ -122.432535, 37.735854 ], [ -122.432868, 37.735839 ], [ -122.433104, 37.736063 ], [ -122.43371, 37.736638 ], [ -122.434002, 37.736885 ], [ -122.434211, 37.737119 ] ] ] } },
{ "type": "Feature", "properties": { "BlockGroup": 60750218001 }, "geometry": { "type": "Polygon", "coordinates": [ [ [ -122.428729, 37.741964 ], [ -122.427879, 37.742015 ], [ -122.426846, 37.742078 ], [ -122.426518, 37.742098 ], [ -122.425814, 37.742141 ], [ -122.424233, 37.742236 ], [ -122.423286, 37.742295 ], [ -122.423403, 37.742203 ], [ -122.423621, 37.741671 ], [ -122.423942, 37.740889 ], [ -122.424036, 37.740658 ], [ -122.424048, 37.74063 ], [ -122.424137, 37.740336 ], [ -122.424258, 37.739935 ], [ -122.424147, 37.739869 ], [ -122.424503, 37.73986 ], [ -122.425578, 37.739795 ], [ -122.426619, 37.739731 ], [ -122.427652, 37.739668 ], [ -122.427915, 37.739652 ], [ -122.428736, 37.740122 ], [ -122.42984, 37.740753 ], [ -122.43035, 37.7402 ], [ -122.430741, 37.740424 ], [ -122.430888, 37.741833 ], [ -122.429947, 37.74189 ], [ -122.428911, 37.741953 ], [ -122.428729, 37.741964 ] ] ] } },
{ "type": "Feature", "properties": { "BlockGroup": 60750218002 }, "geometry": { "type": "Polygon", "coordinates": [ [ [ -122.428256, 37.737744 ], [ -122.428729, 37.738202 ], [ -122.428726, 37.738326 ], [ -122.428727, 37.738412 ], [ -122.428728, 37.738502 ], [ -122.428729, 37.738631 ], [ -122.429248, 37.738982 ], [ -122.430301, 37.739189 ], [ -122.431029, 37.739151 ], [ -122.431175, 37.739153 ], [ -122.431308, 37.739278 ], [ -122.431759, 37.739803 ], [ -122.43075, 37.740351 ], [ -122.430741, 37.740424 ], [ -122.43035, 37.7402 ], [ -122.42984, 37.740753 ], [ -122.428736, 37.740122 ], [ -122.427915, 37.739652 ], [ -122.427652, 37.739668 ], [ -122.426619, 37.739731 ], [ -122.425578, 37.739795 ], [ -122.424503, 37.73986 ], [ -122.424147, 37.739869 ], [ -122.424276, 37.739784 ], [ -122.424485, 37.738993 ], [ -122.424724, 37.738431 ], [ -122.424951, 37.738063 ], [ -122.425082, 37.737851 ], [ -122.425286, 37.73764 ], [ -122.425598, 37.737317 ], [ -122.426166, 37.736835 ], [ -122.426659, 37.736418 ], [ -122.426722, 37.736372 ], [ -122.426991, 37.736528 ], [ -122.427156, 37.736685 ], [ -122.427707, 37.737214 ], [ -122.428256, 37.737744 ] ] ] } },
{ "type": "Feature", "properties": { "BlockGroup": 60750218003 }, "geometry": { "type": "Polygon", "coordinates": [ [ [ -122.428017, 37.735444 ], [ -122.428573, 37.735082 ], [ -122.428607, 37.73506 ], [ -122.428843, 37.734932 ], [ -122.429391, 37.734636 ], [ -122.429417, 37.734754 ], [ -122.429699, 37.735027 ], [ -122.430246, 37.73556 ], [ -122.430791, 37.73609 ], [ -122.431349, 37.736618 ], [ -122.430072, 37.737449 ], [ -122.429496, 37.737824 ], [ -122.429271, 37.73797 ], [ -122.428726, 37.738326 ], [ -122.428729, 37.738202 ], [ -122.428256, 37.737744 ], [ -122.427707, 37.737214 ], [ -122.427156, 37.736685 ], [ -122.426991, 37.736528 ], [ -122.426722, 37.736372 ], [ -122.427874, 37.735537 ], [ -122.428017, 37.735444 ] ] ] } },
{ "type": "Feature", "properties": { "BlockGroup": 60750218004 }, "geometry": { "type": "Polygon", "coordinates": [ [ [ -122.434996, 37.733718 ], [ -122.435067, 37.733782 ], [ -122.435739, 37.733899 ], [ -122.43584, 37.733875 ], [ -122.435551, 37.734797 ], [ -122.435393, 37.735299 ], [ -122.43538, 37.735339 ], [ -122.435077, 37.735577 ], [ -122.434985, 37.735682 ], [ -122.434773, 37.735872 ], [ -122.434612, 37.736094 ], [ -122.434401, 37.736199 ], [ -122.434564, 37.736779 ], [ -122.434697, 37.737256 ], [ -122.434608, 37.737273 ], [ -122.434374, 37.737238 ], [ -122.434211, 37.737119 ], [ -122.434002, 37.736885 ], [ -122.43371, 37.736638 ], [ -122.433104, 37.736063 ], [ -122.432868, 37.735839 ], [ -122.432535, 37.735854 ], [ -122.432443, 37.735879 ], [ -122.431378, 37.736574 ], [ -122.431349, 37.736618 ], [ -122.430791, 37.73609 ], [ -122.430246, 37.73556 ], [ -122.429699, 37.735027 ], [ -122.429417, 37.734754 ], [ -122.429391, 37.734636 ], [ -122.4296, 37.734518 ], [ -122.429799, 37.734406 ], [ -122.430396, 37.734121 ], [ -122.430928, 37.733867 ], [ -122.432422, 37.733176 ], [ -122.432448, 37.733191 ], [ -122.432572, 37.733243 ], [ -122.432802, 37.73334 ], [ -122.432974, 37.733311 ], [ -122.433201, 37.733439 ], [ -122.434021, 37.733588 ], [ -122.434145, 37.73355 ], [ -122.434238, 37.733626 ], [ -122.434899, 37.733751 ], [ -122.434996, 37.733718 ] ] ] } },
{ "type": "Feature", "properties": { "BlockGroup": 60750226001 }, "geometry": { "type": "MultiPolygon", "coordinates": [ [ [ [ -122.391412, 37.760299 ], [ -122.392256, 37.760257 ], [ -122.39238, 37.760251 ], [ -122.392494, 37.760245 ], [ -122.392415, 37.760613 ], [ -122.392319, 37.76106 ], [ -122.392371, 37.761544 ], [ -122.392451, 37.762281 ], [ -122.39252, 37.762819 ], [ -122.3926, 37.763438 ], [ -122.392714, 37.764084 ], [ -122.392745, 37.764082 ], [ -122.392995, 37.764067 ], [ -122.393174, 37.764056 ], [ -122.393221, 37.764053 ], [ -122.39373, 37.764021 ], [ -122.393848, 37.765307 ], [ -122.393862, 37.76546 ], [ -122.393876, 37.765611 ], [ -122.393905, 37.765923 ], [ -122.393919, 37.766074 ], [ -122.393968, 37.766614 ], [ -122.393001, 37.766671 ], [ -122.390976, 37.766792 ], [ -122.390918, 37.766795 ], [ -122.390589, 37.766815 ], [ -122.39029, 37.766833 ], [ -122.389099, 37.766903 ], [ -122.388164, 37.766958 ], [ -122.388037, 37.765628 ], [ -122.387917, 37.764379 ], [ -122.387606, 37.764483 ], [ -122.386615, 37.765668 ], [ -122.385933, 37.767027 ], [ -122.385823, 37.767255 ], [ -122.38487, 37.76724 ], [ -122.384847, 37.767013 ], [ -122.382989, 37.767131 ], [ -122.382855, 37.767139 ], [ -122.382801, 37.766784 ], [ -122.385861, 37.766599 ], [ -122.385895, 37.766523 ], [ -122.385934, 37.766361 ], [ -122.385915, 37.766285 ], [ -122.385992, 37.76617 ], [ -122.386292, 37.76569 ], [ -122.386373, 37.765598 ], [ -122.38652, 37.765412 ], [ -122.386542, 37.765286 ], [ -122.38647, 37.765278 ], [ -122.386436, 37.765059 ], [ -122.386447, 37.764929 ], [ -122.386484, 37.764908 ], [ -122.386501, 37.764815 ], [ -122.386491, 37.764617 ], [ -122.386448, 37.764613 ], [ -122.386451, 37.7644 ], [ -122.386482, 37.764399 ], [ -122.386482, 37.764367 ], [ -122.386604, 37.764322 ], [ -122.3866, 37.764259 ], [ -122.386574, 37.764252 ], [ -122.386557, 37.764234 ], [ -122.386558, 37.764209 ], [ -122.386721, 37.7641 ], [ -122.386738, 37.76402 ], [ -122.386717, 37.763993 ], [ -122.386681, 37.763977 ], [ -122.386642, 37.763974 ], [ -122.386614, 37.763955 ], [ -122.386601, 37.763929 ], [ -122.386605, 37.7639 ], [ -122.386621, 37.763886 ], [ -122.386739, 37.763809 ], [ -122.386851, 37.763722 ], [ -122.386912, 37.76368 ], [ -122.386976, 37.763651 ], [ -122.387054, 37.763631 ], [ -122.387272, 37.763605 ], [ -122.387241, 37.76351 ], [ -122.386905, 37.76355 ], [ -122.386894, 37.763479 ], [ -122.386775, 37.763415 ], [ -122.386725, 37.763471 ], [ -122.38663, 37.763443 ], [ -122.386593, 37.763415 ], [ -122.386503, 37.763388 ], [ -122.386597, 37.763185 ], [ -122.386314, 37.763102 ], [ -122.386214, 37.763316 ], [ -122.38551, 37.76333 ], [ -122.385503, 37.763234 ], [ -122.385279, 37.76324 ], [ -122.385288, 37.76337 ], [ -122.385182, 37.763373 ], [ -122.385104, 37.76232 ], [ -122.384681, 37.762111 ], [ -122.384292, 37.762135 ], [ -122.384462, 37.764047 ], [ -122.384304, 37.764057 ], [ -122.384132, 37.762257 ], [ -122.383427, 37.762301 ], [ -122.383451, 37.762466 ], [ -122.383631, 37.762457 ], [ -122.383669, 37.762553 ], [ -122.383744, 37.762544 ], [ -122.383905, 37.764144 ], [ -122.383833, 37.764148 ], [ -122.38381, 37.764236 ], [ -122.383582, 37.764254 ], [ -122.383539, 37.764164 ], [ -122.383463, 37.764168 ], [ -122.38346, 37.764131 ], [ -122.383299, 37.76414 ], [ -122.383109, 37.762321 ], [ -122.38229, 37.762372 ], [ -122.382514, 37.764606 ], [ -122.382344, 37.764612 ], [ -122.382122, 37.762382 ], [ -122.381748, 37.762405 ], [ -122.381695, 37.764738 ], [ -122.381632, 37.764741 ], [ -122.381631, 37.764801 ], [ -122.381492, 37.764806 ], [ -122.38145, 37.764935 ], [ -122.381173, 37.764933 ], [ -122.381124, 37.764799 ], [ -122.380984, 37.764799 ], [ -122.381029, 37.762224 ], [ -122.383307, 37.762082 ], [ -122.382185, 37.76088 ], [ -122.382139, 37.76089 ], [ -122.382097, 37.760884 ], [ -122.382064, 37.760867 ], [ -122.382009, 37.760806 ], [ -122.381985, 37.760752 ], [ -122.381981, 37.760691 ], [ -122.381997, 37.760639 ], [ -122.381696, 37.760647 ], [ -122.381838, 37.762119 ], [ -122.381336, 37.762148 ], [ -122.381148, 37.760158 ], [ -122.380611, 37.760188 ], [ -122.380913, 37.763336 ], [ -122.380702, 37.763342 ], [ -122.3804, 37.7602 ], [ -122.37997, 37.760224 ], [ -122.379507, 37.76025 ], [ -122.379808, 37.763457 ], [ -122.379779, 37.763485 ], [ -122.379566, 37.763494 ], [ -122.379533, 37.763466 ], [ -122.379202, 37.759938 ], [ -122.381256, 37.759668 ], [ -122.381257, 37.759583 ], [ -122.381469, 37.759573 ], [ -122.381447, 37.759305 ], [ -122.381389, 37.759311 ], [ -122.381304, 37.759309 ], [ -122.381197, 37.758258 ], [ -122.381209, 37.758166 ], [ -122.381243, 37.758076 ], [ -122.38132, 37.757963 ], [ -122.381339, 37.757936 ], [ -122.381399, 37.757819 ], [ -122.381444, 37.757697 ], [ -122.381472, 37.757573 ], [ -122.381481, 37.757509 ], [ -122.381428, 37.757519 ], [ -122.381406, 37.757343 ], [ -122.381469, 37.7573 ], [ -122.38145, 37.757145 ], [ -122.381447, 37.757115 ], [ -122.381324, 37.757117 ], [ -122.381324, 37.757089 ], [ -122.381364, 37.757079 ], [ -122.381323, 37.756541 ], [ -122.381335, 37.756508 ], [ -122.381366, 37.756476 ], [ -122.381407, 37.756456 ], [ -122.3814, 37.756405 ], [ -122.381353, 37.756397 ], [ -122.38131, 37.756377 ], [ -122.381275, 37.756343 ], [ -122.381258, 37.756303 ], [ -122.381238, 37.755875 ], [ -122.381218, 37.755852 ], [ -122.381189, 37.755843 ], [ -122.381023, 37.755831 ], [ -122.381004, 37.755799 ], [ -122.38094, 37.7558 ], [ -122.380939, 37.755753 ], [ -122.381032, 37.755743 ], [ -122.380882, 37.75565 ], [ -122.380758, 37.755552 ], [ -122.380731, 37.755486 ], [ -122.380719, 37.755411 ], [ -122.380725, 37.755335 ], [ -122.380749, 37.755261 ], [ -122.380775, 37.755219 ], [ -122.380836, 37.755182 ], [ -122.380897, 37.755163 ], [ -122.381022, 37.755151 ], [ -122.381133, 37.755126 ], [ -122.381227, 37.75509 ], [ -122.381322, 37.755069 ], [ -122.381403, 37.755071 ], [ -122.381476, 37.755087 ], [ -122.381604, 37.755143 ], [ -122.381675, 37.755156 ], [ -122.381714, 37.755156 ], [ -122.382834, 37.755036 ], [ -122.383669, 37.754972 ], [ -122.383744, 37.754947 ], [ -122.383824, 37.754937 ], [ -122.384072, 37.754951 ], [ -122.384101, 37.754914 ], [ -122.384077, 37.754659 ], [ -122.384, 37.754618 ], [ -122.383696, 37.754701 ], [ -122.383548, 37.754735 ], [ -122.383442, 37.75474 ], [ -122.383326, 37.754729 ], [ -122.383234, 37.754707 ], [ -122.383148, 37.754674 ], [ -122.383069, 37.754631 ], [ -122.383016, 37.754592 ], [ -122.382909, 37.754461 ], [ -122.382896, 37.754442 ], [ -122.3825, 37.754499 ], [ -122.381516, 37.754631 ], [ -122.380928, 37.754637 ], [ -122.380383, 37.754617 ], [ -122.380111, 37.754533 ], [ -122.380049, 37.754346 ], [ -122.380049, 37.754048 ], [ -122.380014, 37.753358 ], [ -122.380985, 37.753228 ], [ -122.381711, 37.753186 ], [ -122.381732, 37.753202 ], [ -122.381839, 37.753261 ], [ -122.38197, 37.75331 ], [ -122.382, 37.753317 ], [ -122.382096, 37.753338 ], [ -122.38224, 37.75335 ], [ -122.382441, 37.753341 ], [ -122.382525, 37.753349 ], [ -122.382626, 37.753377 ], [ -122.382697, 37.753413 ], [ -122.382764, 37.753463 ], [ -122.382809, 37.753513 ], [ -122.38285, 37.753585 ], [ -122.382868, 37.753657 ], [ -122.382866, 37.753758 ], [ -122.382873, 37.753913 ], [ -122.382904, 37.754097 ], [ -122.382841, 37.754125 ], [ -122.382806, 37.754159 ], [ -122.382784, 37.754207 ], [ -122.382785, 37.754259 ], [ -122.382817, 37.754323 ], [ -122.382844, 37.754364 ], [ -122.38296, 37.754357 ], [ -122.383074, 37.75435 ], [ -122.384062, 37.754291 ], [ -122.38583, 37.754187 ], [ -122.385973, 37.754225 ], [ -122.386939, 37.754168 ], [ -122.387066, 37.755446 ], [ -122.387195, 37.756778 ], [ -122.387313, 37.758 ], [ -122.386347, 37.758058 ], [ -122.386589, 37.760609 ], [ -122.387569, 37.76055 ], [ -122.388556, 37.760491 ], [ -122.389486, 37.760435 ], [ -122.389594, 37.76039 ], [ -122.390447, 37.760347 ], [ -122.391412, 37.760299 ] ] ], [ [ [ -122.37987, 37.762224 ], [ -122.37997, 37.760224 ], [ -122.38017, 37.762124 ], [ -122.37987, 37.762224 ] ] ] ] } },
{ "type": "Feature", "properties": { "BlockGroup": 60750226002 }, "geometry": { "type": "Polygon", "coordinates": [ [ [ -122.391232, 37.752657 ], [ -122.391236, 37.752722 ], [ -122.391321, 37.753292 ], [ -122.391529, 37.754012 ], [ -122.391878, 37.754916 ], [ -122.391901, 37.755155 ], [ -122.391954, 37.755152 ], [ -122.392082, 37.755144 ], [ -122.392207, 37.755137 ], [ -122.392248, 37.755254 ], [ -122.392447, 37.756436 ], [ -122.392452, 37.756763 ], [ -122.392461, 37.757398 ], [ -122.392444, 37.757692 ], [ -122.392419, 37.758118 ], [ -122.392447, 37.759671 ], [ -122.392494, 37.760245 ], [ -122.39238, 37.760251 ], [ -122.392256, 37.760257 ], [ -122.391412, 37.760299 ], [ -122.390447, 37.760347 ], [ -122.389594, 37.76039 ], [ -122.389486, 37.760435 ], [ -122.388556, 37.760491 ], [ -122.387569, 37.76055 ], [ -122.386589, 37.760609 ], [ -122.386347, 37.758058 ], [ -122.387313, 37.758 ], [ -122.387195, 37.756778 ], [ -122.387066, 37.755446 ], [ -122.386939, 37.754168 ], [ -122.385973, 37.754225 ], [ -122.38583, 37.754187 ], [ -122.384062, 37.754291 ], [ -122.383074, 37.75435 ], [ -122.38296, 37.754357 ], [ -122.382844, 37.754364 ], [ -122.382817, 37.754323 ], [ -122.382785, 37.754259 ], [ -122.382784, 37.754207 ], [ -122.382806, 37.754159 ], [ -122.382841, 37.754125 ], [ -122.382904, 37.754097 ], [ -122.382873, 37.753913 ], [ -122.382866, 37.753758 ], [ -122.382868, 37.753657 ], [ -122.38285, 37.753585 ], [ -122.382809, 37.753513 ], [ -122.382764, 37.753463 ], [ -122.382697, 37.753413 ], [ -122.382626, 37.753377 ], [ -122.382525, 37.753349 ], [ -122.382441, 37.753341 ], [ -122.38224, 37.75335 ], [ -122.382096, 37.753338 ], [ -122.382, 37.753317 ], [ -122.38197, 37.75331 ], [ -122.381839, 37.753261 ], [ -122.381732, 37.753202 ], [ -122.381711, 37.753186 ], [ -122.381985, 37.75317 ], [ -122.382951, 37.753114 ], [ -122.383914, 37.753058 ], [ -122.38488, 37.753002 ], [ -122.385846, 37.752946 ], [ -122.386812, 37.75289 ], [ -122.387756, 37.752836 ], [ -122.388753, 37.752778 ], [ -122.38973, 37.752721 ], [ -122.390683, 37.752663 ], [ -122.391232, 37.752657 ] ] ] } },
{ "type": "Feature", "properties": { "BlockGroup": 60750227021 }, "geometry": { "type": "Polygon", "coordinates": [ [ [ -122.398703, 37.765014 ], [ -122.397737, 37.765072 ], [ -122.396771, 37.76513 ], [ -122.395807, 37.765189 ], [ -122.394829, 37.765248 ], [ -122.393848, 37.765307 ], [ -122.39373, 37.764021 ], [ -122.393221, 37.764053 ], [ -122.393174, 37.764056 ], [ -122.392995, 37.764067 ], [ -122.392745, 37.764082 ], [ -122.392714, 37.764084 ], [ -122.3926, 37.763438 ], [ -122.39252, 37.762819 ], [ -122.392626, 37.762813 ], [ -122.392769, 37.762804 ], [ -122.392962, 37.762793 ], [ -122.392987, 37.762791 ], [ -122.393613, 37.762756 ], [ -122.394595, 37.762696 ], [ -122.395561, 37.762638 ], [ -122.396527, 37.76258 ], [ -122.397495, 37.762521 ], [ -122.398461, 37.762463 ], [ -122.39858, 37.763736 ], [ -122.398703, 37.765014 ] ] ] } },
{ "type": "Feature", "properties": { "BlockGroup": 60750227022 }, "geometry": { "type": "Polygon", "coordinates": [ [ [ -122.396284, 37.760026 ], [ -122.397249, 37.759967 ], [ -122.398216, 37.759909 ], [ -122.398278, 37.760556 ], [ -122.398338, 37.761184 ], [ -122.398461, 37.762463 ], [ -122.397495, 37.762521 ], [ -122.396527, 37.76258 ], [ -122.395561, 37.762638 ], [ -122.394595, 37.762696 ], [ -122.393613, 37.762756 ], [ -122.392987, 37.762791 ], [ -122.392962, 37.762793 ], [ -122.392769, 37.762804 ], [ -122.392626, 37.762813 ], [ -122.39252, 37.762819 ], [ -122.392451, 37.762281 ], [ -122.392371, 37.761544 ], [ -122.392319, 37.76106 ], [ -122.392415, 37.760613 ], [ -122.392494, 37.760245 ], [ -122.393365, 37.760202 ], [ -122.394352, 37.760142 ], [ -122.395315, 37.760084 ], [ -122.396284, 37.760026 ] ] ] } },
{ "type": "Feature", "properties": { "BlockGroup": 60750227041 }, "geometry": { "type": "Polygon", "coordinates": [ [ [ -122.406147, 37.761638 ], [ -122.406022, 37.761863 ], [ -122.405926, 37.762012 ], [ -122.405654, 37.762433 ], [ -122.405384, 37.76297 ], [ -122.405324, 37.763137 ], [ -122.405258, 37.763323 ], [ -122.405203, 37.763478 ], [ -122.405105, 37.763852 ], [ -122.40506, 37.764311 ], [ -122.40509, 37.764628 ], [ -122.40484, 37.764643 ], [ -122.404497, 37.764664 ], [ -122.403527, 37.764723 ], [ -122.402563, 37.764781 ], [ -122.401599, 37.764839 ], [ -122.400633, 37.764898 ], [ -122.399662, 37.764956 ], [ -122.398703, 37.765014 ], [ -122.39858, 37.763736 ], [ -122.398461, 37.762463 ], [ -122.398338, 37.761184 ], [ -122.399303, 37.761126 ], [ -122.400267, 37.761068 ], [ -122.4012, 37.761012 ], [ -122.401377, 37.761007 ], [ -122.402071, 37.760967 ], [ -122.402203, 37.760951 ], [ -122.403171, 37.760892 ], [ -122.404134, 37.760834 ], [ -122.404963, 37.760784 ], [ -122.405097, 37.760792 ], [ -122.405835, 37.760749 ], [ -122.405921, 37.760744 ], [ -122.406061, 37.760753 ], [ -122.40626, 37.760743 ], [ -122.40648, 37.760731 ], [ -122.406283, 37.761393 ], [ -122.406147, 37.761638 ] ] ] } },
{ "type": "Feature", "properties": { "BlockGroup": 60750227042 }, "geometry": { "type": "Polygon", "coordinates": [ [ [ -122.404442, 37.757748 ], [ -122.404836, 37.758034 ], [ -122.405048, 37.758189 ], [ -122.405545, 37.758537 ], [ -122.405903, 37.758934 ], [ -122.406104, 37.759196 ], [ -122.406244, 37.759422 ], [ -122.406262, 37.759452 ], [ -122.406389, 37.759804 ], [ -122.406492, 37.760255 ], [ -122.406493, 37.760686 ], [ -122.40648, 37.760731 ], [ -122.40626, 37.760743 ], [ -122.406061, 37.760753 ], [ -122.405921, 37.760744 ], [ -122.405835, 37.760749 ], [ -122.405097, 37.760792 ], [ -122.404963, 37.760784 ], [ -122.404134, 37.760834 ], [ -122.403171, 37.760892 ], [ -122.402203, 37.760951 ], [ -122.402071, 37.760967 ], [ -122.401377, 37.761007 ], [ -122.4012, 37.761012 ], [ -122.400267, 37.761068 ], [ -122.399303, 37.761126 ], [ -122.398338, 37.761184 ], [ -122.398278, 37.760556 ], [ -122.398216, 37.759909 ], [ -122.39797, 37.757359 ], [ -122.398574, 37.757323 ], [ -122.398939, 37.757301 ], [ -122.399907, 37.757243 ], [ -122.40087, 37.757185 ], [ -122.401833, 37.757121 ], [ -122.402803, 37.757068 ], [ -122.403074, 37.757052 ], [ -122.403461, 37.757029 ], [ -122.403689, 37.757015 ], [ -122.403774, 37.757138 ], [ -122.404169, 37.75753 ], [ -122.404442, 37.757748 ] ] ] } },
{ "type": "Feature", "properties": { "BlockGroup": 60750228011 }, "geometry": { "type": "Polygon", "coordinates": [ [ [ -122.413755, 37.760564 ], [ -122.414842, 37.760499 ], [ -122.415929, 37.760433 ], [ -122.417026, 37.760367 ], [ -122.417179, 37.761968 ], [ -122.417332, 37.763572 ], [ -122.416227, 37.763635 ], [ -122.415155, 37.763697 ], [ -122.413722, 37.763779 ], [ -122.413588, 37.763823 ], [ -122.413003, 37.764091 ], [ -122.412859, 37.764159 ], [ -122.412293, 37.764193 ], [ -122.41133, 37.764252 ], [ -122.410364, 37.76431 ], [ -122.409393, 37.764369 ], [ -122.408424, 37.764427 ], [ -122.408303, 37.763122 ], [ -122.408187, 37.761876 ], [ -122.408064, 37.760601 ], [ -122.409033, 37.760543 ], [ -122.409997, 37.760485 ], [ -122.410962, 37.760427 ], [ -122.411706, 37.760383 ], [ -122.411927, 37.76037 ], [ -122.412643, 37.760324 ], [ -122.412681, 37.760629 ], [ -122.413755, 37.760564 ] ] ] } },
{ "type": "Feature", "properties": { "BlockGroup": 60750228012 }, "geometry": { "type": "Polygon", "coordinates": [ [ [ -122.407898, 37.75922 ], [ -122.407754, 37.757705 ], [ -122.408651, 37.757651 ], [ -122.409588, 37.757595 ], [ -122.410527, 37.757539 ], [ -122.411424, 37.757485 ], [ -122.412348, 37.75743 ], [ -122.412501, 37.759028 ], [ -122.41261, 37.760062 ], [ -122.412643, 37.760324 ], [ -122.411927, 37.76037 ], [ -122.411706, 37.760383 ], [ -122.410962, 37.760427 ], [ -122.409997, 37.760485 ], [ -122.409033, 37.760543 ], [ -122.408064, 37.760601 ], [ -122.40794, 37.759305 ], [ -122.407898, 37.75922 ] ] ] } },
{ "type": "Feature", "properties": { "BlockGroup": 60750228013 }, "geometry": { "type": "Polygon", "coordinates": [ [ [ -122.412348, 37.75743 ], [ -122.413447, 37.757363 ], [ -122.414541, 37.757298 ], [ -122.415626, 37.757232 ], [ -122.41672, 37.757167 ], [ -122.416872, 37.758764 ], [ -122.417026, 37.760367 ], [ -122.415929, 37.760433 ], [ -122.414842, 37.760499 ], [ -122.413755, 37.760564 ], [ -122.412681, 37.760629 ], [ -122.412643, 37.760324 ], [ -122.41261, 37.760062 ], [ -122.412501, 37.759028 ], [ -122.412348, 37.75743 ] ] ] } },
{ "type": "Feature", "properties": { "BlockGroup": 60750228021 }, "geometry": { "type": "Polygon", "coordinates": [ [ [ -122.408303, 37.763122 ], [ -122.408424, 37.764427 ], [ -122.40742, 37.764488 ], [ -122.406429, 37.764548 ], [ -122.405463, 37.764606 ], [ -122.40509, 37.764628 ], [ -122.40506, 37.764311 ], [ -122.405105, 37.763852 ], [ -122.405203, 37.763478 ], [ -122.405258, 37.763323 ], [ -122.405324, 37.763137 ], [ -122.405384, 37.76297 ], [ -122.405654, 37.762433 ], [ -122.405926, 37.762012 ], [ -122.406022, 37.761863 ], [ -122.406147, 37.761638 ], [ -122.406283, 37.761393 ], [ -122.40648, 37.760731 ], [ -122.406706, 37.760719 ], [ -122.406883, 37.76071 ], [ -122.407066, 37.760661 ], [ -122.408064, 37.760601 ], [ -122.408187, 37.761876 ], [ -122.408303, 37.763122 ] ] ] } },
{ "type": "Feature", "properties": { "BlockGroup": 60750228022 }, "geometry": { "type": "Polygon", "coordinates": [ [ [ -122.407449, 37.754506 ], [ -122.407602, 37.756109 ], [ -122.407754, 37.757705 ], [ -122.407898, 37.75922 ], [ -122.40794, 37.759305 ], [ -122.408064, 37.760601 ], [ -122.407066, 37.760661 ], [ -122.406883, 37.76071 ], [ -122.406706, 37.760719 ], [ -122.40648, 37.760731 ], [ -122.406493, 37.760686 ], [ -122.406492, 37.760255 ], [ -122.406389, 37.759804 ], [ -122.406262, 37.759452 ], [ -122.406244, 37.759422 ], [ -122.406104, 37.759196 ], [ -122.405903, 37.758934 ], [ -122.405545, 37.758537 ], [ -122.405048, 37.758189 ], [ -122.404836, 37.758034 ], [ -122.404442, 37.757748 ], [ -122.404169, 37.75753 ], [ -122.403774, 37.757138 ], [ -122.403689, 37.757015 ], [ -122.403544, 37.756804 ], [ -122.403396, 37.756471 ], [ -122.403306, 37.756166 ], [ -122.403245, 37.75576 ], [ -122.403127, 37.754478 ], [ -122.403523, 37.754454 ], [ -122.404484, 37.754396 ], [ -122.405032, 37.754363 ], [ -122.405454, 37.754337 ], [ -122.406453, 37.754277 ], [ -122.406402, 37.754351 ], [ -122.406418, 37.754514 ], [ -122.40648, 37.754564 ], [ -122.407449, 37.754506 ] ] ] } },
{ "type": "Feature", "properties": { "BlockGroup": 60750228031 }, "geometry": { "type": "Polygon", "coordinates": [ [ [ -122.412047, 37.75423 ], [ -122.413141, 37.754165 ], [ -122.414234, 37.754099 ], [ -122.41532, 37.754034 ], [ -122.416413, 37.753968 ], [ -122.416567, 37.755568 ], [ -122.41672, 37.757167 ], [ -122.415626, 37.757232 ], [ -122.414541, 37.757298 ], [ -122.413447, 37.757363 ], [ -122.412348, 37.75743 ], [ -122.412198, 37.755833 ], [ -122.412047, 37.75423 ] ] ] } },
{ "type": "Feature", "properties": { "BlockGroup": 60750228032 }, "geometry": { "type": "Polygon", "coordinates": [ [ [ -122.412348, 37.75743 ], [ -122.411424, 37.757485 ], [ -122.410527, 37.757539 ], [ -122.409588, 37.757595 ], [ -122.408651, 37.757651 ], [ -122.407754, 37.757705 ], [ -122.407602, 37.756109 ], [ -122.408499, 37.756055 ], [ -122.409433, 37.755998 ], [ -122.410373, 37.755942 ], [ -122.411273, 37.755888 ], [ -122.412198, 37.755833 ], [ -122.412348, 37.75743 ] ] ] } },
{ "type": "Feature", "properties": { "BlockGroup": 60750228033 }, "geometry": { "type": "Polygon", "coordinates": [ [ [ -122.412198, 37.755833 ], [ -122.411273, 37.755888 ], [ -122.410373, 37.755942 ], [ -122.409433, 37.755998 ], [ -122.408499, 37.756055 ], [ -122.407602, 37.756109 ], [ -122.407449, 37.754506 ], [ -122.408343, 37.754453 ], [ -122.409253, 37.754398 ], [ -122.41022, 37.754341 ], [ -122.41112, 37.754287 ], [ -122.412047, 37.75423 ], [ -122.412198, 37.755833 ] ] ] } },
{ "type": "Feature", "properties": { "BlockGroup": 60750229011 }, "geometry": { "type": "Polygon", "coordinates": [ [ [ -122.416108, 37.750771 ], [ -122.416266, 37.752373 ], [ -122.416413, 37.753968 ], [ -122.41532, 37.754034 ], [ -122.414234, 37.754099 ], [ -122.413141, 37.754165 ], [ -122.412047, 37.75423 ], [ -122.4119, 37.752629 ], [ -122.412464, 37.752601 ], [ -122.412995, 37.752573 ], [ -122.413517, 37.752538 ], [ -122.414086, 37.752506 ], [ -122.413926, 37.750903 ], [ -122.41449, 37.750869 ], [ -122.415014, 37.750837 ], [ -122.415542, 37.750805 ], [ -122.416108, 37.750771 ] ] ] } },
{ "type": "Feature", "properties": { "BlockGroup": 60750229012 }, "geometry": { "type": "Polygon", "coordinates": [ [ [ -122.413536, 37.748304 ], [ -122.413669, 37.748255 ], [ -122.413725, 37.74884 ], [ -122.413771, 37.749304 ], [ -122.413926, 37.750903 ], [ -122.414086, 37.752506 ], [ -122.413517, 37.752538 ], [ -122.412995, 37.752573 ], [ -122.412464, 37.752601 ], [ -122.4119, 37.752629 ], [ -122.411746, 37.751034 ], [ -122.411593, 37.749436 ], [ -122.411544, 37.748932 ], [ -122.411484, 37.748298 ], [ -122.411628, 37.748341 ], [ -122.412589, 37.748322 ], [ -122.413536, 37.748304 ] ] ] } },
{ "type": "Feature", "properties": { "BlockGroup": 60750229013 }, "geometry": { "type": "Polygon", "coordinates": [ [ [ -122.415728, 37.748255 ], [ -122.415863, 37.748212 ], [ -122.415955, 37.749172 ], [ -122.416108, 37.750771 ], [ -122.415542, 37.750805 ], [ -122.415014, 37.750837 ], [ -122.41449, 37.750869 ], [ -122.413926, 37.750903 ], [ -122.413771, 37.749304 ], [ -122.413725, 37.74884 ], [ -122.413669, 37.748255 ], [ -122.413818, 37.748292 ], [ -122.414826, 37.748273 ], [ -122.414919, 37.748231 ], [ -122.415026, 37.748267 ], [ -122.415728, 37.748255 ] ] ] } },
{ "type": "Feature", "properties": { "BlockGroup": 60750229021 }, "geometry": { "type": "Polygon", "coordinates": [ [ [ -122.4119, 37.752629 ], [ -122.412047, 37.75423 ], [ -122.41112, 37.754287 ], [ -122.41022, 37.754341 ], [ -122.409253, 37.754398 ], [ -122.409239, 37.754262 ], [ -122.409266, 37.754223 ], [ -122.40913, 37.752796 ], [ -122.408978, 37.751201 ], [ -122.409914, 37.751145 ], [ -122.410811, 37.751092 ], [ -122.411746, 37.751034 ], [ -122.4119, 37.752629 ] ] ] } },
{ "type": "Feature", "properties": { "BlockGroup": 60750229022 }, "geometry": { "type": "Polygon", "coordinates": [ [ [ -122.408706, 37.748353 ], [ -122.408854, 37.748397 ], [ -122.409547, 37.748385 ], [ -122.409646, 37.748334 ], [ -122.409749, 37.74838 ], [ -122.410449, 37.748365 ], [ -122.410546, 37.748317 ], [ -122.410654, 37.748363 ], [ -122.411346, 37.748344 ], [ -122.411484, 37.748298 ], [ -122.411544, 37.748932 ], [ -122.411593, 37.749436 ], [ -122.411746, 37.751034 ], [ -122.410811, 37.751092 ], [ -122.409914, 37.751145 ], [ -122.408978, 37.751201 ], [ -122.408825, 37.749601 ], [ -122.408706, 37.748353 ] ] ] } },
{ "type": "Feature", "properties": { "BlockGroup": 60750229031 }, "geometry": { "type": "Polygon", "coordinates": [ [ [ -122.40913, 37.752796 ], [ -122.409266, 37.754223 ], [ -122.409239, 37.754262 ], [ -122.409253, 37.754398 ], [ -122.408343, 37.754453 ], [ -122.407449, 37.754506 ], [ -122.40648, 37.754564 ], [ -122.406418, 37.754514 ], [ -122.406402, 37.754351 ], [ -122.406453, 37.754277 ], [ -122.406336, 37.753004 ], [ -122.406219, 37.751726 ], [ -122.406187, 37.751367 ], [ -122.407139, 37.75131 ], [ -122.408037, 37.751257 ], [ -122.408978, 37.751201 ], [ -122.40913, 37.752796 ] ] ] } },
{ "type": "Feature", "properties": { "BlockGroup": 60750229032 }, "geometry": { "type": "Polygon", "coordinates": [ [ [ -122.406201, 37.751064 ], [ -122.406224, 37.751242 ], [ -122.406187, 37.751367 ], [ -122.406219, 37.751726 ], [ -122.406336, 37.753004 ], [ -122.406453, 37.754277 ], [ -122.405454, 37.754337 ], [ -122.405032, 37.754363 ], [ -122.404484, 37.754396 ], [ -122.403523, 37.754454 ], [ -122.403127, 37.754478 ], [ -122.403011, 37.753202 ], [ -122.402978, 37.75275 ], [ -122.403007, 37.752446 ], [ -122.403169, 37.751909 ], [ -122.403225, 37.751722 ], [ -122.40326, 37.751624 ], [ -122.403357, 37.751351 ], [ -122.403377, 37.750931 ], [ -122.403309, 37.750885 ], [ -122.403514, 37.750282 ], [ -122.403736, 37.749584 ], [ -122.403784, 37.749433 ], [ -122.404306, 37.749319 ], [ -122.404777, 37.749217 ], [ -122.40481, 37.74921 ], [ -122.404808, 37.749235 ], [ -122.404887, 37.749213 ], [ -122.405025, 37.749178 ], [ -122.405092, 37.749154 ], [ -122.405239, 37.749125 ], [ -122.405624, 37.749854 ], [ -122.406164, 37.750896 ], [ -122.406201, 37.751064 ] ] ] } },
{ "type": "Feature", "properties": { "BlockGroup": 60750229033 }, "geometry": { "type": "Polygon", "coordinates": [ [ [ -122.408604, 37.748402 ], [ -122.408706, 37.748353 ], [ -122.408825, 37.749601 ], [ -122.408978, 37.751201 ], [ -122.408037, 37.751257 ], [ -122.407139, 37.75131 ], [ -122.406187, 37.751367 ], [ -122.406264, 37.751275 ], [ -122.406237, 37.751025 ], [ -122.406182, 37.750754 ], [ -122.405439, 37.749318 ], [ -122.405457, 37.749175 ], [ -122.406335, 37.749007 ], [ -122.406487, 37.748957 ], [ -122.406739, 37.748869 ], [ -122.406758, 37.748766 ], [ -122.406892, 37.748772 ], [ -122.407152, 37.748685 ], [ -122.407774, 37.748475 ], [ -122.407882, 37.748405 ], [ -122.40807, 37.748398 ], [ -122.408604, 37.748402 ] ] ] } },
{ "type": "Feature", "properties": { "BlockGroup": 60750230011 }, "geometry": { "type": "Polygon", "coordinates": [ [ [ -122.40506, 37.733652 ], [ -122.405096, 37.733716 ], [ -122.405495, 37.734287 ], [ -122.406178, 37.735158 ], [ -122.406295, 37.735307 ], [ -122.406382, 37.735418 ], [ -122.406455, 37.735511 ], [ -122.406619, 37.735897 ], [ -122.406704, 37.736309 ], [ -122.406772, 37.736424 ], [ -122.406947, 37.737829 ], [ -122.406911, 37.737966 ], [ -122.406762, 37.738077 ], [ -122.405814, 37.738338 ], [ -122.405647, 37.738321 ], [ -122.405551, 37.738407 ], [ -122.405249, 37.738495 ], [ -122.40514, 37.738526 ], [ -122.405028, 37.738498 ], [ -122.404975, 37.738571 ], [ -122.404399, 37.738732 ], [ -122.404258, 37.738713 ], [ -122.404137, 37.738797 ], [ -122.403289, 37.739044 ], [ -122.403186, 37.739074 ], [ -122.402071, 37.739381 ], [ -122.401064, 37.739658 ], [ -122.400899, 37.739659 ], [ -122.400775, 37.739742 ], [ -122.400086, 37.739942 ], [ -122.399752, 37.739908 ], [ -122.399705, 37.73992 ], [ -122.399685, 37.739902 ], [ -122.399645, 37.73988 ], [ -122.39781, 37.738847 ], [ -122.395945, 37.737784 ], [ -122.396232, 37.737468 ], [ -122.396515, 37.737156 ], [ -122.396784, 37.737165 ], [ -122.397486, 37.736951 ], [ -122.397666, 37.736864 ], [ -122.398556, 37.736433 ], [ -122.400357, 37.735581 ], [ -122.400952, 37.735261 ], [ -122.401556, 37.734884 ], [ -122.401808, 37.734727 ], [ -122.402202, 37.734482 ], [ -122.402665, 37.734192 ], [ -122.402856, 37.734073 ], [ -122.403509, 37.733665 ], [ -122.404345, 37.733144 ], [ -122.404657, 37.732949 ], [ -122.40506, 37.733652 ] ] ] } },
{ "type": "Feature", "properties": { "BlockGroup": 60750230012 }, "geometry": { "type": "Polygon", "coordinates": [ [ [ -122.400566, 37.732861 ], [ -122.402114, 37.73443 ], [ -122.402202, 37.734482 ], [ -122.401808, 37.734727 ], [ -122.401556, 37.734884 ], [ -122.400952, 37.735261 ], [ -122.400357, 37.735581 ], [ -122.398556, 37.736433 ], [ -122.397666, 37.736864 ], [ -122.397486, 37.736951 ], [ -122.396784, 37.737165 ], [ -122.396515, 37.737156 ], [ -122.397082, 37.736533 ], [ -122.397649, 37.735913 ], [ -122.398014, 37.735515 ], [ -122.398209, 37.735308 ], [ -122.398342, 37.734311 ], [ -122.398391, 37.734088 ], [ -122.398488, 37.733808 ], [ -122.398585, 37.733639 ], [ -122.400022, 37.732311 ], [ -122.400566, 37.732861 ] ] ] } },
{ "type": "Feature", "properties": { "BlockGroup": 60750230013 }, "geometry": { "type": "Polygon", "coordinates": [ [ [ -122.402752, 37.729357 ], [ -122.403022, 37.729902 ], [ -122.4034, 37.730658 ], [ -122.403962, 37.73161 ], [ -122.404657, 37.732949 ], [ -122.404345, 37.733144 ], [ -122.403509, 37.733665 ], [ -122.402856, 37.734073 ], [ -122.402665, 37.734192 ], [ -122.402202, 37.734482 ], [ -122.402114, 37.73443 ], [ -122.400566, 37.732861 ], [ -122.400022, 37.732311 ], [ -122.399423, 37.731703 ], [ -122.400293, 37.731478 ], [ -122.400281, 37.731399 ], [ -122.399854, 37.730382 ], [ -122.399867, 37.730292 ], [ -122.400274, 37.729838 ], [ -122.400834, 37.729211 ], [ -122.401395, 37.728584 ], [ -122.401955, 37.727957 ], [ -122.402105, 37.72779 ], [ -122.402209, 37.728102 ], [ -122.402752, 37.729357 ] ] ] } },
{ "type": "Feature", "properties": { "BlockGroup": 60750230031 }, "geometry": { "type": "Polygon", "coordinates": [ [ [ -122.396969, 37.72988 ], [ -122.397177, 37.72991 ], [ -122.39739, 37.72994 ], [ -122.398074, 37.730037 ], [ -122.39897, 37.730165 ], [ -122.399867, 37.730292 ], [ -122.399854, 37.730382 ], [ -122.400281, 37.731399 ], [ -122.400293, 37.731478 ], [ -122.399423, 37.731703 ], [ -122.400022, 37.732311 ], [ -122.398585, 37.733639 ], [ -122.398488, 37.733808 ], [ -122.398391, 37.734088 ], [ -122.398342, 37.734311 ], [ -122.398209, 37.735308 ], [ -122.398014, 37.735515 ], [ -122.397649, 37.735913 ], [ -122.397082, 37.736533 ], [ -122.396515, 37.737156 ], [ -122.395686, 37.736686 ], [ -122.394924, 37.736255 ], [ -122.394662, 37.736107 ], [ -122.392776, 37.735038 ], [ -122.39334, 37.734413 ], [ -122.393904, 37.733788 ], [ -122.394273, 37.733373 ], [ -122.394678, 37.732918 ], [ -122.395516, 37.731972 ], [ -122.395726, 37.731912 ], [ -122.396045, 37.731197 ], [ -122.396126, 37.730841 ], [ -122.396194, 37.730747 ], [ -122.396409, 37.729801 ], [ -122.396969, 37.72988 ] ] ] } },
{ "type": "Feature", "properties": { "BlockGroup": 60750230032 }, "geometry": { "type": "Polygon", "coordinates": [ [ [ -122.392349, 37.730067 ], [ -122.392453, 37.729972 ], [ -122.392661, 37.729376 ], [ -122.392625, 37.729278 ], [ -122.393582, 37.729399 ], [ -122.394479, 37.729527 ], [ -122.394886, 37.729584 ], [ -122.395377, 37.729654 ], [ -122.396014, 37.729745 ], [ -122.396409, 37.729801 ], [ -122.396194, 37.730747 ], [ -122.396126, 37.730841 ], [ -122.396045, 37.731197 ], [ -122.395726, 37.731912 ], [ -122.395516, 37.731972 ], [ -122.394678, 37.732918 ], [ -122.394273, 37.733373 ], [ -122.393904, 37.733788 ], [ -122.391521, 37.732432 ], [ -122.39164, 37.732295 ], [ -122.39182, 37.731781 ], [ -122.391797, 37.731644 ], [ -122.391899, 37.731555 ], [ -122.392111, 37.73095 ], [ -122.392073, 37.730855 ], [ -122.392149, 37.730822 ], [ -122.392192, 37.730697 ], [ -122.392147, 37.730642 ], [ -122.392241, 37.730577 ], [ -122.392372, 37.730203 ], [ -122.392349, 37.730067 ] ] ] } },
{ "type": "Feature", "properties": { "BlockGroup": 60750231021 }, "geometry": { "type": "Polygon", "coordinates": [ [ [ -122.385054, 37.733177 ], [ -122.385157, 37.733257 ], [ -122.38531, 37.733472 ], [ -122.385614, 37.733978 ], [ -122.385627, 37.734019 ], [ -122.385783, 37.7345 ], [ -122.385966, 37.734829 ], [ -122.386067, 37.734933 ], [ -122.386297, 37.735169 ], [ -122.386562, 37.735343 ], [ -122.387029, 37.735623 ], [ -122.387176, 37.735662 ], [ -122.387253, 37.735751 ], [ -122.388529, 37.736475 ], [ -122.388653, 37.736483 ], [ -122.388091, 37.737106 ], [ -122.387528, 37.737731 ], [ -122.386962, 37.738359 ], [ -122.386399, 37.738983 ], [ -122.385835, 37.739609 ], [ -122.385282, 37.74024 ], [ -122.38341, 37.739177 ], [ -122.381558, 37.738123 ], [ -122.381743, 37.737927 ], [ -122.381795, 37.73777 ], [ -122.381807, 37.737732 ], [ -122.3818, 37.737568 ], [ -122.381767, 37.737466 ], [ -122.381737, 37.737371 ], [ -122.381725, 37.737254 ], [ -122.381808, 37.737141 ], [ -122.381973, 37.737083 ], [ -122.382121, 37.737097 ], [ -122.382872, 37.737278 ], [ -122.383394, 37.737552 ], [ -122.383732, 37.73759 ], [ -122.384047, 37.737514 ], [ -122.383842, 37.73722 ], [ -122.383693, 37.736813 ], [ -122.383638, 37.736605 ], [ -122.383576, 37.73637 ], [ -122.383425, 37.735803 ], [ -122.383384, 37.735647 ], [ -122.383234, 37.735211 ], [ -122.383134, 37.734977 ], [ -122.382962, 37.734603 ], [ -122.382934, 37.734543 ], [ -122.382919, 37.734511 ], [ -122.38236, 37.733715 ], [ -122.382279, 37.733632 ], [ -122.38203, 37.733373 ], [ -122.381852, 37.733188 ], [ -122.381313, 37.732812 ], [ -122.380982, 37.732645 ], [ -122.380623, 37.732508 ], [ -122.380327, 37.732425 ], [ -122.380185, 37.732422 ], [ -122.380133, 37.732554 ], [ -122.380186, 37.73266 ], [ -122.38066, 37.732984 ], [ -122.381018, 37.733237 ], [ -122.381295, 37.733463 ], [ -122.381476, 37.733714 ], [ -122.38144, 37.733889 ], [ -122.381284, 37.734034 ], [ -122.3802, 37.733432 ], [ -122.380111, 37.733398 ], [ -122.379932, 37.733381 ], [ -122.379923, 37.73321 ], [ -122.379596, 37.732465 ], [ -122.379581, 37.732392 ], [ -122.379475, 37.732192 ], [ -122.379346, 37.731837 ], [ -122.379347, 37.731679 ], [ -122.379348, 37.731544 ], [ -122.379475, 37.731228 ], [ -122.379552, 37.731109 ], [ -122.379648, 37.73096 ], [ -122.379779, 37.730799 ], [ -122.379901, 37.730719 ], [ -122.379995, 37.730657 ], [ -122.380311, 37.730529 ], [ -122.38064, 37.730504 ], [ -122.381439, 37.730582 ], [ -122.381431, 37.730868 ], [ -122.381521, 37.731061 ], [ -122.381608, 37.731175 ], [ -122.381722, 37.731324 ], [ -122.381949, 37.731529 ], [ -122.382384, 37.731834 ], [ -122.382836, 37.732051 ], [ -122.383369, 37.732257 ], [ -122.383803, 37.732434 ], [ -122.384279, 37.732652 ], [ -122.384416, 37.732717 ], [ -122.384866, 37.732959 ], [ -122.385002, 37.733071 ], [ -122.385054, 37.733177 ] ] ] } },
{ "type": "Feature", "properties": { "BlockGroup": 60750231022 }, "geometry": { "type": "Polygon", "coordinates": [ [ [ -122.384416, 37.732717 ], [ -122.384279, 37.732652 ], [ -122.383803, 37.732434 ], [ -122.383369, 37.732257 ], [ -122.382836, 37.732051 ], [ -122.382384, 37.731834 ], [ -122.381949, 37.731529 ], [ -122.381722, 37.731324 ], [ -122.381608, 37.731175 ], [ -122.381521, 37.731061 ], [ -122.381431, 37.730868 ], [ -122.381439, 37.730582 ], [ -122.381782, 37.730617 ], [ -122.38209, 37.730635 ], [ -122.38227, 37.73062 ], [ -122.382628, 37.730512 ], [ -122.382776, 37.730419 ], [ -122.382888, 37.730342 ], [ -122.383431, 37.729738 ], [ -122.385287, 37.730791 ], [ -122.387167, 37.731857 ], [ -122.389035, 37.732919 ], [ -122.388482, 37.733534 ], [ -122.38791, 37.73417 ], [ -122.387399, 37.734738 ], [ -122.387382, 37.734823 ], [ -122.387176, 37.735662 ], [ -122.387029, 37.735623 ], [ -122.386562, 37.735343 ], [ -122.386297, 37.735169 ], [ -122.386067, 37.734933 ], [ -122.385966, 37.734829 ], [ -122.385783, 37.7345 ], [ -122.385627, 37.734019 ], [ -122.385614, 37.733978 ], [ -122.38531, 37.733472 ], [ -122.385157, 37.733257 ], [ -122.385054, 37.733177 ], [ -122.385002, 37.733071 ], [ -122.384866, 37.732959 ], [ -122.384416, 37.732717 ] ] ] } },
{ "type": "Feature", "properties": { "BlockGroup": 60750231031 }, "geometry": { "type": "Polygon", "coordinates": [ [ [ -122.378354, 37.73347 ], [ -122.379431, 37.734082 ], [ -122.379547, 37.734041 ], [ -122.379827, 37.733735 ], [ -122.379925, 37.733584 ], [ -122.379932, 37.733381 ], [ -122.380111, 37.733398 ], [ -122.3802, 37.733432 ], [ -122.381284, 37.734034 ], [ -122.38144, 37.733889 ], [ -122.381476, 37.733714 ], [ -122.381295, 37.733463 ], [ -122.381018, 37.733237 ], [ -122.38066, 37.732984 ], [ -122.380186, 37.73266 ], [ -122.380133, 37.732554 ], [ -122.380185, 37.732422 ], [ -122.380327, 37.732425 ], [ -122.380623, 37.732508 ], [ -122.380982, 37.732645 ], [ -122.381313, 37.732812 ], [ -122.381852, 37.733188 ], [ -122.38203, 37.733373 ], [ -122.382279, 37.733632 ], [ -122.38236, 37.733715 ], [ -122.382919, 37.734511 ], [ -122.382934, 37.734543 ], [ -122.382962, 37.734603 ], [ -122.383134, 37.734977 ], [ -122.383234, 37.735211 ], [ -122.383384, 37.735647 ], [ -122.383425, 37.735803 ], [ -122.383576, 37.73637 ], [ -122.383638, 37.736605 ], [ -122.383693, 37.736813 ], [ -122.383842, 37.73722 ], [ -122.384047, 37.737514 ], [ -122.383732, 37.73759 ], [ -122.383394, 37.737552 ], [ -122.382872, 37.737278 ], [ -122.382121, 37.737097 ], [ -122.381973, 37.737083 ], [ -122.381808, 37.737141 ], [ -122.381725, 37.737254 ], [ -122.381737, 37.737371 ], [ -122.381767, 37.737466 ], [ -122.3818, 37.737568 ], [ -122.381807, 37.737732 ], [ -122.381795, 37.73777 ], [ -122.381743, 37.737927 ], [ -122.381558, 37.738123 ], [ -122.380943, 37.738764 ], [ -122.380797, 37.738776 ], [ -122.380366, 37.738531 ], [ -122.38011, 37.738308 ], [ -122.379169, 37.737766 ], [ -122.37911, 37.73768 ], [ -122.377722, 37.739221 ], [ -122.37742, 37.739557 ], [ -122.376847, 37.740192 ], [ -122.376113, 37.741477 ], [ -122.374117, 37.744975 ], [ -122.374087, 37.74496 ], [ -122.374024, 37.744949 ], [ -122.373961, 37.744956 ], [ -122.373907, 37.744978 ], [ -122.373864, 37.745013 ], [ -122.373843, 37.745047 ], [ -122.373854, 37.745086 ], [ -122.373431, 37.745333 ], [ -122.373357, 37.745372 ], [ -122.373275, 37.7454 ], [ -122.373171, 37.745415 ], [ -122.373073, 37.745413 ], [ -122.372986, 37.745397 ], [ -122.372956, 37.745387 ], [ -122.372762, 37.745505 ], [ -122.369079, 37.741644 ], [ -122.367631, 37.740134 ], [ -122.367868, 37.739994 ], [ -122.368286, 37.739976 ], [ -122.368274, 37.739828 ], [ -122.371219, 37.739666 ], [ -122.371235, 37.739665 ], [ -122.371253, 37.739664 ], [ -122.371833, 37.739573 ], [ -122.37396, 37.73942 ], [ -122.373899, 37.739354 ], [ -122.373811, 37.739228 ], [ -122.373748, 37.739094 ], [ -122.373692, 37.738957 ], [ -122.373633, 37.738854 ], [ -122.373547, 37.738741 ], [ -122.373429, 37.738623 ], [ -122.373309, 37.738532 ], [ -122.373196, 37.738463 ], [ -122.373074, 37.738404 ], [ -122.372924, 37.738348 ], [ -122.372766, 37.738308 ], [ -122.372603, 37.738282 ], [ -122.372437, 37.738273 ], [ -122.372342, 37.738275 ], [ -122.371418, 37.738198 ], [ -122.371204, 37.738177 ], [ -122.370983, 37.738171 ], [ -122.370762, 37.738181 ], [ -122.370586, 37.738199 ], [ -122.370542, 37.738153 ], [ -122.370404, 37.738203 ], [ -122.370161, 37.738205 ], [ -122.369839, 37.738225 ], [ -122.369598, 37.738251 ], [ -122.369475, 37.738269 ], [ -122.369342, 37.738275 ], [ -122.369209, 37.738268 ], [ -122.369152, 37.738261 ], [ -122.369067, 37.738262 ], [ -122.368994, 37.738251 ], [ -122.368744, 37.738246 ], [ -122.368412, 37.738254 ], [ -122.36808, 37.738282 ], [ -122.367519, 37.738344 ], [ -122.367498, 37.738337 ], [ -122.36746, 37.738326 ], [ -122.367422, 37.7383 ], [ -122.367399, 37.738264 ], [ -122.367394, 37.738224 ], [ -122.367404, 37.738194 ], [ -122.367475, 37.738139 ], [ -122.367554, 37.7381 ], [ -122.367649, 37.738074 ], [ -122.367921, 37.738023 ], [ -122.368154, 37.73799 ], [ -122.368389, 37.737967 ], [ -122.368446, 37.737957 ], [ -122.368494, 37.73796 ], [ -122.368624, 37.737941 ], [ -122.36875, 37.737908 ], [ -122.368855, 37.737868 ], [ -122.368953, 37.737817 ], [ -122.368981, 37.737787 ], [ -122.36902, 37.737767 ], [ -122.369072, 37.73776 ], [ -122.369113, 37.737767 ], [ -122.369279, 37.737757 ], [ -122.36948, 37.737726 ], [ -122.369648, 37.737684 ], [ -122.369809, 37.737629 ], [ -122.369873, 37.7376 ], [ -122.369936, 37.737569 ], [ -122.370001, 37.737552 ], [ -122.370176, 37.737525 ], [ -122.370307, 37.73749 ], [ -122.370431, 37.737442 ], [ -122.370517, 37.737397 ], [ -122.370549, 37.737373 ], [ -122.37059, 37.737364 ], [ -122.370633, 37.737371 ], [ -122.3707, 37.737378 ], [ -122.370767, 37.737371 ], [ -122.370829, 37.737349 ], [ -122.370884, 37.737312 ], [ -122.370965, 37.73722 ], [ -122.371038, 37.737162 ], [ -122.371123, 37.737115 ], [ -122.371217, 37.737081 ], [ -122.371297, 37.737063 ], [ -122.371348, 37.737056 ], [ -122.371381, 37.73708 ], [ -122.371374, 37.737059 ], [ -122.371494, 37.737078 ], [ -122.371616, 37.73708 ], [ -122.371737, 37.737065 ], [ -122.371858, 37.737037 ], [ -122.371928, 37.737034 ], [ -122.371996, 37.737043 ], [ -122.37205, 37.737076 ], [ -122.3721, 37.737123 ], [ -122.372129, 37.737163 ], [ -122.372222, 37.737149 ], [ -122.372288, 37.737126 ], [ -122.3723, 37.737107 ], [ -122.372299, 37.737089 ], [ -122.372509, 37.737062 ], [ -122.372737, 37.737047 ], [ -122.372923, 37.737043 ], [ -122.37306, 37.737051 ], [ -122.373196, 37.73707 ], [ -122.373328, 37.737101 ], [ -122.373456, 37.737142 ], [ -122.373537, 37.737176 ], [ -122.37395, 37.73751 ], [ -122.374322, 37.737787 ], [ -122.374328, 37.73779 ], [ -122.374457, 37.737437 ], [ -122.374244, 37.737269 ], [ -122.373971, 37.736981 ], [ -122.37391, 37.736621 ], [ -122.37391, 37.736237 ], [ -122.37391, 37.735805 ], [ -122.373273, 37.735493 ], [ -122.372423, 37.735372 ], [ -122.37133, 37.735396 ], [ -122.370237, 37.735589 ], [ -122.36963, 37.736021 ], [ -122.368993, 37.736213 ], [ -122.368446, 37.735973 ], [ -122.367779, 37.735829 ], [ -122.367157, 37.735628 ], [ -122.367391, 37.735366 ], [ -122.369792, 37.735226 ], [ -122.370031, 37.735212 ], [ -122.371302, 37.735138 ], [ -122.372813, 37.735051 ], [ -122.373001, 37.73504 ], [ -122.3735, 37.734495 ], [ -122.375368, 37.735556 ], [ -122.375783, 37.735099 ], [ -122.375934, 37.734932 ], [ -122.376103, 37.734745 ], [ -122.376152, 37.734537 ], [ -122.37649, 37.734303 ], [ -122.376844, 37.734504 ], [ -122.376873, 37.734397 ], [ -122.376974, 37.733616 ], [ -122.37723, 37.733533 ], [ -122.377649, 37.73307 ], [ -122.378354, 37.73347 ] ] ] } },
{ "type": "Feature", "properties": { "BlockGroup": 60750231032 }, "geometry": { "type": "Polygon", "coordinates": [ [ [ -122.381564, 37.728678 ], [ -122.383431, 37.729738 ], [ -122.382888, 37.730342 ], [ -122.382776, 37.730419 ], [ -122.382628, 37.730512 ], [ -122.38227, 37.73062 ], [ -122.38209, 37.730635 ], [ -122.381782, 37.730617 ], [ -122.381439, 37.730582 ], [ -122.38064, 37.730504 ], [ -122.380311, 37.730529 ], [ -122.379995, 37.730657 ], [ -122.379901, 37.730719 ], [ -122.379779, 37.730799 ], [ -122.379648, 37.73096 ], [ -122.379552, 37.731109 ], [ -122.379475, 37.731228 ], [ -122.379348, 37.731544 ], [ -122.379347, 37.731679 ], [ -122.379346, 37.731837 ], [ -122.379475, 37.732192 ], [ -122.379581, 37.732392 ], [ -122.379596, 37.732465 ], [ -122.379923, 37.73321 ], [ -122.379932, 37.733381 ], [ -122.379925, 37.733584 ], [ -122.379827, 37.733735 ], [ -122.379547, 37.734041 ], [ -122.379431, 37.734082 ], [ -122.378354, 37.73347 ], [ -122.377649, 37.73307 ], [ -122.37723, 37.733533 ], [ -122.376974, 37.733616 ], [ -122.376873, 37.734397 ], [ -122.376844, 37.734504 ], [ -122.37649, 37.734303 ], [ -122.376152, 37.734537 ], [ -122.376103, 37.734745 ], [ -122.375934, 37.734932 ], [ -122.375783, 37.735099 ], [ -122.37573, 37.735121 ], [ -122.375629, 37.735207 ], [ -122.375572, 37.735239 ], [ -122.375502, 37.735331 ], [ -122.375461, 37.735359 ], [ -122.375373, 37.735397 ], [ -122.37532, 37.735394 ], [ -122.375254, 37.73538 ], [ -122.375165, 37.735324 ], [ -122.375126, 37.735291 ], [ -122.375075, 37.735265 ], [ -122.375042, 37.735165 ], [ -122.375037, 37.735098 ], [ -122.375058, 37.735043 ], [ -122.375008, 37.735029 ], [ -122.374966, 37.735029 ], [ -122.374908, 37.735003 ], [ -122.374877, 37.734976 ], [ -122.374871, 37.734924 ], [ -122.374914, 37.734808 ], [ -122.374947, 37.734741 ], [ -122.374988, 37.734704 ], [ -122.37503, 37.734682 ], [ -122.375105, 37.734629 ], [ -122.375116, 37.734586 ], [ -122.375146, 37.734562 ], [ -122.375129, 37.734522 ], [ -122.375036, 37.734454 ], [ -122.374981, 37.734427 ], [ -122.374939, 37.734419 ], [ -122.374913, 37.734435 ], [ -122.374893, 37.734423 ], [ -122.374893, 37.734398 ], [ -122.374903, 37.734347 ], [ -122.374882, 37.73428 ], [ -122.374869, 37.734207 ], [ -122.374868, 37.734171 ], [ -122.374927, 37.734073 ], [ -122.374952, 37.734015 ], [ -122.374957, 37.733926 ], [ -122.374964, 37.73389 ], [ -122.374982, 37.733862 ], [ -122.375013, 37.733843 ], [ -122.375123, 37.733826 ], [ -122.375154, 37.73382 ], [ -122.375172, 37.733795 ], [ -122.375171, 37.733765 ], [ -122.375229, 37.733624 ], [ -122.37525, 37.733599 ], [ -122.375289, 37.733553 ], [ -122.375362, 37.733424 ], [ -122.375376, 37.733376 ], [ -122.375382, 37.733312 ], [ -122.375464, 37.733228 ], [ -122.37551, 37.7332 ], [ -122.375523, 37.733139 ], [ -122.375507, 37.733106 ], [ -122.375652, 37.732934 ], [ -122.375685, 37.732896 ], [ -122.375645, 37.7329 ], [ -122.37554, 37.732845 ], [ -122.375554, 37.732823 ], [ -122.375617, 37.732755 ], [ -122.375574, 37.732716 ], [ -122.375476, 37.732779 ], [ -122.375197, 37.732959 ], [ -122.375034, 37.732799 ], [ -122.375009, 37.732774 ], [ -122.37497, 37.732753 ], [ -122.374891, 37.7328 ], [ -122.374867, 37.732773 ], [ -122.374833, 37.732786 ], [ -122.374805, 37.732756 ], [ -122.374609, 37.73288 ], [ -122.374558, 37.73282 ], [ -122.374905, 37.732605 ], [ -122.374823, 37.73253 ], [ -122.374676, 37.732639 ], [ -122.374394, 37.73254 ], [ -122.37431, 37.732548 ], [ -122.37423, 37.732576 ], [ -122.374177, 37.732586 ], [ -122.37412, 37.732621 ], [ -122.374113, 37.732657 ], [ -122.374003, 37.732674 ], [ -122.373912, 37.732712 ], [ -122.373893, 37.732737 ], [ -122.373883, 37.732773 ], [ -122.373799, 37.732775 ], [ -122.373761, 37.7328 ], [ -122.373747, 37.732855 ], [ -122.373725, 37.732885 ], [ -122.373694, 37.732895 ], [ -122.373637, 37.732893 ], [ -122.373568, 37.732909 ], [ -122.373512, 37.732949 ], [ -122.373501, 37.73298 ], [ -122.3735, 37.733071 ], [ -122.373481, 37.733087 ], [ -122.373436, 37.733106 ], [ -122.373412, 37.7331 ], [ -122.373372, 37.733155 ], [ -122.373327, 37.733186 ], [ -122.373292, 37.733199 ], [ -122.373255, 37.733221 ], [ -122.373217, 37.733255 ], [ -122.373184, 37.733313 ], [ -122.373133, 37.733342 ], [ -122.373056, 37.733385 ], [ -122.373026, 37.733416 ], [ -122.372988, 37.733444 ], [ -122.372843, 37.733616 ], [ -122.372787, 37.733675 ], [ -122.37266, 37.73379 ], [ -122.372571, 37.7339 ], [ -122.372547, 37.733954 ], [ -122.372516, 37.733999 ], [ -122.372467, 37.734021 ], [ -122.372391, 37.734046 ], [ -122.372338, 37.734074 ], [ -122.372264, 37.734164 ], [ -122.37223, 37.734198 ], [ -122.372135, 37.73422 ], [ -122.372066, 37.734218 ], [ -122.372024, 37.734213 ], [ -122.371977, 37.734199 ], [ -122.371913, 37.734209 ], [ -122.371893, 37.734188 ], [ -122.37185, 37.73417 ], [ -122.371784, 37.734123 ], [ -122.371757, 37.734099 ], [ -122.37159, 37.734007 ], [ -122.371452, 37.733867 ], [ -122.371413, 37.733822 ], [ -122.371366, 37.733789 ], [ -122.371345, 37.733757 ], [ -122.371306, 37.733699 ], [ -122.371248, 37.733663 ], [ -122.371182, 37.733631 ], [ -122.371143, 37.733604 ], [ -122.371119, 37.733565 ], [ -122.371069, 37.733544 ], [ -122.371041, 37.733514 ], [ -122.371009, 37.733463 ], [ -122.370946, 37.733385 ], [ -122.370907, 37.733349 ], [ -122.370855, 37.733256 ], [ -122.370812, 37.733242 ], [ -122.370763, 37.733251 ], [ -122.370739, 37.733237 ], [ -122.370742, 37.733209 ], [ -122.370734, 37.733167 ], [ -122.370713, 37.733112 ], [ -122.370604, 37.733035 ], [ -122.370511, 37.733006 ], [ -122.370445, 37.73295 ], [ -122.370232, 37.732868 ], [ -122.370077, 37.732788 ], [ -122.369991, 37.732714 ], [ -122.369929, 37.732672 ], [ -122.36989, 37.732639 ], [ -122.369849, 37.732612 ], [ -122.369945, 37.732476 ], [ -122.370978, 37.731009 ], [ -122.371444, 37.730493 ], [ -122.372006, 37.729874 ], [ -122.372235, 37.729628 ], [ -122.372584, 37.729255 ], [ -122.372775, 37.72905 ], [ -122.373158, 37.728639 ], [ -122.37344, 37.728326 ], [ -122.37364, 37.728106 ], [ -122.3737, 37.728057 ], [ -122.373766, 37.728005 ], [ -122.376681, 37.72853 ], [ -122.377681, 37.72863 ], [ -122.378278, 37.728964 ], [ -122.378542, 37.728942 ], [ -122.379175, 37.728232 ], [ -122.379599, 37.727732 ], [ -122.379697, 37.727618 ], [ -122.379992, 37.727785 ], [ -122.381564, 37.728678 ] ] ] } },
{ "type": "Feature", "properties": { "BlockGroup": 60750232001 }, "geometry": { "type": "Polygon", "coordinates": [ [ [ -122.393244, 37.727875 ], [ -122.392985, 37.728454 ], [ -122.392899, 37.72849 ], [ -122.392933, 37.728607 ], [ -122.392737, 37.729161 ], [ -122.392625, 37.729278 ], [ -122.392661, 37.729376 ], [ -122.392453, 37.729972 ], [ -122.392349, 37.730067 ], [ -122.392372, 37.730203 ], [ -122.392241, 37.730577 ], [ -122.392147, 37.730642 ], [ -122.392192, 37.730697 ], [ -122.392149, 37.730822 ], [ -122.392073, 37.730855 ], [ -122.392111, 37.73095 ], [ -122.391899, 37.731555 ], [ -122.391797, 37.731644 ], [ -122.390727, 37.731037 ], [ -122.388855, 37.72998 ], [ -122.386984, 37.728919 ], [ -122.387551, 37.728294 ], [ -122.38811, 37.727666 ], [ -122.388673, 37.727044 ], [ -122.389238, 37.726415 ], [ -122.389801, 37.725791 ], [ -122.39167, 37.726851 ], [ -122.393233, 37.727733 ], [ -122.393244, 37.727875 ] ] ] } },
{ "type": "Feature", "properties": { "BlockGroup": 60750232002 }, "geometry": { "type": "Polygon", "coordinates": [ [ [ -122.383914, 37.723444 ], [ -122.383935, 37.723452 ], [ -122.384189, 37.723479 ], [ -122.384289, 37.723507 ], [ -122.384364, 37.723545 ], [ -122.384417, 37.723596 ], [ -122.384506, 37.723639 ], [ -122.38455, 37.723677 ], [ -122.384595, 37.723728 ], [ -122.384652, 37.723767 ], [ -122.384721, 37.723801 ], [ -122.38476, 37.723839 ], [ -122.38479, 37.723875 ], [ -122.38483, 37.723897 ], [ -122.384852, 37.723903 ], [ -122.384883, 37.723903 ], [ -122.384929, 37.72395 ], [ -122.384974, 37.724024 ], [ -122.385006, 37.724063 ], [ -122.385024, 37.724098 ], [ -122.38505, 37.724113 ], [ -122.385087, 37.724113 ], [ -122.385141, 37.724101 ], [ -122.385208, 37.724102 ], [ -122.385268, 37.724119 ], [ -122.385332, 37.724145 ], [ -122.385397, 37.724155 ], [ -122.385459, 37.724152 ], [ -122.385549, 37.72414 ], [ -122.385582, 37.724135 ], [ -122.385611, 37.724145 ], [ -122.385675, 37.724204 ], [ -122.385747, 37.724243 ], [ -122.385853, 37.724281 ], [ -122.385919, 37.724322 ], [ -122.385966, 37.724358 ], [ -122.386028, 37.72438 ], [ -122.386089, 37.724407 ], [ -122.38613, 37.724439 ], [ -122.386185, 37.724463 ], [ -122.386246, 37.724474 ], [ -122.386388, 37.724478 ], [ -122.386485, 37.724465 ], [ -122.386637, 37.724426 ], [ -122.386706, 37.72439 ], [ -122.386755, 37.724347 ], [ -122.386774, 37.724318 ], [ -122.3868, 37.724305 ], [ -122.386899, 37.724289 ], [ -122.386926, 37.72427 ], [ -122.386936, 37.724245 ], [ -122.386928, 37.724171 ], [ -122.386905, 37.724141 ], [ -122.386748, 37.724067 ], [ -122.3866, 37.723979 ], [ -122.386544, 37.72394 ], [ -122.386051, 37.723663 ], [ -122.385913, 37.723614 ], [ -122.385881, 37.723587 ], [ -122.38586, 37.723556 ], [ -122.38576, 37.723521 ], [ -122.385736, 37.723505 ], [ -122.385717, 37.723483 ], [ -122.385693, 37.723474 ], [ -122.38558, 37.723402 ], [ -122.385499, 37.723365 ], [ -122.385446, 37.723361 ], [ -122.385409, 37.723344 ], [ -122.385349, 37.723308 ], [ -122.385278, 37.723279 ], [ -122.385201, 37.723242 ], [ -122.385101, 37.723213 ], [ -122.385033, 37.723198 ], [ -122.384965, 37.723165 ], [ -122.384843, 37.723094 ], [ -122.384717, 37.723031 ], [ -122.384678, 37.722997 ], [ -122.384638, 37.722952 ], [ -122.384605, 37.722938 ], [ -122.384517, 37.722862 ], [ -122.38521, 37.723088 ], [ -122.386139, 37.723583 ], [ -122.3868, 37.723987 ], [ -122.38727, 37.724282 ], [ -122.387362, 37.724393 ], [ -122.38793, 37.724729 ], [ -122.389801, 37.725791 ], [ -122.389238, 37.726415 ], [ -122.388673, 37.727044 ], [ -122.38811, 37.727666 ], [ -122.387551, 37.728294 ], [ -122.386984, 37.728919 ], [ -122.386418, 37.729543 ], [ -122.385853, 37.730167 ], [ -122.385287, 37.730791 ], [ -122.383431, 37.729738 ], [ -122.381564, 37.728678 ], [ -122.379992, 37.727785 ], [ -122.379697, 37.727618 ], [ -122.378817, 37.727119 ], [ -122.377833, 37.72656 ], [ -122.378392, 37.725932 ], [ -122.378951, 37.725304 ], [ -122.379511, 37.724677 ], [ -122.380149, 37.723959 ], [ -122.380787, 37.723388 ], [ -122.381425, 37.722834 ], [ -122.382176, 37.722246 ], [ -122.382265, 37.722284 ], [ -122.382325, 37.722295 ], [ -122.382375, 37.722309 ], [ -122.382417, 37.722337 ], [ -122.382451, 37.722372 ], [ -122.38248, 37.72238 ], [ -122.382533, 37.722381 ], [ -122.382565, 37.722396 ], [ -122.382586, 37.722422 ], [ -122.382594, 37.72247 ], [ -122.382642, 37.722502 ], [ -122.382763, 37.722575 ], [ -122.382855, 37.722626 ], [ -122.382925, 37.722634 ], [ -122.382948, 37.722669 ], [ -122.382988, 37.722705 ], [ -122.383039, 37.722731 ], [ -122.383111, 37.722758 ], [ -122.383185, 37.722801 ], [ -122.383264, 37.722863 ], [ -122.383354, 37.722913 ], [ -122.383612, 37.723027 ], [ -122.383648, 37.723058 ], [ -122.383682, 37.723132 ], [ -122.383712, 37.723156 ], [ -122.383732, 37.723166 ], [ -122.383737, 37.723184 ], [ -122.383762, 37.723193 ], [ -122.383803, 37.723186 ], [ -122.383823, 37.723195 ], [ -122.38385, 37.723255 ], [ -122.383858, 37.723272 ], [ -122.383873, 37.723348 ], [ -122.383894, 37.723421 ], [ -122.383914, 37.723444 ] ] ] } },
{ "type": "Feature", "properties": { "BlockGroup": 60750232003 }, "geometry": { "type": "Polygon", "coordinates": [ [ [ -122.39182, 37.731781 ], [ -122.39164, 37.732295 ], [ -122.391521, 37.732432 ], [ -122.39154, 37.732581 ], [ -122.391343, 37.733144 ], [ -122.391244, 37.733223 ], [ -122.391264, 37.73337 ], [ -122.391154, 37.733686 ], [ -122.391067, 37.733933 ], [ -122.390968, 37.734014 ], [ -122.389035, 37.732919 ], [ -122.387167, 37.731857 ], [ -122.385287, 37.730791 ], [ -122.385853, 37.730167 ], [ -122.386418, 37.729543 ], [ -122.386984, 37.728919 ], [ -122.388855, 37.72998 ], [ -122.390727, 37.731037 ], [ -122.391797, 37.731644 ], [ -122.39182, 37.731781 ] ] ] } },
{ "type": "Feature", "properties": { "BlockGroup": 60750233001 }, "geometry": { "type": "Polygon", "coordinates": [ [ [ -122.398812, 37.718511 ], [ -122.398863, 37.718683 ], [ -122.398898, 37.718808 ], [ -122.398967, 37.71903 ], [ -122.399089, 37.719572 ], [ -122.399125, 37.71973 ], [ -122.399387, 37.719882 ], [ -122.399377, 37.720005 ], [ -122.399464, 37.72033 ], [ -122.399681, 37.720864 ], [ -122.399738, 37.721006 ], [ -122.399922, 37.72146 ], [ -122.399925, 37.721517 ], [ -122.400382, 37.722633 ], [ -122.400785, 37.723616 ], [ -122.401183, 37.724588 ], [ -122.401471, 37.725516 ], [ -122.401822, 37.726775 ], [ -122.401875, 37.726965 ], [ -122.402105, 37.72779 ], [ -122.401955, 37.727957 ], [ -122.401395, 37.728584 ], [ -122.400834, 37.729211 ], [ -122.400274, 37.729838 ], [ -122.399867, 37.730292 ], [ -122.39897, 37.730165 ], [ -122.398074, 37.730037 ], [ -122.39739, 37.72994 ], [ -122.397177, 37.72991 ], [ -122.396969, 37.72988 ], [ -122.396409, 37.729801 ], [ -122.396014, 37.729745 ], [ -122.395377, 37.729654 ], [ -122.394886, 37.729584 ], [ -122.394479, 37.729527 ], [ -122.393582, 37.729399 ], [ -122.392625, 37.729278 ], [ -122.392737, 37.729161 ], [ -122.392933, 37.728607 ], [ -122.392899, 37.72849 ], [ -122.392985, 37.728454 ], [ -122.393244, 37.727875 ], [ -122.393233, 37.727733 ], [ -122.39334, 37.72766 ], [ -122.393581, 37.727122 ], [ -122.39357, 37.72698 ], [ -122.393678, 37.726905 ], [ -122.393911, 37.726385 ], [ -122.393903, 37.726237 ], [ -122.394013, 37.726157 ], [ -122.394147, 37.725859 ], [ -122.394253, 37.725621 ], [ -122.394243, 37.725476 ], [ -122.394352, 37.725408 ], [ -122.394692, 37.724662 ], [ -122.394951, 37.724096 ], [ -122.394926, 37.723973 ], [ -122.395064, 37.72387 ], [ -122.395297, 37.72336 ], [ -122.395265, 37.723222 ], [ -122.395406, 37.723122 ], [ -122.395654, 37.722578 ], [ -122.395623, 37.722432 ], [ -122.395746, 37.722326 ], [ -122.395977, 37.72182 ], [ -122.395944, 37.721716 ], [ -122.396048, 37.721635 ], [ -122.396297, 37.721081 ], [ -122.396273, 37.720982 ], [ -122.396384, 37.720914 ], [ -122.396463, 37.72074 ], [ -122.396636, 37.720364 ], [ -122.396617, 37.720231 ], [ -122.396734, 37.720139 ], [ -122.396975, 37.719608 ], [ -122.396954, 37.719477 ], [ -122.397073, 37.719381 ], [ -122.397471, 37.718941 ], [ -122.397479, 37.718834 ], [ -122.397494, 37.718728 ], [ -122.397981, 37.718178 ], [ -122.398029, 37.718204 ], [ -122.398434, 37.71774 ], [ -122.398515, 37.717664 ], [ -122.398549, 37.717859 ], [ -122.39866, 37.718153 ], [ -122.398812, 37.718511 ] ] ] } },
{ "type": "Feature", "properties": { "BlockGroup": 60750234001 }, "geometry": { "type": "Polygon", "coordinates": [ [ [ -122.396636, 37.720364 ], [ -122.396463, 37.72074 ], [ -122.396384, 37.720914 ], [ -122.396273, 37.720982 ], [ -122.396297, 37.721081 ], [ -122.396048, 37.721635 ], [ -122.395944, 37.721716 ], [ -122.395977, 37.72182 ], [ -122.395746, 37.722326 ], [ -122.395623, 37.722432 ], [ -122.395654, 37.722578 ], [ -122.395406, 37.723122 ], [ -122.395265, 37.723222 ], [ -122.395297, 37.72336 ], [ -122.395064, 37.72387 ], [ -122.394926, 37.723973 ], [ -122.394951, 37.724096 ], [ -122.394692, 37.724662 ], [ -122.394352, 37.725408 ], [ -122.394243, 37.725476 ], [ -122.394253, 37.725621 ], [ -122.394147, 37.725859 ], [ -122.394013, 37.726157 ], [ -122.393903, 37.726237 ], [ -122.393911, 37.726385 ], [ -122.393678, 37.726905 ], [ -122.39357, 37.72698 ], [ -122.393581, 37.727122 ], [ -122.39334, 37.72766 ], [ -122.393233, 37.727733 ], [ -122.39167, 37.726851 ], [ -122.389801, 37.725791 ], [ -122.38793, 37.724729 ], [ -122.388496, 37.7241 ], [ -122.389053, 37.723482 ], [ -122.38962, 37.722851 ], [ -122.390183, 37.722225 ], [ -122.390745, 37.7216 ], [ -122.391306, 37.720976 ], [ -122.39187, 37.720349 ], [ -122.392418, 37.71974 ], [ -122.392982, 37.719114 ], [ -122.393545, 37.718487 ], [ -122.395431, 37.719558 ], [ -122.396617, 37.720231 ], [ -122.396636, 37.720364 ] ] ] } },
{ "type": "Feature", "properties": { "BlockGroup": 60750234002 }, "geometry": { "type": "Polygon", "coordinates": [ [ [ -122.389136, 37.716879 ], [ -122.389278, 37.716961 ], [ -122.390205, 37.717498 ], [ -122.391141, 37.71804 ], [ -122.391599, 37.717526 ], [ -122.392389, 37.717886 ], [ -122.392613, 37.717959 ], [ -122.393545, 37.718487 ], [ -122.392982, 37.719114 ], [ -122.392418, 37.71974 ], [ -122.39187, 37.720349 ], [ -122.391306, 37.720976 ], [ -122.390745, 37.7216 ], [ -122.390183, 37.722225 ], [ -122.38962, 37.722851 ], [ -122.389053, 37.723482 ], [ -122.388496, 37.7241 ], [ -122.38793, 37.724729 ], [ -122.387362, 37.724393 ], [ -122.38727, 37.724282 ], [ -122.3868, 37.723987 ], [ -122.386139, 37.723583 ], [ -122.38521, 37.723088 ], [ -122.384517, 37.722862 ], [ -122.384239, 37.722685 ], [ -122.384191, 37.722662 ], [ -122.384053, 37.722595 ], [ -122.383992, 37.722561 ], [ -122.383885, 37.722479 ], [ -122.383803, 37.722439 ], [ -122.383742, 37.722396 ], [ -122.383713, 37.72237 ], [ -122.383659, 37.722335 ], [ -122.38357, 37.722303 ], [ -122.383492, 37.722252 ], [ -122.383421, 37.722192 ], [ -122.38333, 37.722153 ], [ -122.383258, 37.722104 ], [ -122.383198, 37.722079 ], [ -122.383124, 37.722059 ], [ -122.383013, 37.722015 ], [ -122.382923, 37.721969 ], [ -122.382877, 37.721937 ], [ -122.38282, 37.721872 ], [ -122.383647, 37.720413 ], [ -122.384086, 37.719667 ], [ -122.384156, 37.719521 ], [ -122.385157, 37.718407 ], [ -122.385697, 37.717797 ], [ -122.386265, 37.717179 ], [ -122.38685, 37.717509 ], [ -122.387912, 37.716328 ], [ -122.388131, 37.716298 ], [ -122.389136, 37.716879 ] ] ] } },
{ "type": "Feature", "properties": { "BlockGroup": 60750251001 }, "geometry": { "type": "Polygon", "coordinates": [ [ [ -122.410474, 37.745298 ], [ -122.410498, 37.745571 ], [ -122.410565, 37.746323 ], [ -122.410619, 37.746941 ], [ -122.410589, 37.747137 ], [ -122.410495, 37.747354 ], [ -122.410461, 37.74743 ], [ -122.410546, 37.748317 ], [ -122.410449, 37.748365 ], [ -122.409749, 37.74838 ], [ -122.409646, 37.748334 ], [ -122.409547, 37.748385 ], [ -122.408854, 37.748397 ], [ -122.408706, 37.748353 ], [ -122.408604, 37.748402 ], [ -122.40807, 37.748398 ], [ -122.407882, 37.748405 ], [ -122.407774, 37.748475 ], [ -122.407152, 37.748685 ], [ -122.406892, 37.748772 ], [ -122.406758, 37.748766 ], [ -122.406275, 37.747859 ], [ -122.405976, 37.747896 ], [ -122.405899, 37.747958 ], [ -122.405057, 37.748247 ], [ -122.404937, 37.748223 ], [ -122.404896, 37.748153 ], [ -122.404992, 37.7476 ], [ -122.404993, 37.74753 ], [ -122.405026, 37.747345 ], [ -122.40517, 37.746529 ], [ -122.405214, 37.746474 ], [ -122.405414, 37.745438 ], [ -122.405574, 37.745029 ], [ -122.40577, 37.744528 ], [ -122.406896, 37.744812 ], [ -122.406826, 37.744989 ], [ -122.406705, 37.745292 ], [ -122.406737, 37.745333 ], [ -122.406792, 37.745333 ], [ -122.407367, 37.745476 ], [ -122.407475, 37.745521 ], [ -122.407528, 37.745598 ], [ -122.407828, 37.746035 ], [ -122.408826, 37.745601 ], [ -122.408973, 37.745665 ], [ -122.408919, 37.745072 ], [ -122.408872, 37.745016 ], [ -122.410441, 37.744918 ], [ -122.410474, 37.745298 ] ] ] } },
{ "type": "Feature", "properties": { "BlockGroup": 60750251002 }, "geometry": { "type": "Polygon", "coordinates": [ [ [ -122.410732, 37.741381 ], [ -122.410718, 37.74156 ], [ -122.410698, 37.741822 ], [ -122.410669, 37.742192 ], [ -122.410662, 37.742424 ], [ -122.410612, 37.742426 ], [ -122.410431, 37.742458 ], [ -122.410234, 37.742546 ], [ -122.409989, 37.742772 ], [ -122.409968, 37.74305 ], [ -122.409625, 37.743071 ], [ -122.409485, 37.743031 ], [ -122.409378, 37.742923 ], [ -122.409361, 37.743263 ], [ -122.409467, 37.743255 ], [ -122.409745, 37.74329 ], [ -122.409857, 37.743338 ], [ -122.409991, 37.743442 ], [ -122.410223, 37.743622 ], [ -122.410338, 37.743749 ], [ -122.410389, 37.744325 ], [ -122.410441, 37.744918 ], [ -122.408872, 37.745016 ], [ -122.408919, 37.745072 ], [ -122.408973, 37.745665 ], [ -122.408826, 37.745601 ], [ -122.407828, 37.746035 ], [ -122.407528, 37.745598 ], [ -122.407475, 37.745521 ], [ -122.407367, 37.745476 ], [ -122.406792, 37.745333 ], [ -122.406737, 37.745333 ], [ -122.406705, 37.745292 ], [ -122.406826, 37.744989 ], [ -122.406896, 37.744812 ], [ -122.407076, 37.744359 ], [ -122.407265, 37.743882 ], [ -122.407495, 37.743304 ], [ -122.408001, 37.743283 ], [ -122.408099, 37.743187 ], [ -122.408157, 37.742356 ], [ -122.408195, 37.741869 ], [ -122.40839, 37.741258 ], [ -122.408749, 37.741277 ], [ -122.4095, 37.741316 ], [ -122.410099, 37.741348 ], [ -122.410365, 37.741362 ], [ -122.410732, 37.741381 ] ] ] } },
{ "type": "Feature", "properties": { "BlockGroup": 60750251003 }, "geometry": { "type": "Polygon", "coordinates": [ [ [ -122.407554, 37.737837 ], [ -122.407658, 37.737813 ], [ -122.407685, 37.737806 ], [ -122.407789, 37.737777 ], [ -122.407851, 37.737755 ], [ -122.407987, 37.737706 ], [ -122.408125, 37.737657 ], [ -122.408217, 37.737612 ], [ -122.408465, 37.737489 ], [ -122.408684, 37.737234 ], [ -122.40879, 37.736997 ], [ -122.408854, 37.736831 ], [ -122.408993, 37.736828 ], [ -122.409138, 37.736823 ], [ -122.409762, 37.736858 ], [ -122.410377, 37.736894 ], [ -122.410264, 37.738123 ], [ -122.410191, 37.738923 ], [ -122.410115, 37.739755 ], [ -122.410507, 37.739779 ], [ -122.410365, 37.741362 ], [ -122.410099, 37.741348 ], [ -122.4095, 37.741316 ], [ -122.408749, 37.741277 ], [ -122.40839, 37.741258 ], [ -122.408195, 37.741869 ], [ -122.408157, 37.742356 ], [ -122.408099, 37.743187 ], [ -122.408001, 37.743283 ], [ -122.407495, 37.743304 ], [ -122.407265, 37.743882 ], [ -122.407076, 37.744359 ], [ -122.406896, 37.744812 ], [ -122.40577, 37.744528 ], [ -122.405574, 37.745029 ], [ -122.405414, 37.745438 ], [ -122.405214, 37.746474 ], [ -122.40517, 37.746529 ], [ -122.405026, 37.747345 ], [ -122.404993, 37.74753 ], [ -122.404992, 37.7476 ], [ -122.404896, 37.748153 ], [ -122.404937, 37.748223 ], [ -122.405057, 37.748247 ], [ -122.405899, 37.747958 ], [ -122.405976, 37.747896 ], [ -122.406275, 37.747859 ], [ -122.406758, 37.748766 ], [ -122.406728, 37.748819 ], [ -122.406499, 37.748885 ], [ -122.406312, 37.748939 ], [ -122.405682, 37.749044 ], [ -122.405501, 37.749081 ], [ -122.405239, 37.749125 ], [ -122.405092, 37.749154 ], [ -122.405025, 37.749178 ], [ -122.404887, 37.749213 ], [ -122.404808, 37.749235 ], [ -122.40481, 37.74921 ], [ -122.404777, 37.749217 ], [ -122.404306, 37.749319 ], [ -122.403784, 37.749433 ], [ -122.403593, 37.749472 ], [ -122.403569, 37.749475 ], [ -122.403613, 37.749337 ], [ -122.403781, 37.748801 ], [ -122.403897, 37.748429 ], [ -122.403736, 37.748385 ], [ -122.403618, 37.748121 ], [ -122.403561, 37.747762 ], [ -122.403662, 37.747412 ], [ -122.403712, 37.747202 ], [ -122.403924, 37.746594 ], [ -122.404064, 37.746253 ], [ -122.404169, 37.74611 ], [ -122.40429, 37.745961 ], [ -122.404315, 37.74593 ], [ -122.404257, 37.745665 ], [ -122.404228, 37.745568 ], [ -122.404203, 37.745484 ], [ -122.404185, 37.745237 ], [ -122.404527, 37.744298 ], [ -122.40459, 37.744126 ], [ -122.404896, 37.743692 ], [ -122.405214, 37.743247 ], [ -122.405242, 37.743051 ], [ -122.405405, 37.742985 ], [ -122.405744, 37.742521 ], [ -122.405838, 37.742392 ], [ -122.406533, 37.741439 ], [ -122.406914, 37.740763 ], [ -122.407005, 37.740242 ], [ -122.407052, 37.739706 ], [ -122.406979, 37.739566 ], [ -122.406911, 37.73943 ], [ -122.406927, 37.739234 ], [ -122.406929, 37.739207 ], [ -122.406937, 37.739088 ], [ -122.406945, 37.738694 ], [ -122.406916, 37.738456 ], [ -122.406868, 37.738144 ], [ -122.406911, 37.737966 ], [ -122.407103, 37.737966 ], [ -122.407554, 37.737837 ] ] ] } },
{ "type": "Feature", "properties": { "BlockGroup": 60750252001 }, "geometry": { "type": "Polygon", "coordinates": [ [ [ -122.418221, 37.748166 ], [ -122.418047, 37.748211 ], [ -122.416009, 37.748251 ], [ -122.415863, 37.748212 ], [ -122.415728, 37.748255 ], [ -122.415026, 37.748267 ], [ -122.414919, 37.748231 ], [ -122.414826, 37.748273 ], [ -122.413818, 37.748292 ], [ -122.413669, 37.748255 ], [ -122.413536, 37.748304 ], [ -122.412589, 37.748322 ], [ -122.411628, 37.748341 ], [ -122.411484, 37.748298 ], [ -122.411346, 37.748344 ], [ -122.410654, 37.748363 ], [ -122.410546, 37.748317 ], [ -122.410461, 37.74743 ], [ -122.410495, 37.747354 ], [ -122.410589, 37.747137 ], [ -122.410619, 37.746941 ], [ -122.41161, 37.746881 ], [ -122.412547, 37.746825 ], [ -122.413532, 37.746766 ], [ -122.413662, 37.746808 ], [ -122.414333, 37.746766 ], [ -122.414958, 37.746728 ], [ -122.414959, 37.746581 ], [ -122.415065, 37.746547 ], [ -122.415914, 37.746644 ], [ -122.416004, 37.746654 ], [ -122.417823, 37.745957 ], [ -122.418285, 37.746694 ], [ -122.419121, 37.746775 ], [ -122.418221, 37.748166 ] ] ] } },
{ "type": "Feature", "properties": { "BlockGroup": 60750252002 }, "geometry": { "type": "Polygon", "coordinates": [ [ [ -122.414847, 37.744275 ], [ -122.414921, 37.745045 ], [ -122.415149, 37.74499 ], [ -122.415314, 37.744979 ], [ -122.415476, 37.745016 ], [ -122.415693, 37.745103 ], [ -122.416032, 37.74524 ], [ -122.416103, 37.745253 ], [ -122.416559, 37.745439 ], [ -122.41724, 37.745718 ], [ -122.41764, 37.745882 ], [ -122.417823, 37.745957 ], [ -122.416004, 37.746654 ], [ -122.415914, 37.746644 ], [ -122.415065, 37.746547 ], [ -122.414959, 37.746581 ], [ -122.414958, 37.746728 ], [ -122.414333, 37.746766 ], [ -122.413662, 37.746808 ], [ -122.413532, 37.746766 ], [ -122.412547, 37.746825 ], [ -122.41161, 37.746881 ], [ -122.410619, 37.746941 ], [ -122.410565, 37.746323 ], [ -122.410498, 37.745571 ], [ -122.410474, 37.745298 ], [ -122.410441, 37.744918 ], [ -122.410389, 37.744325 ], [ -122.410338, 37.743749 ], [ -122.410223, 37.743622 ], [ -122.409991, 37.743442 ], [ -122.409857, 37.743338 ], [ -122.409745, 37.74329 ], [ -122.409467, 37.743255 ], [ -122.409361, 37.743263 ], [ -122.409378, 37.742923 ], [ -122.409485, 37.743031 ], [ -122.409625, 37.743071 ], [ -122.409968, 37.74305 ], [ -122.409989, 37.742772 ], [ -122.410234, 37.742546 ], [ -122.410431, 37.742458 ], [ -122.410612, 37.742426 ], [ -122.410662, 37.742424 ], [ -122.411264, 37.742398 ], [ -122.411426, 37.742391 ], [ -122.41168, 37.742373 ], [ -122.411947, 37.742332 ], [ -122.412517, 37.742243 ], [ -122.412583, 37.742243 ], [ -122.412671, 37.742244 ], [ -122.413135, 37.742309 ], [ -122.413742, 37.742395 ], [ -122.414273, 37.74247 ], [ -122.414372, 37.742457 ], [ -122.414498, 37.742439 ], [ -122.414766, 37.742322 ], [ -122.415014, 37.742182 ], [ -122.415223, 37.742157 ], [ -122.415651, 37.742133 ], [ -122.415869, 37.742124 ], [ -122.416265, 37.742026 ], [ -122.416301, 37.742017 ], [ -122.416413, 37.742007 ], [ -122.416775, 37.742057 ], [ -122.416829, 37.742107 ], [ -122.416957, 37.742226 ], [ -122.41706, 37.742432 ], [ -122.41702, 37.742609 ], [ -122.416776, 37.742785 ], [ -122.416681, 37.742931 ], [ -122.416627, 37.743013 ], [ -122.41663, 37.743316 ], [ -122.416506, 37.743476 ], [ -122.416179, 37.743649 ], [ -122.416134, 37.743673 ], [ -122.415921, 37.743845 ], [ -122.415781, 37.744101 ], [ -122.415598, 37.744213 ], [ -122.415371, 37.744206 ], [ -122.414822, 37.744056 ], [ -122.414847, 37.744275 ] ] ] } },
{ "type": "Feature", "properties": { "BlockGroup": 60750252003 }, "geometry": { "type": "Polygon", "coordinates": [ [ [ -122.413186, 37.738998 ], [ -122.413312, 37.738982 ], [ -122.413938, 37.73893 ], [ -122.414559, 37.738881 ], [ -122.414666, 37.738883 ], [ -122.415184, 37.738933 ], [ -122.415278, 37.738991 ], [ -122.415169, 37.740377 ], [ -122.415074, 37.74158 ], [ -122.415014, 37.742182 ], [ -122.414766, 37.742322 ], [ -122.414498, 37.742439 ], [ -122.414372, 37.742457 ], [ -122.414273, 37.74247 ], [ -122.413742, 37.742395 ], [ -122.413135, 37.742309 ], [ -122.412671, 37.742244 ], [ -122.412583, 37.742243 ], [ -122.412517, 37.742243 ], [ -122.411947, 37.742332 ], [ -122.41168, 37.742373 ], [ -122.411426, 37.742391 ], [ -122.411264, 37.742398 ], [ -122.410662, 37.742424 ], [ -122.410669, 37.742192 ], [ -122.410698, 37.741822 ], [ -122.410718, 37.74156 ], [ -122.410732, 37.741381 ], [ -122.410365, 37.741362 ], [ -122.410507, 37.739779 ], [ -122.410733, 37.739792 ], [ -122.41137, 37.739831 ], [ -122.411748, 37.739854 ], [ -122.411992, 37.73971 ], [ -122.412657, 37.739311 ], [ -122.413186, 37.738998 ] ] ] } },
{ "type": "Feature", "properties": { "BlockGroup": 60750252004 }, "geometry": { "type": "Polygon", "coordinates": [ [ [ -122.417779, 37.739184 ], [ -122.418461, 37.739249 ], [ -122.418584, 37.739297 ], [ -122.41777, 37.740564 ], [ -122.418347, 37.740789 ], [ -122.418834, 37.740983 ], [ -122.418752, 37.74118 ], [ -122.418494, 37.741592 ], [ -122.418418, 37.741663 ], [ -122.417988, 37.742351 ], [ -122.417929, 37.742487 ], [ -122.417636, 37.742935 ], [ -122.417569, 37.743011 ], [ -122.417422, 37.743223 ], [ -122.416103, 37.745253 ], [ -122.416032, 37.74524 ], [ -122.415693, 37.745103 ], [ -122.415476, 37.745016 ], [ -122.415314, 37.744979 ], [ -122.415149, 37.74499 ], [ -122.414921, 37.745045 ], [ -122.414847, 37.744275 ], [ -122.414822, 37.744056 ], [ -122.415371, 37.744206 ], [ -122.415598, 37.744213 ], [ -122.415781, 37.744101 ], [ -122.415921, 37.743845 ], [ -122.416134, 37.743673 ], [ -122.416179, 37.743649 ], [ -122.416506, 37.743476 ], [ -122.41663, 37.743316 ], [ -122.416627, 37.743013 ], [ -122.416681, 37.742931 ], [ -122.416776, 37.742785 ], [ -122.41702, 37.742609 ], [ -122.41706, 37.742432 ], [ -122.416957, 37.742226 ], [ -122.416829, 37.742107 ], [ -122.416775, 37.742057 ], [ -122.416413, 37.742007 ], [ -122.416301, 37.742017 ], [ -122.416265, 37.742026 ], [ -122.415869, 37.742124 ], [ -122.415651, 37.742133 ], [ -122.415223, 37.742157 ], [ -122.415014, 37.742182 ], [ -122.415074, 37.74158 ], [ -122.415169, 37.740377 ], [ -122.415278, 37.738991 ], [ -122.415184, 37.738933 ], [ -122.415899, 37.739002 ], [ -122.41652, 37.739062 ], [ -122.417139, 37.739121 ], [ -122.417779, 37.739184 ] ] ] } },
{ "type": "Feature", "properties": { "BlockGroup": 60750253001 }, "geometry": { "type": "Polygon", "coordinates": [ [ [ -122.417636, 37.742935 ], [ -122.417929, 37.742487 ], [ -122.417988, 37.742351 ], [ -122.418418, 37.741663 ], [ -122.418494, 37.741592 ], [ -122.418752, 37.74118 ], [ -122.418762, 37.741317 ], [ -122.418692, 37.741884 ], [ -122.418702, 37.741962 ], [ -122.418735, 37.74201 ], [ -122.418914, 37.742085 ], [ -122.419491, 37.742318 ], [ -122.419807, 37.742444 ], [ -122.420387, 37.742679 ], [ -122.419492, 37.74406 ], [ -122.418785, 37.745151 ], [ -122.418402, 37.745735 ], [ -122.418159, 37.746078 ], [ -122.41764, 37.745882 ], [ -122.41724, 37.745718 ], [ -122.416559, 37.745439 ], [ -122.416103, 37.745253 ], [ -122.417422, 37.743223 ], [ -122.417569, 37.743011 ], [ -122.417636, 37.742935 ] ] ] } },
{ "type": "Feature", "properties": { "BlockGroup": 60750253002 }, "geometry": { "type": "Polygon", "coordinates": [ [ [ -122.419566, 37.739696 ], [ -122.41972, 37.739759 ], [ -122.420275, 37.739985 ], [ -122.420856, 37.740221 ], [ -122.421742, 37.740581 ], [ -122.421264, 37.741314 ], [ -122.42098, 37.74175 ], [ -122.420693, 37.742191 ], [ -122.420576, 37.742372 ], [ -122.420387, 37.742679 ], [ -122.419807, 37.742444 ], [ -122.419491, 37.742318 ], [ -122.418914, 37.742085 ], [ -122.418735, 37.74201 ], [ -122.418702, 37.741962 ], [ -122.418692, 37.741884 ], [ -122.418762, 37.741317 ], [ -122.418752, 37.74118 ], [ -122.418834, 37.740983 ], [ -122.418347, 37.740789 ], [ -122.41777, 37.740564 ], [ -122.418584, 37.739297 ], [ -122.419165, 37.739533 ], [ -122.419566, 37.739696 ] ] ] } },
{ "type": "Feature", "properties": { "BlockGroup": 60750253003 }, "geometry": { "type": "Polygon", "coordinates": [ [ [ -122.424048, 37.74063 ], [ -122.424036, 37.740658 ], [ -122.423942, 37.740889 ], [ -122.423621, 37.741671 ], [ -122.423403, 37.742203 ], [ -122.423286, 37.742295 ], [ -122.423302, 37.742426 ], [ -122.423043, 37.743114 ], [ -122.422763, 37.743855 ], [ -122.422669, 37.743942 ], [ -122.421977, 37.743979 ], [ -122.420894, 37.744038 ], [ -122.421485, 37.743123 ], [ -122.420387, 37.742679 ], [ -122.420576, 37.742372 ], [ -122.420693, 37.742191 ], [ -122.42098, 37.74175 ], [ -122.421264, 37.741314 ], [ -122.421742, 37.740581 ], [ -122.422841, 37.741027 ], [ -122.42309, 37.740642 ], [ -122.42358, 37.739884 ], [ -122.424147, 37.739869 ], [ -122.424258, 37.739935 ], [ -122.424137, 37.740336 ], [ -122.424048, 37.74063 ] ] ] } },
{ "type": "Feature", "properties": { "BlockGroup": 60750253004 }, "geometry": { "type": "Polygon", "coordinates": [ [ [ -122.420894, 37.744038 ], [ -122.421977, 37.743979 ], [ -122.422669, 37.743942 ], [ -122.422706, 37.74404 ], [ -122.422439, 37.744759 ], [ -122.422369, 37.744959 ], [ -122.422293, 37.745184 ], [ -122.422276, 37.745348 ], [ -122.422283, 37.745482 ], [ -122.422218, 37.745579 ], [ -122.421918, 37.745826 ], [ -122.421704, 37.746412 ], [ -122.421406, 37.747231 ], [ -122.421328, 37.747442 ], [ -122.421385, 37.748032 ], [ -122.421393, 37.748124 ], [ -122.421299, 37.748143 ], [ -122.42047, 37.748161 ], [ -122.420279, 37.748125 ], [ -122.420139, 37.748157 ], [ -122.419171, 37.748179 ], [ -122.418357, 37.748198 ], [ -122.418221, 37.748166 ], [ -122.419121, 37.746775 ], [ -122.418285, 37.746694 ], [ -122.417823, 37.745957 ], [ -122.41764, 37.745882 ], [ -122.418159, 37.746078 ], [ -122.418402, 37.745735 ], [ -122.418785, 37.745151 ], [ -122.419492, 37.74406 ], [ -122.420387, 37.742679 ], [ -122.421485, 37.743123 ], [ -122.420894, 37.744038 ] ] ] } },
{ "type": "Feature", "properties": { "BlockGroup": 60750254011 }, "geometry": { "type": "Polygon", "coordinates": [ [ [ -122.423117, 37.737358 ], [ -122.42404, 37.737406 ], [ -122.424179, 37.737325 ], [ -122.424775, 37.73738 ], [ -122.425111, 37.737551 ], [ -122.425286, 37.73764 ], [ -122.425082, 37.737851 ], [ -122.424951, 37.738063 ], [ -122.424724, 37.738431 ], [ -122.424485, 37.738993 ], [ -122.424276, 37.739784 ], [ -122.424147, 37.739869 ], [ -122.42358, 37.739884 ], [ -122.42309, 37.740642 ], [ -122.422841, 37.741027 ], [ -122.421742, 37.740581 ], [ -122.420856, 37.740221 ], [ -122.420275, 37.739985 ], [ -122.41972, 37.739759 ], [ -122.419566, 37.739696 ], [ -122.419165, 37.739533 ], [ -122.418584, 37.739297 ], [ -122.419073, 37.738538 ], [ -122.419302, 37.738182 ], [ -122.419646, 37.738248 ], [ -122.419981, 37.73824 ], [ -122.420362, 37.738093 ], [ -122.420679, 37.737926 ], [ -122.42091, 37.737611 ], [ -122.421019, 37.737455 ], [ -122.42108, 37.73726 ], [ -122.423117, 37.737358 ] ] ] } },
{ "type": "Feature", "properties": { "BlockGroup": 60750254012 }, "geometry": { "type": "Polygon", "coordinates": [ [ [ -122.416718, 37.736074 ], [ -122.41676, 37.735605 ], [ -122.420163, 37.735777 ], [ -122.420134, 37.736137 ], [ -122.420511, 37.736214 ], [ -122.420813, 37.736374 ], [ -122.420991, 37.736536 ], [ -122.421092, 37.736818 ], [ -122.421123, 37.737078 ], [ -122.42108, 37.73726 ], [ -122.421019, 37.737455 ], [ -122.42091, 37.737611 ], [ -122.420679, 37.737926 ], [ -122.420362, 37.738093 ], [ -122.419981, 37.73824 ], [ -122.419646, 37.738248 ], [ -122.419302, 37.738182 ], [ -122.419073, 37.738538 ], [ -122.418584, 37.739297 ], [ -122.418461, 37.739249 ], [ -122.417779, 37.739184 ], [ -122.417139, 37.739121 ], [ -122.41652, 37.739062 ], [ -122.415899, 37.739002 ], [ -122.415801, 37.738949 ], [ -122.415841, 37.738452 ], [ -122.415955, 37.737211 ], [ -122.416613, 37.737248 ], [ -122.416631, 37.737037 ], [ -122.416696, 37.736317 ], [ -122.416718, 37.736074 ] ] ] } },
{ "type": "Feature", "properties": { "BlockGroup": 60750254013 }, "geometry": { "type": "Polygon", "coordinates": [ [ [ -122.422602, 37.735177 ], [ -122.422688, 37.735205 ], [ -122.423152, 37.735928 ], [ -122.423264, 37.735965 ], [ -122.424466, 37.736061 ], [ -122.424595, 37.735944 ], [ -122.426209, 37.736074 ], [ -122.426545, 37.736269 ], [ -122.426722, 37.736372 ], [ -122.426659, 37.736418 ], [ -122.426166, 37.736835 ], [ -122.425598, 37.737317 ], [ -122.425286, 37.73764 ], [ -122.425111, 37.737551 ], [ -122.424775, 37.73738 ], [ -122.424179, 37.737325 ], [ -122.42404, 37.737406 ], [ -122.423117, 37.737358 ], [ -122.42108, 37.73726 ], [ -122.421123, 37.737078 ], [ -122.421092, 37.736818 ], [ -122.420991, 37.736536 ], [ -122.420813, 37.736374 ], [ -122.420511, 37.736214 ], [ -122.420134, 37.736137 ], [ -122.420163, 37.735777 ], [ -122.420224, 37.735058 ], [ -122.421861, 37.73514 ], [ -122.422121, 37.735153 ], [ -122.422272, 37.73516 ], [ -122.422602, 37.735177 ] ] ] } },
{ "type": "Feature", "properties": { "BlockGroup": 60750254021 }, "geometry": { "type": "Polygon", "coordinates": [ [ [ -122.416172, 37.734856 ], [ -122.416824, 37.734888 ], [ -122.41676, 37.735605 ], [ -122.416718, 37.736074 ], [ -122.416696, 37.736317 ], [ -122.416631, 37.737037 ], [ -122.416613, 37.737248 ], [ -122.415955, 37.737211 ], [ -122.415841, 37.738452 ], [ -122.415801, 37.738949 ], [ -122.415899, 37.739002 ], [ -122.415184, 37.738933 ], [ -122.414666, 37.738883 ], [ -122.414559, 37.738881 ], [ -122.413938, 37.73893 ], [ -122.413991, 37.738349 ], [ -122.414103, 37.737105 ], [ -122.41421, 37.735929 ], [ -122.414313, 37.734763 ], [ -122.414935, 37.734794 ], [ -122.415554, 37.734825 ], [ -122.416172, 37.734856 ] ] ] } },
{ "type": "Feature", "properties": { "BlockGroup": 60750254022 }, "geometry": { "type": "Polygon", "coordinates": [ [ [ -122.414313, 37.734763 ], [ -122.41421, 37.735929 ], [ -122.414103, 37.737105 ], [ -122.413991, 37.738349 ], [ -122.413938, 37.73893 ], [ -122.413312, 37.738982 ], [ -122.413186, 37.738998 ], [ -122.412657, 37.739311 ], [ -122.411992, 37.73971 ], [ -122.412125, 37.738244 ], [ -122.412239, 37.737 ], [ -122.412345, 37.735822 ], [ -122.412447, 37.73467 ], [ -122.412826, 37.734688 ], [ -122.413069, 37.734701 ], [ -122.413689, 37.734732 ], [ -122.414313, 37.734763 ] ] ] } },
{ "type": "Feature", "properties": { "BlockGroup": 60750254023 }, "geometry": { "type": "Polygon", "coordinates": [ [ [ -122.411166, 37.735072 ], [ -122.411826, 37.734638 ], [ -122.412447, 37.73467 ], [ -122.412345, 37.735822 ], [ -122.412239, 37.737 ], [ -122.412125, 37.738244 ], [ -122.411992, 37.73971 ], [ -122.411748, 37.739854 ], [ -122.41137, 37.739831 ], [ -122.410733, 37.739792 ], [ -122.410507, 37.739779 ], [ -122.410115, 37.739755 ], [ -122.410191, 37.738923 ], [ -122.410264, 37.738123 ], [ -122.410377, 37.736894 ], [ -122.409762, 37.736858 ], [ -122.409138, 37.736823 ], [ -122.408993, 37.736828 ], [ -122.408854, 37.736831 ], [ -122.40879, 37.736997 ], [ -122.408684, 37.737234 ], [ -122.408465, 37.737489 ], [ -122.408217, 37.737612 ], [ -122.408216, 37.737582 ], [ -122.408211, 37.7374 ], [ -122.408245, 37.737063 ], [ -122.408337, 37.736678 ], [ -122.408358, 37.736617 ], [ -122.408468, 37.736342 ], [ -122.408488, 37.736291 ], [ -122.408582, 37.736125 ], [ -122.408655, 37.735998 ], [ -122.408779, 37.735817 ], [ -122.40881, 37.735773 ], [ -122.408836, 37.735745 ], [ -122.408923, 37.73565 ], [ -122.408993, 37.735575 ], [ -122.409086, 37.735449 ], [ -122.409141, 37.735375 ], [ -122.409505, 37.735044 ], [ -122.409798, 37.734828 ], [ -122.409865, 37.734904 ], [ -122.410344, 37.734621 ], [ -122.410513, 37.734592 ], [ -122.41083, 37.734733 ], [ -122.411166, 37.735072 ] ] ] } },
{ "type": "Feature", "properties": { "BlockGroup": 60750254031 }, "geometry": { "type": "Polygon", "coordinates": [ [ [ -122.423769, 37.732163 ], [ -122.424278, 37.732134 ], [ -122.425047, 37.73213 ], [ -122.425199, 37.732129 ], [ -122.4255, 37.732053 ], [ -122.425782, 37.73193 ], [ -122.42592, 37.731816 ], [ -122.426095, 37.731671 ], [ -122.426104, 37.731651 ], [ -122.426391, 37.73169 ], [ -122.427119, 37.731826 ], [ -122.427343, 37.731868 ], [ -122.428038, 37.732016 ], [ -122.427338, 37.732721 ], [ -122.426391, 37.733675 ], [ -122.426375, 37.733736 ], [ -122.426175, 37.733938 ], [ -122.426115, 37.733954 ], [ -122.427401, 37.734507 ], [ -122.427839, 37.734694 ], [ -122.428354, 37.734915 ], [ -122.428437, 37.734951 ], [ -122.428573, 37.735082 ], [ -122.428017, 37.735444 ], [ -122.427874, 37.735537 ], [ -122.426722, 37.736372 ], [ -122.426545, 37.736269 ], [ -122.426209, 37.736074 ], [ -122.424595, 37.735944 ], [ -122.424466, 37.736061 ], [ -122.423264, 37.735965 ], [ -122.423152, 37.735928 ], [ -122.422688, 37.735205 ], [ -122.422602, 37.735177 ], [ -122.422272, 37.73516 ], [ -122.422121, 37.735153 ], [ -122.422147, 37.734963 ], [ -122.422205, 37.734857 ], [ -122.422284, 37.73478 ], [ -122.422547, 37.73462 ], [ -122.422737, 37.73449 ], [ -122.422876, 37.73437 ], [ -122.422641, 37.734182 ], [ -122.422514, 37.734049 ], [ -122.422378, 37.733843 ], [ -122.422337, 37.733668 ], [ -122.422263, 37.733476 ], [ -122.422027, 37.73314 ], [ -122.421849, 37.732986 ], [ -122.421779, 37.732885 ], [ -122.421741, 37.732743 ], [ -122.42182, 37.732588 ], [ -122.421964, 37.732433 ], [ -122.422598, 37.732308 ], [ -122.423195, 37.732223 ], [ -122.423486, 37.732261 ], [ -122.423769, 37.732163 ] ] ] } },
{ "type": "Feature", "properties": { "BlockGroup": 60750254032 }, "geometry": { "type": "Polygon", "coordinates": [ [ [ -122.415939, 37.732072 ], [ -122.416657, 37.732013 ], [ -122.417392, 37.73205 ], [ -122.418461, 37.73206 ], [ -122.419464, 37.73206 ], [ -122.420358, 37.732006 ], [ -122.421134, 37.731891 ], [ -122.421279, 37.731869 ], [ -122.421703, 37.731807 ], [ -122.42282, 37.731641 ], [ -122.42392, 37.731553 ], [ -122.423982, 37.731552 ], [ -122.424554, 37.731549 ], [ -122.424645, 37.731549 ], [ -122.424986, 37.73156 ], [ -122.425563, 37.731579 ], [ -122.426104, 37.731651 ], [ -122.426095, 37.731671 ], [ -122.42592, 37.731816 ], [ -122.425782, 37.73193 ], [ -122.4255, 37.732053 ], [ -122.425199, 37.732129 ], [ -122.425047, 37.73213 ], [ -122.424278, 37.732134 ], [ -122.423769, 37.732163 ], [ -122.423486, 37.732261 ], [ -122.423195, 37.732223 ], [ -122.422598, 37.732308 ], [ -122.421964, 37.732433 ], [ -122.42182, 37.732588 ], [ -122.421741, 37.732743 ], [ -122.421779, 37.732885 ], [ -122.421849, 37.732986 ], [ -122.422027, 37.73314 ], [ -122.422263, 37.733476 ], [ -122.422337, 37.733668 ], [ -122.422378, 37.733843 ], [ -122.422514, 37.734049 ], [ -122.422641, 37.734182 ], [ -122.422876, 37.73437 ], [ -122.422737, 37.73449 ], [ -122.422547, 37.73462 ], [ -122.422284, 37.73478 ], [ -122.422205, 37.734857 ], [ -122.422147, 37.734963 ], [ -122.422121, 37.735153 ], [ -122.421861, 37.73514 ], [ -122.420224, 37.735058 ], [ -122.420163, 37.735777 ], [ -122.41676, 37.735605 ], [ -122.416824, 37.734888 ], [ -122.416172, 37.734856 ], [ -122.415554, 37.734825 ], [ -122.414935, 37.734794 ], [ -122.414313, 37.734763 ], [ -122.413689, 37.734732 ], [ -122.413069, 37.734701 ], [ -122.412826, 37.734688 ], [ -122.412447, 37.73467 ], [ -122.411826, 37.734638 ], [ -122.411166, 37.735072 ], [ -122.41083, 37.734733 ], [ -122.410513, 37.734592 ], [ -122.410344, 37.734621 ], [ -122.409865, 37.734904 ], [ -122.409798, 37.734828 ], [ -122.40995, 37.734715 ], [ -122.411473, 37.733786 ], [ -122.412085, 37.733457 ], [ -122.413437, 37.732837 ], [ -122.413784, 37.732672 ], [ -122.414388, 37.732417 ], [ -122.415115, 37.73223 ], [ -122.415459, 37.732164 ], [ -122.415939, 37.732072 ] ] ] } },
{ "type": "Feature", "properties": { "BlockGroup": 60750255001 }, "geometry": { "type": "Polygon", "coordinates": [ [ [ -122.431093, 37.730656 ], [ -122.431192, 37.730568 ], [ -122.431393, 37.731009 ], [ -122.431685, 37.731652 ], [ -122.431796, 37.732081 ], [ -122.43184, 37.732254 ], [ -122.431845, 37.732272 ], [ -122.43189, 37.732446 ], [ -122.431966, 37.73265 ], [ -122.431983, 37.732868 ], [ -122.431957, 37.732994 ], [ -122.432089, 37.732984 ], [ -122.432118, 37.733001 ], [ -122.432185, 37.733039 ], [ -122.432208, 37.733052 ], [ -122.432399, 37.733163 ], [ -122.432422, 37.733176 ], [ -122.430928, 37.733867 ], [ -122.430396, 37.734121 ], [ -122.429799, 37.734406 ], [ -122.4296, 37.734518 ], [ -122.429391, 37.734636 ], [ -122.428843, 37.734932 ], [ -122.428607, 37.73506 ], [ -122.428573, 37.735082 ], [ -122.428437, 37.734951 ], [ -122.428354, 37.734915 ], [ -122.427839, 37.734694 ], [ -122.427401, 37.734507 ], [ -122.426115, 37.733954 ], [ -122.426175, 37.733938 ], [ -122.426375, 37.733736 ], [ -122.426391, 37.733675 ], [ -122.427338, 37.732721 ], [ -122.428038, 37.732016 ], [ -122.428203, 37.731851 ], [ -122.428686, 37.731365 ], [ -122.428873, 37.731175 ], [ -122.429304, 37.730742 ], [ -122.429378, 37.73072 ], [ -122.430105, 37.729988 ], [ -122.430111, 37.729931 ], [ -122.430181, 37.72986 ], [ -122.430789, 37.73024 ], [ -122.430833, 37.730335 ], [ -122.430945, 37.730578 ], [ -122.430947, 37.730699 ], [ -122.431093, 37.730656 ] ] ] } },
{ "type": "Feature", "properties": { "BlockGroup": 60750255002 }, "geometry": { "type": "Polygon", "coordinates": [ [ [ -122.435641, 37.730693 ], [ -122.435739, 37.730776 ], [ -122.435852, 37.730872 ], [ -122.436003, 37.730999 ], [ -122.436147, 37.731121 ], [ -122.436209, 37.731167 ], [ -122.435887, 37.731262 ], [ -122.435705, 37.731313 ], [ -122.435329, 37.731407 ], [ -122.435262, 37.731509 ], [ -122.435167, 37.731653 ], [ -122.435404, 37.731622 ], [ -122.435601, 37.731596 ], [ -122.435892, 37.731577 ], [ -122.435425, 37.731786 ], [ -122.435061, 37.731965 ], [ -122.434914, 37.732038 ], [ -122.434299, 37.732311 ], [ -122.432535, 37.733123 ], [ -122.432422, 37.733176 ], [ -122.432399, 37.733163 ], [ -122.432208, 37.733052 ], [ -122.432185, 37.733039 ], [ -122.432118, 37.733001 ], [ -122.432089, 37.732984 ], [ -122.431957, 37.732994 ], [ -122.431983, 37.732868 ], [ -122.431966, 37.73265 ], [ -122.43189, 37.732446 ], [ -122.431845, 37.732272 ], [ -122.43184, 37.732254 ], [ -122.431796, 37.732081 ], [ -122.431685, 37.731652 ], [ -122.431393, 37.731009 ], [ -122.431192, 37.730568 ], [ -122.431093, 37.730656 ], [ -122.430947, 37.730699 ], [ -122.430945, 37.730578 ], [ -122.430833, 37.730335 ], [ -122.430789, 37.73024 ], [ -122.430181, 37.72986 ], [ -122.43026, 37.729832 ], [ -122.430805, 37.729284 ], [ -122.430809, 37.729228 ], [ -122.430878, 37.729209 ], [ -122.431269, 37.728807 ], [ -122.431294, 37.72873 ], [ -122.431801, 37.728249 ], [ -122.433832, 37.72922 ], [ -122.433974, 37.729303 ], [ -122.434617, 37.729815 ], [ -122.434677, 37.729889 ], [ -122.435641, 37.730693 ] ] ] } },
{ "type": "Feature", "properties": { "BlockGroup": 60750255003 }, "geometry": { "type": "Polygon", "coordinates": [ [ [ -122.435991, 37.726719 ], [ -122.436805, 37.727168 ], [ -122.436372, 37.727964 ], [ -122.43575, 37.728671 ], [ -122.435196, 37.7293 ], [ -122.434677, 37.729889 ], [ -122.434617, 37.729815 ], [ -122.433974, 37.729303 ], [ -122.433832, 37.72922 ], [ -122.431801, 37.728249 ], [ -122.432363, 37.727717 ], [ -122.432447, 37.727637 ], [ -122.432808, 37.727315 ], [ -122.432912, 37.727178 ], [ -122.433357, 37.726588 ], [ -122.433624, 37.726236 ], [ -122.433982, 37.725762 ], [ -122.435991, 37.726719 ] ] ] } },
{ "type": "Feature", "properties": { "BlockGroup": 60750255004 }, "geometry": { "type": "Polygon", "coordinates": [ [ [ -122.438809, 37.723601 ], [ -122.438684, 37.723809 ], [ -122.438272, 37.724469 ], [ -122.437934, 37.725094 ], [ -122.436805, 37.727168 ], [ -122.435991, 37.726719 ], [ -122.433982, 37.725762 ], [ -122.434426, 37.725175 ], [ -122.434798, 37.724683 ], [ -122.43487, 37.724588 ], [ -122.435313, 37.724005 ], [ -122.435385, 37.723909 ], [ -122.436449, 37.723788 ], [ -122.43702, 37.723723 ], [ -122.437439, 37.723716 ], [ -122.437545, 37.723733 ], [ -122.43827, 37.723676 ], [ -122.438355, 37.723645 ], [ -122.438437, 37.723672 ], [ -122.438704, 37.723648 ], [ -122.438809, 37.723601 ] ] ] } },
{ "type": "Feature", "properties": { "BlockGroup": 60750255005 }, "geometry": { "type": "Polygon", "coordinates": [ [ [ -122.443274, 37.723085 ], [ -122.443378, 37.723102 ], [ -122.444498, 37.72297 ], [ -122.444607, 37.722975 ], [ -122.444747, 37.722967 ], [ -122.444019, 37.723843 ], [ -122.443066, 37.724988 ], [ -122.442387, 37.725793 ], [ -122.441582, 37.726759 ], [ -122.441437, 37.72694 ], [ -122.440968, 37.726689 ], [ -122.440517, 37.726447 ], [ -122.439617, 37.725965 ], [ -122.439182, 37.725732 ], [ -122.438763, 37.725508 ], [ -122.438096, 37.725151 ], [ -122.437934, 37.725094 ], [ -122.438272, 37.724469 ], [ -122.438684, 37.723809 ], [ -122.438809, 37.723601 ], [ -122.438904, 37.72362 ], [ -122.439763, 37.723521 ], [ -122.43985, 37.723481 ], [ -122.439957, 37.723499 ], [ -122.440958, 37.723383 ], [ -122.44105, 37.723342 ], [ -122.441152, 37.72336 ], [ -122.442438, 37.723211 ], [ -122.442554, 37.723168 ], [ -122.44265, 37.72318 ], [ -122.443163, 37.723121 ], [ -122.443274, 37.723085 ] ] ] } },
{ "type": "Feature", "properties": { "BlockGroup": 60750255006 }, "geometry": { "type": "Polygon", "coordinates": [ [ [ -122.447217, 37.722996 ], [ -122.447272, 37.722957 ], [ -122.447328, 37.723006 ], [ -122.447453, 37.723006 ], [ -122.447639, 37.723006 ], [ -122.447878, 37.723005 ], [ -122.447601, 37.723835 ], [ -122.447586, 37.72388 ], [ -122.447534, 37.724005 ], [ -122.447237, 37.724569 ], [ -122.447201, 37.724638 ], [ -122.446864, 37.725213 ], [ -122.446391, 37.725863 ], [ -122.446308, 37.725978 ], [ -122.445953, 37.726365 ], [ -122.445724, 37.726613 ], [ -122.445603, 37.726734 ], [ -122.445041, 37.727295 ], [ -122.444688, 37.727583 ], [ -122.444423, 37.727799 ], [ -122.443791, 37.728233 ], [ -122.443664, 37.728304 ], [ -122.443075, 37.728634 ], [ -122.442722, 37.728794 ], [ -122.44197, 37.729136 ], [ -122.441801, 37.729202 ], [ -122.44123, 37.729423 ], [ -122.441135, 37.72946 ], [ -122.440781, 37.729605 ], [ -122.440256, 37.72982 ], [ -122.440102, 37.729878 ], [ -122.439483, 37.730112 ], [ -122.439558, 37.730191 ], [ -122.438541, 37.730568 ], [ -122.438191, 37.730698 ], [ -122.437012, 37.731118 ], [ -122.43645, 37.731333 ], [ -122.436133, 37.73147 ], [ -122.435892, 37.731577 ], [ -122.435601, 37.731596 ], [ -122.435404, 37.731622 ], [ -122.435167, 37.731653 ], [ -122.435262, 37.731509 ], [ -122.435329, 37.731407 ], [ -122.435705, 37.731313 ], [ -122.435887, 37.731262 ], [ -122.436209, 37.731167 ], [ -122.436147, 37.731121 ], [ -122.436003, 37.730999 ], [ -122.435852, 37.730872 ], [ -122.435739, 37.730776 ], [ -122.435641, 37.730693 ], [ -122.434677, 37.729889 ], [ -122.435196, 37.7293 ], [ -122.43575, 37.728671 ], [ -122.436372, 37.727964 ], [ -122.436805, 37.727168 ], [ -122.437934, 37.725094 ], [ -122.438096, 37.725151 ], [ -122.438763, 37.725508 ], [ -122.439182, 37.725732 ], [ -122.439617, 37.725965 ], [ -122.440517, 37.726447 ], [ -122.440968, 37.726689 ], [ -122.441437, 37.72694 ], [ -122.441582, 37.726759 ], [ -122.442387, 37.725793 ], [ -122.443066, 37.724988 ], [ -122.444019, 37.723843 ], [ -122.444747, 37.722967 ], [ -122.444811, 37.722998 ], [ -122.447217, 37.722996 ] ] ] } },
{ "type": "Feature", "properties": { "BlockGroup": 60750256001 }, "geometry": { "type": "Polygon", "coordinates": [ [ [ -122.426025, 37.729397 ], [ -122.426084, 37.730136 ], [ -122.426144, 37.730881 ], [ -122.426267, 37.730897 ], [ -122.42839, 37.730789 ], [ -122.429304, 37.730742 ], [ -122.428873, 37.731175 ], [ -122.428686, 37.731365 ], [ -122.428203, 37.731851 ], [ -122.428038, 37.732016 ], [ -122.427343, 37.731868 ], [ -122.427119, 37.731826 ], [ -122.426391, 37.73169 ], [ -122.426104, 37.731651 ], [ -122.425563, 37.731579 ], [ -122.424986, 37.73156 ], [ -122.424645, 37.731549 ], [ -122.424554, 37.731549 ], [ -122.423982, 37.731552 ], [ -122.42392, 37.731553 ], [ -122.42282, 37.731641 ], [ -122.421703, 37.731807 ], [ -122.421715, 37.731608 ], [ -122.421726, 37.731438 ], [ -122.421731, 37.731352 ], [ -122.421753, 37.731085 ], [ -122.420945, 37.731309 ], [ -122.420185, 37.731463 ], [ -122.41985, 37.731476 ], [ -122.419514, 37.73149 ], [ -122.419356, 37.731439 ], [ -122.41927, 37.73133 ], [ -122.419282, 37.731164 ], [ -122.419373, 37.73043 ], [ -122.419536, 37.729129 ], [ -122.419486, 37.729046 ], [ -122.419388, 37.728809 ], [ -122.420374, 37.728555 ], [ -122.420528, 37.728928 ], [ -122.420565, 37.729014 ], [ -122.42042, 37.72928 ], [ -122.420583, 37.729302 ], [ -122.420563, 37.729385 ], [ -122.420726, 37.729344 ], [ -122.421441, 37.729311 ], [ -122.422276, 37.729272 ], [ -122.422503, 37.729262 ], [ -122.422943, 37.729242 ], [ -122.423798, 37.729509 ], [ -122.426025, 37.729397 ] ] ] } },
{ "type": "Feature", "properties": { "BlockGroup": 60750256002 }, "geometry": { "type": "Polygon", "coordinates": [ [ [ -122.419386, 37.726169 ], [ -122.419883, 37.72737 ], [ -122.420374, 37.728555 ], [ -122.419388, 37.728809 ], [ -122.419486, 37.729046 ], [ -122.4192, 37.729082 ], [ -122.418744, 37.729089 ], [ -122.418381, 37.729039 ], [ -122.417206, 37.72884 ], [ -122.416864, 37.728796 ], [ -122.416637, 37.728809 ], [ -122.416174, 37.728919 ], [ -122.415193, 37.729223 ], [ -122.414956, 37.728658 ], [ -122.41446, 37.727457 ], [ -122.415452, 37.727198 ], [ -122.416426, 37.726943 ], [ -122.41741, 37.726685 ], [ -122.418404, 37.726425 ], [ -122.417906, 37.725221 ], [ -122.418888, 37.724966 ], [ -122.419386, 37.726169 ] ] ] } },
{ "type": "Feature", "properties": { "BlockGroup": 60750256003 }, "geometry": { "type": "Polygon", "coordinates": [ [ [ -122.42284, 37.726597 ], [ -122.423122, 37.727277 ], [ -122.423336, 37.727792 ], [ -122.422345, 37.728048 ], [ -122.421359, 37.728302 ], [ -122.420374, 37.728555 ], [ -122.419883, 37.72737 ], [ -122.419386, 37.726169 ], [ -122.418888, 37.724966 ], [ -122.419875, 37.72471 ], [ -122.420861, 37.724454 ], [ -122.421847, 37.724199 ], [ -122.422343, 37.725395 ], [ -122.42284, 37.726597 ] ] ] } },
{ "type": "Feature", "properties": { "BlockGroup": 60750256004 }, "geometry": { "type": "Polygon", "coordinates": [ [ [ -122.43039, 37.728547 ], [ -122.431294, 37.72873 ], [ -122.431269, 37.728807 ], [ -122.430878, 37.729209 ], [ -122.430809, 37.729228 ], [ -122.430805, 37.729284 ], [ -122.43026, 37.729832 ], [ -122.430181, 37.72986 ], [ -122.430111, 37.729931 ], [ -122.430105, 37.729988 ], [ -122.429378, 37.73072 ], [ -122.429304, 37.730742 ], [ -122.42839, 37.730789 ], [ -122.426267, 37.730897 ], [ -122.426144, 37.730881 ], [ -122.426084, 37.730136 ], [ -122.426025, 37.729397 ], [ -122.423798, 37.729509 ], [ -122.422943, 37.729242 ], [ -122.422503, 37.729262 ], [ -122.422276, 37.729272 ], [ -122.421441, 37.729311 ], [ -122.420726, 37.729344 ], [ -122.420563, 37.729385 ], [ -122.420583, 37.729302 ], [ -122.42042, 37.72928 ], [ -122.420565, 37.729014 ], [ -122.420528, 37.728928 ], [ -122.420374, 37.728555 ], [ -122.421359, 37.728302 ], [ -122.422345, 37.728048 ], [ -122.423336, 37.727792 ], [ -122.423509, 37.728207 ], [ -122.42374, 37.72876 ], [ -122.424199, 37.728736 ], [ -122.42488, 37.728699 ], [ -122.42529, 37.728677 ], [ -122.425964, 37.728641 ], [ -122.426423, 37.728617 ], [ -122.42758, 37.728566 ], [ -122.428209, 37.728545 ], [ -122.428667, 37.728534 ], [ -122.43039, 37.728547 ] ] ] } },
{ "type": "Feature", "properties": { "BlockGroup": 60750257011 }, "geometry": { "type": "Polygon", "coordinates": [ [ [ -122.413923, 37.729647 ], [ -122.414225, 37.729532 ], [ -122.414558, 37.729419 ], [ -122.415193, 37.729223 ], [ -122.416174, 37.728919 ], [ -122.416637, 37.728809 ], [ -122.416864, 37.728796 ], [ -122.417206, 37.72884 ], [ -122.418381, 37.729039 ], [ -122.418744, 37.729089 ], [ -122.4192, 37.729082 ], [ -122.419486, 37.729046 ], [ -122.419536, 37.729129 ], [ -122.419373, 37.73043 ], [ -122.419282, 37.731164 ], [ -122.41927, 37.73133 ], [ -122.419356, 37.731439 ], [ -122.419514, 37.73149 ], [ -122.41985, 37.731476 ], [ -122.420185, 37.731463 ], [ -122.420945, 37.731309 ], [ -122.421753, 37.731085 ], [ -122.421731, 37.731352 ], [ -122.421726, 37.731438 ], [ -122.421715, 37.731608 ], [ -122.421703, 37.731807 ], [ -122.421279, 37.731869 ], [ -122.421134, 37.731891 ], [ -122.420358, 37.732006 ], [ -122.419464, 37.73206 ], [ -122.418461, 37.73206 ], [ -122.417392, 37.73205 ], [ -122.416657, 37.732013 ], [ -122.415939, 37.732072 ], [ -122.415459, 37.732164 ], [ -122.415115, 37.73223 ], [ -122.414388, 37.732417 ], [ -122.414531, 37.732193 ], [ -122.414551, 37.732161 ], [ -122.414529, 37.732166 ], [ -122.414518, 37.732112 ], [ -122.413358, 37.732402 ], [ -122.413265, 37.732112 ], [ -122.413053, 37.731452 ], [ -122.412843, 37.730797 ], [ -122.412632, 37.730138 ], [ -122.413282, 37.72989 ], [ -122.413923, 37.729647 ] ] ] } },
{ "type": "Feature", "properties": { "BlockGroup": 60750257012 }, "geometry": { "type": "Polygon", "coordinates": [ [ [ -122.412843, 37.730797 ], [ -122.413053, 37.731452 ], [ -122.413265, 37.732112 ], [ -122.413358, 37.732402 ], [ -122.414518, 37.732112 ], [ -122.414529, 37.732166 ], [ -122.414551, 37.732161 ], [ -122.414531, 37.732193 ], [ -122.414388, 37.732417 ], [ -122.413784, 37.732672 ], [ -122.413437, 37.732837 ], [ -122.412085, 37.733457 ], [ -122.411473, 37.733786 ], [ -122.40995, 37.734715 ], [ -122.409798, 37.734828 ], [ -122.409505, 37.735044 ], [ -122.409141, 37.735375 ], [ -122.409086, 37.735449 ], [ -122.408993, 37.735575 ], [ -122.408923, 37.73565 ], [ -122.408836, 37.735745 ], [ -122.40881, 37.735773 ], [ -122.408779, 37.735817 ], [ -122.408655, 37.735998 ], [ -122.408582, 37.736125 ], [ -122.408488, 37.736291 ], [ -122.408468, 37.736342 ], [ -122.408358, 37.736617 ], [ -122.408337, 37.736678 ], [ -122.408245, 37.737063 ], [ -122.408211, 37.7374 ], [ -122.408216, 37.737582 ], [ -122.408217, 37.737612 ], [ -122.408125, 37.737657 ], [ -122.407987, 37.737706 ], [ -122.407851, 37.737755 ], [ -122.407789, 37.737777 ], [ -122.407685, 37.737806 ], [ -122.407658, 37.737813 ], [ -122.407554, 37.737837 ], [ -122.407103, 37.737966 ], [ -122.406911, 37.737966 ], [ -122.406947, 37.737829 ], [ -122.406772, 37.736424 ], [ -122.406704, 37.736309 ], [ -122.406619, 37.735897 ], [ -122.406455, 37.735511 ], [ -122.406382, 37.735418 ], [ -122.406295, 37.735307 ], [ -122.406509, 37.735242 ], [ -122.406646, 37.735199 ], [ -122.406815, 37.735146 ], [ -122.406848, 37.735135 ], [ -122.40713, 37.735047 ], [ -122.406816, 37.734521 ], [ -122.406802, 37.734497 ], [ -122.406615, 37.734184 ], [ -122.406533, 37.734047 ], [ -122.406515, 37.734018 ], [ -122.40621, 37.733487 ], [ -122.405909, 37.732963 ], [ -122.405608, 37.732439 ], [ -122.406575, 37.732141 ], [ -122.406764, 37.732083 ], [ -122.407539, 37.731847 ], [ -122.408509, 37.731552 ], [ -122.408914, 37.731428 ], [ -122.409478, 37.731255 ], [ -122.41051, 37.730938 ], [ -122.410572, 37.730919 ], [ -122.411394, 37.730608 ], [ -122.412338, 37.730249 ], [ -122.412632, 37.730138 ], [ -122.412843, 37.730797 ] ] ] } },
{ "type": "Feature", "properties": { "BlockGroup": 60750257013 }, "geometry": { "type": "Polygon", "coordinates": [ [ [ -122.415193, 37.729223 ], [ -122.414558, 37.729419 ], [ -122.414225, 37.729532 ], [ -122.413923, 37.729647 ], [ -122.413282, 37.72989 ], [ -122.412632, 37.730138 ], [ -122.412338, 37.730249 ], [ -122.411394, 37.730608 ], [ -122.410572, 37.730919 ], [ -122.41051, 37.730938 ], [ -122.409478, 37.731255 ], [ -122.408914, 37.731428 ], [ -122.408509, 37.731552 ], [ -122.408057, 37.730461 ], [ -122.40756, 37.729261 ], [ -122.408549, 37.729003 ], [ -122.409534, 37.728745 ], [ -122.410519, 37.728488 ], [ -122.411505, 37.72823 ], [ -122.41249, 37.727972 ], [ -122.413475, 37.727715 ], [ -122.41446, 37.727457 ], [ -122.414956, 37.728658 ], [ -122.415193, 37.729223 ] ] ] } },
{ "type": "Feature", "properties": { "BlockGroup": 60750257021 }, "geometry": { "type": "Polygon", "coordinates": [ [ [ -122.406565, 37.726859 ], [ -122.405586, 37.727115 ], [ -122.404594, 37.727374 ], [ -122.403593, 37.727634 ], [ -122.403102, 37.727762 ], [ -122.40297, 37.727796 ], [ -122.402879, 37.727819 ], [ -122.402658, 37.727877 ], [ -122.402477, 37.727924 ], [ -122.4023, 37.72797 ], [ -122.402225, 37.728079 ], [ -122.402105, 37.72779 ], [ -122.401875, 37.726965 ], [ -122.401822, 37.726775 ], [ -122.401471, 37.725516 ], [ -122.401183, 37.724588 ], [ -122.400785, 37.723616 ], [ -122.400888, 37.723641 ], [ -122.401047, 37.723678 ], [ -122.40136, 37.723753 ], [ -122.401442, 37.723773 ], [ -122.402061, 37.72392 ], [ -122.402108, 37.724036 ], [ -122.4026, 37.725235 ], [ -122.403601, 37.724976 ], [ -122.404586, 37.724718 ], [ -122.405572, 37.724461 ], [ -122.406071, 37.725658 ], [ -122.406565, 37.726859 ] ] ] } },
{ "type": "Feature", "properties": { "BlockGroup": 60750257022 }, "geometry": { "type": "Polygon", "coordinates": [ [ [ -122.40756, 37.729261 ], [ -122.408057, 37.730461 ], [ -122.408509, 37.731552 ], [ -122.407539, 37.731847 ], [ -122.406764, 37.732083 ], [ -122.406575, 37.732141 ], [ -122.405608, 37.732439 ], [ -122.405909, 37.732963 ], [ -122.40621, 37.733487 ], [ -122.406515, 37.734018 ], [ -122.406533, 37.734047 ], [ -122.406615, 37.734184 ], [ -122.406802, 37.734497 ], [ -122.406816, 37.734521 ], [ -122.40713, 37.735047 ], [ -122.406848, 37.735135 ], [ -122.406815, 37.735146 ], [ -122.406646, 37.735199 ], [ -122.406509, 37.735242 ], [ -122.406295, 37.735307 ], [ -122.406178, 37.735158 ], [ -122.405495, 37.734287 ], [ -122.405096, 37.733716 ], [ -122.40506, 37.733652 ], [ -122.404657, 37.732949 ], [ -122.403962, 37.73161 ], [ -122.4034, 37.730658 ], [ -122.403022, 37.729902 ], [ -122.402752, 37.729357 ], [ -122.402209, 37.728102 ], [ -122.402105, 37.72779 ], [ -122.402225, 37.728079 ], [ -122.4023, 37.72797 ], [ -122.402477, 37.727924 ], [ -122.402658, 37.727877 ], [ -122.402879, 37.727819 ], [ -122.40297, 37.727796 ], [ -122.403102, 37.727762 ], [ -122.403593, 37.727634 ], [ -122.404594, 37.727374 ], [ -122.405586, 37.727115 ], [ -122.406565, 37.726859 ], [ -122.407062, 37.728059 ], [ -122.40756, 37.729261 ] ] ] } },
{ "type": "Feature", "properties": { "BlockGroup": 60750257023 }, "geometry": { "type": "Polygon", "coordinates": [ [ [ -122.409027, 37.724884 ], [ -122.409527, 37.726084 ], [ -122.410022, 37.727284 ], [ -122.410519, 37.728488 ], [ -122.409534, 37.728745 ], [ -122.408549, 37.729003 ], [ -122.40756, 37.729261 ], [ -122.407062, 37.728059 ], [ -122.406565, 37.726859 ], [ -122.406071, 37.725658 ], [ -122.405572, 37.724461 ], [ -122.406553, 37.724194 ], [ -122.407541, 37.723941 ], [ -122.408529, 37.723688 ], [ -122.409027, 37.724884 ] ] ] } },
{ "type": "Feature", "properties": { "BlockGroup": 60750258001 }, "geometry": { "type": "Polygon", "coordinates": [ [ [ -122.404018, 37.720767 ], [ -122.404565, 37.722064 ], [ -122.404907, 37.722897 ], [ -122.404961, 37.723015 ], [ -122.405087, 37.72329 ], [ -122.40531, 37.723827 ], [ -122.405572, 37.724461 ], [ -122.404586, 37.724718 ], [ -122.403601, 37.724976 ], [ -122.4026, 37.725235 ], [ -122.402108, 37.724036 ], [ -122.402061, 37.72392 ], [ -122.401613, 37.722832 ], [ -122.402605, 37.722574 ], [ -122.402056, 37.721277 ], [ -122.40216, 37.721373 ], [ -122.403034, 37.721146 ], [ -122.403034, 37.721023 ], [ -122.403126, 37.721122 ], [ -122.404018, 37.72089 ], [ -122.404018, 37.720767 ] ] ] } },
{ "type": "Feature", "properties": { "BlockGroup": 60750258002 }, "geometry": { "type": "Polygon", "coordinates": [ [ [ -122.403034, 37.721146 ], [ -122.40216, 37.721373 ], [ -122.402056, 37.721277 ], [ -122.402605, 37.722574 ], [ -122.401613, 37.722832 ], [ -122.402061, 37.72392 ], [ -122.401442, 37.723773 ], [ -122.40136, 37.723753 ], [ -122.401047, 37.723678 ], [ -122.400888, 37.723641 ], [ -122.400785, 37.723616 ], [ -122.400382, 37.722633 ], [ -122.399925, 37.721517 ], [ -122.399922, 37.72146 ], [ -122.399738, 37.721006 ], [ -122.399681, 37.720864 ], [ -122.399464, 37.72033 ], [ -122.399377, 37.720005 ], [ -122.399387, 37.719882 ], [ -122.399125, 37.71973 ], [ -122.399089, 37.719572 ], [ -122.398967, 37.71903 ], [ -122.398898, 37.718808 ], [ -122.398863, 37.718683 ], [ -122.398882, 37.718648 ], [ -122.3991, 37.718249 ], [ -122.399188, 37.718088 ], [ -122.399219, 37.717906 ], [ -122.399283, 37.717529 ], [ -122.399402, 37.717066 ], [ -122.39942, 37.716995 ], [ -122.399462, 37.716834 ], [ -122.399568, 37.716447 ], [ -122.399615, 37.716278 ], [ -122.39974, 37.716183 ], [ -122.399828, 37.71665 ], [ -122.400012, 37.717411 ], [ -122.400042, 37.717538 ], [ -122.400131, 37.717906 ], [ -122.400276, 37.718506 ], [ -122.400435, 37.719162 ], [ -122.401122, 37.71898 ], [ -122.402103, 37.718721 ], [ -122.402119, 37.718803 ], [ -122.402585, 37.719923 ], [ -122.403034, 37.721023 ], [ -122.403034, 37.721146 ] ] ] } },
{ "type": "Feature", "properties": { "BlockGroup": 60750259001 }, "geometry": { "type": "Polygon", "coordinates": [ [ [ -122.416917, 37.722825 ], [ -122.417781, 37.722597 ], [ -122.417914, 37.722627 ], [ -122.418392, 37.723768 ], [ -122.419375, 37.723498 ], [ -122.419875, 37.72471 ], [ -122.418888, 37.724966 ], [ -122.417906, 37.725221 ], [ -122.418404, 37.726425 ], [ -122.41741, 37.726685 ], [ -122.416426, 37.726943 ], [ -122.415452, 37.727198 ], [ -122.41446, 37.727457 ], [ -122.413475, 37.727715 ], [ -122.41249, 37.727972 ], [ -122.411505, 37.72823 ], [ -122.410519, 37.728488 ], [ -122.410022, 37.727284 ], [ -122.409527, 37.726084 ], [ -122.409027, 37.724884 ], [ -122.408529, 37.723688 ], [ -122.409515, 37.72343 ], [ -122.4105, 37.723173 ], [ -122.411485, 37.722915 ], [ -122.412468, 37.722658 ], [ -122.412969, 37.723858 ], [ -122.413959, 37.723599 ], [ -122.414936, 37.723343 ], [ -122.415923, 37.723085 ], [ -122.415558, 37.722226 ], [ -122.416632, 37.722157 ], [ -122.416917, 37.722825 ] ] ] } },
{ "type": "Feature", "properties": { "BlockGroup": 60750259002 }, "geometry": { "type": "Polygon", "coordinates": [ [ [ -122.411973, 37.721458 ], [ -122.412468, 37.722658 ], [ -122.411485, 37.722915 ], [ -122.4105, 37.723173 ], [ -122.409515, 37.72343 ], [ -122.408529, 37.723688 ], [ -122.407541, 37.723941 ], [ -122.406553, 37.724194 ], [ -122.405572, 37.724461 ], [ -122.40531, 37.723827 ], [ -122.405087, 37.72329 ], [ -122.404961, 37.723015 ], [ -122.404907, 37.722897 ], [ -122.404565, 37.722064 ], [ -122.404018, 37.720767 ], [ -122.40411, 37.720866 ], [ -122.405016, 37.72063 ], [ -122.405009, 37.720509 ], [ -122.405107, 37.720606 ], [ -122.406081, 37.720353 ], [ -122.406987, 37.720117 ], [ -122.406998, 37.719991 ], [ -122.407098, 37.720088 ], [ -122.407956, 37.719864 ], [ -122.407977, 37.719736 ], [ -122.408089, 37.71983 ], [ -122.409022, 37.719587 ], [ -122.410002, 37.719332 ], [ -122.41099, 37.719074 ], [ -122.411476, 37.720252 ], [ -122.411973, 37.721458 ] ] ] } },
{ "type": "Feature", "properties": { "BlockGroup": 60750259003 }, "geometry": { "type": "Polygon", "coordinates": [ [ [ -122.402119, 37.718803 ], [ -122.402103, 37.718721 ], [ -122.403071, 37.718465 ], [ -122.403555, 37.718337 ], [ -122.403854, 37.71883 ], [ -122.404051, 37.718928 ], [ -122.40453, 37.719174 ], [ -122.404792, 37.719309 ], [ -122.405319, 37.719579 ], [ -122.405564, 37.71966 ], [ -122.405797, 37.719737 ], [ -122.4061, 37.719837 ], [ -122.406431, 37.719754 ], [ -122.406665, 37.719215 ], [ -122.406998, 37.719991 ], [ -122.406987, 37.720117 ], [ -122.406081, 37.720353 ], [ -122.405107, 37.720606 ], [ -122.405009, 37.720509 ], [ -122.405016, 37.72063 ], [ -122.40411, 37.720866 ], [ -122.404018, 37.720767 ], [ -122.404018, 37.72089 ], [ -122.403126, 37.721122 ], [ -122.403034, 37.721023 ], [ -122.402585, 37.719923 ], [ -122.402119, 37.718803 ] ] ] } },
{ "type": "Feature", "properties": { "BlockGroup": 60750260011 }, "geometry": { "type": "Polygon", "coordinates": [ [ [ -122.433231, 37.723932 ], [ -122.434033, 37.724316 ], [ -122.434798, 37.724683 ], [ -122.434426, 37.725175 ], [ -122.433982, 37.725762 ], [ -122.433624, 37.726236 ], [ -122.433357, 37.726588 ], [ -122.432912, 37.727178 ], [ -122.432808, 37.727315 ], [ -122.432447, 37.727637 ], [ -122.431767, 37.727311 ], [ -122.430965, 37.726926 ], [ -122.43017, 37.726544 ], [ -122.43008, 37.726663 ], [ -122.42928, 37.726282 ], [ -122.428482, 37.725901 ], [ -122.427684, 37.72552 ], [ -122.426912, 37.725151 ], [ -122.428074, 37.723591 ], [ -122.428837, 37.723955 ], [ -122.430026, 37.722398 ], [ -122.430833, 37.722784 ], [ -122.431633, 37.723167 ], [ -122.432432, 37.72355 ], [ -122.433231, 37.723932 ] ] ] } },
{ "type": "Feature", "properties": { "BlockGroup": 60750260012 }, "geometry": { "type": "Polygon", "coordinates": [ [ [ -122.435585, 37.720827 ], [ -122.436385, 37.721209 ], [ -122.43715, 37.721575 ], [ -122.436468, 37.722465 ], [ -122.43604, 37.723044 ], [ -122.435977, 37.72313 ], [ -122.435385, 37.723909 ], [ -122.435313, 37.724005 ], [ -122.43487, 37.724588 ], [ -122.434798, 37.724683 ], [ -122.434033, 37.724316 ], [ -122.433231, 37.723932 ], [ -122.432432, 37.72355 ], [ -122.431633, 37.723167 ], [ -122.430833, 37.722784 ], [ -122.430026, 37.722398 ], [ -122.431205, 37.720856 ], [ -122.432385, 37.719298 ], [ -122.433185, 37.719681 ], [ -122.433985, 37.720063 ], [ -122.434785, 37.720445 ], [ -122.435585, 37.720827 ] ] ] } },
{ "type": "Feature", "properties": { "BlockGroup": 60750260021 }, "geometry": { "type": "Polygon", "coordinates": [ [ [ -122.427684, 37.72552 ], [ -122.428482, 37.725901 ], [ -122.42928, 37.726282 ], [ -122.43008, 37.726663 ], [ -122.43017, 37.726544 ], [ -122.430965, 37.726926 ], [ -122.431767, 37.727311 ], [ -122.432447, 37.727637 ], [ -122.432363, 37.727717 ], [ -122.431801, 37.728249 ], [ -122.431294, 37.72873 ], [ -122.43039, 37.728547 ], [ -122.428667, 37.728534 ], [ -122.428209, 37.728545 ], [ -122.42758, 37.728566 ], [ -122.426423, 37.728617 ], [ -122.425964, 37.728641 ], [ -122.42529, 37.728677 ], [ -122.42488, 37.728699 ], [ -122.424199, 37.728736 ], [ -122.425733, 37.726708 ], [ -122.426912, 37.725151 ], [ -122.427684, 37.72552 ] ] ] } },
{ "type": "Feature", "properties": { "BlockGroup": 60750260022 }, "geometry": { "type": "Polygon", "coordinates": [ [ [ -122.425239, 37.72224 ], [ -122.42565, 37.722435 ], [ -122.426468, 37.722826 ], [ -122.427253, 37.7232 ], [ -122.428074, 37.723591 ], [ -122.426912, 37.725151 ], [ -122.425733, 37.726708 ], [ -122.424199, 37.728736 ], [ -122.42374, 37.72876 ], [ -122.423509, 37.728207 ], [ -122.423336, 37.727792 ], [ -122.423122, 37.727277 ], [ -122.42284, 37.726597 ], [ -122.422343, 37.725395 ], [ -122.421847, 37.724199 ], [ -122.42283, 37.723944 ], [ -122.423807, 37.723691 ], [ -122.424848, 37.722053 ], [ -122.425239, 37.72224 ] ] ] } },
{ "type": "Feature", "properties": { "BlockGroup": 60750260031 }, "geometry": { "type": "Polygon", "coordinates": [ [ [ -122.429599, 37.72009 ], [ -122.430412, 37.720478 ], [ -122.431205, 37.720856 ], [ -122.430026, 37.722398 ], [ -122.428837, 37.723955 ], [ -122.428074, 37.723591 ], [ -122.427253, 37.7232 ], [ -122.426468, 37.722826 ], [ -122.42565, 37.722435 ], [ -122.425239, 37.72224 ], [ -122.424848, 37.722053 ], [ -122.424555, 37.721648 ], [ -122.425479, 37.720233 ], [ -122.42583, 37.719302 ], [ -122.425978, 37.719107 ], [ -122.42639, 37.718561 ], [ -122.427193, 37.718943 ], [ -122.427993, 37.719325 ], [ -122.428805, 37.719712 ], [ -122.429599, 37.72009 ] ] ] } },
{ "type": "Feature", "properties": { "BlockGroup": 60750260032 }, "geometry": { "type": "Polygon", "coordinates": [ [ [ -122.43067, 37.716453 ], [ -122.431067, 37.716549 ], [ -122.431154, 37.716594 ], [ -122.431953, 37.716976 ], [ -122.432754, 37.71736 ], [ -122.433555, 37.717744 ], [ -122.432385, 37.719298 ], [ -122.431205, 37.720856 ], [ -122.430412, 37.720478 ], [ -122.429599, 37.72009 ], [ -122.428805, 37.719712 ], [ -122.427993, 37.719325 ], [ -122.427193, 37.718943 ], [ -122.42639, 37.718561 ], [ -122.42667, 37.717078 ], [ -122.426698, 37.717046 ], [ -122.426848, 37.716651 ], [ -122.427189, 37.715748 ], [ -122.428327, 37.716006 ], [ -122.429255, 37.716213 ], [ -122.430206, 37.716394 ], [ -122.43067, 37.716453 ] ] ] } },
{ "type": "Feature", "properties": { "BlockGroup": 60750260041 }, "geometry": { "type": "Polygon", "coordinates": [ [ [ -122.43964, 37.716959 ], [ -122.440418, 37.717245 ], [ -122.440418, 37.71731 ], [ -122.440186, 37.717624 ], [ -122.440107, 37.717665 ], [ -122.440106, 37.717719 ], [ -122.439557, 37.718446 ], [ -122.4395, 37.718467 ], [ -122.439497, 37.718525 ], [ -122.438922, 37.719286 ], [ -122.438863, 37.719309 ], [ -122.438855, 37.719374 ], [ -122.438389, 37.719991 ], [ -122.438329, 37.720016 ], [ -122.438312, 37.720093 ], [ -122.437533, 37.721122 ], [ -122.437461, 37.721164 ], [ -122.437457, 37.721222 ], [ -122.437209, 37.72155 ], [ -122.43715, 37.721575 ], [ -122.436385, 37.721209 ], [ -122.435585, 37.720827 ], [ -122.434785, 37.720445 ], [ -122.433985, 37.720063 ], [ -122.435157, 37.718508 ], [ -122.436331, 37.716953 ], [ -122.437046, 37.716008 ], [ -122.437901, 37.71632 ], [ -122.438758, 37.716632 ], [ -122.43964, 37.716959 ] ] ] } },
{ "type": "Feature", "properties": { "BlockGroup": 60750260042 }, "geometry": { "type": "Polygon", "coordinates": [ [ [ -122.436195, 37.715693 ], [ -122.437046, 37.716008 ], [ -122.436331, 37.716953 ], [ -122.435157, 37.718508 ], [ -122.433985, 37.720063 ], [ -122.433185, 37.719681 ], [ -122.432385, 37.719298 ], [ -122.433555, 37.717744 ], [ -122.432754, 37.71736 ], [ -122.431953, 37.716976 ], [ -122.431154, 37.716594 ], [ -122.432323, 37.715038 ], [ -122.432777, 37.714437 ], [ -122.433639, 37.714752 ], [ -122.434492, 37.715065 ], [ -122.435346, 37.715379 ], [ -122.436195, 37.715693 ] ] ] } },
{ "type": "Feature", "properties": { "BlockGroup": 60750261001 }, "geometry": { "type": "Polygon", "coordinates": [ [ [ -122.440107, 37.717665 ], [ -122.44061, 37.718068 ], [ -122.440888, 37.71829 ], [ -122.441318, 37.718634 ], [ -122.441877, 37.719081 ], [ -122.442552, 37.719621 ], [ -122.441401, 37.719865 ], [ -122.440947, 37.720184 ], [ -122.440701, 37.720568 ], [ -122.440473, 37.720934 ], [ -122.440109, 37.721517 ], [ -122.439765, 37.722069 ], [ -122.43935, 37.722733 ], [ -122.438809, 37.723601 ], [ -122.438704, 37.723648 ], [ -122.438437, 37.723672 ], [ -122.438355, 37.723645 ], [ -122.43827, 37.723676 ], [ -122.437545, 37.723733 ], [ -122.437439, 37.723716 ], [ -122.43702, 37.723723 ], [ -122.436449, 37.723788 ], [ -122.435385, 37.723909 ], [ -122.435977, 37.72313 ], [ -122.43604, 37.723044 ], [ -122.436468, 37.722465 ], [ -122.43715, 37.721575 ], [ -122.437209, 37.72155 ], [ -122.437457, 37.721222 ], [ -122.437461, 37.721164 ], [ -122.437533, 37.721122 ], [ -122.438312, 37.720093 ], [ -122.438329, 37.720016 ], [ -122.438389, 37.719991 ], [ -122.438855, 37.719374 ], [ -122.438863, 37.719309 ], [ -122.438922, 37.719286 ], [ -122.439497, 37.718525 ], [ -122.4395, 37.718467 ], [ -122.439557, 37.718446 ], [ -122.440106, 37.717719 ], [ -122.440107, 37.717665 ] ] ] } },
{ "type": "Feature", "properties": { "BlockGroup": 60750261002 }, "geometry": { "type": "Polygon", "coordinates": [ [ [ -122.444936, 37.714577 ], [ -122.445646, 37.715146 ], [ -122.445835, 37.715298 ], [ -122.446372, 37.715728 ], [ -122.446945, 37.716187 ], [ -122.445808, 37.71708 ], [ -122.445246, 37.717521 ], [ -122.444706, 37.717995 ], [ -122.444293, 37.718376 ], [ -122.444191, 37.71847 ], [ -122.443696, 37.718929 ], [ -122.443086, 37.719383 ], [ -122.442552, 37.719621 ], [ -122.441877, 37.719081 ], [ -122.441318, 37.718634 ], [ -122.440888, 37.71829 ], [ -122.44061, 37.718068 ], [ -122.440107, 37.717665 ], [ -122.440186, 37.717624 ], [ -122.440418, 37.71731 ], [ -122.440418, 37.717245 ], [ -122.44102, 37.71646 ], [ -122.441554, 37.715753 ], [ -122.441691, 37.715573 ], [ -122.441799, 37.71543 ], [ -122.441896, 37.715308 ], [ -122.442565, 37.714661 ], [ -122.442662, 37.714567 ], [ -122.443346, 37.713928 ], [ -122.443706, 37.713592 ], [ -122.444325, 37.714087 ], [ -122.444936, 37.714577 ] ] ] } },
{ "type": "Feature", "properties": { "BlockGroup": 60750261003 }, "geometry": { "type": "Polygon", "coordinates": [ [ [ -122.44796, 37.717 ], [ -122.448496, 37.717314 ], [ -122.448727, 37.71745 ], [ -122.448686, 37.717596 ], [ -122.448674, 37.717688 ], [ -122.448666, 37.717751 ], [ -122.448595, 37.71831 ], [ -122.448582, 37.718411 ], [ -122.448303, 37.718589 ], [ -122.447951, 37.718924 ], [ -122.447562, 37.719481 ], [ -122.447539, 37.719612 ], [ -122.447135, 37.720198 ], [ -122.446808, 37.720585 ], [ -122.446609, 37.720724 ], [ -122.44645, 37.720708 ], [ -122.445408, 37.720297 ], [ -122.445203, 37.72019 ], [ -122.445128, 37.720087 ], [ -122.445025, 37.720067 ], [ -122.443735, 37.719013 ], [ -122.443696, 37.718929 ], [ -122.444191, 37.71847 ], [ -122.444293, 37.718376 ], [ -122.444706, 37.717995 ], [ -122.445246, 37.717521 ], [ -122.445808, 37.71708 ], [ -122.446945, 37.716187 ], [ -122.447353, 37.716515 ], [ -122.44796, 37.717 ] ] ] } },
{ "type": "Feature", "properties": { "BlockGroup": 60750261004 }, "geometry": { "type": "Polygon", "coordinates": [ [ [ -122.448222, 37.721262 ], [ -122.448202, 37.721408 ], [ -122.448122, 37.721997 ], [ -122.44799, 37.722669 ], [ -122.447908, 37.722916 ], [ -122.447878, 37.723005 ], [ -122.447639, 37.723006 ], [ -122.447453, 37.723006 ], [ -122.447328, 37.723006 ], [ -122.447272, 37.722957 ], [ -122.447217, 37.722996 ], [ -122.444811, 37.722998 ], [ -122.444747, 37.722967 ], [ -122.444607, 37.722975 ], [ -122.444498, 37.72297 ], [ -122.443378, 37.723102 ], [ -122.443274, 37.723085 ], [ -122.443163, 37.723121 ], [ -122.44265, 37.72318 ], [ -122.442554, 37.723168 ], [ -122.442438, 37.723211 ], [ -122.441152, 37.72336 ], [ -122.44105, 37.723342 ], [ -122.440958, 37.723383 ], [ -122.439957, 37.723499 ], [ -122.43985, 37.723481 ], [ -122.439763, 37.723521 ], [ -122.438904, 37.72362 ], [ -122.438809, 37.723601 ], [ -122.43935, 37.722733 ], [ -122.439765, 37.722069 ], [ -122.440109, 37.721517 ], [ -122.440473, 37.720934 ], [ -122.440701, 37.720568 ], [ -122.440947, 37.720184 ], [ -122.441401, 37.719865 ], [ -122.442552, 37.719621 ], [ -122.443086, 37.719383 ], [ -122.443696, 37.718929 ], [ -122.443735, 37.719013 ], [ -122.445025, 37.720067 ], [ -122.445128, 37.720087 ], [ -122.445203, 37.72019 ], [ -122.445408, 37.720297 ], [ -122.44645, 37.720708 ], [ -122.446609, 37.720724 ], [ -122.446808, 37.720585 ], [ -122.447135, 37.720198 ], [ -122.447539, 37.719612 ], [ -122.447562, 37.719481 ], [ -122.447951, 37.718924 ], [ -122.448303, 37.718589 ], [ -122.448582, 37.718411 ], [ -122.448517, 37.718922 ], [ -122.448434, 37.719411 ], [ -122.448409, 37.719656 ], [ -122.448349, 37.720229 ], [ -122.448222, 37.721262 ] ] ] } },
{ "type": "Feature", "properties": { "BlockGroup": 60750262001 }, "geometry": { "type": "Polygon", "coordinates": [ [ [ -122.44895, 37.713886 ], [ -122.449099, 37.713883 ], [ -122.449657, 37.713628 ], [ -122.449995, 37.713473 ], [ -122.450631, 37.713117 ], [ -122.451012, 37.712855 ], [ -122.451911, 37.712158 ], [ -122.451955, 37.712056 ], [ -122.452525, 37.71251 ], [ -122.452708, 37.712673 ], [ -122.452884, 37.712829 ], [ -122.452278, 37.713344 ], [ -122.451766, 37.713816 ], [ -122.451634, 37.713937 ], [ -122.451208, 37.714294 ], [ -122.450961, 37.714501 ], [ -122.450366, 37.715016 ], [ -122.450235, 37.715132 ], [ -122.449749, 37.715617 ], [ -122.449627, 37.715739 ], [ -122.449381, 37.716075 ], [ -122.449316, 37.716164 ], [ -122.449257, 37.716244 ], [ -122.449211, 37.716306 ], [ -122.448957, 37.716814 ], [ -122.448837, 37.717055 ], [ -122.448727, 37.71745 ], [ -122.448496, 37.717314 ], [ -122.44796, 37.717 ], [ -122.447353, 37.716515 ], [ -122.446945, 37.716187 ], [ -122.446372, 37.715728 ], [ -122.445835, 37.715298 ], [ -122.445646, 37.715146 ], [ -122.444936, 37.714577 ], [ -122.444325, 37.714087 ], [ -122.443706, 37.713592 ], [ -122.443952, 37.713362 ], [ -122.444571, 37.712783 ], [ -122.444743, 37.712622 ], [ -122.445528, 37.711887 ], [ -122.446091, 37.711592 ], [ -122.4468, 37.712161 ], [ -122.447409, 37.71265 ], [ -122.448108, 37.713211 ], [ -122.44895, 37.713886 ] ] ] } },
{ "type": "Feature", "properties": { "BlockGroup": 60750262002 }, "geometry": { "type": "Polygon", "coordinates": [ [ [ -122.450774, 37.711118 ], [ -122.451538, 37.711728 ], [ -122.451955, 37.712056 ], [ -122.451911, 37.712158 ], [ -122.451012, 37.712855 ], [ -122.450631, 37.713117 ], [ -122.449995, 37.713473 ], [ -122.449657, 37.713628 ], [ -122.449099, 37.713883 ], [ -122.44895, 37.713886 ], [ -122.448108, 37.713211 ], [ -122.447409, 37.71265 ], [ -122.4468, 37.712161 ], [ -122.446091, 37.711592 ], [ -122.446383, 37.711436 ], [ -122.447672, 37.710749 ], [ -122.448377, 37.710373 ], [ -122.448931, 37.710074 ], [ -122.449309, 37.709946 ], [ -122.449463, 37.710069 ], [ -122.450138, 37.710609 ], [ -122.450774, 37.711118 ] ] ] } },
{ "type": "Feature", "properties": { "BlockGroup": 60750262003 }, "geometry": { "type": "Polygon", "coordinates": [ [ [ -122.455158, 37.710697 ], [ -122.455281, 37.710795 ], [ -122.455426, 37.710911 ], [ -122.455622, 37.711068 ], [ -122.455596, 37.711076 ], [ -122.455028, 37.711317 ], [ -122.454504, 37.711634 ], [ -122.453999, 37.71196 ], [ -122.453871, 37.712043 ], [ -122.452951, 37.712772 ], [ -122.452884, 37.712829 ], [ -122.452708, 37.712673 ], [ -122.452525, 37.71251 ], [ -122.451955, 37.712056 ], [ -122.451538, 37.711728 ], [ -122.450774, 37.711118 ], [ -122.450138, 37.710609 ], [ -122.449463, 37.710069 ], [ -122.449309, 37.709946 ], [ -122.450095, 37.70968 ], [ -122.450499, 37.709543 ], [ -122.450884, 37.709413 ], [ -122.451895, 37.709068 ], [ -122.452665, 37.708806 ], [ -122.452879, 37.70887 ], [ -122.453249, 37.709167 ], [ -122.453888, 37.709679 ], [ -122.454547, 37.710207 ], [ -122.454885, 37.710479 ], [ -122.455158, 37.710697 ] ] ] } },
{ "type": "Feature", "properties": { "BlockGroup": 60750262004 }, "geometry": { "type": "Polygon", "coordinates": [ [ [ -122.457183, 37.708235 ], [ -122.457916, 37.708243 ], [ -122.458509, 37.708231 ], [ -122.458825, 37.708445 ], [ -122.460443, 37.709542 ], [ -122.460613, 37.709673 ], [ -122.460619, 37.710028 ], [ -122.460482, 37.710322 ], [ -122.46052, 37.710379 ], [ -122.460567, 37.710451 ], [ -122.460858, 37.710586 ], [ -122.459002, 37.710596 ], [ -122.458307, 37.7106 ], [ -122.457312, 37.710648 ], [ -122.456376, 37.710825 ], [ -122.456339, 37.710832 ], [ -122.45605, 37.710927 ], [ -122.455622, 37.711068 ], [ -122.455426, 37.710911 ], [ -122.455281, 37.710795 ], [ -122.455158, 37.710697 ], [ -122.454885, 37.710479 ], [ -122.454547, 37.710207 ], [ -122.453888, 37.709679 ], [ -122.453249, 37.709167 ], [ -122.452879, 37.70887 ], [ -122.452665, 37.708806 ], [ -122.454281, 37.708256 ], [ -122.453983, 37.708232 ], [ -122.454341, 37.708232 ], [ -122.454356, 37.708232 ], [ -122.455747, 37.708231 ], [ -122.457183, 37.708235 ] ] ] } },
{ "type": "Feature", "properties": { "BlockGroup": 60750262005 }, "geometry": { "type": "Polygon", "coordinates": [ [ [ -122.466979, 37.70821 ], [ -122.467183, 37.708232 ], [ -122.467883, 37.708232 ], [ -122.468607, 37.708232 ], [ -122.468883, 37.708232 ], [ -122.468915, 37.708232 ], [ -122.468939, 37.708232 ], [ -122.468474, 37.708685 ], [ -122.468156, 37.708936 ], [ -122.467718, 37.709282 ], [ -122.46721, 37.709604 ], [ -122.467162, 37.709634 ], [ -122.466792, 37.709826 ], [ -122.466203, 37.710068 ], [ -122.465994, 37.710154 ], [ -122.464939, 37.710436 ], [ -122.464767, 37.710482 ], [ -122.464372, 37.710526 ], [ -122.464176, 37.710548 ], [ -122.463475, 37.710556 ], [ -122.462561, 37.710567 ], [ -122.462347, 37.71057 ], [ -122.46116, 37.710584 ], [ -122.460858, 37.710586 ], [ -122.460567, 37.710451 ], [ -122.46052, 37.710379 ], [ -122.460482, 37.710322 ], [ -122.460619, 37.710028 ], [ -122.460613, 37.709673 ], [ -122.460443, 37.709542 ], [ -122.458825, 37.708445 ], [ -122.458509, 37.708231 ], [ -122.45905, 37.708231 ], [ -122.459894, 37.708232 ], [ -122.461275, 37.708232 ], [ -122.461383, 37.708232 ], [ -122.462053, 37.708232 ], [ -122.462282, 37.708232 ], [ -122.462601, 37.708232 ], [ -122.46274, 37.708232 ], [ -122.462783, 37.708232 ], [ -122.463583, 37.708332 ], [ -122.464043, 37.70824 ], [ -122.464083, 37.708232 ], [ -122.46445, 37.708232 ], [ -122.464483, 37.708232 ], [ -122.46467, 37.708211 ], [ -122.464892, 37.708186 ], [ -122.464896, 37.708186 ], [ -122.465383, 37.708132 ], [ -122.465757, 37.708132 ], [ -122.465762, 37.708131 ], [ -122.466284, 37.708131 ], [ -122.466628, 37.708169 ], [ -122.466632, 37.708169 ], [ -122.466791, 37.708187 ], [ -122.466954, 37.708206 ], [ -122.466979, 37.70821 ] ] ] } },
{ "type": "Feature", "properties": { "BlockGroup": 60750263011 }, "geometry": { "type": "Polygon", "coordinates": [ [ [ -122.433707, 37.713143 ], [ -122.433811, 37.713223 ], [ -122.434004, 37.713286 ], [ -122.434396, 37.713461 ], [ -122.434541, 37.713476 ], [ -122.43462, 37.713562 ], [ -122.435209, 37.713826 ], [ -122.435361, 37.713844 ], [ -122.435448, 37.713933 ], [ -122.436, 37.714181 ], [ -122.436176, 37.714209 ], [ -122.436282, 37.714307 ], [ -122.436832, 37.714554 ], [ -122.436992, 37.714575 ], [ -122.43708, 37.714665 ], [ -122.437655, 37.714923 ], [ -122.437805, 37.71494 ], [ -122.4379, 37.715033 ], [ -122.438463, 37.715286 ], [ -122.438624, 37.715307 ], [ -122.438712, 37.715397 ], [ -122.439314, 37.715667 ], [ -122.439438, 37.715673 ], [ -122.43951, 37.715755 ], [ -122.440097, 37.716018 ], [ -122.440255, 37.716039 ], [ -122.440349, 37.716131 ], [ -122.440896, 37.716378 ], [ -122.44102, 37.71646 ], [ -122.440418, 37.717245 ], [ -122.43964, 37.716959 ], [ -122.438758, 37.716632 ], [ -122.437901, 37.71632 ], [ -122.437046, 37.716008 ], [ -122.436195, 37.715693 ], [ -122.435346, 37.715379 ], [ -122.434492, 37.715065 ], [ -122.433639, 37.714752 ], [ -122.432777, 37.714437 ], [ -122.432838, 37.714387 ], [ -122.433635, 37.713281 ], [ -122.433707, 37.713143 ] ] ] } },
{ "type": "Feature", "properties": { "BlockGroup": 60750263012 }, "geometry": { "type": "Polygon", "coordinates": [ [ [ -122.444571, 37.712783 ], [ -122.443952, 37.713362 ], [ -122.443706, 37.713592 ], [ -122.443346, 37.713928 ], [ -122.442662, 37.714567 ], [ -122.442565, 37.714661 ], [ -122.441896, 37.715308 ], [ -122.441799, 37.71543 ], [ -122.441691, 37.715573 ], [ -122.441554, 37.715753 ], [ -122.44102, 37.71646 ], [ -122.440896, 37.716378 ], [ -122.440349, 37.716131 ], [ -122.440255, 37.716039 ], [ -122.440097, 37.716018 ], [ -122.43951, 37.715755 ], [ -122.439438, 37.715673 ], [ -122.439314, 37.715667 ], [ -122.438712, 37.715397 ], [ -122.438624, 37.715307 ], [ -122.438463, 37.715286 ], [ -122.4379, 37.715033 ], [ -122.437805, 37.71494 ], [ -122.437655, 37.714923 ], [ -122.43708, 37.714665 ], [ -122.436992, 37.714575 ], [ -122.436832, 37.714554 ], [ -122.436282, 37.714307 ], [ -122.436176, 37.714209 ], [ -122.436642, 37.71355 ], [ -122.436894, 37.713663 ], [ -122.438054, 37.713356 ], [ -122.438564, 37.713221 ], [ -122.439069, 37.713087 ], [ -122.439417, 37.712995 ], [ -122.43958, 37.712947 ], [ -122.439703, 37.712913 ], [ -122.439751, 37.712877 ], [ -122.440079, 37.712788 ], [ -122.440604, 37.712646 ], [ -122.441104, 37.712511 ], [ -122.441585, 37.712381 ], [ -122.442143, 37.71223 ], [ -122.442566, 37.712115 ], [ -122.443192, 37.711944 ], [ -122.44332, 37.711909 ], [ -122.4437, 37.711805 ], [ -122.443757, 37.711782 ], [ -122.444097, 37.711689 ], [ -122.444571, 37.712783 ] ] ] } },
{ "type": "Feature", "properties": { "BlockGroup": 60750263013 }, "geometry": { "type": "Polygon", "coordinates": [ [ [ -122.444097, 37.711689 ], [ -122.443757, 37.711782 ], [ -122.4437, 37.711805 ], [ -122.44332, 37.711909 ], [ -122.443192, 37.711944 ], [ -122.442566, 37.712115 ], [ -122.442143, 37.71223 ], [ -122.441585, 37.712381 ], [ -122.441104, 37.712511 ], [ -122.440604, 37.712646 ], [ -122.440079, 37.712788 ], [ -122.439751, 37.712877 ], [ -122.439703, 37.712913 ], [ -122.43958, 37.712947 ], [ -122.439417, 37.712995 ], [ -122.439069, 37.713087 ], [ -122.438564, 37.713221 ], [ -122.438054, 37.713356 ], [ -122.436894, 37.713663 ], [ -122.436642, 37.71355 ], [ -122.437486, 37.712373 ], [ -122.437811, 37.71192 ], [ -122.438059, 37.712021 ], [ -122.438563, 37.711888 ], [ -122.439082, 37.71175 ], [ -122.439589, 37.711615 ], [ -122.440108, 37.711477 ], [ -122.440617, 37.711345 ], [ -122.44113, 37.711211 ], [ -122.44166, 37.711073 ], [ -122.442156, 37.710944 ], [ -122.4427, 37.710764 ], [ -122.443335, 37.710555 ], [ -122.443686, 37.711203 ], [ -122.444097, 37.711689 ] ] ] } },
{ "type": "Feature", "properties": { "BlockGroup": 60750263021 }, "geometry": { "type": "Polygon", "coordinates": [ [ [ -122.437587, 37.71086 ], [ -122.43837, 37.711133 ], [ -122.437918, 37.71177 ], [ -122.437811, 37.71192 ], [ -122.437486, 37.712373 ], [ -122.436642, 37.71355 ], [ -122.436176, 37.714209 ], [ -122.436, 37.714181 ], [ -122.435448, 37.713933 ], [ -122.435361, 37.713844 ], [ -122.435209, 37.713826 ], [ -122.43462, 37.713562 ], [ -122.434541, 37.713476 ], [ -122.434396, 37.713461 ], [ -122.434004, 37.713286 ], [ -122.433811, 37.713223 ], [ -122.433707, 37.713143 ], [ -122.433521, 37.713148 ], [ -122.432796, 37.712996 ], [ -122.432858, 37.712914 ], [ -122.432992, 37.712726 ], [ -122.433432, 37.71211 ], [ -122.433777, 37.711695 ], [ -122.434183, 37.711368 ], [ -122.434621, 37.711134 ], [ -122.435264, 37.710905 ], [ -122.436049, 37.710748 ], [ -122.436993, 37.710746 ], [ -122.437587, 37.71086 ] ] ] } },
{ "type": "Feature", "properties": { "BlockGroup": 60750263022 }, "geometry": { "type": "Polygon", "coordinates": [ [ [ -122.435041, 37.708292 ], [ -122.435, 37.708311 ], [ -122.435322, 37.708686 ], [ -122.435739, 37.709066 ], [ -122.435968, 37.709299 ], [ -122.436176, 37.709407 ], [ -122.436597, 37.709881 ], [ -122.436688, 37.710023 ], [ -122.436771, 37.710156 ], [ -122.436978, 37.710637 ], [ -122.436993, 37.710746 ], [ -122.436049, 37.710748 ], [ -122.435264, 37.710905 ], [ -122.434621, 37.711134 ], [ -122.434183, 37.711368 ], [ -122.433777, 37.711695 ], [ -122.433432, 37.71211 ], [ -122.432992, 37.712726 ], [ -122.432837, 37.712658 ], [ -122.432423, 37.712381 ], [ -122.432315, 37.712229 ], [ -122.432166, 37.71202 ], [ -122.431867, 37.711405 ], [ -122.431829, 37.711217 ], [ -122.431366, 37.710658 ], [ -122.431229, 37.710544 ], [ -122.43084, 37.710305 ], [ -122.430676, 37.710166 ], [ -122.431283, 37.709641 ], [ -122.431554, 37.709406 ], [ -122.431902, 37.709188 ], [ -122.43257, 37.708768 ], [ -122.433778, 37.708294 ], [ -122.434064, 37.708182 ], [ -122.433382, 37.708232 ], [ -122.433982, 37.708132 ], [ -122.434313, 37.708132 ], [ -122.43487, 37.708132 ], [ -122.4351, 37.708132 ], [ -122.435382, 37.708132 ], [ -122.435041, 37.708292 ] ] ] } },
{ "type": "Feature", "properties": { "BlockGroup": 60750263023 }, "geometry": { "type": "Polygon", "coordinates": [ [ [ -122.431341, 37.708231 ], [ -122.432182, 37.708229 ], [ -122.432289, 37.708229 ], [ -122.43235, 37.708232 ], [ -122.433382, 37.708232 ], [ -122.434064, 37.708182 ], [ -122.433778, 37.708294 ], [ -122.43257, 37.708768 ], [ -122.431902, 37.709188 ], [ -122.431554, 37.709406 ], [ -122.431283, 37.709641 ], [ -122.430676, 37.710166 ], [ -122.43084, 37.710305 ], [ -122.431229, 37.710544 ], [ -122.431366, 37.710658 ], [ -122.431829, 37.711217 ], [ -122.431867, 37.711405 ], [ -122.432166, 37.71202 ], [ -122.432315, 37.712229 ], [ -122.432423, 37.712381 ], [ -122.432837, 37.712658 ], [ -122.432992, 37.712726 ], [ -122.432858, 37.712914 ], [ -122.432796, 37.712996 ], [ -122.433521, 37.713148 ], [ -122.433707, 37.713143 ], [ -122.433635, 37.713281 ], [ -122.432838, 37.714387 ], [ -122.432777, 37.714437 ], [ -122.432323, 37.715038 ], [ -122.431154, 37.716594 ], [ -122.431067, 37.716549 ], [ -122.43067, 37.716453 ], [ -122.430206, 37.716394 ], [ -122.429255, 37.716213 ], [ -122.428327, 37.716006 ], [ -122.427189, 37.715748 ], [ -122.427306, 37.71507 ], [ -122.425548, 37.714517 ], [ -122.426521, 37.711805 ], [ -122.426737, 37.711225 ], [ -122.426438, 37.711113 ], [ -122.425512, 37.710789 ], [ -122.42504, 37.710543 ], [ -122.424555, 37.710172 ], [ -122.42455, 37.710102 ], [ -122.424417, 37.710047 ], [ -122.423971, 37.709678 ], [ -122.423442, 37.709376 ], [ -122.423353, 37.709251 ], [ -122.423765, 37.708342 ], [ -122.42389, 37.708236 ], [ -122.42529, 37.708301 ], [ -122.425619, 37.708316 ], [ -122.425989, 37.708333 ], [ -122.426091, 37.708339 ], [ -122.426193, 37.708344 ], [ -122.42627, 37.708347 ], [ -122.426366, 37.708351 ], [ -122.426927, 37.708378 ], [ -122.427106, 37.708385 ], [ -122.427164, 37.708388 ], [ -122.427915, 37.708423 ], [ -122.428082, 37.708431 ], [ -122.428294, 37.70841 ], [ -122.429182, 37.708331 ], [ -122.429341, 37.708323 ], [ -122.430027, 37.708281 ], [ -122.430882, 37.708231 ], [ -122.431341, 37.708231 ] ] ] } },
{ "type": "Feature", "properties": { "BlockGroup": 60750263031 }, "geometry": { "type": "Polygon", "coordinates": [ [ [ -122.450386, 37.708201 ], [ -122.451675, 37.708149 ], [ -122.452183, 37.708132 ], [ -122.452995, 37.708177 ], [ -122.453807, 37.708222 ], [ -122.453983, 37.708232 ], [ -122.454281, 37.708256 ], [ -122.452665, 37.708806 ], [ -122.451895, 37.709068 ], [ -122.450884, 37.709413 ], [ -122.450499, 37.709543 ], [ -122.450095, 37.70968 ], [ -122.449309, 37.709946 ], [ -122.448931, 37.710074 ], [ -122.448377, 37.710373 ], [ -122.447672, 37.710749 ], [ -122.446383, 37.711436 ], [ -122.446091, 37.711592 ], [ -122.445528, 37.711887 ], [ -122.444743, 37.712622 ], [ -122.444571, 37.712783 ], [ -122.444097, 37.711689 ], [ -122.443686, 37.711203 ], [ -122.443335, 37.710555 ], [ -122.443, 37.709935 ], [ -122.442669, 37.709321 ], [ -122.442923, 37.709235 ], [ -122.444839, 37.708584 ], [ -122.445824, 37.70825 ], [ -122.445875, 37.708233 ], [ -122.446381, 37.708229 ], [ -122.447225, 37.708245 ], [ -122.447281, 37.708229 ], [ -122.449233, 37.708218 ], [ -122.449554, 37.70822 ], [ -122.449751, 37.708213 ], [ -122.450158, 37.7082 ], [ -122.45022, 37.708198 ], [ -122.450386, 37.708201 ] ] ] } },
{ "type": "Feature", "properties": { "BlockGroup": 60750263032 }, "geometry": { "type": "Polygon", "coordinates": [ [ [ -122.445875, 37.708233 ], [ -122.445824, 37.70825 ], [ -122.444839, 37.708584 ], [ -122.442923, 37.709235 ], [ -122.442669, 37.709321 ], [ -122.443, 37.709935 ], [ -122.443335, 37.710555 ], [ -122.4427, 37.710764 ], [ -122.442156, 37.710944 ], [ -122.44166, 37.711073 ], [ -122.44113, 37.711211 ], [ -122.440617, 37.711345 ], [ -122.440108, 37.711477 ], [ -122.439589, 37.711615 ], [ -122.439082, 37.71175 ], [ -122.438563, 37.711888 ], [ -122.438059, 37.712021 ], [ -122.437811, 37.71192 ], [ -122.437918, 37.71177 ], [ -122.43837, 37.711133 ], [ -122.437587, 37.71086 ], [ -122.436993, 37.710746 ], [ -122.436978, 37.710637 ], [ -122.436771, 37.710156 ], [ -122.436688, 37.710023 ], [ -122.436597, 37.709881 ], [ -122.436176, 37.709407 ], [ -122.435968, 37.709299 ], [ -122.435739, 37.709066 ], [ -122.435322, 37.708686 ], [ -122.435, 37.708311 ], [ -122.435041, 37.708292 ], [ -122.435382, 37.708132 ], [ -122.435882, 37.708232 ], [ -122.436177, 37.708232 ], [ -122.436201, 37.708232 ], [ -122.436582, 37.708232 ], [ -122.438182, 37.708232 ], [ -122.438558, 37.708232 ], [ -122.438682, 37.708231 ], [ -122.438895, 37.708248 ], [ -122.439033, 37.708259 ], [ -122.439119, 37.708269 ], [ -122.439203, 37.708284 ], [ -122.439677, 37.708333 ], [ -122.440459, 37.708338 ], [ -122.440497, 37.708282 ], [ -122.440536, 37.708225 ], [ -122.440537, 37.708226 ], [ -122.440538, 37.708227 ], [ -122.440623, 37.708254 ], [ -122.440711, 37.708282 ], [ -122.440781, 37.708304 ], [ -122.440855, 37.708327 ], [ -122.441223, 37.708325 ], [ -122.441258, 37.708312 ], [ -122.441258, 37.708311 ], [ -122.441546, 37.708281 ], [ -122.441812, 37.708256 ], [ -122.442079, 37.708231 ], [ -122.443138, 37.708257 ], [ -122.443212, 37.708279 ], [ -122.444482, 37.708332 ], [ -122.444692, 37.708308 ], [ -122.445089, 37.708267 ], [ -122.445381, 37.708232 ], [ -122.445875, 37.708233 ] ], [ [ -122.436187, 37.709293 ], [ -122.436777, 37.709132 ], [ -122.436915, 37.709134 ], [ -122.437027, 37.709187 ], [ -122.437214, 37.70931 ], [ -122.437423, 37.709387 ], [ -122.437605, 37.709441 ], [ -122.437874, 37.709471 ], [ -122.438206, 37.709534 ], [ -122.438547, 37.709717 ], [ -122.43874, 37.709901 ], [ -122.43874, 37.709989 ], [ -122.43868, 37.71007 ], [ -122.439352, 37.710044 ], [ -122.439481, 37.709993 ], [ -122.43929, 37.710027 ], [ -122.438991, 37.709945 ], [ -122.438855, 37.709873 ], [ -122.438733, 37.709768 ], [ -122.438446, 37.709568 ], [ -122.438244, 37.709469 ], [ -122.438004, 37.709412 ], [ -122.43776, 37.709388 ], [ -122.437562, 37.709353 ], [ -122.437347, 37.709288 ], [ -122.437175, 37.709205 ], [ -122.437051, 37.709106 ], [ -122.436941, 37.709064 ], [ -122.436812, 37.709052 ], [ -122.436182, 37.709223 ], [ -122.435968, 37.709299 ], [ -122.436187, 37.709293 ] ] ] } },
{ "type": "Feature", "properties": { "BlockGroup": 60750264011 }, "geometry": { "type": "Polygon", "coordinates": [ [ [ -122.415635, 37.712733 ], [ -122.415291, 37.713504 ], [ -122.415623, 37.713594 ], [ -122.415806, 37.713694 ], [ -122.415949, 37.713822 ], [ -122.416096, 37.714013 ], [ -122.416194, 37.714273 ], [ -122.41621, 37.714531 ], [ -122.416154, 37.714799 ], [ -122.416055, 37.715014 ], [ -122.415866, 37.715278 ], [ -122.415659, 37.715492 ], [ -122.415396, 37.715474 ], [ -122.413601, 37.714987 ], [ -122.411316, 37.714367 ], [ -122.411604, 37.713697 ], [ -122.411084, 37.713557 ], [ -122.41015, 37.713304 ], [ -122.410641, 37.712206 ], [ -122.411349, 37.710605 ], [ -122.412281, 37.710866 ], [ -122.412887, 37.711036 ], [ -122.415081, 37.711655 ], [ -122.416, 37.711915 ], [ -122.415635, 37.712733 ] ] ] } },
{ "type": "Feature", "properties": { "BlockGroup": 60750264012 }, "geometry": { "type": "Polygon", "coordinates": [ [ [ -122.408827, 37.711702 ], [ -122.409728, 37.711952 ], [ -122.410641, 37.712206 ], [ -122.41015, 37.713304 ], [ -122.411084, 37.713557 ], [ -122.411604, 37.713697 ], [ -122.411316, 37.714367 ], [ -122.411025, 37.715057 ], [ -122.410738, 37.715739 ], [ -122.410723, 37.71583 ], [ -122.410506, 37.716322 ], [ -122.410433, 37.716414 ], [ -122.410359, 37.716393 ], [ -122.40994, 37.716279 ], [ -122.409122, 37.716056 ], [ -122.40831, 37.715835 ], [ -122.406189, 37.715244 ], [ -122.406477, 37.714575 ], [ -122.406767, 37.713901 ], [ -122.407056, 37.713226 ], [ -122.407348, 37.712547 ], [ -122.407465, 37.712489 ], [ -122.407927, 37.711448 ], [ -122.408827, 37.711702 ] ] ] } },
{ "type": "Feature", "properties": { "BlockGroup": 60750264021 }, "geometry": { "type": "Polygon", "coordinates": [ [ [ -122.404477, 37.717053 ], [ -122.40531, 37.717281 ], [ -122.407272, 37.71782 ], [ -122.406982, 37.718485 ], [ -122.406665, 37.719215 ], [ -122.406431, 37.719754 ], [ -122.4061, 37.719837 ], [ -122.405797, 37.719737 ], [ -122.405564, 37.71966 ], [ -122.405319, 37.719579 ], [ -122.404792, 37.719309 ], [ -122.40453, 37.719174 ], [ -122.404051, 37.718928 ], [ -122.403854, 37.71883 ], [ -122.403555, 37.718337 ], [ -122.403071, 37.718465 ], [ -122.402577, 37.717254 ], [ -122.402121, 37.716135 ], [ -122.404477, 37.717053 ] ] ] } },
{ "type": "Feature", "properties": { "BlockGroup": 60750264022 }, "geometry": { "type": "Polygon", "coordinates": [ [ [ -122.401996, 37.712398 ], [ -122.402128, 37.712361 ], [ -122.402366, 37.712294 ], [ -122.402459, 37.712179 ], [ -122.402471, 37.712434 ], [ -122.402258, 37.71256 ], [ -122.402113, 37.712712 ], [ -122.402099, 37.712795 ], [ -122.402098, 37.712995 ], [ -122.402096, 37.713508 ], [ -122.402417, 37.714277 ], [ -122.402441, 37.714436 ], [ -122.402352, 37.714579 ], [ -122.402188, 37.714731 ], [ -122.401763, 37.714842 ], [ -122.401595, 37.714856 ], [ -122.402091, 37.716061 ], [ -122.402121, 37.716135 ], [ -122.402577, 37.717254 ], [ -122.403071, 37.718465 ], [ -122.402103, 37.718721 ], [ -122.401122, 37.71898 ], [ -122.400435, 37.719162 ], [ -122.400276, 37.718506 ], [ -122.400131, 37.717906 ], [ -122.400042, 37.717538 ], [ -122.400012, 37.717411 ], [ -122.399828, 37.71665 ], [ -122.39974, 37.716183 ], [ -122.399615, 37.716278 ], [ -122.399568, 37.716447 ], [ -122.399462, 37.716834 ], [ -122.39942, 37.716995 ], [ -122.399402, 37.717066 ], [ -122.399283, 37.717529 ], [ -122.399219, 37.717906 ], [ -122.399188, 37.718088 ], [ -122.3991, 37.718249 ], [ -122.398882, 37.718648 ], [ -122.398863, 37.718683 ], [ -122.398812, 37.718511 ], [ -122.39866, 37.718153 ], [ -122.398549, 37.717859 ], [ -122.398515, 37.717664 ], [ -122.398407, 37.717049 ], [ -122.398367, 37.716413 ], [ -122.398328, 37.716259 ], [ -122.398481, 37.715984 ], [ -122.398596, 37.71581 ], [ -122.39865, 37.715729 ], [ -122.398819, 37.715473 ], [ -122.398834, 37.715451 ], [ -122.398912, 37.715396 ], [ -122.398991, 37.715339 ], [ -122.398943, 37.715187 ], [ -122.399199, 37.714536 ], [ -122.399359, 37.714273 ], [ -122.399755, 37.713858 ], [ -122.400017, 37.713584 ], [ -122.400474, 37.713116 ], [ -122.400658, 37.713058 ], [ -122.400834, 37.713008 ], [ -122.40097, 37.712869 ], [ -122.401038, 37.712815 ], [ -122.40126, 37.712642 ], [ -122.401644, 37.712484 ], [ -122.401996, 37.712398 ] ] ] } },
{ "type": "Feature", "properties": { "BlockGroup": 60750264023 }, "geometry": { "type": "Polygon", "coordinates": [ [ [ -122.409122, 37.716056 ], [ -122.40994, 37.716279 ], [ -122.410359, 37.716393 ], [ -122.410433, 37.716414 ], [ -122.410364, 37.716691 ], [ -122.409805, 37.716595 ], [ -122.40895, 37.716458 ], [ -122.408508, 37.716292 ], [ -122.408171, 37.716157 ], [ -122.40802, 37.716509 ], [ -122.407841, 37.716923 ], [ -122.408621, 37.717117 ], [ -122.408532, 37.717209 ], [ -122.40853, 37.71732 ], [ -122.408255, 37.71809 ], [ -122.407272, 37.71782 ], [ -122.40531, 37.717281 ], [ -122.404477, 37.717053 ], [ -122.402121, 37.716135 ], [ -122.402091, 37.716061 ], [ -122.401595, 37.714856 ], [ -122.401763, 37.714842 ], [ -122.402188, 37.714731 ], [ -122.402325, 37.714711 ], [ -122.402562, 37.71465 ], [ -122.402654, 37.714586 ], [ -122.403113, 37.714462 ], [ -122.403507, 37.714357 ], [ -122.403617, 37.714327 ], [ -122.403693, 37.714341 ], [ -122.403823, 37.714396 ], [ -122.405523, 37.715059 ], [ -122.406189, 37.715244 ], [ -122.40831, 37.715835 ], [ -122.409122, 37.716056 ] ] ] } },
{ "type": "Feature", "properties": { "BlockGroup": 60750264031 }, "geometry": { "type": "Polygon", "coordinates": [ [ [ -122.405582, 37.708231 ], [ -122.406481, 37.708323 ], [ -122.407182, 37.708231 ], [ -122.407276, 37.708233 ], [ -122.40737, 37.708235 ], [ -122.40887, 37.708259 ], [ -122.41037, 37.708283 ], [ -122.411442, 37.708292 ], [ -122.412371, 37.708303 ], [ -122.41238, 37.708303 ], [ -122.41236, 37.708328 ], [ -122.412233, 37.708615 ], [ -122.411968, 37.70921 ], [ -122.411349, 37.710605 ], [ -122.410641, 37.712206 ], [ -122.409728, 37.711952 ], [ -122.408827, 37.711702 ], [ -122.407927, 37.711448 ], [ -122.407013, 37.71119 ], [ -122.406185, 37.710957 ], [ -122.405209, 37.710683 ], [ -122.404226, 37.710409 ], [ -122.404377, 37.710365 ], [ -122.404682, 37.70993 ], [ -122.405055, 37.709221 ], [ -122.405153, 37.708964 ], [ -122.405109, 37.708854 ], [ -122.405244, 37.708802 ], [ -122.405443, 37.708355 ], [ -122.405582, 37.708231 ] ] ] } },
{ "type": "Feature", "properties": { "BlockGroup": 60750264032 }, "geometry": { "type": "Polygon", "coordinates": [ [ [ -122.406185, 37.710957 ], [ -122.407013, 37.71119 ], [ -122.407927, 37.711448 ], [ -122.407465, 37.712489 ], [ -122.407348, 37.712547 ], [ -122.407056, 37.713226 ], [ -122.406767, 37.713901 ], [ -122.406477, 37.714575 ], [ -122.406189, 37.715244 ], [ -122.405523, 37.715059 ], [ -122.403823, 37.714396 ], [ -122.403693, 37.714341 ], [ -122.403617, 37.714327 ], [ -122.403507, 37.714357 ], [ -122.403113, 37.714462 ], [ -122.402654, 37.714586 ], [ -122.402562, 37.71465 ], [ -122.402325, 37.714711 ], [ -122.402188, 37.714731 ], [ -122.402352, 37.714579 ], [ -122.402441, 37.714436 ], [ -122.402417, 37.714277 ], [ -122.402096, 37.713508 ], [ -122.402098, 37.712995 ], [ -122.402099, 37.712795 ], [ -122.402113, 37.712712 ], [ -122.402258, 37.71256 ], [ -122.402471, 37.712434 ], [ -122.402459, 37.712179 ], [ -122.402655, 37.712198 ], [ -122.40282, 37.712135 ], [ -122.403101, 37.711969 ], [ -122.40328, 37.711818 ], [ -122.403687, 37.711278 ], [ -122.40365, 37.711189 ], [ -122.403775, 37.711159 ], [ -122.404249, 37.710519 ], [ -122.404226, 37.710409 ], [ -122.405209, 37.710683 ], [ -122.406185, 37.710957 ] ] ] } },
{ "type": "Feature", "properties": { "BlockGroup": 60750264041 }, "geometry": { "type": "Polygon", "coordinates": [ [ [ -122.416222, 37.708328 ], [ -122.417082, 37.708331 ], [ -122.417211, 37.708331 ], [ -122.418165, 37.708331 ], [ -122.418204, 37.708327 ], [ -122.418693, 37.708279 ], [ -122.419128, 37.708236 ], [ -122.419182, 37.708231 ], [ -122.419802, 37.708231 ], [ -122.420082, 37.708231 ], [ -122.420083, 37.708311 ], [ -122.419348, 37.709947 ], [ -122.418501, 37.709709 ], [ -122.417657, 37.709471 ], [ -122.417236, 37.710057 ], [ -122.416884, 37.70995 ], [ -122.416648, 37.710473 ], [ -122.416, 37.711915 ], [ -122.415081, 37.711655 ], [ -122.412887, 37.711036 ], [ -122.413162, 37.710426 ], [ -122.413903, 37.710631 ], [ -122.414641, 37.710836 ], [ -122.414993, 37.710055 ], [ -122.415258, 37.709466 ], [ -122.415519, 37.709579 ], [ -122.415956, 37.709695 ], [ -122.416011, 37.709565 ], [ -122.415997, 37.70942 ], [ -122.415952, 37.709243 ], [ -122.415964, 37.708995 ], [ -122.415962, 37.708912 ], [ -122.416222, 37.708328 ] ] ] } },
{ "type": "Feature", "properties": { "BlockGroup": 60750264042 }, "geometry": { "type": "Polygon", "coordinates": [ [ [ -122.415182, 37.708231 ], [ -122.415269, 37.708239 ], [ -122.415272, 37.708239 ], [ -122.416222, 37.708328 ], [ -122.415962, 37.708912 ], [ -122.415964, 37.708995 ], [ -122.415952, 37.709243 ], [ -122.415997, 37.70942 ], [ -122.416011, 37.709565 ], [ -122.415956, 37.709695 ], [ -122.415519, 37.709579 ], [ -122.415258, 37.709466 ], [ -122.414993, 37.710055 ], [ -122.414641, 37.710836 ], [ -122.413903, 37.710631 ], [ -122.413162, 37.710426 ], [ -122.412887, 37.711036 ], [ -122.412281, 37.710866 ], [ -122.411349, 37.710605 ], [ -122.411968, 37.70921 ], [ -122.412233, 37.708615 ], [ -122.41236, 37.708328 ], [ -122.41238, 37.708303 ], [ -122.412516, 37.708304 ], [ -122.412898, 37.708309 ], [ -122.413281, 37.708315 ], [ -122.413381, 37.708306 ], [ -122.413481, 37.708297 ], [ -122.413739, 37.708274 ], [ -122.413997, 37.708252 ], [ -122.414182, 37.708231 ], [ -122.414322, 37.708231 ], [ -122.414482, 37.708231 ], [ -122.415182, 37.708231 ] ] ] } },
{ "type": "Feature", "properties": { "BlockGroup": 60750301011 }, "geometry": { "type": "Polygon", "coordinates": [ [ [ -122.4577, 37.76455 ], [ -122.457718, 37.76481 ], [ -122.457756, 37.765354 ], [ -122.457789, 37.76582 ], [ -122.45779, 37.766015 ], [ -122.45749, 37.765931 ], [ -122.457189, 37.765881 ], [ -122.456913, 37.765874 ], [ -122.454593, 37.766165 ], [ -122.452947, 37.766374 ], [ -122.452758, 37.765443 ], [ -122.452569, 37.764509 ], [ -122.453516, 37.764395 ], [ -122.454217, 37.764311 ], [ -122.455466, 37.764161 ], [ -122.455781, 37.76407 ], [ -122.456424, 37.763885 ], [ -122.45667, 37.763815 ], [ -122.457536, 37.763566 ], [ -122.4577, 37.76455 ] ] ] } },
{ "type": "Feature", "properties": { "BlockGroup": 60750301012 }, "geometry": { "type": "Polygon", "coordinates": [ [ [ -122.461023, 37.765209 ], [ -122.46109, 37.766161 ], [ -122.460954, 37.766126 ], [ -122.460016, 37.766166 ], [ -122.459064, 37.766209 ], [ -122.458947, 37.766256 ], [ -122.458825, 37.766216 ], [ -122.458568, 37.766221 ], [ -122.457977, 37.766029 ], [ -122.45779, 37.766015 ], [ -122.457789, 37.76582 ], [ -122.457756, 37.765354 ], [ -122.457718, 37.76481 ], [ -122.4577, 37.76455 ], [ -122.457536, 37.763566 ], [ -122.457827, 37.763482 ], [ -122.45979, 37.762926 ], [ -122.460843, 37.762628 ], [ -122.460958, 37.764272 ], [ -122.461023, 37.765209 ] ] ] } },
{ "type": "Feature", "properties": { "BlockGroup": 60750301013 }, "geometry": { "type": "Polygon", "coordinates": [ [ [ -122.464297, 37.765963 ], [ -122.463354, 37.766005 ], [ -122.463233, 37.766057 ], [ -122.463158, 37.766107 ], [ -122.462287, 37.766151 ], [ -122.462162, 37.76611 ], [ -122.462111, 37.766159 ], [ -122.461197, 37.766203 ], [ -122.46109, 37.766161 ], [ -122.461023, 37.765209 ], [ -122.460958, 37.764272 ], [ -122.462031, 37.764225 ], [ -122.463102, 37.764178 ], [ -122.464172, 37.764131 ], [ -122.464237, 37.765067 ], [ -122.464297, 37.765963 ] ] ] } },
{ "type": "Feature", "properties": { "BlockGroup": 60750301014 }, "geometry": { "type": "Polygon", "coordinates": [ [ [ -122.463386, 37.759222 ], [ -122.463401, 37.759007 ], [ -122.463266, 37.758708 ], [ -122.463226, 37.758562 ], [ -122.463782, 37.758538 ], [ -122.463912, 37.760405 ], [ -122.464042, 37.762269 ], [ -122.464172, 37.764131 ], [ -122.463102, 37.764178 ], [ -122.462031, 37.764225 ], [ -122.460958, 37.764272 ], [ -122.460843, 37.762628 ], [ -122.461901, 37.762363 ], [ -122.462972, 37.762316 ], [ -122.462842, 37.760452 ], [ -122.462792, 37.759736 ], [ -122.46325, 37.759479 ], [ -122.463386, 37.759222 ] ] ] } },
{ "type": "Feature", "properties": { "BlockGroup": 60750301021 }, "geometry": { "type": "Polygon", "coordinates": [ [ [ -122.461521, 37.754981 ], [ -122.461509, 37.755107 ], [ -122.46142, 37.7553 ], [ -122.46135, 37.755533 ], [ -122.461335, 37.755761 ], [ -122.461401, 37.756625 ], [ -122.461491, 37.756777 ], [ -122.461887, 37.757407 ], [ -122.462115, 37.758068 ], [ -122.462863, 37.758673 ], [ -122.46307, 37.758659 ], [ -122.463146, 37.758611 ], [ -122.463226, 37.758562 ], [ -122.463266, 37.758708 ], [ -122.463401, 37.759007 ], [ -122.463386, 37.759222 ], [ -122.46325, 37.759479 ], [ -122.462792, 37.759736 ], [ -122.462842, 37.760452 ], [ -122.462972, 37.762316 ], [ -122.461901, 37.762363 ], [ -122.460843, 37.762628 ], [ -122.45979, 37.762926 ], [ -122.457827, 37.763482 ], [ -122.457536, 37.763566 ], [ -122.45667, 37.763815 ], [ -122.456424, 37.763885 ], [ -122.455781, 37.76407 ], [ -122.455466, 37.764161 ], [ -122.454217, 37.764311 ], [ -122.453516, 37.764395 ], [ -122.452569, 37.764509 ], [ -122.4524, 37.763669 ], [ -122.452233, 37.762843 ], [ -122.452097, 37.762167 ], [ -122.451958, 37.761478 ], [ -122.451553, 37.759472 ], [ -122.451519, 37.759312 ], [ -122.451367, 37.758576 ], [ -122.452048, 37.758344 ], [ -122.452117, 37.758325 ], [ -122.452298, 37.758277 ], [ -122.452551, 37.758192 ], [ -122.452835, 37.758097 ], [ -122.452895, 37.758063 ], [ -122.453317, 37.75782 ], [ -122.453594, 37.757622 ], [ -122.453669, 37.757556 ], [ -122.453769, 37.757468 ], [ -122.453872, 37.757378 ], [ -122.454027, 37.75718 ], [ -122.454078, 37.757027 ], [ -122.454764, 37.756899 ], [ -122.455429, 37.756725 ], [ -122.455654, 37.756678 ], [ -122.455697, 37.756676 ], [ -122.455906, 37.756668 ], [ -122.456471, 37.756748 ], [ -122.457038, 37.756837 ], [ -122.457199, 37.756828 ], [ -122.457348, 37.756755 ], [ -122.457432, 37.75666 ], [ -122.457469, 37.756561 ], [ -122.457442, 37.756425 ], [ -122.45735, 37.756311 ], [ -122.457272, 37.756205 ], [ -122.457235, 37.756052 ], [ -122.457246, 37.755985 ], [ -122.457261, 37.755898 ], [ -122.457353, 37.755689 ], [ -122.45743, 37.755736 ], [ -122.457539, 37.755723 ], [ -122.457719, 37.755664 ], [ -122.457898, 37.755554 ], [ -122.457994, 37.755446 ], [ -122.458084, 37.755297 ], [ -122.458163, 37.755199 ], [ -122.458323, 37.755099 ], [ -122.458444, 37.755074 ], [ -122.458713, 37.755099 ], [ -122.459361, 37.755463 ], [ -122.459476, 37.75562 ], [ -122.459565, 37.755934 ], [ -122.459698, 37.75588 ], [ -122.459828, 37.755777 ], [ -122.460016, 37.755464 ], [ -122.460176, 37.755306 ], [ -122.460541, 37.755028 ], [ -122.461214, 37.754497 ], [ -122.461385, 37.754679 ], [ -122.461472, 37.754837 ], [ -122.461521, 37.754981 ] ] ] } },
{ "type": "Feature", "properties": { "BlockGroup": 60750301022 }, "geometry": { "type": "Polygon", "coordinates": [ [ [ -122.459209, 37.751928 ], [ -122.460668, 37.751814 ], [ -122.46116, 37.751694 ], [ -122.461524, 37.751504 ], [ -122.461587, 37.751565 ], [ -122.46181, 37.751668 ], [ -122.462125, 37.751903 ], [ -122.462414, 37.752222 ], [ -122.462724, 37.752488 ], [ -122.463114, 37.75278 ], [ -122.463341, 37.753012 ], [ -122.463361, 37.753039 ], [ -122.463578, 37.753334 ], [ -122.463711, 37.753618 ], [ -122.463752, 37.753749 ], [ -122.463773, 37.753815 ], [ -122.46377, 37.754142 ], [ -122.463655, 37.75459 ], [ -122.463608, 37.754736 ], [ -122.463627, 37.754788 ], [ -122.463581, 37.755014 ], [ -122.463555, 37.755298 ], [ -122.463632, 37.756395 ], [ -122.463658, 37.756764 ], [ -122.463782, 37.758538 ], [ -122.463226, 37.758562 ], [ -122.463146, 37.758611 ], [ -122.46307, 37.758659 ], [ -122.462863, 37.758673 ], [ -122.462115, 37.758068 ], [ -122.461887, 37.757407 ], [ -122.461491, 37.756777 ], [ -122.461401, 37.756625 ], [ -122.461335, 37.755761 ], [ -122.46135, 37.755533 ], [ -122.46142, 37.7553 ], [ -122.461509, 37.755107 ], [ -122.461521, 37.754981 ], [ -122.461472, 37.754837 ], [ -122.461385, 37.754679 ], [ -122.461214, 37.754497 ], [ -122.460541, 37.755028 ], [ -122.460176, 37.755306 ], [ -122.460016, 37.755464 ], [ -122.459828, 37.755777 ], [ -122.459698, 37.75588 ], [ -122.459565, 37.755934 ], [ -122.459476, 37.75562 ], [ -122.459361, 37.755463 ], [ -122.458713, 37.755099 ], [ -122.458444, 37.755074 ], [ -122.458323, 37.755099 ], [ -122.458163, 37.755199 ], [ -122.458084, 37.755297 ], [ -122.457994, 37.755446 ], [ -122.457898, 37.755554 ], [ -122.457719, 37.755664 ], [ -122.457539, 37.755723 ], [ -122.45743, 37.755736 ], [ -122.457353, 37.755689 ], [ -122.457261, 37.755898 ], [ -122.457246, 37.755985 ], [ -122.457235, 37.756052 ], [ -122.457272, 37.756205 ], [ -122.45735, 37.756311 ], [ -122.457442, 37.756425 ], [ -122.457469, 37.756561 ], [ -122.457432, 37.75666 ], [ -122.457348, 37.756755 ], [ -122.457199, 37.756828 ], [ -122.457038, 37.756837 ], [ -122.456471, 37.756748 ], [ -122.455906, 37.756668 ], [ -122.455697, 37.756676 ], [ -122.455654, 37.756678 ], [ -122.455429, 37.756725 ], [ -122.454764, 37.756899 ], [ -122.454078, 37.757027 ], [ -122.454172, 37.756507 ], [ -122.45425, 37.756347 ], [ -122.454821, 37.755547 ], [ -122.455052, 37.755116 ], [ -122.455095, 37.754976 ], [ -122.455125, 37.754876 ], [ -122.455175, 37.754337 ], [ -122.455236, 37.754205 ], [ -122.455537, 37.753774 ], [ -122.455784, 37.75341 ], [ -122.455919, 37.753148 ], [ -122.456032, 37.752886 ], [ -122.45603, 37.752854 ], [ -122.456014, 37.752359 ], [ -122.456005, 37.752094 ], [ -122.456091, 37.751804 ], [ -122.456448, 37.751483 ], [ -122.457032, 37.751402 ], [ -122.457957, 37.75166 ], [ -122.458985, 37.751946 ], [ -122.459209, 37.751928 ] ] ] } },
{ "type": "Feature", "properties": { "BlockGroup": 60750301023 }, "geometry": { "type": "Polygon", "coordinates": [ [ [ -122.448484, 37.758609 ], [ -122.448474, 37.758954 ], [ -122.448535, 37.759045 ], [ -122.450929, 37.758725 ], [ -122.451367, 37.758576 ], [ -122.451519, 37.759312 ], [ -122.451553, 37.759472 ], [ -122.451958, 37.761478 ], [ -122.45058, 37.761561 ], [ -122.44912, 37.761648 ], [ -122.44778, 37.761726 ], [ -122.446783, 37.761781 ], [ -122.44653, 37.761396 ], [ -122.44641, 37.761094 ], [ -122.446434, 37.761007 ], [ -122.446394, 37.760907 ], [ -122.446343, 37.760411 ], [ -122.446399, 37.760013 ], [ -122.446413, 37.759855 ], [ -122.446454, 37.759047 ], [ -122.446395, 37.758856 ], [ -122.446772, 37.758454 ], [ -122.447036, 37.758174 ], [ -122.447303, 37.757891 ], [ -122.447488, 37.757799 ], [ -122.447768, 37.757662 ], [ -122.447915, 37.757589 ], [ -122.448182, 37.75785 ], [ -122.448295, 37.758029 ], [ -122.448484, 37.758609 ] ] ] } },
{ "type": "Feature", "properties": { "BlockGroup": 60750302011 }, "geometry": { "type": "Polygon", "coordinates": [ [ [ -122.477241, 37.765321 ], [ -122.477308, 37.765448 ], [ -122.477125, 37.765498 ], [ -122.476307, 37.765534 ], [ -122.476187, 37.765498 ], [ -122.476064, 37.765545 ], [ -122.475253, 37.76558 ], [ -122.475119, 37.765544 ], [ -122.475021, 37.765587 ], [ -122.474159, 37.765627 ], [ -122.474045, 37.765593 ], [ -122.473943, 37.765637 ], [ -122.473044, 37.765678 ], [ -122.472923, 37.765641 ], [ -122.472803, 37.765693 ], [ -122.47192, 37.76573 ], [ -122.4718, 37.765688 ], [ -122.471702, 37.765739 ], [ -122.470856, 37.76578 ], [ -122.470727, 37.765739 ], [ -122.470595, 37.763849 ], [ -122.471668, 37.763802 ], [ -122.47279, 37.763752 ], [ -122.473913, 37.763703 ], [ -122.474985, 37.763656 ], [ -122.476054, 37.763609 ], [ -122.477174, 37.763559 ], [ -122.477121, 37.763675 ], [ -122.477241, 37.765321 ] ] ] } },
{ "type": "Feature", "properties": { "BlockGroup": 60750302012 }, "geometry": { "type": "Polygon", "coordinates": [ [ [ -122.476876, 37.761747 ], [ -122.477011, 37.761699 ], [ -122.476964, 37.761811 ], [ -122.477101, 37.763455 ], [ -122.477174, 37.763559 ], [ -122.476054, 37.763609 ], [ -122.474985, 37.763656 ], [ -122.473913, 37.763703 ], [ -122.47279, 37.763752 ], [ -122.471668, 37.763802 ], [ -122.470595, 37.763849 ], [ -122.470465, 37.761987 ], [ -122.470541, 37.762025 ], [ -122.471472, 37.761984 ], [ -122.471538, 37.76194 ], [ -122.471605, 37.761978 ], [ -122.472585, 37.761935 ], [ -122.472659, 37.761891 ], [ -122.472775, 37.761927 ], [ -122.473708, 37.761886 ], [ -122.473783, 37.761841 ], [ -122.473862, 37.761879 ], [ -122.474789, 37.761838 ], [ -122.474855, 37.761794 ], [ -122.474968, 37.76183 ], [ -122.475855, 37.761791 ], [ -122.475924, 37.761747 ], [ -122.476, 37.761785 ], [ -122.476876, 37.761747 ] ] ] } },
{ "type": "Feature", "properties": { "BlockGroup": 60750302013 }, "geometry": { "type": "Polygon", "coordinates": [ [ [ -122.476925, 37.761584 ], [ -122.477011, 37.761699 ], [ -122.476876, 37.761747 ], [ -122.476, 37.761785 ], [ -122.475924, 37.761747 ], [ -122.475855, 37.761791 ], [ -122.474968, 37.76183 ], [ -122.474855, 37.761794 ], [ -122.474789, 37.761838 ], [ -122.473862, 37.761879 ], [ -122.473783, 37.761841 ], [ -122.473708, 37.761886 ], [ -122.472775, 37.761927 ], [ -122.472659, 37.761891 ], [ -122.472585, 37.761935 ], [ -122.471605, 37.761978 ], [ -122.471538, 37.76194 ], [ -122.471472, 37.761984 ], [ -122.470541, 37.762025 ], [ -122.470465, 37.761987 ], [ -122.470335, 37.760124 ], [ -122.471409, 37.760076 ], [ -122.472446, 37.760029 ], [ -122.473652, 37.759975 ], [ -122.474724, 37.759927 ], [ -122.475797, 37.759879 ], [ -122.476814, 37.759834 ], [ -122.476748, 37.759953 ], [ -122.476925, 37.761584 ] ] ] } },
{ "type": "Feature", "properties": { "BlockGroup": 60750302021 }, "geometry": { "type": "Polygon", "coordinates": [ [ [ -122.470614, 37.765791 ], [ -122.46979, 37.765824 ], [ -122.469654, 37.765783 ], [ -122.469531, 37.765835 ], [ -122.468698, 37.765872 ], [ -122.468583, 37.76583 ], [ -122.468439, 37.765883 ], [ -122.467628, 37.765919 ], [ -122.467515, 37.765877 ], [ -122.467354, 37.765931 ], [ -122.466561, 37.765966 ], [ -122.466442, 37.765925 ], [ -122.466315, 37.765977 ], [ -122.465498, 37.766012 ], [ -122.465377, 37.76597 ], [ -122.465266, 37.765927 ], [ -122.464297, 37.765963 ], [ -122.464237, 37.765067 ], [ -122.464172, 37.764131 ], [ -122.465245, 37.764084 ], [ -122.466311, 37.764037 ], [ -122.467383, 37.76399 ], [ -122.468451, 37.763943 ], [ -122.469522, 37.763896 ], [ -122.470595, 37.763849 ], [ -122.470727, 37.765739 ], [ -122.470614, 37.765791 ] ] ] } },
{ "type": "Feature", "properties": { "BlockGroup": 60750302022 }, "geometry": { "type": "Polygon", "coordinates": [ [ [ -122.470398, 37.762023 ], [ -122.470465, 37.761987 ], [ -122.470595, 37.763849 ], [ -122.469522, 37.763896 ], [ -122.468451, 37.763943 ], [ -122.467383, 37.76399 ], [ -122.466311, 37.764037 ], [ -122.465245, 37.764084 ], [ -122.464172, 37.764131 ], [ -122.464042, 37.762269 ], [ -122.465115, 37.762222 ], [ -122.466181, 37.762175 ], [ -122.466261, 37.762205 ], [ -122.467182, 37.762164 ], [ -122.467253, 37.762128 ], [ -122.467327, 37.762158 ], [ -122.468254, 37.762117 ], [ -122.468321, 37.762081 ], [ -122.468399, 37.762111 ], [ -122.469309, 37.762071 ], [ -122.469392, 37.762034 ], [ -122.469484, 37.762063 ], [ -122.470398, 37.762023 ] ] ] } },
{ "type": "Feature", "properties": { "BlockGroup": 60750302023 }, "geometry": { "type": "Polygon", "coordinates": [ [ [ -122.465115, 37.762222 ], [ -122.464042, 37.762269 ], [ -122.463912, 37.760405 ], [ -122.464981, 37.760358 ], [ -122.46605, 37.760312 ], [ -122.467122, 37.760265 ], [ -122.468191, 37.760218 ], [ -122.469263, 37.760171 ], [ -122.470335, 37.760124 ], [ -122.470465, 37.761987 ], [ -122.470398, 37.762023 ], [ -122.469484, 37.762063 ], [ -122.469392, 37.762034 ], [ -122.469309, 37.762071 ], [ -122.468399, 37.762111 ], [ -122.468321, 37.762081 ], [ -122.468254, 37.762117 ], [ -122.467327, 37.762158 ], [ -122.467253, 37.762128 ], [ -122.467182, 37.762164 ], [ -122.466261, 37.762205 ], [ -122.466181, 37.762175 ], [ -122.465115, 37.762222 ] ] ] } },
{ "type": "Feature", "properties": { "BlockGroup": 60750303011 }, "geometry": { "type": "Polygon", "coordinates": [ [ [ -122.476684, 37.757969 ], [ -122.476766, 37.75808 ], [ -122.476881, 37.759722 ], [ -122.476814, 37.759834 ], [ -122.475797, 37.759879 ], [ -122.474724, 37.759927 ], [ -122.473652, 37.759975 ], [ -122.472446, 37.760029 ], [ -122.471409, 37.760076 ], [ -122.470335, 37.760124 ], [ -122.469263, 37.760171 ], [ -122.469131, 37.758304 ], [ -122.470204, 37.758257 ], [ -122.470562, 37.758245 ], [ -122.470793, 37.75831 ], [ -122.470951, 37.75842 ], [ -122.471252, 37.758705 ], [ -122.471656, 37.758938 ], [ -122.471962, 37.759046 ], [ -122.472299, 37.759108 ], [ -122.473495, 37.759331 ], [ -122.473556, 37.759327 ], [ -122.473655, 37.759293 ], [ -122.473737, 37.759233 ], [ -122.473764, 37.75915 ], [ -122.473763, 37.759081 ], [ -122.473698, 37.7581 ], [ -122.473662, 37.757593 ], [ -122.473443, 37.756845 ], [ -122.473576, 37.756539 ], [ -122.473683, 37.756237 ], [ -122.473761, 37.756281 ], [ -122.474332, 37.756255 ], [ -122.474464, 37.756202 ], [ -122.475537, 37.756155 ], [ -122.476554, 37.75611 ], [ -122.476629, 37.756172 ], [ -122.47675, 37.757904 ], [ -122.476684, 37.757969 ] ] ] } },
{ "type": "Feature", "properties": { "BlockGroup": 60750303012 }, "geometry": { "type": "Polygon", "coordinates": [ [ [ -122.469263, 37.760171 ], [ -122.468191, 37.760218 ], [ -122.467122, 37.760265 ], [ -122.46605, 37.760312 ], [ -122.464981, 37.760358 ], [ -122.463912, 37.760405 ], [ -122.463782, 37.758538 ], [ -122.463658, 37.756764 ], [ -122.463749, 37.756763 ], [ -122.464639, 37.756723 ], [ -122.464721, 37.75663 ], [ -122.465202, 37.756608 ], [ -122.46579, 37.756582 ], [ -122.466862, 37.756534 ], [ -122.467932, 37.756486 ], [ -122.469003, 37.756438 ], [ -122.469131, 37.758304 ], [ -122.469263, 37.760171 ] ] ] } },
{ "type": "Feature", "properties": { "BlockGroup": 60750303013 }, "geometry": { "type": "Polygon", "coordinates": [ [ [ -122.468031, 37.752787 ], [ -122.468181, 37.752956 ], [ -122.468335, 37.753244 ], [ -122.468441, 37.753541 ], [ -122.468534, 37.753778 ], [ -122.468629, 37.753986 ], [ -122.468752, 37.754192 ], [ -122.468837, 37.754299 ], [ -122.468949, 37.754384 ], [ -122.469043, 37.754429 ], [ -122.469245, 37.754497 ], [ -122.46921, 37.754549 ], [ -122.468842, 37.755131 ], [ -122.468779, 37.755176 ], [ -122.468918, 37.755217 ], [ -122.469003, 37.756438 ], [ -122.467932, 37.756486 ], [ -122.466862, 37.756534 ], [ -122.46579, 37.756582 ], [ -122.465202, 37.756608 ], [ -122.464721, 37.75663 ], [ -122.464639, 37.756723 ], [ -122.463749, 37.756763 ], [ -122.463658, 37.756764 ], [ -122.463632, 37.756395 ], [ -122.463555, 37.755298 ], [ -122.463581, 37.755014 ], [ -122.463627, 37.754788 ], [ -122.463608, 37.754736 ], [ -122.463655, 37.75459 ], [ -122.46377, 37.754142 ], [ -122.463773, 37.753815 ], [ -122.463752, 37.753749 ], [ -122.463711, 37.753618 ], [ -122.463578, 37.753334 ], [ -122.463361, 37.753039 ], [ -122.463433, 37.753028 ], [ -122.464184, 37.752912 ], [ -122.464462, 37.752899 ], [ -122.465533, 37.752851 ], [ -122.4666, 37.752803 ], [ -122.467643, 37.752756 ], [ -122.467804, 37.752723 ], [ -122.467915, 37.752735 ], [ -122.468031, 37.752787 ] ] ] } },
{ "type": "Feature", "properties": { "BlockGroup": 60750303014 }, "geometry": { "type": "Polygon", "coordinates": [ [ [ -122.47068, 37.752376 ], [ -122.470846, 37.752583 ], [ -122.470908, 37.752616 ], [ -122.471174, 37.753356 ], [ -122.471188, 37.753494 ], [ -122.471191, 37.753606 ], [ -122.471171, 37.753734 ], [ -122.471132, 37.753877 ], [ -122.471036, 37.7541 ], [ -122.471016, 37.754217 ], [ -122.471019, 37.754266 ], [ -122.471043, 37.754466 ], [ -122.471049, 37.754515 ], [ -122.471017, 37.754797 ], [ -122.471168, 37.755099 ], [ -122.47121, 37.755194 ], [ -122.471286, 37.755253 ], [ -122.471422, 37.755349 ], [ -122.471689, 37.755475 ], [ -122.4719, 37.755586 ], [ -122.47209, 37.755688 ], [ -122.472279, 37.755836 ], [ -122.472381, 37.755943 ], [ -122.472447, 37.756011 ], [ -122.472609, 37.75621 ], [ -122.472643, 37.756285 ], [ -122.472639, 37.756322 ], [ -122.472717, 37.756282 ], [ -122.473683, 37.756237 ], [ -122.473576, 37.756539 ], [ -122.473443, 37.756845 ], [ -122.473662, 37.757593 ], [ -122.473698, 37.7581 ], [ -122.473763, 37.759081 ], [ -122.473764, 37.75915 ], [ -122.473737, 37.759233 ], [ -122.473655, 37.759293 ], [ -122.473556, 37.759327 ], [ -122.473495, 37.759331 ], [ -122.472299, 37.759108 ], [ -122.471962, 37.759046 ], [ -122.471656, 37.758938 ], [ -122.471252, 37.758705 ], [ -122.470951, 37.75842 ], [ -122.470793, 37.75831 ], [ -122.470562, 37.758245 ], [ -122.470204, 37.758257 ], [ -122.469131, 37.758304 ], [ -122.469003, 37.756438 ], [ -122.468918, 37.755217 ], [ -122.468779, 37.755176 ], [ -122.468842, 37.755131 ], [ -122.46921, 37.754549 ], [ -122.469245, 37.754497 ], [ -122.469043, 37.754429 ], [ -122.468949, 37.754384 ], [ -122.468837, 37.754299 ], [ -122.468752, 37.754192 ], [ -122.468629, 37.753986 ], [ -122.468534, 37.753778 ], [ -122.468441, 37.753541 ], [ -122.468335, 37.753244 ], [ -122.468681, 37.753117 ], [ -122.468781, 37.753054 ], [ -122.469096, 37.752924 ], [ -122.469782, 37.752675 ], [ -122.469894, 37.752777 ], [ -122.47068, 37.752376 ] ] ] } },
{ "type": "Feature", "properties": { "BlockGroup": 60750303021 }, "geometry": { "type": "Polygon", "coordinates": [ [ [ -122.476424, 37.754242 ], [ -122.476495, 37.754349 ], [ -122.476614, 37.756046 ], [ -122.476554, 37.75611 ], [ -122.475537, 37.756155 ], [ -122.474464, 37.756202 ], [ -122.474332, 37.756255 ], [ -122.473761, 37.756281 ], [ -122.473683, 37.756237 ], [ -122.472717, 37.756282 ], [ -122.472639, 37.756322 ], [ -122.472643, 37.756285 ], [ -122.472609, 37.75621 ], [ -122.472447, 37.756011 ], [ -122.472381, 37.755943 ], [ -122.472279, 37.755836 ], [ -122.47209, 37.755688 ], [ -122.4719, 37.755586 ], [ -122.471689, 37.755475 ], [ -122.471422, 37.755349 ], [ -122.471286, 37.755253 ], [ -122.47121, 37.755194 ], [ -122.471168, 37.755099 ], [ -122.471017, 37.754797 ], [ -122.471049, 37.754515 ], [ -122.471043, 37.754466 ], [ -122.471019, 37.754266 ], [ -122.471016, 37.754217 ], [ -122.471036, 37.7541 ], [ -122.471132, 37.753877 ], [ -122.471171, 37.753734 ], [ -122.471191, 37.753606 ], [ -122.471188, 37.753494 ], [ -122.471174, 37.753356 ], [ -122.470908, 37.752616 ], [ -122.472008, 37.75257 ], [ -122.472559, 37.752545 ], [ -122.473133, 37.75252 ], [ -122.474205, 37.752472 ], [ -122.474741, 37.752448 ], [ -122.475276, 37.752424 ], [ -122.476292, 37.752379 ], [ -122.476364, 37.752484 ], [ -122.47648, 37.754129 ], [ -122.476424, 37.754242 ] ] ] } },
{ "type": "Feature", "properties": { "BlockGroup": 60750303022 }, "geometry": { "type": "Polygon", "coordinates": [ [ [ -122.471036, 37.750395 ], [ -122.471032, 37.750624 ], [ -122.470987, 37.750739 ], [ -122.470947, 37.750814 ], [ -122.470846, 37.750912 ], [ -122.470791, 37.75096 ], [ -122.470735, 37.751119 ], [ -122.470546, 37.751616 ], [ -122.470474, 37.751841 ], [ -122.47048, 37.752029 ], [ -122.470522, 37.752144 ], [ -122.470592, 37.752267 ], [ -122.47068, 37.752376 ], [ -122.469894, 37.752777 ], [ -122.469782, 37.752675 ], [ -122.469096, 37.752924 ], [ -122.468781, 37.753054 ], [ -122.468681, 37.753117 ], [ -122.468335, 37.753244 ], [ -122.468181, 37.752956 ], [ -122.468031, 37.752787 ], [ -122.467915, 37.752735 ], [ -122.467804, 37.752723 ], [ -122.467643, 37.752756 ], [ -122.4666, 37.752803 ], [ -122.465533, 37.752851 ], [ -122.464462, 37.752899 ], [ -122.464418, 37.752319 ], [ -122.464276, 37.752321 ], [ -122.463845, 37.751984 ], [ -122.463442, 37.751195 ], [ -122.464277, 37.750981 ], [ -122.464186, 37.750717 ], [ -122.464459, 37.750867 ], [ -122.4649, 37.751008 ], [ -122.465403, 37.750986 ], [ -122.466469, 37.750939 ], [ -122.466336, 37.749075 ], [ -122.467378, 37.749028 ], [ -122.468026, 37.748999 ], [ -122.468481, 37.748946 ], [ -122.46856, 37.748936 ], [ -122.469549, 37.748903 ], [ -122.470595, 37.748869 ], [ -122.470668, 37.748971 ], [ -122.471018, 37.749775 ], [ -122.471036, 37.750395 ] ] ] } },
{ "type": "Feature", "properties": { "BlockGroup": 60750303023 }, "geometry": { "type": "Polygon", "coordinates": [ [ [ -122.476229, 37.750622 ], [ -122.476343, 37.752263 ], [ -122.476292, 37.752379 ], [ -122.475276, 37.752424 ], [ -122.474741, 37.752448 ], [ -122.474205, 37.752472 ], [ -122.473133, 37.75252 ], [ -122.472559, 37.752545 ], [ -122.472008, 37.75257 ], [ -122.470908, 37.752616 ], [ -122.470846, 37.752583 ], [ -122.47068, 37.752376 ], [ -122.470592, 37.752267 ], [ -122.470522, 37.752144 ], [ -122.47048, 37.752029 ], [ -122.470474, 37.751841 ], [ -122.470546, 37.751616 ], [ -122.470735, 37.751119 ], [ -122.470791, 37.75096 ], [ -122.470846, 37.750912 ], [ -122.470947, 37.750814 ], [ -122.470987, 37.750739 ], [ -122.471032, 37.750624 ], [ -122.471036, 37.750395 ], [ -122.471018, 37.749775 ], [ -122.470668, 37.748971 ], [ -122.470595, 37.748869 ], [ -122.47074, 37.748843 ], [ -122.471587, 37.748806 ], [ -122.471749, 37.748836 ], [ -122.472322, 37.74881 ], [ -122.472873, 37.748787 ], [ -122.473946, 37.74874 ], [ -122.475017, 37.748692 ], [ -122.476033, 37.748648 ], [ -122.476102, 37.748755 ], [ -122.476216, 37.750399 ], [ -122.476163, 37.750512 ], [ -122.476229, 37.750622 ] ] ] } },
{ "type": "Feature", "properties": { "BlockGroup": 60750304001 }, "geometry": { "type": "Polygon", "coordinates": [ [ [ -122.466138, 37.744281 ], [ -122.466228, 37.744968 ], [ -122.464608, 37.745098 ], [ -122.464887, 37.745126 ], [ -122.465089, 37.745171 ], [ -122.465414, 37.745319 ], [ -122.465571, 37.74546 ], [ -122.465675, 37.745603 ], [ -122.465733, 37.74569 ], [ -122.465725, 37.74583 ], [ -122.4657, 37.745943 ], [ -122.465608, 37.746009 ], [ -122.465484, 37.74601 ], [ -122.465404, 37.745978 ], [ -122.465307, 37.745939 ], [ -122.465121, 37.745906 ], [ -122.464932, 37.745917 ], [ -122.464736, 37.745977 ], [ -122.464606, 37.746063 ], [ -122.464177, 37.746404 ], [ -122.464037, 37.746504 ], [ -122.463604, 37.746676 ], [ -122.463039, 37.746684 ], [ -122.462921, 37.746707 ], [ -122.462851, 37.746757 ], [ -122.462762, 37.746852 ], [ -122.462781, 37.747 ], [ -122.462769, 37.747158 ], [ -122.462708, 37.747346 ], [ -122.462618, 37.747509 ], [ -122.462477, 37.747652 ], [ -122.462333, 37.747777 ], [ -122.462437, 37.747865 ], [ -122.462561, 37.748087 ], [ -122.462605, 37.74833 ], [ -122.462687, 37.748514 ], [ -122.462673, 37.748601 ], [ -122.46278, 37.748761 ], [ -122.46285, 37.74894 ], [ -122.462894, 37.749168 ], [ -122.462881, 37.749297 ], [ -122.462899, 37.749553 ], [ -122.462992, 37.749804 ], [ -122.463173, 37.750059 ], [ -122.463316, 37.750168 ], [ -122.463389, 37.750224 ], [ -122.463581, 37.750315 ], [ -122.46373, 37.750347 ], [ -122.464023, 37.750576 ], [ -122.464186, 37.750717 ], [ -122.464277, 37.750981 ], [ -122.463442, 37.751195 ], [ -122.463845, 37.751984 ], [ -122.464276, 37.752321 ], [ -122.464418, 37.752319 ], [ -122.464462, 37.752899 ], [ -122.464184, 37.752912 ], [ -122.463433, 37.753028 ], [ -122.463361, 37.753039 ], [ -122.463341, 37.753012 ], [ -122.463114, 37.75278 ], [ -122.462724, 37.752488 ], [ -122.462414, 37.752222 ], [ -122.462125, 37.751903 ], [ -122.46181, 37.751668 ], [ -122.461587, 37.751565 ], [ -122.461524, 37.751504 ], [ -122.461418, 37.751446 ], [ -122.46104, 37.750958 ], [ -122.460552, 37.749939 ], [ -122.460403, 37.749757 ], [ -122.459639, 37.749019 ], [ -122.459626, 37.748942 ], [ -122.459497, 37.748918 ], [ -122.458854, 37.748259 ], [ -122.458662, 37.748038 ], [ -122.458635, 37.747769 ], [ -122.458712, 37.747605 ], [ -122.459017, 37.747306 ], [ -122.459174, 37.747286 ], [ -122.459347, 37.74715 ], [ -122.461381, 37.745569 ], [ -122.463409, 37.743967 ], [ -122.463686, 37.743749 ], [ -122.464737, 37.743659 ], [ -122.465807, 37.743574 ], [ -122.466043, 37.743555 ], [ -122.466138, 37.744281 ] ] ] } },
{ "type": "Feature", "properties": { "BlockGroup": 60750304002 }, "geometry": { "type": "Polygon", "coordinates": [ [ [ -122.469165, 37.743336 ], [ -122.470235, 37.743289 ], [ -122.470365, 37.745159 ], [ -122.470486, 37.746902 ], [ -122.470512, 37.74702 ], [ -122.469507, 37.747069 ], [ -122.46943, 37.747122 ], [ -122.469354, 37.74717 ], [ -122.468485, 37.747212 ], [ -122.468351, 37.747071 ], [ -122.467195, 37.747123 ], [ -122.466882, 37.747166 ], [ -122.466598, 37.747295 ], [ -122.466469, 37.747309 ], [ -122.466107, 37.747424 ], [ -122.465857, 37.747473 ], [ -122.465685, 37.747485 ], [ -122.465495, 37.747498 ], [ -122.46538, 37.747532 ], [ -122.465316, 37.747579 ], [ -122.465315, 37.747638 ], [ -122.465231, 37.747888 ], [ -122.465178, 37.748007 ], [ -122.465122, 37.74813 ], [ -122.464996, 37.74833 ], [ -122.4648, 37.748597 ], [ -122.464704, 37.748831 ], [ -122.464671, 37.74891 ], [ -122.464658, 37.749061 ], [ -122.464725, 37.749286 ], [ -122.464849, 37.749492 ], [ -122.465043, 37.749645 ], [ -122.465209, 37.749703 ], [ -122.465331, 37.749823 ], [ -122.465378, 37.750333 ], [ -122.465403, 37.750986 ], [ -122.4649, 37.751008 ], [ -122.464459, 37.750867 ], [ -122.464186, 37.750717 ], [ -122.464023, 37.750576 ], [ -122.46373, 37.750347 ], [ -122.463581, 37.750315 ], [ -122.463389, 37.750224 ], [ -122.463316, 37.750168 ], [ -122.463173, 37.750059 ], [ -122.462992, 37.749804 ], [ -122.462899, 37.749553 ], [ -122.462881, 37.749297 ], [ -122.462894, 37.749168 ], [ -122.46285, 37.74894 ], [ -122.46278, 37.748761 ], [ -122.462673, 37.748601 ], [ -122.462687, 37.748514 ], [ -122.462605, 37.74833 ], [ -122.462561, 37.748087 ], [ -122.462437, 37.747865 ], [ -122.462333, 37.747777 ], [ -122.462477, 37.747652 ], [ -122.462618, 37.747509 ], [ -122.462708, 37.747346 ], [ -122.462769, 37.747158 ], [ -122.462781, 37.747 ], [ -122.462762, 37.746852 ], [ -122.462851, 37.746757 ], [ -122.462921, 37.746707 ], [ -122.463039, 37.746684 ], [ -122.463604, 37.746676 ], [ -122.464037, 37.746504 ], [ -122.464177, 37.746404 ], [ -122.464606, 37.746063 ], [ -122.464736, 37.745977 ], [ -122.464932, 37.745917 ], [ -122.465121, 37.745906 ], [ -122.465307, 37.745939 ], [ -122.465404, 37.745978 ], [ -122.465484, 37.74601 ], [ -122.465608, 37.746009 ], [ -122.4657, 37.745943 ], [ -122.465725, 37.74583 ], [ -122.465733, 37.74569 ], [ -122.465675, 37.745603 ], [ -122.465571, 37.74546 ], [ -122.465414, 37.745319 ], [ -122.465089, 37.745171 ], [ -122.464887, 37.745126 ], [ -122.464608, 37.745098 ], [ -122.466228, 37.744968 ], [ -122.466138, 37.744281 ], [ -122.466043, 37.743555 ], [ -122.466859, 37.743491 ], [ -122.467748, 37.743413 ], [ -122.468073, 37.743384 ], [ -122.469165, 37.743336 ] ] ] } },
{ "type": "Feature", "properties": { "BlockGroup": 60750304003 }, "geometry": { "type": "Polygon", "coordinates": [ [ [ -122.476033, 37.748648 ], [ -122.475017, 37.748692 ], [ -122.473946, 37.74874 ], [ -122.472873, 37.748787 ], [ -122.472322, 37.74881 ], [ -122.471749, 37.748836 ], [ -122.471587, 37.748806 ], [ -122.47074, 37.748843 ], [ -122.470595, 37.748869 ], [ -122.469549, 37.748903 ], [ -122.46856, 37.748936 ], [ -122.468481, 37.748946 ], [ -122.468026, 37.748999 ], [ -122.467378, 37.749028 ], [ -122.466336, 37.749075 ], [ -122.466469, 37.750939 ], [ -122.465403, 37.750986 ], [ -122.465378, 37.750333 ], [ -122.465331, 37.749823 ], [ -122.465209, 37.749703 ], [ -122.465043, 37.749645 ], [ -122.464849, 37.749492 ], [ -122.464725, 37.749286 ], [ -122.464658, 37.749061 ], [ -122.464671, 37.74891 ], [ -122.464704, 37.748831 ], [ -122.4648, 37.748597 ], [ -122.464996, 37.74833 ], [ -122.465122, 37.74813 ], [ -122.465178, 37.748007 ], [ -122.465231, 37.747888 ], [ -122.465315, 37.747638 ], [ -122.465316, 37.747579 ], [ -122.46538, 37.747532 ], [ -122.465495, 37.747498 ], [ -122.465685, 37.747485 ], [ -122.465857, 37.747473 ], [ -122.466107, 37.747424 ], [ -122.466469, 37.747309 ], [ -122.466598, 37.747295 ], [ -122.466882, 37.747166 ], [ -122.467195, 37.747123 ], [ -122.468351, 37.747071 ], [ -122.468485, 37.747212 ], [ -122.469354, 37.74717 ], [ -122.46943, 37.747122 ], [ -122.469507, 37.747069 ], [ -122.470512, 37.74702 ], [ -122.471319, 37.746984 ], [ -122.47162, 37.746971 ], [ -122.472058, 37.746952 ], [ -122.472742, 37.746921 ], [ -122.473816, 37.746874 ], [ -122.474887, 37.746827 ], [ -122.475902, 37.746782 ], [ -122.475973, 37.746889 ], [ -122.476087, 37.748537 ], [ -122.476033, 37.748648 ] ] ] } },
{ "type": "Feature", "properties": { "BlockGroup": 60750304004 }, "geometry": { "type": "Polygon", "coordinates": [ [ [ -122.475954, 37.74667 ], [ -122.475902, 37.746782 ], [ -122.474887, 37.746827 ], [ -122.473816, 37.746874 ], [ -122.472742, 37.746921 ], [ -122.472058, 37.746952 ], [ -122.47162, 37.746971 ], [ -122.471319, 37.746984 ], [ -122.470512, 37.74702 ], [ -122.470486, 37.746902 ], [ -122.470365, 37.745159 ], [ -122.471489, 37.745109 ], [ -122.472184, 37.745078 ], [ -122.472925, 37.745044 ], [ -122.473684, 37.745012 ], [ -122.474754, 37.744964 ], [ -122.475773, 37.744919 ], [ -122.475839, 37.745026 ], [ -122.475954, 37.74667 ] ] ] } },
{ "type": "Feature", "properties": { "BlockGroup": 60750304005 }, "geometry": { "type": "Polygon", "coordinates": [ [ [ -122.475824, 37.744806 ], [ -122.475773, 37.744919 ], [ -122.474754, 37.744964 ], [ -122.473684, 37.745012 ], [ -122.472925, 37.745044 ], [ -122.472184, 37.745078 ], [ -122.471489, 37.745109 ], [ -122.470365, 37.745159 ], [ -122.470235, 37.743289 ], [ -122.471357, 37.74324 ], [ -122.472479, 37.743191 ], [ -122.473553, 37.743144 ], [ -122.474624, 37.743097 ], [ -122.475644, 37.743052 ], [ -122.47571, 37.743173 ], [ -122.475824, 37.744806 ] ] ] } },
{ "type": "Feature", "properties": { "BlockGroup": 60750305001 }, "geometry": { "type": "Polygon", "coordinates": [ [ [ -122.45136, 37.753961 ], [ -122.451594, 37.753899 ], [ -122.45257, 37.753542 ], [ -122.452977, 37.753383 ], [ -122.453262, 37.753333 ], [ -122.453625, 37.753371 ], [ -122.455537, 37.753774 ], [ -122.455236, 37.754205 ], [ -122.455175, 37.754337 ], [ -122.455125, 37.754876 ], [ -122.455095, 37.754976 ], [ -122.455052, 37.755116 ], [ -122.454821, 37.755547 ], [ -122.45425, 37.756347 ], [ -122.454172, 37.756507 ], [ -122.454078, 37.757027 ], [ -122.454027, 37.75718 ], [ -122.453872, 37.757378 ], [ -122.453769, 37.757468 ], [ -122.453669, 37.757556 ], [ -122.453594, 37.757622 ], [ -122.453317, 37.75782 ], [ -122.452895, 37.758063 ], [ -122.452835, 37.758097 ], [ -122.452551, 37.758192 ], [ -122.452298, 37.758277 ], [ -122.452117, 37.758325 ], [ -122.452048, 37.758344 ], [ -122.451367, 37.758576 ], [ -122.450929, 37.758725 ], [ -122.448535, 37.759045 ], [ -122.448474, 37.758954 ], [ -122.448484, 37.758609 ], [ -122.448295, 37.758029 ], [ -122.448182, 37.75785 ], [ -122.447915, 37.757589 ], [ -122.447819, 37.75749 ], [ -122.447707, 37.757345 ], [ -122.447547, 37.75719 ], [ -122.447307, 37.757042 ], [ -122.447165, 37.756916 ], [ -122.447119, 37.756875 ], [ -122.447033, 37.756756 ], [ -122.44695, 37.75655 ], [ -122.446777, 37.756299 ], [ -122.446339, 37.755911 ], [ -122.446126, 37.755804 ], [ -122.445929, 37.75583 ], [ -122.445464, 37.755984 ], [ -122.445268, 37.755921 ], [ -122.445222, 37.755737 ], [ -122.445348, 37.755619 ], [ -122.445782, 37.755507 ], [ -122.446152, 37.755464 ], [ -122.44656, 37.755346 ], [ -122.446809, 37.755349 ], [ -122.447004, 37.755438 ], [ -122.44753, 37.755821 ], [ -122.447683, 37.755868 ], [ -122.447852, 37.755821 ], [ -122.447962, 37.755673 ], [ -122.447943, 37.755532 ], [ -122.447699, 37.75483 ], [ -122.447435, 37.754329 ], [ -122.447376, 37.754218 ], [ -122.44721, 37.754043 ], [ -122.446869, 37.753762 ], [ -122.446734, 37.753573 ], [ -122.446716, 37.753388 ], [ -122.446777, 37.753249 ], [ -122.447225, 37.752848 ], [ -122.447357, 37.752721 ], [ -122.447536, 37.752482 ], [ -122.447398, 37.752262 ], [ -122.447095, 37.751931 ], [ -122.447029, 37.751775 ], [ -122.447034, 37.751659 ], [ -122.44709, 37.751505 ], [ -122.447633, 37.750908 ], [ -122.447769, 37.750831 ], [ -122.447928, 37.750798 ], [ -122.44873, 37.750902 ], [ -122.448838, 37.750828 ], [ -122.449185, 37.750637 ], [ -122.449305, 37.750547 ], [ -122.449423, 37.750412 ], [ -122.449498, 37.750256 ], [ -122.449682, 37.749823 ], [ -122.449717, 37.74954 ], [ -122.44964, 37.749314 ], [ -122.449543, 37.749182 ], [ -122.4494, 37.749106 ], [ -122.449245, 37.749106 ], [ -122.449051, 37.749183 ], [ -122.448885, 37.749339 ], [ -122.448264, 37.750168 ], [ -122.448133, 37.75025 ], [ -122.447958, 37.75027 ], [ -122.447716, 37.750197 ], [ -122.447061, 37.749999 ], [ -122.446924, 37.749962 ], [ -122.445803, 37.749296 ], [ -122.445658, 37.749137 ], [ -122.445635, 37.748983 ], [ -122.445697, 37.748855 ], [ -122.4459, 37.748761 ], [ -122.446146, 37.748733 ], [ -122.446321, 37.748782 ], [ -122.446513, 37.748873 ], [ -122.447149, 37.749339 ], [ -122.447348, 37.749454 ], [ -122.447558, 37.749513 ], [ -122.447696, 37.749485 ], [ -122.447794, 37.749408 ], [ -122.448272, 37.748586 ], [ -122.448649, 37.747988 ], [ -122.448738, 37.747816 ], [ -122.449048, 37.747075 ], [ -122.449146, 37.74686 ], [ -122.44931, 37.746716 ], [ -122.449447, 37.74666 ], [ -122.449658, 37.74679 ], [ -122.449829, 37.746845 ], [ -122.44962, 37.74733 ], [ -122.449121, 37.748486 ], [ -122.450376, 37.748837 ], [ -122.450378, 37.749157 ], [ -122.45036, 37.749369 ], [ -122.450279, 37.749813 ], [ -122.45012, 37.750377 ], [ -122.45004, 37.75079 ], [ -122.45002, 37.751135 ], [ -122.449818, 37.751171 ], [ -122.449658, 37.75126 ], [ -122.449538, 37.751398 ], [ -122.449422, 37.75192 ], [ -122.449323, 37.752393 ], [ -122.44926, 37.75264 ], [ -122.449223, 37.752826 ], [ -122.449202, 37.752988 ], [ -122.449195, 37.753142 ], [ -122.449212, 37.753343 ], [ -122.44925, 37.753547 ], [ -122.449339, 37.753767 ], [ -122.449567, 37.75414 ], [ -122.449715, 37.754072 ], [ -122.450012, 37.753936 ], [ -122.450709, 37.753616 ], [ -122.450797, 37.753766 ], [ -122.450941, 37.753879 ], [ -122.451111, 37.753931 ], [ -122.45136, 37.753961 ] ] ] } },
{ "type": "Feature", "properties": { "BlockGroup": 60750305002 }, "geometry": { "type": "Polygon", "coordinates": [ [ [ -122.450653, 37.746867 ], [ -122.450789, 37.746944 ], [ -122.451179, 37.747361 ], [ -122.451762, 37.747984 ], [ -122.452033, 37.748274 ], [ -122.4521, 37.748431 ], [ -122.45212, 37.748669 ], [ -122.452123, 37.749351 ], [ -122.452133, 37.751236 ], [ -122.452929, 37.751215 ], [ -122.452441, 37.752193 ], [ -122.452261, 37.752402 ], [ -122.452118, 37.75254 ], [ -122.452039, 37.752674 ], [ -122.452054, 37.752817 ], [ -122.452102, 37.75296 ], [ -122.452232, 37.75319 ], [ -122.452405, 37.753393 ], [ -122.45257, 37.753542 ], [ -122.451594, 37.753899 ], [ -122.45136, 37.753961 ], [ -122.451111, 37.753931 ], [ -122.450941, 37.753879 ], [ -122.450797, 37.753766 ], [ -122.450709, 37.753616 ], [ -122.450012, 37.753936 ], [ -122.449715, 37.754072 ], [ -122.449567, 37.75414 ], [ -122.449339, 37.753767 ], [ -122.44925, 37.753547 ], [ -122.449212, 37.753343 ], [ -122.449195, 37.753142 ], [ -122.449202, 37.752988 ], [ -122.449223, 37.752826 ], [ -122.44926, 37.75264 ], [ -122.449323, 37.752393 ], [ -122.449422, 37.75192 ], [ -122.449538, 37.751398 ], [ -122.449658, 37.75126 ], [ -122.449818, 37.751171 ], [ -122.45002, 37.751135 ], [ -122.45004, 37.75079 ], [ -122.45012, 37.750377 ], [ -122.450279, 37.749813 ], [ -122.45036, 37.749369 ], [ -122.450378, 37.749157 ], [ -122.450376, 37.748837 ], [ -122.449121, 37.748486 ], [ -122.44962, 37.74733 ], [ -122.449829, 37.746845 ], [ -122.450523, 37.746835 ], [ -122.450653, 37.746867 ] ] ] } },
{ "type": "Feature", "properties": { "BlockGroup": 60750305003 }, "geometry": { "type": "Polygon", "coordinates": [ [ [ -122.452133, 37.751236 ], [ -122.452123, 37.749351 ], [ -122.45212, 37.748669 ], [ -122.4521, 37.748431 ], [ -122.452033, 37.748274 ], [ -122.451762, 37.747984 ], [ -122.451179, 37.747361 ], [ -122.450789, 37.746944 ], [ -122.450653, 37.746867 ], [ -122.450523, 37.746835 ], [ -122.449829, 37.746845 ], [ -122.449658, 37.74679 ], [ -122.449447, 37.74666 ], [ -122.449797, 37.746442 ], [ -122.450169, 37.746269 ], [ -122.450521, 37.746207 ], [ -122.450727, 37.746187 ], [ -122.45087, 37.746078 ], [ -122.450853, 37.745826 ], [ -122.45097, 37.74587 ], [ -122.45157, 37.745654 ], [ -122.451624, 37.745534 ], [ -122.451691, 37.745606 ], [ -122.451816, 37.745671 ], [ -122.452228, 37.745692 ], [ -122.453376, 37.745688 ], [ -122.453645, 37.745696 ], [ -122.453829, 37.745724 ], [ -122.453916, 37.7457 ], [ -122.453959, 37.745765 ], [ -122.454275, 37.745908 ], [ -122.454585, 37.746107 ], [ -122.454664, 37.746106 ], [ -122.454722, 37.746178 ], [ -122.454815, 37.746217 ], [ -122.455375, 37.746348 ], [ -122.455467, 37.746328 ], [ -122.455534, 37.746394 ], [ -122.455839, 37.746466 ], [ -122.456224, 37.746558 ], [ -122.456315, 37.74653 ], [ -122.456377, 37.74659 ], [ -122.456674, 37.74666 ], [ -122.457079, 37.746725 ], [ -122.457167, 37.746698 ], [ -122.457248, 37.746754 ], [ -122.457912, 37.746861 ], [ -122.458472, 37.746871 ], [ -122.458657, 37.746823 ], [ -122.458729, 37.746755 ], [ -122.458691, 37.746859 ], [ -122.45903, 37.747259 ], [ -122.459174, 37.747286 ], [ -122.459017, 37.747306 ], [ -122.458712, 37.747605 ], [ -122.458635, 37.747769 ], [ -122.458662, 37.748038 ], [ -122.458854, 37.748259 ], [ -122.459497, 37.748918 ], [ -122.459626, 37.748942 ], [ -122.459639, 37.749019 ], [ -122.460403, 37.749757 ], [ -122.460552, 37.749939 ], [ -122.46104, 37.750958 ], [ -122.461418, 37.751446 ], [ -122.461524, 37.751504 ], [ -122.46116, 37.751694 ], [ -122.460668, 37.751814 ], [ -122.459209, 37.751928 ], [ -122.458985, 37.751946 ], [ -122.457957, 37.75166 ], [ -122.457032, 37.751402 ], [ -122.456448, 37.751483 ], [ -122.456091, 37.751804 ], [ -122.456005, 37.752094 ], [ -122.456014, 37.752359 ], [ -122.45603, 37.752854 ], [ -122.456032, 37.752886 ], [ -122.455919, 37.753148 ], [ -122.455784, 37.75341 ], [ -122.455537, 37.753774 ], [ -122.453625, 37.753371 ], [ -122.453262, 37.753333 ], [ -122.452977, 37.753383 ], [ -122.45257, 37.753542 ], [ -122.452405, 37.753393 ], [ -122.452232, 37.75319 ], [ -122.452102, 37.75296 ], [ -122.452054, 37.752817 ], [ -122.452039, 37.752674 ], [ -122.452118, 37.75254 ], [ -122.452261, 37.752402 ], [ -122.452441, 37.752193 ], [ -122.452929, 37.751215 ], [ -122.452133, 37.751236 ] ] ] } },
{ "type": "Feature", "properties": { "BlockGroup": 60750306001 }, "geometry": { "type": "Polygon", "coordinates": [ [ [ -122.457256, 37.744765 ], [ -122.457457, 37.74479 ], [ -122.45849, 37.744966 ], [ -122.458771, 37.745032 ], [ -122.459211, 37.745271 ], [ -122.4593, 37.745302 ], [ -122.460212, 37.745458 ], [ -122.4604, 37.745311 ], [ -122.460852, 37.745398 ], [ -122.461175, 37.74546 ], [ -122.461254, 37.745474 ], [ -122.461381, 37.745569 ], [ -122.459347, 37.74715 ], [ -122.459174, 37.747286 ], [ -122.45903, 37.747259 ], [ -122.458691, 37.746859 ], [ -122.458729, 37.746755 ], [ -122.458657, 37.746823 ], [ -122.458472, 37.746871 ], [ -122.457912, 37.746861 ], [ -122.457248, 37.746754 ], [ -122.457167, 37.746698 ], [ -122.457079, 37.746725 ], [ -122.456674, 37.74666 ], [ -122.456377, 37.74659 ], [ -122.456315, 37.74653 ], [ -122.456224, 37.746558 ], [ -122.455839, 37.746466 ], [ -122.455534, 37.746394 ], [ -122.455467, 37.746328 ], [ -122.455375, 37.746348 ], [ -122.454815, 37.746217 ], [ -122.454722, 37.746178 ], [ -122.454664, 37.746106 ], [ -122.454585, 37.746107 ], [ -122.454275, 37.745908 ], [ -122.453959, 37.745765 ], [ -122.453916, 37.7457 ], [ -122.453829, 37.745724 ], [ -122.453645, 37.745696 ], [ -122.453376, 37.745688 ], [ -122.452228, 37.745692 ], [ -122.451816, 37.745671 ], [ -122.451691, 37.745606 ], [ -122.451624, 37.745534 ], [ -122.451748, 37.745525 ], [ -122.451906, 37.745513 ], [ -122.452247, 37.74534 ], [ -122.452386, 37.74527 ], [ -122.453281, 37.744732 ], [ -122.453365, 37.744593 ], [ -122.453534, 37.744556 ], [ -122.453932, 37.744292 ], [ -122.454143, 37.744105 ], [ -122.454205, 37.743985 ], [ -122.454364, 37.743956 ], [ -122.45477, 37.743621 ], [ -122.45514, 37.743259 ], [ -122.455284, 37.743131 ], [ -122.455271, 37.743049 ], [ -122.455373, 37.743167 ], [ -122.455804, 37.743462 ], [ -122.455905, 37.743482 ], [ -122.455969, 37.74357 ], [ -122.456323, 37.743814 ], [ -122.456455, 37.74402 ], [ -122.456525, 37.744058 ], [ -122.456848, 37.744808 ], [ -122.457256, 37.744765 ] ] ] } },
{ "type": "Feature", "properties": { "BlockGroup": 60750306002 }, "geometry": { "type": "Polygon", "coordinates": [ [ [ -122.457802, 37.739619 ], [ -122.457793, 37.739438 ], [ -122.457878, 37.739262 ], [ -122.458082, 37.739099 ], [ -122.458285, 37.739041 ], [ -122.458527, 37.739037 ], [ -122.458849, 37.739158 ], [ -122.459111, 37.739596 ], [ -122.459184, 37.739871 ], [ -122.459123, 37.740138 ], [ -122.458858, 37.740334 ], [ -122.458905, 37.740535 ], [ -122.45928, 37.74058 ], [ -122.459496, 37.740674 ], [ -122.45984, 37.741061 ], [ -122.459696, 37.741055 ], [ -122.459297, 37.741016 ], [ -122.459035, 37.741014 ], [ -122.458885, 37.741063 ], [ -122.457872, 37.741625 ], [ -122.456929, 37.742102 ], [ -122.45678, 37.742149 ], [ -122.456589, 37.742299 ], [ -122.456504, 37.742435 ], [ -122.456008, 37.743358 ], [ -122.455905, 37.743482 ], [ -122.455804, 37.743462 ], [ -122.455373, 37.743167 ], [ -122.455271, 37.743049 ], [ -122.455284, 37.743131 ], [ -122.45514, 37.743259 ], [ -122.45477, 37.743621 ], [ -122.454364, 37.743956 ], [ -122.454205, 37.743985 ], [ -122.454143, 37.744105 ], [ -122.453932, 37.744292 ], [ -122.453534, 37.744556 ], [ -122.453365, 37.744593 ], [ -122.453281, 37.744732 ], [ -122.452386, 37.74527 ], [ -122.452247, 37.74534 ], [ -122.451906, 37.745513 ], [ -122.451748, 37.745525 ], [ -122.451624, 37.745534 ], [ -122.451589, 37.745429 ], [ -122.450587, 37.744213 ], [ -122.450592, 37.744091 ], [ -122.449919, 37.743272 ], [ -122.449861, 37.743265 ], [ -122.449934, 37.74297 ], [ -122.450057, 37.743005 ], [ -122.450356, 37.743022 ], [ -122.450989, 37.742967 ], [ -122.451135, 37.742993 ], [ -122.45159, 37.742836 ], [ -122.451982, 37.742797 ], [ -122.452306, 37.742819 ], [ -122.452622, 37.74289 ], [ -122.452869, 37.742996 ], [ -122.45294, 37.743025 ], [ -122.453445, 37.743408 ], [ -122.453644, 37.743312 ], [ -122.453773, 37.743219 ], [ -122.453949, 37.743095 ], [ -122.454238, 37.742835 ], [ -122.45447, 37.74257 ], [ -122.45464, 37.742326 ], [ -122.454798, 37.74202 ], [ -122.454932, 37.741777 ], [ -122.454981, 37.741687 ], [ -122.455142, 37.741478 ], [ -122.455374, 37.741251 ], [ -122.455576, 37.741107 ], [ -122.455641, 37.741073 ], [ -122.455936, 37.74092 ], [ -122.456607, 37.740608 ], [ -122.456994, 37.74042 ], [ -122.457725, 37.740066 ], [ -122.45783, 37.739957 ], [ -122.457861, 37.739733 ], [ -122.457802, 37.739619 ] ] ] } },
{ "type": "Feature", "properties": { "BlockGroup": 60750306003 }, "geometry": { "type": "Polygon", "coordinates": [ [ [ -122.461942, 37.743006 ], [ -122.462035, 37.743001 ], [ -122.462394, 37.743139 ], [ -122.462774, 37.743305 ], [ -122.46286, 37.743384 ], [ -122.463686, 37.743749 ], [ -122.463409, 37.743967 ], [ -122.461381, 37.745569 ], [ -122.461254, 37.745474 ], [ -122.461175, 37.74546 ], [ -122.460852, 37.745398 ], [ -122.4604, 37.745311 ], [ -122.460212, 37.745458 ], [ -122.4593, 37.745302 ], [ -122.459211, 37.745271 ], [ -122.458771, 37.745032 ], [ -122.45849, 37.744966 ], [ -122.457457, 37.74479 ], [ -122.457256, 37.744765 ], [ -122.456848, 37.744808 ], [ -122.456525, 37.744058 ], [ -122.456455, 37.74402 ], [ -122.456323, 37.743814 ], [ -122.455969, 37.74357 ], [ -122.455905, 37.743482 ], [ -122.456008, 37.743358 ], [ -122.456504, 37.742435 ], [ -122.456589, 37.742299 ], [ -122.45678, 37.742149 ], [ -122.456929, 37.742102 ], [ -122.457872, 37.741625 ], [ -122.458885, 37.741063 ], [ -122.459035, 37.741014 ], [ -122.459297, 37.741016 ], [ -122.459696, 37.741055 ], [ -122.45984, 37.741061 ], [ -122.461013, 37.742354 ], [ -122.461234, 37.742584 ], [ -122.461367, 37.742689 ], [ -122.461671, 37.742863 ], [ -122.461942, 37.743006 ] ] ] } },
{ "type": "Feature", "properties": { "BlockGroup": 60750307001 }, "geometry": { "type": "Polygon", "coordinates": [ [ [ -122.449967, 37.737876 ], [ -122.450031, 37.737835 ], [ -122.45078, 37.738214 ], [ -122.450877, 37.738115 ], [ -122.451446, 37.737746 ], [ -122.451604, 37.737753 ], [ -122.451702, 37.737785 ], [ -122.451925, 37.737778 ], [ -122.452136, 37.737732 ], [ -122.452335, 37.737648 ], [ -122.452549, 37.737489 ], [ -122.45321, 37.736864 ], [ -122.453334, 37.736747 ], [ -122.45343, 37.736695 ], [ -122.453652, 37.736659 ], [ -122.453802, 37.736677 ], [ -122.454199, 37.737074 ], [ -122.45435, 37.737136 ], [ -122.45495, 37.737147 ], [ -122.455281, 37.737188 ], [ -122.45584, 37.737385 ], [ -122.456247, 37.73763 ], [ -122.456576, 37.737942 ], [ -122.456937, 37.738233 ], [ -122.45728, 37.738431 ], [ -122.457559, 37.738481 ], [ -122.457717, 37.738466 ], [ -122.45864, 37.738375 ], [ -122.458738, 37.738377 ], [ -122.45943, 37.738546 ], [ -122.459592, 37.738533 ], [ -122.459328, 37.739011 ], [ -122.459249, 37.739087 ], [ -122.459156, 37.73914 ], [ -122.458981, 37.739185 ], [ -122.458849, 37.739158 ], [ -122.458527, 37.739037 ], [ -122.458285, 37.739041 ], [ -122.458082, 37.739099 ], [ -122.457878, 37.739262 ], [ -122.457793, 37.739438 ], [ -122.457802, 37.739619 ], [ -122.457861, 37.739733 ], [ -122.45783, 37.739957 ], [ -122.457725, 37.740066 ], [ -122.456994, 37.74042 ], [ -122.456607, 37.740608 ], [ -122.455936, 37.74092 ], [ -122.455641, 37.741073 ], [ -122.455576, 37.741107 ], [ -122.455374, 37.741251 ], [ -122.455142, 37.741478 ], [ -122.454981, 37.741687 ], [ -122.454932, 37.741777 ], [ -122.454798, 37.74202 ], [ -122.45464, 37.742326 ], [ -122.45447, 37.74257 ], [ -122.454238, 37.742835 ], [ -122.453949, 37.743095 ], [ -122.453773, 37.743219 ], [ -122.453644, 37.743312 ], [ -122.453445, 37.743408 ], [ -122.45294, 37.743025 ], [ -122.452869, 37.742996 ], [ -122.452622, 37.74289 ], [ -122.452306, 37.742819 ], [ -122.451982, 37.742797 ], [ -122.45159, 37.742836 ], [ -122.451135, 37.742993 ], [ -122.450989, 37.742967 ], [ -122.450356, 37.743022 ], [ -122.450057, 37.743005 ], [ -122.449934, 37.74297 ], [ -122.449861, 37.743265 ], [ -122.44979, 37.743257 ], [ -122.449583, 37.743065 ], [ -122.449357, 37.742922 ], [ -122.449137, 37.742829 ], [ -122.448821, 37.742749 ], [ -122.448489, 37.742705 ], [ -122.447385, 37.742609 ], [ -122.44711, 37.74258 ], [ -122.44684, 37.742519 ], [ -122.446658, 37.742442 ], [ -122.446516, 37.742359 ], [ -122.446411, 37.742282 ], [ -122.446371, 37.742238 ], [ -122.446324, 37.742185 ], [ -122.446257, 37.742072 ], [ -122.446239, 37.742013 ], [ -122.446195, 37.741872 ], [ -122.446157, 37.741535 ], [ -122.4461, 37.741358 ], [ -122.446059, 37.741275 ], [ -122.445964, 37.741199 ], [ -122.445898, 37.741117 ], [ -122.445738, 37.741022 ], [ -122.445523, 37.740972 ], [ -122.445196, 37.740921 ], [ -122.444911, 37.740872 ], [ -122.444682, 37.740793 ], [ -122.444518, 37.740693 ], [ -122.444366, 37.740576 ], [ -122.444133, 37.740279 ], [ -122.444098, 37.740234 ], [ -122.443922, 37.740088 ], [ -122.443876, 37.740064 ], [ -122.443694, 37.739971 ], [ -122.443419, 37.739902 ], [ -122.44302, 37.739814 ], [ -122.442857, 37.739767 ], [ -122.442718, 37.739682 ], [ -122.442597, 37.739548 ], [ -122.442578, 37.739521 ], [ -122.442525, 37.739448 ], [ -122.442504, 37.739238 ], [ -122.442628, 37.738565 ], [ -122.442625, 37.738314 ], [ -122.442579, 37.738172 ], [ -122.442446, 37.7378 ], [ -122.442404, 37.73764 ], [ -122.442421, 37.737438 ], [ -122.442489, 37.737289 ], [ -122.442657, 37.737119 ], [ -122.443532, 37.736602 ], [ -122.443602, 37.736503 ], [ -122.443683, 37.736538 ], [ -122.443842, 37.73658 ], [ -122.444039, 37.736575 ], [ -122.444188, 37.736528 ], [ -122.444306, 37.736409 ], [ -122.444406, 37.736219 ], [ -122.444337, 37.736066 ], [ -122.444328, 37.735845 ], [ -122.444292, 37.735744 ], [ -122.444234, 37.735643 ], [ -122.444208, 37.735546 ], [ -122.444145, 37.73549 ], [ -122.443978, 37.735378 ], [ -122.443541, 37.735159 ], [ -122.443194, 37.734997 ], [ -122.442988, 37.734915 ], [ -122.442971, 37.734564 ], [ -122.444337, 37.734557 ], [ -122.445354, 37.734549 ], [ -122.445834, 37.734863 ], [ -122.446062, 37.735011 ], [ -122.446224, 37.735141 ], [ -122.446291, 37.735224 ], [ -122.446378, 37.735416 ], [ -122.446405, 37.735602 ], [ -122.446663, 37.735602 ], [ -122.446859, 37.735658 ], [ -122.446985, 37.735733 ], [ -122.447364, 37.736063 ], [ -122.447452, 37.736164 ], [ -122.44751, 37.736311 ], [ -122.447599, 37.736442 ], [ -122.447766, 37.736557 ], [ -122.448001, 37.736602 ], [ -122.447809, 37.737318 ], [ -122.447455, 37.73719 ], [ -122.447243, 37.737027 ], [ -122.447125, 37.736871 ], [ -122.447021, 37.736666 ], [ -122.446852, 37.736551 ], [ -122.446671, 37.736515 ], [ -122.446467, 37.736541 ], [ -122.446263, 37.736663 ], [ -122.446121, 37.736833 ], [ -122.446037, 37.737023 ], [ -122.446039, 37.73708 ], [ -122.446227, 37.737307 ], [ -122.446589, 37.737587 ], [ -122.447371, 37.737934 ], [ -122.447541, 37.737977 ], [ -122.447902, 37.738057 ], [ -122.448148, 37.738073 ], [ -122.44848, 37.738065 ], [ -122.448705, 37.738027 ], [ -122.448919, 37.738 ], [ -122.449325, 37.738025 ], [ -122.449464, 37.738016 ], [ -122.449754, 37.737963 ], [ -122.449967, 37.737876 ] ], [ [ -122.446176, 37.737454 ], [ -122.446117, 37.737558 ], [ -122.446059, 37.737634 ], [ -122.445985, 37.737684 ], [ -122.445065, 37.73802 ], [ -122.444876, 37.738048 ], [ -122.444695, 37.738051 ], [ -122.444367, 37.737993 ], [ -122.444104, 37.737987 ], [ -122.443869, 37.738022 ], [ -122.44364, 37.738101 ], [ -122.443525, 37.738208 ], [ -122.443492, 37.738268 ], [ -122.44347, 37.73834 ], [ -122.443436, 37.738869 ], [ -122.443495, 37.738995 ], [ -122.443617, 37.739099 ], [ -122.443834, 37.739204 ], [ -122.444109, 37.73931 ], [ -122.445269, 37.739565 ], [ -122.445413, 37.739594 ], [ -122.44556, 37.739656 ], [ -122.445638, 37.739707 ], [ -122.446066, 37.740029 ], [ -122.446321, 37.740115 ], [ -122.446116, 37.739981 ], [ -122.445681, 37.739657 ], [ -122.44555, 37.739574 ], [ -122.445414, 37.739527 ], [ -122.445205, 37.739487 ], [ -122.444192, 37.739264 ], [ -122.444058, 37.739229 ], [ -122.44384, 37.739141 ], [ -122.44367, 37.739055 ], [ -122.443563, 37.738967 ], [ -122.443508, 37.738859 ], [ -122.443521, 37.738677 ], [ -122.443546, 37.738318 ], [ -122.443591, 37.738233 ], [ -122.443709, 37.738146 ], [ -122.443893, 37.738085 ], [ -122.44411, 37.738053 ], [ -122.444356, 37.738058 ], [ -122.444687, 37.738117 ], [ -122.444884, 37.738114 ], [ -122.445089, 37.738083 ], [ -122.446033, 37.737738 ], [ -122.446122, 37.737677 ], [ -122.446194, 37.737584 ], [ -122.446238, 37.737474 ], [ -122.446227, 37.737307 ], [ -122.446176, 37.737454 ] ] ] } },
{ "type": "Feature", "properties": { "BlockGroup": 60750307002 }, "geometry": { "type": "Polygon", "coordinates": [ [ [ -122.448873, 37.733069 ], [ -122.448878, 37.73381 ], [ -122.448893, 37.734277 ], [ -122.448896, 37.734379 ], [ -122.448884, 37.734447 ], [ -122.44889, 37.734971 ], [ -122.448898, 37.735797 ], [ -122.448876, 37.735908 ], [ -122.44852, 37.736374 ], [ -122.448504, 37.736389 ], [ -122.449335, 37.736685 ], [ -122.449365, 37.737346 ], [ -122.449464, 37.738016 ], [ -122.449325, 37.738025 ], [ -122.448919, 37.738 ], [ -122.448705, 37.738027 ], [ -122.44848, 37.738065 ], [ -122.448148, 37.738073 ], [ -122.447902, 37.738057 ], [ -122.447541, 37.737977 ], [ -122.447371, 37.737934 ], [ -122.446589, 37.737587 ], [ -122.446227, 37.737307 ], [ -122.446039, 37.73708 ], [ -122.446037, 37.737023 ], [ -122.446121, 37.736833 ], [ -122.446263, 37.736663 ], [ -122.446467, 37.736541 ], [ -122.446671, 37.736515 ], [ -122.446852, 37.736551 ], [ -122.447021, 37.736666 ], [ -122.447125, 37.736871 ], [ -122.447243, 37.737027 ], [ -122.447455, 37.73719 ], [ -122.447809, 37.737318 ], [ -122.448001, 37.736602 ], [ -122.447766, 37.736557 ], [ -122.447599, 37.736442 ], [ -122.44751, 37.736311 ], [ -122.447452, 37.736164 ], [ -122.447364, 37.736063 ], [ -122.446985, 37.735733 ], [ -122.446859, 37.735658 ], [ -122.446663, 37.735602 ], [ -122.446405, 37.735602 ], [ -122.446378, 37.735416 ], [ -122.446291, 37.735224 ], [ -122.446224, 37.735141 ], [ -122.446062, 37.735011 ], [ -122.445834, 37.734863 ], [ -122.445354, 37.734549 ], [ -122.444337, 37.734557 ], [ -122.442971, 37.734564 ], [ -122.442988, 37.734915 ], [ -122.443194, 37.734997 ], [ -122.443541, 37.735159 ], [ -122.443978, 37.735378 ], [ -122.444145, 37.73549 ], [ -122.444208, 37.735546 ], [ -122.444234, 37.735643 ], [ -122.444292, 37.735744 ], [ -122.444328, 37.735845 ], [ -122.444337, 37.736066 ], [ -122.444406, 37.736219 ], [ -122.444306, 37.736409 ], [ -122.444188, 37.736528 ], [ -122.444039, 37.736575 ], [ -122.443842, 37.73658 ], [ -122.443683, 37.736538 ], [ -122.443602, 37.736503 ], [ -122.443655, 37.736428 ], [ -122.443746, 37.736355 ], [ -122.443801, 37.736239 ], [ -122.443829, 37.736134 ], [ -122.443824, 37.736009 ], [ -122.443792, 37.735922 ], [ -122.443746, 37.735856 ], [ -122.443666, 37.735786 ], [ -122.443566, 37.735729 ], [ -122.443453, 37.735692 ], [ -122.443301, 37.735676 ], [ -122.443162, 37.735688 ], [ -122.442429, 37.735894 ], [ -122.442155, 37.735971 ], [ -122.442029, 37.735991 ], [ -122.441927, 37.735968 ], [ -122.441867, 37.735977 ], [ -122.441698, 37.735951 ], [ -122.441384, 37.73586 ], [ -122.441152, 37.735709 ], [ -122.441015, 37.73557 ], [ -122.440694, 37.735069 ], [ -122.440024, 37.734909 ], [ -122.439934, 37.734857 ], [ -122.439573, 37.734843 ], [ -122.439191, 37.734735 ], [ -122.43892, 37.7346 ], [ -122.438629, 37.734494 ], [ -122.438392, 37.73442 ], [ -122.438408, 37.734341 ], [ -122.438555, 37.733887 ], [ -122.438646, 37.733609 ], [ -122.438816, 37.733087 ], [ -122.43946, 37.733083 ], [ -122.439621, 37.733112 ], [ -122.439752, 37.733111 ], [ -122.440903, 37.733104 ], [ -122.442002, 37.733098 ], [ -122.44432, 37.733088 ], [ -122.446601, 37.733077 ], [ -122.448873, 37.733069 ] ] ] } },
{ "type": "Feature", "properties": { "BlockGroup": 60750307003 }, "geometry": { "type": "Polygon", "coordinates": [ [ [ -122.453425, 37.73304 ], [ -122.453856, 37.732993 ], [ -122.454052, 37.73299 ], [ -122.454273, 37.733025 ], [ -122.454511, 37.733296 ], [ -122.454604, 37.73348 ], [ -122.454659, 37.733599 ], [ -122.454741, 37.733718 ], [ -122.45499, 37.733896 ], [ -122.455243, 37.733978 ], [ -122.455493, 37.733999 ], [ -122.455734, 37.734045 ], [ -122.455966, 37.734132 ], [ -122.456156, 37.734212 ], [ -122.456516, 37.734267 ], [ -122.456624, 37.734442 ], [ -122.456793, 37.734539 ], [ -122.457047, 37.734574 ], [ -122.457419, 37.734484 ], [ -122.457563, 37.734486 ], [ -122.457685, 37.734488 ], [ -122.45811, 37.734568 ], [ -122.45838, 37.734581 ], [ -122.458755, 37.734539 ], [ -122.45905, 37.734458 ], [ -122.459505, 37.734291 ], [ -122.459391, 37.734425 ], [ -122.459368, 37.734739 ], [ -122.459396, 37.734938 ], [ -122.459472, 37.735154 ], [ -122.459707, 37.735504 ], [ -122.459807, 37.735763 ], [ -122.4599, 37.736087 ], [ -122.459984, 37.736256 ], [ -122.460119, 37.736442 ], [ -122.460296, 37.736627 ], [ -122.460379, 37.736762 ], [ -122.460435, 37.736972 ], [ -122.46043, 37.737655 ], [ -122.460377, 37.737774 ], [ -122.460282, 37.737855 ], [ -122.460079, 37.737904 ], [ -122.459957, 37.73788 ], [ -122.459802, 37.737813 ], [ -122.459714, 37.737805 ], [ -122.459559, 37.738448 ], [ -122.459592, 37.738533 ], [ -122.45943, 37.738546 ], [ -122.458738, 37.738377 ], [ -122.45864, 37.738375 ], [ -122.457717, 37.738466 ], [ -122.457559, 37.738481 ], [ -122.45728, 37.738431 ], [ -122.456937, 37.738233 ], [ -122.456576, 37.737942 ], [ -122.456247, 37.73763 ], [ -122.45584, 37.737385 ], [ -122.455281, 37.737188 ], [ -122.45495, 37.737147 ], [ -122.45435, 37.737136 ], [ -122.454199, 37.737074 ], [ -122.453802, 37.736677 ], [ -122.453652, 37.736659 ], [ -122.45343, 37.736695 ], [ -122.453334, 37.736747 ], [ -122.45321, 37.736864 ], [ -122.452549, 37.737489 ], [ -122.452335, 37.737648 ], [ -122.452136, 37.737732 ], [ -122.451925, 37.737778 ], [ -122.451702, 37.737785 ], [ -122.451604, 37.737753 ], [ -122.451446, 37.737746 ], [ -122.450877, 37.738115 ], [ -122.45078, 37.738214 ], [ -122.450031, 37.737835 ], [ -122.449967, 37.737876 ], [ -122.449754, 37.737963 ], [ -122.449464, 37.738016 ], [ -122.449365, 37.737346 ], [ -122.449335, 37.736685 ], [ -122.448504, 37.736389 ], [ -122.44852, 37.736374 ], [ -122.448876, 37.735908 ], [ -122.448898, 37.735797 ], [ -122.44889, 37.734971 ], [ -122.448884, 37.734447 ], [ -122.448896, 37.734379 ], [ -122.448893, 37.734277 ], [ -122.448878, 37.73381 ], [ -122.448873, 37.733069 ], [ -122.451161, 37.733058 ], [ -122.453334, 37.733049 ], [ -122.453425, 37.73304 ] ] ] } },
{ "type": "Feature", "properties": { "BlockGroup": 60750308001 }, "geometry": { "type": "Polygon", "coordinates": [ [ [ -122.46601, 37.739241 ], [ -122.466157, 37.739236 ], [ -122.466832, 37.739653 ], [ -122.466991, 37.739723 ], [ -122.466977, 37.739778 ], [ -122.466701, 37.740021 ], [ -122.466558, 37.740148 ], [ -122.466234, 37.740447 ], [ -122.46592, 37.740833 ], [ -122.465829, 37.740892 ], [ -122.466123, 37.741044 ], [ -122.466581, 37.74128 ], [ -122.466682, 37.741313 ], [ -122.466715, 37.741324 ], [ -122.466722, 37.741422 ], [ -122.465807, 37.743574 ], [ -122.464737, 37.743659 ], [ -122.463686, 37.743749 ], [ -122.46286, 37.743384 ], [ -122.462774, 37.743305 ], [ -122.462394, 37.743139 ], [ -122.462035, 37.743001 ], [ -122.461942, 37.743006 ], [ -122.461671, 37.742863 ], [ -122.461367, 37.742689 ], [ -122.461234, 37.742584 ], [ -122.461013, 37.742354 ], [ -122.45984, 37.741061 ], [ -122.459496, 37.740674 ], [ -122.45928, 37.74058 ], [ -122.458905, 37.740535 ], [ -122.459327, 37.740548 ], [ -122.460346, 37.740435 ], [ -122.460951, 37.74036 ], [ -122.461064, 37.740294 ], [ -122.461236, 37.740339 ], [ -122.462622, 37.740162 ], [ -122.462822, 37.740141 ], [ -122.463022, 37.740119 ], [ -122.463747, 37.740048 ], [ -122.464052, 37.739921 ], [ -122.46419, 37.739886 ], [ -122.464518, 37.739837 ], [ -122.465152, 37.739666 ], [ -122.465237, 37.739687 ], [ -122.465326, 37.739602 ], [ -122.465722, 37.739424 ], [ -122.465797, 37.73937 ], [ -122.46601, 37.739241 ] ] ] } },
{ "type": "Feature", "properties": { "BlockGroup": 60750308002 }, "geometry": { "type": "Polygon", "coordinates": [ [ [ -122.463136, 37.737023 ], [ -122.464746, 37.737885 ], [ -122.465845, 37.738494 ], [ -122.466157, 37.739236 ], [ -122.46601, 37.739241 ], [ -122.465797, 37.73937 ], [ -122.465722, 37.739424 ], [ -122.465326, 37.739602 ], [ -122.465237, 37.739687 ], [ -122.465152, 37.739666 ], [ -122.464518, 37.739837 ], [ -122.46419, 37.739886 ], [ -122.464052, 37.739921 ], [ -122.463747, 37.740048 ], [ -122.463022, 37.740119 ], [ -122.462822, 37.740141 ], [ -122.462622, 37.740162 ], [ -122.461236, 37.740339 ], [ -122.461064, 37.740294 ], [ -122.460951, 37.74036 ], [ -122.460346, 37.740435 ], [ -122.459327, 37.740548 ], [ -122.458905, 37.740535 ], [ -122.458858, 37.740334 ], [ -122.459123, 37.740138 ], [ -122.459184, 37.739871 ], [ -122.459111, 37.739596 ], [ -122.458849, 37.739158 ], [ -122.458981, 37.739185 ], [ -122.459156, 37.73914 ], [ -122.459249, 37.739087 ], [ -122.459328, 37.739011 ], [ -122.459592, 37.738533 ], [ -122.459559, 37.738448 ], [ -122.459714, 37.737805 ], [ -122.459802, 37.737813 ], [ -122.459957, 37.73788 ], [ -122.460079, 37.737904 ], [ -122.460282, 37.737855 ], [ -122.460377, 37.737774 ], [ -122.46043, 37.737655 ], [ -122.460435, 37.736972 ], [ -122.460379, 37.736762 ], [ -122.460296, 37.736627 ], [ -122.460119, 37.736442 ], [ -122.459984, 37.736256 ], [ -122.4599, 37.736087 ], [ -122.459807, 37.735763 ], [ -122.459707, 37.735504 ], [ -122.459472, 37.735154 ], [ -122.459396, 37.734938 ], [ -122.459368, 37.734739 ], [ -122.459391, 37.734425 ], [ -122.459505, 37.734291 ], [ -122.460007, 37.734797 ], [ -122.460336, 37.735065 ], [ -122.460477, 37.73518 ], [ -122.461242, 37.735782 ], [ -122.462039, 37.736347 ], [ -122.463136, 37.737023 ] ] ] } },
{ "type": "Feature", "properties": { "BlockGroup": 60750308003 }, "geometry": { "type": "Polygon", "coordinates": [ [ [ -122.471569, 37.734707 ], [ -122.471489, 37.734991 ], [ -122.471174, 37.735642 ], [ -122.470647, 37.736568 ], [ -122.470574, 37.736589 ], [ -122.470572, 37.736658 ], [ -122.469973, 37.737265 ], [ -122.469123, 37.737974 ], [ -122.469057, 37.73797 ], [ -122.469029, 37.738045 ], [ -122.467091, 37.739691 ], [ -122.466991, 37.739723 ], [ -122.466832, 37.739653 ], [ -122.466157, 37.739236 ], [ -122.465845, 37.738494 ], [ -122.464746, 37.737885 ], [ -122.463136, 37.737023 ], [ -122.462879, 37.736212 ], [ -122.462913, 37.736013 ], [ -122.463077, 37.735845 ], [ -122.463373, 37.735729 ], [ -122.463772, 37.73567 ], [ -122.464016, 37.735704 ], [ -122.464204, 37.735708 ], [ -122.464336, 37.735797 ], [ -122.464655, 37.735925 ], [ -122.46489, 37.736045 ], [ -122.464646, 37.735727 ], [ -122.464488, 37.735473 ], [ -122.464452, 37.735019 ], [ -122.464556, 37.735135 ], [ -122.465321, 37.735098 ], [ -122.465351, 37.734989 ], [ -122.465412, 37.735093 ], [ -122.465902, 37.735069 ], [ -122.466248, 37.734937 ], [ -122.467135, 37.734898 ], [ -122.467963, 37.734866 ], [ -122.468809, 37.734825 ], [ -122.469687, 37.734786 ], [ -122.470504, 37.734749 ], [ -122.471259, 37.734792 ], [ -122.471569, 37.734707 ] ] ] } },
{ "type": "Feature", "properties": { "BlockGroup": 60750308004 }, "geometry": { "type": "Polygon", "coordinates": [ [ [ -122.475352, 37.737363 ], [ -122.475289, 37.737455 ], [ -122.475362, 37.737546 ], [ -122.475471, 37.739213 ], [ -122.475409, 37.739325 ], [ -122.474365, 37.739371 ], [ -122.473292, 37.739419 ], [ -122.472221, 37.739466 ], [ -122.471094, 37.739515 ], [ -122.471226, 37.741383 ], [ -122.470105, 37.741425 ], [ -122.46903, 37.741472 ], [ -122.468672, 37.741488 ], [ -122.468561, 37.741503 ], [ -122.467762, 37.74151 ], [ -122.467631, 37.741503 ], [ -122.467471, 37.741495 ], [ -122.466971, 37.741408 ], [ -122.466715, 37.741324 ], [ -122.466682, 37.741313 ], [ -122.466581, 37.74128 ], [ -122.466123, 37.741044 ], [ -122.465829, 37.740892 ], [ -122.46592, 37.740833 ], [ -122.466234, 37.740447 ], [ -122.466558, 37.740148 ], [ -122.466701, 37.740021 ], [ -122.466977, 37.739778 ], [ -122.466991, 37.739723 ], [ -122.467091, 37.739691 ], [ -122.469029, 37.738045 ], [ -122.469057, 37.73797 ], [ -122.469123, 37.737974 ], [ -122.469973, 37.737265 ], [ -122.470572, 37.736658 ], [ -122.470574, 37.736589 ], [ -122.470647, 37.736568 ], [ -122.471174, 37.735642 ], [ -122.471489, 37.734991 ], [ -122.471569, 37.734707 ], [ -122.471755, 37.734822 ], [ -122.472331, 37.734806 ], [ -122.472631, 37.734798 ], [ -122.473233, 37.734781 ], [ -122.474051, 37.734758 ], [ -122.474204, 37.734754 ], [ -122.474941, 37.734733 ], [ -122.475102, 37.734626 ], [ -122.475184, 37.734764 ], [ -122.475288, 37.736379 ], [ -122.475352, 37.737363 ] ] ] } },
{ "type": "Feature", "properties": { "BlockGroup": 60750308005 }, "geometry": { "type": "Polygon", "coordinates": [ [ [ -122.47554, 37.741187 ], [ -122.475617, 37.741275 ], [ -122.475711, 37.742944 ], [ -122.475644, 37.743052 ], [ -122.474624, 37.743097 ], [ -122.473553, 37.743144 ], [ -122.472479, 37.743191 ], [ -122.471357, 37.74324 ], [ -122.470235, 37.743289 ], [ -122.469165, 37.743336 ], [ -122.468073, 37.743384 ], [ -122.467748, 37.743413 ], [ -122.466859, 37.743491 ], [ -122.466043, 37.743555 ], [ -122.465807, 37.743574 ], [ -122.466722, 37.741422 ], [ -122.466715, 37.741324 ], [ -122.466971, 37.741408 ], [ -122.467471, 37.741495 ], [ -122.467631, 37.741503 ], [ -122.467762, 37.74151 ], [ -122.468561, 37.741503 ], [ -122.468672, 37.741488 ], [ -122.46903, 37.741472 ], [ -122.470105, 37.741425 ], [ -122.471226, 37.741383 ], [ -122.471094, 37.739515 ], [ -122.472221, 37.739466 ], [ -122.473292, 37.739419 ], [ -122.474365, 37.739371 ], [ -122.475409, 37.739325 ], [ -122.475485, 37.739432 ], [ -122.475606, 37.741099 ], [ -122.47554, 37.741187 ] ] ] } },
{ "type": "Feature", "properties": { "BlockGroup": 60750309001 }, "geometry": { "type": "Polygon", "coordinates": [ [ [ -122.464191, 37.732072 ], [ -122.464396, 37.732223 ], [ -122.46442, 37.732284 ], [ -122.464456, 37.732361 ], [ -122.464675, 37.732523 ], [ -122.465503, 37.733136 ], [ -122.465659, 37.733153 ], [ -122.465972, 37.733555 ], [ -122.466119, 37.733845 ], [ -122.466199, 37.734111 ], [ -122.466248, 37.734937 ], [ -122.465902, 37.735069 ], [ -122.465412, 37.735093 ], [ -122.465351, 37.734989 ], [ -122.465321, 37.735098 ], [ -122.464556, 37.735135 ], [ -122.464452, 37.735019 ], [ -122.464488, 37.735473 ], [ -122.464646, 37.735727 ], [ -122.46489, 37.736045 ], [ -122.464655, 37.735925 ], [ -122.464336, 37.735797 ], [ -122.464204, 37.735708 ], [ -122.464016, 37.735704 ], [ -122.463772, 37.73567 ], [ -122.463373, 37.735729 ], [ -122.463077, 37.735845 ], [ -122.462913, 37.736013 ], [ -122.462879, 37.736212 ], [ -122.463136, 37.737023 ], [ -122.462039, 37.736347 ], [ -122.461242, 37.735782 ], [ -122.460477, 37.73518 ], [ -122.460336, 37.735065 ], [ -122.460007, 37.734797 ], [ -122.459505, 37.734291 ], [ -122.459064, 37.733645 ], [ -122.459222, 37.733486 ], [ -122.459277, 37.733382 ], [ -122.459293, 37.733229 ], [ -122.459345, 37.733121 ], [ -122.459462, 37.733008 ], [ -122.460009, 37.732706 ], [ -122.460204, 37.732642 ], [ -122.460429, 37.732629 ], [ -122.460457, 37.732316 ], [ -122.460545, 37.732043 ], [ -122.460559, 37.731919 ], [ -122.460996, 37.73162 ], [ -122.461151, 37.731488 ], [ -122.461292, 37.731326 ], [ -122.461343, 37.730895 ], [ -122.461379, 37.730689 ], [ -122.461463, 37.73047 ], [ -122.461642, 37.730231 ], [ -122.461737, 37.730022 ], [ -122.461824, 37.729996 ], [ -122.462086, 37.730022 ], [ -122.462407, 37.730138 ], [ -122.46332, 37.730671 ], [ -122.463499, 37.730855 ], [ -122.463755, 37.731527 ], [ -122.463798, 37.731622 ], [ -122.464069, 37.731984 ], [ -122.464108, 37.732053 ], [ -122.464191, 37.732072 ] ] ] } },
{ "type": "Feature", "properties": { "BlockGroup": 60750309002 }, "geometry": { "type": "Polygon", "coordinates": [ [ [ -122.465992, 37.726785 ], [ -122.466073, 37.726785 ], [ -122.466101, 37.726843 ], [ -122.466592, 37.727217 ], [ -122.466681, 37.727238 ], [ -122.466704, 37.727317 ], [ -122.46723, 37.72775 ], [ -122.467331, 37.727772 ], [ -122.467347, 37.727846 ], [ -122.467503, 37.728034 ], [ -122.467671, 37.72829 ], [ -122.467739, 37.728329 ], [ -122.467737, 37.728424 ], [ -122.468012, 37.728931 ], [ -122.468077, 37.728975 ], [ -122.467716, 37.729375 ], [ -122.467496, 37.729664 ], [ -122.467239, 37.730133 ], [ -122.4671, 37.730491 ], [ -122.467025, 37.730814 ], [ -122.466985, 37.731073 ], [ -122.466944, 37.731788 ], [ -122.466915, 37.732443 ], [ -122.466998, 37.733092 ], [ -122.466916, 37.733129 ], [ -122.466371, 37.733117 ], [ -122.465807, 37.733183 ], [ -122.465659, 37.733153 ], [ -122.465503, 37.733136 ], [ -122.464675, 37.732523 ], [ -122.464456, 37.732361 ], [ -122.46442, 37.732284 ], [ -122.464396, 37.732223 ], [ -122.464191, 37.732072 ], [ -122.464108, 37.732053 ], [ -122.464069, 37.731984 ], [ -122.463798, 37.731622 ], [ -122.463755, 37.731527 ], [ -122.463499, 37.730855 ], [ -122.46332, 37.730671 ], [ -122.462407, 37.730138 ], [ -122.462086, 37.730022 ], [ -122.461824, 37.729996 ], [ -122.461737, 37.730022 ], [ -122.461524, 37.729319 ], [ -122.461806, 37.72872 ], [ -122.461599, 37.728764 ], [ -122.461379, 37.728787 ], [ -122.461139, 37.728765 ], [ -122.460816, 37.728681 ], [ -122.460946, 37.728606 ], [ -122.461422, 37.72833 ], [ -122.461824, 37.728119 ], [ -122.462068, 37.72805 ], [ -122.462378, 37.728011 ], [ -122.462703, 37.728024 ], [ -122.462888, 37.728056 ], [ -122.462736, 37.727784 ], [ -122.462616, 37.727529 ], [ -122.462547, 37.727225 ], [ -122.462546, 37.727131 ], [ -122.462545, 37.726997 ], [ -122.462575, 37.726736 ], [ -122.462687, 37.725775 ], [ -122.462815, 37.725482 ], [ -122.46287, 37.725548 ], [ -122.463747, 37.725873 ], [ -122.463844, 37.725862 ], [ -122.463884, 37.725936 ], [ -122.46412, 37.726025 ], [ -122.46422, 37.726002 ], [ -122.464259, 37.726069 ], [ -122.464493, 37.726155 ], [ -122.464573, 37.726132 ], [ -122.464612, 37.726198 ], [ -122.465209, 37.726412 ], [ -122.465313, 37.726405 ], [ -122.46538, 37.72648 ], [ -122.465644, 37.726581 ], [ -122.465992, 37.726785 ] ] ] } },
{ "type": "Feature", "properties": { "BlockGroup": 60750309003 }, "geometry": { "type": "Polygon", "coordinates": [ [ [ -122.468076, 37.721656 ], [ -122.46866, 37.721652 ], [ -122.468974, 37.72165 ], [ -122.46974, 37.721644 ], [ -122.469578, 37.722165 ], [ -122.469275, 37.722826 ], [ -122.46873, 37.723626 ], [ -122.469324, 37.72375 ], [ -122.469723, 37.723983 ], [ -122.469981, 37.724306 ], [ -122.470075, 37.724663 ], [ -122.470018, 37.724987 ], [ -122.469896, 37.725178 ], [ -122.469836, 37.725271 ], [ -122.469599, 37.725483 ], [ -122.469153, 37.725682 ], [ -122.468807, 37.72574 ], [ -122.469092, 37.726115 ], [ -122.469186, 37.7263 ], [ -122.469031, 37.726282 ], [ -122.468182, 37.72639 ], [ -122.467758, 37.726527 ], [ -122.467421, 37.726679 ], [ -122.466744, 37.727084 ], [ -122.466681, 37.727238 ], [ -122.466592, 37.727217 ], [ -122.466101, 37.726843 ], [ -122.466073, 37.726785 ], [ -122.465992, 37.726785 ], [ -122.465644, 37.726581 ], [ -122.46538, 37.72648 ], [ -122.465313, 37.726405 ], [ -122.465209, 37.726412 ], [ -122.464612, 37.726198 ], [ -122.464573, 37.726132 ], [ -122.464493, 37.726155 ], [ -122.464259, 37.726069 ], [ -122.46422, 37.726002 ], [ -122.46412, 37.726025 ], [ -122.463884, 37.725936 ], [ -122.463844, 37.725862 ], [ -122.463747, 37.725873 ], [ -122.46287, 37.725548 ], [ -122.462815, 37.725482 ], [ -122.46273, 37.72549 ], [ -122.46228, 37.725328 ], [ -122.462213, 37.725266 ], [ -122.46228, 37.725147 ], [ -122.462279, 37.724866 ], [ -122.462276, 37.724271 ], [ -122.462274, 37.723637 ], [ -122.462271, 37.723021 ], [ -122.462265, 37.721828 ], [ -122.462265, 37.721695 ], [ -122.462683, 37.721692 ], [ -122.463582, 37.721686 ], [ -122.464484, 37.72168 ], [ -122.465391, 37.721674 ], [ -122.465564, 37.721673 ], [ -122.466278, 37.721668 ], [ -122.466588, 37.721666 ], [ -122.467185, 37.721662 ], [ -122.467615, 37.721659 ], [ -122.468076, 37.721656 ] ] ] } },
{ "type": "Feature", "properties": { "BlockGroup": 60750309004 }, "geometry": { "type": "Polygon", "coordinates": [ [ [ -122.472425, 37.721754 ], [ -122.472314, 37.723828 ], [ -122.472261, 37.724812 ], [ -122.472223, 37.725535 ], [ -122.472161, 37.726684 ], [ -122.472057, 37.726824 ], [ -122.472158, 37.726961 ], [ -122.472119, 37.727647 ], [ -122.472054, 37.728803 ], [ -122.471997, 37.729809 ], [ -122.471981, 37.730099 ], [ -122.471936, 37.7309 ], [ -122.471797, 37.731032 ], [ -122.471679, 37.731018 ], [ -122.470168, 37.73037 ], [ -122.47011, 37.730308 ], [ -122.470025, 37.730301 ], [ -122.469398, 37.730031 ], [ -122.469342, 37.729977 ], [ -122.469242, 37.729978 ], [ -122.468918, 37.729839 ], [ -122.46865, 37.729672 ], [ -122.468611, 37.729599 ], [ -122.468497, 37.729581 ], [ -122.468434, 37.729536 ], [ -122.468212, 37.729303 ], [ -122.468208, 37.729221 ], [ -122.46813, 37.729184 ], [ -122.468064, 37.72905 ], [ -122.468077, 37.728975 ], [ -122.468012, 37.728931 ], [ -122.467737, 37.728424 ], [ -122.467739, 37.728329 ], [ -122.467671, 37.72829 ], [ -122.467503, 37.728034 ], [ -122.467347, 37.727846 ], [ -122.467331, 37.727772 ], [ -122.46723, 37.72775 ], [ -122.466704, 37.727317 ], [ -122.466681, 37.727238 ], [ -122.466744, 37.727084 ], [ -122.467421, 37.726679 ], [ -122.467758, 37.726527 ], [ -122.468182, 37.72639 ], [ -122.469031, 37.726282 ], [ -122.469186, 37.7263 ], [ -122.469092, 37.726115 ], [ -122.468807, 37.72574 ], [ -122.469153, 37.725682 ], [ -122.469599, 37.725483 ], [ -122.469836, 37.725271 ], [ -122.469896, 37.725178 ], [ -122.470018, 37.724987 ], [ -122.470075, 37.724663 ], [ -122.469981, 37.724306 ], [ -122.469723, 37.723983 ], [ -122.469324, 37.72375 ], [ -122.46873, 37.723626 ], [ -122.469275, 37.722826 ], [ -122.469578, 37.722165 ], [ -122.46974, 37.721644 ], [ -122.469877, 37.721643 ], [ -122.470779, 37.721637 ], [ -122.471674, 37.721631 ], [ -122.47176, 37.721671 ], [ -122.471983, 37.721661 ], [ -122.472322, 37.721624 ], [ -122.472425, 37.721754 ] ] ] } },
{ "type": "Feature", "properties": { "BlockGroup": 60750309005 }, "geometry": { "type": "Polygon", "coordinates": [ [ [ -122.470168, 37.73037 ], [ -122.471679, 37.731018 ], [ -122.471797, 37.731032 ], [ -122.471642, 37.731106 ], [ -122.471597, 37.73195 ], [ -122.471585, 37.732169 ], [ -122.471508, 37.733229 ], [ -122.471506, 37.733275 ], [ -122.471479, 37.733884 ], [ -122.471448, 37.73459 ], [ -122.471569, 37.734707 ], [ -122.471259, 37.734792 ], [ -122.470504, 37.734749 ], [ -122.469687, 37.734786 ], [ -122.468809, 37.734825 ], [ -122.467963, 37.734866 ], [ -122.467135, 37.734898 ], [ -122.466248, 37.734937 ], [ -122.466199, 37.734111 ], [ -122.466119, 37.733845 ], [ -122.465972, 37.733555 ], [ -122.465659, 37.733153 ], [ -122.465807, 37.733183 ], [ -122.466371, 37.733117 ], [ -122.466916, 37.733129 ], [ -122.466998, 37.733092 ], [ -122.466915, 37.732443 ], [ -122.466944, 37.731788 ], [ -122.466985, 37.731073 ], [ -122.467025, 37.730814 ], [ -122.4671, 37.730491 ], [ -122.467239, 37.730133 ], [ -122.467496, 37.729664 ], [ -122.467716, 37.729375 ], [ -122.468077, 37.728975 ], [ -122.468064, 37.72905 ], [ -122.46813, 37.729184 ], [ -122.468208, 37.729221 ], [ -122.468212, 37.729303 ], [ -122.468434, 37.729536 ], [ -122.468497, 37.729581 ], [ -122.468611, 37.729599 ], [ -122.46865, 37.729672 ], [ -122.468918, 37.729839 ], [ -122.469242, 37.729978 ], [ -122.469342, 37.729977 ], [ -122.469398, 37.730031 ], [ -122.470025, 37.730301 ], [ -122.47011, 37.730308 ], [ -122.470168, 37.73037 ] ] ] } },
{ "type": "Feature", "properties": { "BlockGroup": 60750309006 }, "geometry": { "type": "Polygon", "coordinates": [ [ [ -122.474233, 37.726888 ], [ -122.474655, 37.726904 ], [ -122.4749, 37.726991 ], [ -122.474733, 37.727033 ], [ -122.47463, 37.728934 ], [ -122.474634, 37.728992 ], [ -122.474735, 37.730361 ], [ -122.474782, 37.730993 ], [ -122.474857, 37.731066 ], [ -122.474933, 37.731181 ], [ -122.475004, 37.732353 ], [ -122.474955, 37.732456 ], [ -122.475037, 37.732622 ], [ -122.475164, 37.734483 ], [ -122.475102, 37.734626 ], [ -122.474941, 37.734733 ], [ -122.474204, 37.734754 ], [ -122.474051, 37.734758 ], [ -122.473233, 37.734781 ], [ -122.472631, 37.734798 ], [ -122.472331, 37.734806 ], [ -122.471755, 37.734822 ], [ -122.471569, 37.734707 ], [ -122.471448, 37.73459 ], [ -122.471479, 37.733884 ], [ -122.471506, 37.733275 ], [ -122.471508, 37.733229 ], [ -122.471585, 37.732169 ], [ -122.471597, 37.73195 ], [ -122.471642, 37.731106 ], [ -122.471797, 37.731032 ], [ -122.471936, 37.7309 ], [ -122.471981, 37.730099 ], [ -122.471997, 37.729809 ], [ -122.472054, 37.728803 ], [ -122.472119, 37.727647 ], [ -122.472158, 37.726961 ], [ -122.472057, 37.726824 ], [ -122.472379, 37.726821 ], [ -122.473347, 37.726855 ], [ -122.474233, 37.726888 ] ] ] } },
{ "type": "Feature", "properties": { "BlockGroup": 60750309007 }, "geometry": { "type": "Polygon", "coordinates": [ [ [ -122.474528, 37.719065 ], [ -122.47485, 37.719399 ], [ -122.474897, 37.719448 ], [ -122.475168, 37.719767 ], [ -122.475227, 37.719836 ], [ -122.475342, 37.720273 ], [ -122.475225, 37.720443 ], [ -122.475342, 37.720549 ], [ -122.475342, 37.720866 ], [ -122.475222, 37.721057 ], [ -122.475049, 37.721211 ], [ -122.474947, 37.723086 ], [ -122.474848, 37.724906 ], [ -122.474811, 37.725593 ], [ -122.474742, 37.726874 ], [ -122.4749, 37.726991 ], [ -122.474655, 37.726904 ], [ -122.474233, 37.726888 ], [ -122.473347, 37.726855 ], [ -122.472379, 37.726821 ], [ -122.472057, 37.726824 ], [ -122.472161, 37.726684 ], [ -122.472223, 37.725535 ], [ -122.472261, 37.724812 ], [ -122.472314, 37.723828 ], [ -122.472425, 37.721754 ], [ -122.472322, 37.721624 ], [ -122.472449, 37.721453 ], [ -122.472547, 37.71964 ], [ -122.472604, 37.718577 ], [ -122.47263, 37.718097 ], [ -122.472644, 37.717853 ], [ -122.472652, 37.717698 ], [ -122.472655, 37.7175 ], [ -122.472572, 37.717174 ], [ -122.472844, 37.717312 ], [ -122.474528, 37.719065 ] ] ] } },
{ "type": "Feature", "properties": { "BlockGroup": 60750310001 }, "geometry": { "type": "Polygon", "coordinates": [ [ [ -122.457899, 37.730754 ], [ -122.458223, 37.730777 ], [ -122.458472, 37.730753 ], [ -122.458689, 37.730752 ], [ -122.458696, 37.730838 ], [ -122.45873, 37.730841 ], [ -122.458912, 37.730856 ], [ -122.459211, 37.730853 ], [ -122.459474, 37.730827 ], [ -122.459756, 37.730785 ], [ -122.460043, 37.730707 ], [ -122.460285, 37.73062 ], [ -122.460505, 37.730529 ], [ -122.460573, 37.730435 ], [ -122.460655, 37.730395 ], [ -122.460939, 37.730212 ], [ -122.461341, 37.730076 ], [ -122.461628, 37.730054 ], [ -122.461737, 37.730022 ], [ -122.461642, 37.730231 ], [ -122.461463, 37.73047 ], [ -122.461379, 37.730689 ], [ -122.461343, 37.730895 ], [ -122.461292, 37.731326 ], [ -122.461151, 37.731488 ], [ -122.460996, 37.73162 ], [ -122.460559, 37.731919 ], [ -122.460545, 37.732043 ], [ -122.460457, 37.732316 ], [ -122.460429, 37.732629 ], [ -122.460204, 37.732642 ], [ -122.460009, 37.732706 ], [ -122.459462, 37.733008 ], [ -122.459345, 37.733121 ], [ -122.459293, 37.733229 ], [ -122.459277, 37.733382 ], [ -122.459222, 37.733486 ], [ -122.459064, 37.733645 ], [ -122.459505, 37.734291 ], [ -122.45905, 37.734458 ], [ -122.458755, 37.734539 ], [ -122.45838, 37.734581 ], [ -122.45811, 37.734568 ], [ -122.457685, 37.734488 ], [ -122.457563, 37.734486 ], [ -122.457419, 37.734484 ], [ -122.457047, 37.734574 ], [ -122.456793, 37.734539 ], [ -122.456624, 37.734442 ], [ -122.456516, 37.734267 ], [ -122.456156, 37.734212 ], [ -122.455966, 37.734132 ], [ -122.455734, 37.734045 ], [ -122.455493, 37.733999 ], [ -122.455243, 37.733978 ], [ -122.45499, 37.733896 ], [ -122.454741, 37.733718 ], [ -122.454659, 37.733599 ], [ -122.454604, 37.73348 ], [ -122.454511, 37.733296 ], [ -122.454273, 37.733025 ], [ -122.454052, 37.73299 ], [ -122.453856, 37.732993 ], [ -122.453425, 37.73304 ], [ -122.453419, 37.732306 ], [ -122.453411, 37.731531 ], [ -122.453497, 37.73156 ], [ -122.453582, 37.731558 ], [ -122.454674, 37.731535 ], [ -122.454833, 37.731516 ], [ -122.454916, 37.731465 ], [ -122.455006, 37.731485 ], [ -122.4555, 37.731425 ], [ -122.455684, 37.731394 ], [ -122.455763, 37.731349 ], [ -122.455849, 37.731371 ], [ -122.456249, 37.731304 ], [ -122.456542, 37.731239 ], [ -122.456607, 37.731188 ], [ -122.456673, 37.731202 ], [ -122.457355, 37.731052 ], [ -122.457474, 37.730997 ], [ -122.457527, 37.730884 ], [ -122.457515, 37.730784 ], [ -122.457446, 37.730688 ], [ -122.457899, 37.730754 ] ] ] } },
{ "type": "Feature", "properties": { "BlockGroup": 60750310002 }, "geometry": { "type": "Polygon", "coordinates": [ [ [ -122.458242, 37.724412 ], [ -122.45825, 37.724989 ], [ -122.458194, 37.725072 ], [ -122.458251, 37.725154 ], [ -122.458253, 37.725648 ], [ -122.458199, 37.725726 ], [ -122.458254, 37.725805 ], [ -122.458261, 37.727463 ], [ -122.458205, 37.727585 ], [ -122.458261, 37.727724 ], [ -122.458272, 37.729365 ], [ -122.458215, 37.729444 ], [ -122.458272, 37.729524 ], [ -122.458275, 37.73001 ], [ -122.458218, 37.730095 ], [ -122.458276, 37.730174 ], [ -122.45828, 37.73071 ], [ -122.458223, 37.730777 ], [ -122.457899, 37.730754 ], [ -122.457446, 37.730688 ], [ -122.457515, 37.730784 ], [ -122.457527, 37.730884 ], [ -122.457474, 37.730997 ], [ -122.457355, 37.731052 ], [ -122.456673, 37.731202 ], [ -122.456607, 37.731188 ], [ -122.456542, 37.731239 ], [ -122.456249, 37.731304 ], [ -122.455849, 37.731371 ], [ -122.455763, 37.731349 ], [ -122.455684, 37.731394 ], [ -122.4555, 37.731425 ], [ -122.455006, 37.731485 ], [ -122.454916, 37.731465 ], [ -122.454833, 37.731516 ], [ -122.454674, 37.731535 ], [ -122.453582, 37.731558 ], [ -122.453497, 37.73156 ], [ -122.453411, 37.731531 ], [ -122.45341, 37.731451 ], [ -122.45341, 37.731137 ], [ -122.453409, 37.730672 ], [ -122.453394, 37.729837 ], [ -122.454072, 37.729834 ], [ -122.454007, 37.729448 ], [ -122.454002, 37.729166 ], [ -122.453996, 37.728803 ], [ -122.453991, 37.728512 ], [ -122.452442, 37.728502 ], [ -122.452328, 37.728303 ], [ -122.452382, 37.727868 ], [ -122.45237, 37.726738 ], [ -122.452344, 37.724255 ], [ -122.452336, 37.723548 ], [ -122.452332, 37.72308 ], [ -122.452373, 37.723117 ], [ -122.453042, 37.723259 ], [ -122.453107, 37.723244 ], [ -122.453164, 37.723228 ], [ -122.454042, 37.723413 ], [ -122.454116, 37.723457 ], [ -122.454161, 37.723495 ], [ -122.45507, 37.723687 ], [ -122.455136, 37.723672 ], [ -122.455174, 37.723709 ], [ -122.456088, 37.723902 ], [ -122.45615, 37.723887 ], [ -122.456181, 37.723921 ], [ -122.456469, 37.723982 ], [ -122.456516, 37.723964 ], [ -122.456552, 37.724 ], [ -122.457109, 37.724117 ], [ -122.457169, 37.724102 ], [ -122.457185, 37.724133 ], [ -122.4573, 37.724158 ], [ -122.457341, 37.724138 ], [ -122.457368, 37.724172 ], [ -122.458121, 37.724331 ], [ -122.458191, 37.724318 ], [ -122.458242, 37.724412 ] ] ] } },
{ "type": "Feature", "properties": { "BlockGroup": 60750310003 }, "geometry": { "type": "Polygon", "coordinates": [ [ [ -122.459995, 37.724727 ], [ -122.460181, 37.724766 ], [ -122.460234, 37.724749 ], [ -122.460286, 37.724788 ], [ -122.461135, 37.724962 ], [ -122.461211, 37.72495 ], [ -122.461281, 37.724997 ], [ -122.462104, 37.72527 ], [ -122.462213, 37.725266 ], [ -122.46228, 37.725328 ], [ -122.46273, 37.72549 ], [ -122.462815, 37.725482 ], [ -122.462687, 37.725775 ], [ -122.462575, 37.726736 ], [ -122.462545, 37.726997 ], [ -122.462546, 37.727131 ], [ -122.462547, 37.727225 ], [ -122.462616, 37.727529 ], [ -122.462736, 37.727784 ], [ -122.462888, 37.728056 ], [ -122.462703, 37.728024 ], [ -122.462378, 37.728011 ], [ -122.462068, 37.72805 ], [ -122.461824, 37.728119 ], [ -122.461422, 37.72833 ], [ -122.460946, 37.728606 ], [ -122.460816, 37.728681 ], [ -122.461139, 37.728765 ], [ -122.461379, 37.728787 ], [ -122.461599, 37.728764 ], [ -122.461806, 37.72872 ], [ -122.461524, 37.729319 ], [ -122.461737, 37.730022 ], [ -122.461628, 37.730054 ], [ -122.461341, 37.730076 ], [ -122.460939, 37.730212 ], [ -122.460655, 37.730395 ], [ -122.460573, 37.730435 ], [ -122.460505, 37.730529 ], [ -122.460285, 37.73062 ], [ -122.460043, 37.730707 ], [ -122.459756, 37.730785 ], [ -122.459474, 37.730827 ], [ -122.459211, 37.730853 ], [ -122.458912, 37.730856 ], [ -122.45873, 37.730841 ], [ -122.458696, 37.730838 ], [ -122.458689, 37.730752 ], [ -122.458472, 37.730753 ], [ -122.458223, 37.730777 ], [ -122.45828, 37.73071 ], [ -122.458276, 37.730174 ], [ -122.458218, 37.730095 ], [ -122.458275, 37.73001 ], [ -122.458272, 37.729524 ], [ -122.458215, 37.729444 ], [ -122.458272, 37.729365 ], [ -122.458261, 37.727724 ], [ -122.458205, 37.727585 ], [ -122.458261, 37.727463 ], [ -122.458254, 37.725805 ], [ -122.458199, 37.725726 ], [ -122.458253, 37.725648 ], [ -122.458251, 37.725154 ], [ -122.458194, 37.725072 ], [ -122.45825, 37.724989 ], [ -122.458242, 37.724412 ], [ -122.458191, 37.724318 ], [ -122.458243, 37.724357 ], [ -122.45914, 37.724546 ], [ -122.459213, 37.724533 ], [ -122.459256, 37.724571 ], [ -122.459894, 37.724705 ], [ -122.459955, 37.72469 ], [ -122.459995, 37.724727 ] ] ] } },
{ "type": "Feature", "properties": { "BlockGroup": 60750311001 }, "geometry": { "type": "Polygon", "coordinates": [ [ [ -122.439748, 37.732368 ], [ -122.439752, 37.733111 ], [ -122.439621, 37.733112 ], [ -122.43946, 37.733083 ], [ -122.438816, 37.733087 ], [ -122.438646, 37.733609 ], [ -122.438555, 37.733887 ], [ -122.438408, 37.734341 ], [ -122.438392, 37.73442 ], [ -122.437514, 37.734246 ], [ -122.436752, 37.734096 ], [ -122.436673, 37.73404 ], [ -122.43658, 37.734068 ], [ -122.43592, 37.733931 ], [ -122.43584, 37.733875 ], [ -122.435739, 37.733899 ], [ -122.435067, 37.733782 ], [ -122.434996, 37.733718 ], [ -122.434899, 37.733751 ], [ -122.434238, 37.733626 ], [ -122.434145, 37.73355 ], [ -122.434021, 37.733588 ], [ -122.433201, 37.733439 ], [ -122.432974, 37.733311 ], [ -122.432802, 37.73334 ], [ -122.432572, 37.733243 ], [ -122.432448, 37.733191 ], [ -122.432422, 37.733176 ], [ -122.432535, 37.733123 ], [ -122.434299, 37.732311 ], [ -122.434914, 37.732038 ], [ -122.435061, 37.731965 ], [ -122.435425, 37.731786 ], [ -122.435892, 37.731577 ], [ -122.436133, 37.73147 ], [ -122.43645, 37.731333 ], [ -122.437012, 37.731118 ], [ -122.438191, 37.730698 ], [ -122.438541, 37.730568 ], [ -122.439558, 37.730191 ], [ -122.439686, 37.730326 ], [ -122.439735, 37.730376 ], [ -122.439737, 37.730733 ], [ -122.439743, 37.731584 ], [ -122.439748, 37.732368 ] ] ] } },
{ "type": "Feature", "properties": { "BlockGroup": 60750311002 }, "geometry": { "type": "Polygon", "coordinates": [ [ [ -122.446564, 37.729083 ], [ -122.446569, 37.729892 ], [ -122.446573, 37.730699 ], [ -122.446578, 37.731549 ], [ -122.446477, 37.731599 ], [ -122.444302, 37.731605 ], [ -122.442118, 37.731615 ], [ -122.442021, 37.731574 ], [ -122.441923, 37.731624 ], [ -122.439843, 37.731627 ], [ -122.439743, 37.731584 ], [ -122.439737, 37.730733 ], [ -122.439735, 37.730376 ], [ -122.439686, 37.730326 ], [ -122.439558, 37.730191 ], [ -122.439483, 37.730112 ], [ -122.440102, 37.729878 ], [ -122.440256, 37.72982 ], [ -122.440781, 37.729605 ], [ -122.441135, 37.72946 ], [ -122.44123, 37.729423 ], [ -122.441801, 37.729202 ], [ -122.44197, 37.729136 ], [ -122.442722, 37.728794 ], [ -122.443075, 37.728634 ], [ -122.443664, 37.728304 ], [ -122.443707, 37.728304 ], [ -122.444277, 37.728262 ], [ -122.444399, 37.728287 ], [ -122.446559, 37.728275 ], [ -122.446564, 37.729083 ] ] ] } },
{ "type": "Feature", "properties": { "BlockGroup": 60750311003 }, "geometry": { "type": "Polygon", "coordinates": [ [ [ -122.450073, 37.723042 ], [ -122.450655, 37.723072 ], [ -122.451474, 37.723078 ], [ -122.451595, 37.722992 ], [ -122.451711, 37.723046 ], [ -122.45222, 37.723115 ], [ -122.452332, 37.72308 ], [ -122.452336, 37.723548 ], [ -122.452344, 37.724255 ], [ -122.45237, 37.726738 ], [ -122.452382, 37.727868 ], [ -122.452328, 37.728303 ], [ -122.452442, 37.728502 ], [ -122.453991, 37.728512 ], [ -122.453996, 37.728803 ], [ -122.454002, 37.729166 ], [ -122.453699, 37.729168 ], [ -122.452809, 37.729086 ], [ -122.452527, 37.729084 ], [ -122.45244, 37.729058 ], [ -122.451131, 37.729062 ], [ -122.448849, 37.729073 ], [ -122.446564, 37.729083 ], [ -122.446559, 37.728275 ], [ -122.444399, 37.728287 ], [ -122.444277, 37.728262 ], [ -122.443707, 37.728304 ], [ -122.443664, 37.728304 ], [ -122.443791, 37.728233 ], [ -122.444423, 37.727799 ], [ -122.444688, 37.727583 ], [ -122.445041, 37.727295 ], [ -122.445603, 37.726734 ], [ -122.445724, 37.726613 ], [ -122.445953, 37.726365 ], [ -122.446308, 37.725978 ], [ -122.446391, 37.725863 ], [ -122.446864, 37.725213 ], [ -122.447201, 37.724638 ], [ -122.447237, 37.724569 ], [ -122.447534, 37.724005 ], [ -122.447586, 37.72388 ], [ -122.447601, 37.723835 ], [ -122.447878, 37.723005 ], [ -122.448098, 37.723005 ], [ -122.449178, 37.723003 ], [ -122.449484, 37.723003 ], [ -122.449559, 37.722961 ], [ -122.449615, 37.723019 ], [ -122.449893, 37.723033 ], [ -122.450073, 37.723042 ] ] ] } },
{ "type": "Feature", "properties": { "BlockGroup": 60750311004 }, "geometry": { "type": "Polygon", "coordinates": [ [ [ -122.453699, 37.729168 ], [ -122.454002, 37.729166 ], [ -122.454007, 37.729448 ], [ -122.454072, 37.729834 ], [ -122.453394, 37.729837 ], [ -122.453409, 37.730672 ], [ -122.45341, 37.731137 ], [ -122.45341, 37.731451 ], [ -122.453411, 37.731531 ], [ -122.453326, 37.731562 ], [ -122.451248, 37.731575 ], [ -122.451147, 37.731537 ], [ -122.451046, 37.731578 ], [ -122.448972, 37.731584 ], [ -122.448866, 37.731543 ], [ -122.44876, 37.731587 ], [ -122.447389, 37.73159 ], [ -122.447292, 37.731547 ], [ -122.447192, 37.731595 ], [ -122.446688, 37.731596 ], [ -122.446578, 37.731549 ], [ -122.446573, 37.730699 ], [ -122.446569, 37.729892 ], [ -122.446564, 37.729083 ], [ -122.448849, 37.729073 ], [ -122.451131, 37.729062 ], [ -122.45244, 37.729058 ], [ -122.452527, 37.729084 ], [ -122.452809, 37.729086 ], [ -122.453699, 37.729168 ] ] ] } },
{ "type": "Feature", "properties": { "BlockGroup": 60750311005 }, "geometry": { "type": "Polygon", "coordinates": [ [ [ -122.453411, 37.731531 ], [ -122.453419, 37.732306 ], [ -122.453425, 37.73304 ], [ -122.453334, 37.733049 ], [ -122.451161, 37.733058 ], [ -122.448873, 37.733069 ], [ -122.446601, 37.733077 ], [ -122.44432, 37.733088 ], [ -122.442002, 37.733098 ], [ -122.440903, 37.733104 ], [ -122.439752, 37.733111 ], [ -122.439748, 37.732368 ], [ -122.439743, 37.731584 ], [ -122.439843, 37.731627 ], [ -122.441923, 37.731624 ], [ -122.442021, 37.731574 ], [ -122.442118, 37.731615 ], [ -122.444302, 37.731605 ], [ -122.446477, 37.731599 ], [ -122.446578, 37.731549 ], [ -122.446688, 37.731596 ], [ -122.447192, 37.731595 ], [ -122.447292, 37.731547 ], [ -122.447389, 37.73159 ], [ -122.44876, 37.731587 ], [ -122.448866, 37.731543 ], [ -122.448972, 37.731584 ], [ -122.451046, 37.731578 ], [ -122.451147, 37.731537 ], [ -122.451248, 37.731575 ], [ -122.453326, 37.731562 ], [ -122.453411, 37.731531 ] ] ] } },
{ "type": "Feature", "properties": { "BlockGroup": 60750312011 }, "geometry": { "type": "Polygon", "coordinates": [ [ [ -122.458183, 37.72184 ], [ -122.457163, 37.721843 ], [ -122.456141, 37.721846 ], [ -122.455127, 37.721849 ], [ -122.454107, 37.721851 ], [ -122.453101, 37.721854 ], [ -122.453102, 37.722121 ], [ -122.453107, 37.723244 ], [ -122.453042, 37.723259 ], [ -122.452373, 37.723117 ], [ -122.452332, 37.72308 ], [ -122.45222, 37.723115 ], [ -122.451711, 37.723046 ], [ -122.451595, 37.722992 ], [ -122.451474, 37.723078 ], [ -122.450655, 37.723072 ], [ -122.450073, 37.723042 ], [ -122.449893, 37.723033 ], [ -122.449615, 37.723019 ], [ -122.449559, 37.722961 ], [ -122.450118, 37.722083 ], [ -122.450927, 37.720813 ], [ -122.451646, 37.719686 ], [ -122.452329, 37.719959 ], [ -122.452506, 37.72003 ], [ -122.452575, 37.720042 ], [ -122.453092, 37.720041 ], [ -122.454096, 37.720038 ], [ -122.455118, 37.720036 ], [ -122.456133, 37.720033 ], [ -122.457158, 37.72003 ], [ -122.458178, 37.720027 ], [ -122.459198, 37.720024 ], [ -122.459204, 37.721837 ], [ -122.458183, 37.72184 ] ] ] } },
{ "type": "Feature", "properties": { "BlockGroup": 60750312012 }, "geometry": { "type": "Polygon", "coordinates": [ [ [ -122.459213, 37.724533 ], [ -122.45914, 37.724546 ], [ -122.458243, 37.724357 ], [ -122.458191, 37.724318 ], [ -122.458121, 37.724331 ], [ -122.457368, 37.724172 ], [ -122.457341, 37.724138 ], [ -122.4573, 37.724158 ], [ -122.457185, 37.724133 ], [ -122.457169, 37.724102 ], [ -122.457109, 37.724117 ], [ -122.456552, 37.724 ], [ -122.456516, 37.723964 ], [ -122.456469, 37.723982 ], [ -122.456181, 37.723921 ], [ -122.45615, 37.723887 ], [ -122.456088, 37.723902 ], [ -122.455174, 37.723709 ], [ -122.455136, 37.723672 ], [ -122.45507, 37.723687 ], [ -122.454161, 37.723495 ], [ -122.454116, 37.723457 ], [ -122.454042, 37.723413 ], [ -122.453164, 37.723228 ], [ -122.453107, 37.723244 ], [ -122.453102, 37.722121 ], [ -122.453101, 37.721854 ], [ -122.454107, 37.721851 ], [ -122.455127, 37.721849 ], [ -122.456141, 37.721846 ], [ -122.457163, 37.721843 ], [ -122.458183, 37.72184 ], [ -122.459204, 37.721837 ], [ -122.45921, 37.723652 ], [ -122.459213, 37.724533 ] ] ] } },
{ "type": "Feature", "properties": { "BlockGroup": 60750312013 }, "geometry": { "type": "Polygon", "coordinates": [ [ [ -122.462271, 37.723021 ], [ -122.462274, 37.723637 ], [ -122.462276, 37.724271 ], [ -122.462279, 37.724866 ], [ -122.46228, 37.725147 ], [ -122.462213, 37.725266 ], [ -122.462104, 37.72527 ], [ -122.461281, 37.724997 ], [ -122.461211, 37.72495 ], [ -122.461135, 37.724962 ], [ -122.460286, 37.724788 ], [ -122.460234, 37.724749 ], [ -122.460181, 37.724766 ], [ -122.459995, 37.724727 ], [ -122.459955, 37.72469 ], [ -122.459894, 37.724705 ], [ -122.459256, 37.724571 ], [ -122.459213, 37.724533 ], [ -122.45921, 37.723652 ], [ -122.459204, 37.721837 ], [ -122.460224, 37.721835 ], [ -122.461242, 37.721831 ], [ -122.462231, 37.721828 ], [ -122.462265, 37.721828 ], [ -122.462271, 37.723021 ] ] ] } },
{ "type": "Feature", "properties": { "BlockGroup": 60750312014 }, "geometry": { "type": "Polygon", "coordinates": [ [ [ -122.462245, 37.718768 ], [ -122.462262, 37.719929 ], [ -122.462254, 37.720009 ], [ -122.462265, 37.721695 ], [ -122.462265, 37.721828 ], [ -122.462231, 37.721828 ], [ -122.461242, 37.721831 ], [ -122.460224, 37.721835 ], [ -122.459204, 37.721837 ], [ -122.459198, 37.720024 ], [ -122.459187, 37.71823 ], [ -122.460209, 37.718231 ], [ -122.461231, 37.718232 ], [ -122.462245, 37.71822 ], [ -122.462245, 37.718768 ] ] ] } },
{ "type": "Feature", "properties": { "BlockGroup": 60750312021 }, "geometry": { "type": "Polygon", "coordinates": [ [ [ -122.452294, 37.718719 ], [ -122.452548, 37.718721 ], [ -122.453378, 37.717768 ], [ -122.45405, 37.718126 ], [ -122.454082, 37.718174 ], [ -122.454189, 37.718239 ], [ -122.455111, 37.718237 ], [ -122.456108, 37.718235 ], [ -122.457145, 37.718233 ], [ -122.458163, 37.718232 ], [ -122.459187, 37.71823 ], [ -122.459198, 37.720024 ], [ -122.458178, 37.720027 ], [ -122.457158, 37.72003 ], [ -122.456133, 37.720033 ], [ -122.455118, 37.720036 ], [ -122.454096, 37.720038 ], [ -122.453092, 37.720041 ], [ -122.452575, 37.720042 ], [ -122.452506, 37.72003 ], [ -122.452329, 37.719959 ], [ -122.451646, 37.719686 ], [ -122.452232, 37.71876 ], [ -122.452294, 37.718719 ] ] ] } },
{ "type": "Feature", "properties": { "BlockGroup": 60750312022 }, "geometry": { "type": "Polygon", "coordinates": [ [ [ -122.451895, 37.716978 ], [ -122.452642, 37.717376 ], [ -122.453378, 37.717768 ], [ -122.452548, 37.718721 ], [ -122.452294, 37.718719 ], [ -122.452232, 37.71876 ], [ -122.451646, 37.719686 ], [ -122.450927, 37.720813 ], [ -122.450118, 37.722083 ], [ -122.449559, 37.722961 ], [ -122.449484, 37.723003 ], [ -122.449178, 37.723003 ], [ -122.448098, 37.723005 ], [ -122.447878, 37.723005 ], [ -122.447908, 37.722916 ], [ -122.44799, 37.722669 ], [ -122.448122, 37.721997 ], [ -122.448202, 37.721408 ], [ -122.448222, 37.721262 ], [ -122.448349, 37.720229 ], [ -122.448409, 37.719656 ], [ -122.448434, 37.719411 ], [ -122.448517, 37.718922 ], [ -122.448582, 37.718411 ], [ -122.448605, 37.718396 ], [ -122.448887, 37.71817 ], [ -122.449085, 37.717882 ], [ -122.449262, 37.717538 ], [ -122.449572, 37.717115 ], [ -122.449904, 37.716725 ], [ -122.450378, 37.716169 ], [ -122.451155, 37.716583 ], [ -122.451895, 37.716978 ] ] ] } },
{ "type": "Feature", "properties": { "BlockGroup": 60750313011 }, "geometry": { "type": "Polygon", "coordinates": [ [ [ -122.472547, 37.71964 ], [ -122.472449, 37.721453 ], [ -122.472322, 37.721624 ], [ -122.471983, 37.721661 ], [ -122.47176, 37.721671 ], [ -122.471674, 37.721631 ], [ -122.470779, 37.721637 ], [ -122.469877, 37.721643 ], [ -122.46974, 37.721644 ], [ -122.468974, 37.72165 ], [ -122.46866, 37.721652 ], [ -122.468076, 37.721656 ], [ -122.467615, 37.721659 ], [ -122.467185, 37.721662 ], [ -122.466588, 37.721666 ], [ -122.466278, 37.721668 ], [ -122.466254, 37.719679 ], [ -122.467153, 37.719672 ], [ -122.468052, 37.719665 ], [ -122.468951, 37.719659 ], [ -122.469852, 37.719652 ], [ -122.470752, 37.719646 ], [ -122.471652, 37.71964 ], [ -122.472343, 37.719636 ], [ -122.472547, 37.71964 ] ] ] } },
{ "type": "Feature", "properties": { "BlockGroup": 60750313012 }, "geometry": { "type": "Polygon", "coordinates": [ [ [ -122.472523, 37.717123 ], [ -122.472572, 37.717174 ], [ -122.472655, 37.7175 ], [ -122.472652, 37.717698 ], [ -122.472644, 37.717853 ], [ -122.47263, 37.718097 ], [ -122.472604, 37.718577 ], [ -122.472547, 37.71964 ], [ -122.472343, 37.719636 ], [ -122.471652, 37.71964 ], [ -122.470752, 37.719646 ], [ -122.469852, 37.719652 ], [ -122.468951, 37.719659 ], [ -122.468052, 37.719665 ], [ -122.467153, 37.719672 ], [ -122.466254, 37.719679 ], [ -122.466235, 37.717912 ], [ -122.467137, 37.717906 ], [ -122.468036, 37.7179 ], [ -122.468017, 37.716103 ], [ -122.468919, 37.716098 ], [ -122.469818, 37.716093 ], [ -122.470714, 37.716089 ], [ -122.471457, 37.716085 ], [ -122.471572, 37.716126 ], [ -122.472523, 37.717123 ] ] ] } },
{ "type": "Feature", "properties": { "BlockGroup": 60750313013 }, "geometry": { "type": "Polygon", "coordinates": [ [ [ -122.462262, 37.719929 ], [ -122.462245, 37.718768 ], [ -122.462245, 37.71822 ], [ -122.462639, 37.718211 ], [ -122.46264, 37.717936 ], [ -122.463542, 37.71793 ], [ -122.46444, 37.717924 ], [ -122.465342, 37.717918 ], [ -122.466235, 37.717912 ], [ -122.466254, 37.719679 ], [ -122.466278, 37.721668 ], [ -122.465564, 37.721673 ], [ -122.465391, 37.721674 ], [ -122.464484, 37.72168 ], [ -122.463582, 37.721686 ], [ -122.462683, 37.721692 ], [ -122.462265, 37.721695 ], [ -122.462254, 37.720009 ], [ -122.462262, 37.719929 ] ] ] } },
{ "type": "Feature", "properties": { "BlockGroup": 60750313021 }, "geometry": { "type": "Polygon", "coordinates": [ [ [ -122.462615, 37.715619 ], [ -122.462608, 37.714884 ], [ -122.462602, 37.714308 ], [ -122.4635, 37.714301 ], [ -122.464401, 37.714294 ], [ -122.4653, 37.714287 ], [ -122.466199, 37.71428 ], [ -122.46622, 37.716113 ], [ -122.467116, 37.716108 ], [ -122.468017, 37.716103 ], [ -122.468036, 37.7179 ], [ -122.467137, 37.717906 ], [ -122.466235, 37.717912 ], [ -122.465342, 37.717918 ], [ -122.46444, 37.717924 ], [ -122.463542, 37.71793 ], [ -122.46264, 37.717936 ], [ -122.462633, 37.717421 ], [ -122.462625, 37.716571 ], [ -122.46262, 37.716144 ], [ -122.462615, 37.715619 ] ] ] } },
{ "type": "Feature", "properties": { "BlockGroup": 60750313022 }, "geometry": { "type": "Polygon", "coordinates": [ [ [ -122.470331, 37.712812 ], [ -122.470895, 37.712806 ], [ -122.471163, 37.712804 ], [ -122.471355, 37.712802 ], [ -122.471472, 37.713427 ], [ -122.471598, 37.713849 ], [ -122.471639, 37.713986 ], [ -122.471711, 37.714229 ], [ -122.471836, 37.714647 ], [ -122.472375, 37.716123 ], [ -122.472542, 37.716631 ], [ -122.472633, 37.716908 ], [ -122.472572, 37.717174 ], [ -122.472523, 37.717123 ], [ -122.471572, 37.716126 ], [ -122.471457, 37.716085 ], [ -122.470714, 37.716089 ], [ -122.469818, 37.716093 ], [ -122.468919, 37.716098 ], [ -122.468017, 37.716103 ], [ -122.467116, 37.716108 ], [ -122.46622, 37.716113 ], [ -122.466199, 37.71428 ], [ -122.467094, 37.714273 ], [ -122.467073, 37.712422 ], [ -122.467192, 37.712477 ], [ -122.468018, 37.712455 ], [ -122.468446, 37.7125 ], [ -122.46867, 37.712524 ], [ -122.469306, 37.712647 ], [ -122.469993, 37.712781 ], [ -122.470331, 37.712812 ] ] ] } },
{ "type": "Feature", "properties": { "BlockGroup": 60750313023 }, "geometry": { "type": "Polygon", "coordinates": [ [ [ -122.464939, 37.710436 ], [ -122.465994, 37.710154 ], [ -122.466203, 37.710068 ], [ -122.466792, 37.709826 ], [ -122.467162, 37.709634 ], [ -122.46721, 37.709604 ], [ -122.467718, 37.709282 ], [ -122.468156, 37.708936 ], [ -122.468474, 37.708685 ], [ -122.468939, 37.708232 ], [ -122.469057, 37.708232 ], [ -122.469236, 37.708232 ], [ -122.470883, 37.708232 ], [ -122.471001, 37.708252 ], [ -122.471077, 37.708264 ], [ -122.471319, 37.708305 ], [ -122.471277, 37.708609 ], [ -122.471268, 37.708656 ], [ -122.471215, 37.708939 ], [ -122.471225, 37.709657 ], [ -122.471239, 37.710648 ], [ -122.471252, 37.711592 ], [ -122.471255, 37.711831 ], [ -122.471311, 37.712475 ], [ -122.471337, 37.712689 ], [ -122.471355, 37.712802 ], [ -122.471163, 37.712804 ], [ -122.470895, 37.712806 ], [ -122.470331, 37.712812 ], [ -122.469993, 37.712781 ], [ -122.469306, 37.712647 ], [ -122.46867, 37.712524 ], [ -122.468446, 37.7125 ], [ -122.468018, 37.712455 ], [ -122.467192, 37.712477 ], [ -122.467073, 37.712422 ], [ -122.467094, 37.714273 ], [ -122.466199, 37.71428 ], [ -122.4653, 37.714287 ], [ -122.464401, 37.714294 ], [ -122.4635, 37.714301 ], [ -122.462602, 37.714308 ], [ -122.462589, 37.71403 ], [ -122.462555, 37.713904 ], [ -122.462569, 37.71315 ], [ -122.462581, 37.712523 ], [ -122.462581, 37.712274 ], [ -122.46257, 37.71137 ], [ -122.462546, 37.711171 ], [ -122.462362, 37.711175 ], [ -122.461901, 37.710974 ], [ -122.461323, 37.710793 ], [ -122.461029, 37.710665 ], [ -122.460858, 37.710586 ], [ -122.46116, 37.710584 ], [ -122.462347, 37.71057 ], [ -122.462561, 37.710567 ], [ -122.463475, 37.710556 ], [ -122.464176, 37.710548 ], [ -122.464372, 37.710526 ], [ -122.464767, 37.710482 ], [ -122.464939, 37.710436 ] ] ] } },
{ "type": "Feature", "properties": { "BlockGroup": 60750314001 }, "geometry": { "type": "Polygon", "coordinates": [ [ [ -122.455976, 37.715823 ], [ -122.45608, 37.715788 ], [ -122.456087, 37.71663 ], [ -122.456094, 37.717477 ], [ -122.456108, 37.718235 ], [ -122.455111, 37.718237 ], [ -122.454189, 37.718239 ], [ -122.454082, 37.718174 ], [ -122.45405, 37.718126 ], [ -122.453378, 37.717768 ], [ -122.452642, 37.717376 ], [ -122.451895, 37.716978 ], [ -122.453158, 37.715471 ], [ -122.453513, 37.715795 ], [ -122.453668, 37.715837 ], [ -122.455976, 37.715823 ] ] ] } },
{ "type": "Feature", "properties": { "BlockGroup": 60750314002 }, "geometry": { "type": "Polygon", "coordinates": [ [ [ -122.45605, 37.710927 ], [ -122.456339, 37.710832 ], [ -122.456376, 37.710825 ], [ -122.456051, 37.711124 ], [ -122.455816, 37.711223 ], [ -122.455748, 37.711346 ], [ -122.455592, 37.711477 ], [ -122.455088, 37.711901 ], [ -122.454665, 37.712331 ], [ -122.456045, 37.71232 ], [ -122.456053, 37.713194 ], [ -122.456061, 37.714077 ], [ -122.456072, 37.714905 ], [ -122.45608, 37.715788 ], [ -122.455976, 37.715823 ], [ -122.453668, 37.715837 ], [ -122.453513, 37.715795 ], [ -122.453158, 37.715471 ], [ -122.451895, 37.716978 ], [ -122.451155, 37.716583 ], [ -122.450378, 37.716169 ], [ -122.449904, 37.716725 ], [ -122.449572, 37.717115 ], [ -122.449262, 37.717538 ], [ -122.449085, 37.717882 ], [ -122.448887, 37.71817 ], [ -122.448605, 37.718396 ], [ -122.448582, 37.718411 ], [ -122.448595, 37.71831 ], [ -122.448666, 37.717751 ], [ -122.448674, 37.717688 ], [ -122.448686, 37.717596 ], [ -122.448727, 37.71745 ], [ -122.448837, 37.717055 ], [ -122.448957, 37.716814 ], [ -122.449211, 37.716306 ], [ -122.449257, 37.716244 ], [ -122.449316, 37.716164 ], [ -122.449381, 37.716075 ], [ -122.449627, 37.715739 ], [ -122.449749, 37.715617 ], [ -122.450235, 37.715132 ], [ -122.450366, 37.715016 ], [ -122.450961, 37.714501 ], [ -122.451208, 37.714294 ], [ -122.451634, 37.713937 ], [ -122.451766, 37.713816 ], [ -122.452278, 37.713344 ], [ -122.452884, 37.712829 ], [ -122.452951, 37.712772 ], [ -122.453871, 37.712043 ], [ -122.453999, 37.71196 ], [ -122.454504, 37.711634 ], [ -122.455028, 37.711317 ], [ -122.455596, 37.711076 ], [ -122.455622, 37.711068 ], [ -122.45605, 37.710927 ] ] ] } },
{ "type": "Feature", "properties": { "BlockGroup": 60750314003 }, "geometry": { "type": "Polygon", "coordinates": [ [ [ -122.459002, 37.710596 ], [ -122.460858, 37.710586 ], [ -122.461029, 37.710665 ], [ -122.461323, 37.710793 ], [ -122.461901, 37.710974 ], [ -122.462362, 37.711175 ], [ -122.462546, 37.711171 ], [ -122.46257, 37.71137 ], [ -122.462581, 37.712274 ], [ -122.462581, 37.712523 ], [ -122.462569, 37.71315 ], [ -122.459024, 37.713172 ], [ -122.456053, 37.713194 ], [ -122.456045, 37.71232 ], [ -122.454665, 37.712331 ], [ -122.455088, 37.711901 ], [ -122.455592, 37.711477 ], [ -122.455748, 37.711346 ], [ -122.455816, 37.711223 ], [ -122.456051, 37.711124 ], [ -122.456376, 37.710825 ], [ -122.457312, 37.710648 ], [ -122.458307, 37.7106 ], [ -122.459002, 37.710596 ] ] ] } },
{ "type": "Feature", "properties": { "BlockGroup": 60750314004 }, "geometry": { "type": "Polygon", "coordinates": [ [ [ -122.462555, 37.713904 ], [ -122.462589, 37.71403 ], [ -122.462602, 37.714308 ], [ -122.462608, 37.714884 ], [ -122.462615, 37.715619 ], [ -122.46243, 37.715737 ], [ -122.459055, 37.715758 ], [ -122.459064, 37.716603 ], [ -122.456087, 37.71663 ], [ -122.45608, 37.715788 ], [ -122.456072, 37.714905 ], [ -122.456061, 37.714077 ], [ -122.456053, 37.713194 ], [ -122.459024, 37.713172 ], [ -122.462569, 37.71315 ], [ -122.462555, 37.713904 ] ] ] } },
{ "type": "Feature", "properties": { "BlockGroup": 60750314005 }, "geometry": { "type": "Polygon", "coordinates": [ [ [ -122.462615, 37.715619 ], [ -122.46262, 37.716144 ], [ -122.462625, 37.716571 ], [ -122.462633, 37.717421 ], [ -122.46264, 37.717936 ], [ -122.462639, 37.718211 ], [ -122.462245, 37.71822 ], [ -122.461231, 37.718232 ], [ -122.460209, 37.718231 ], [ -122.459187, 37.71823 ], [ -122.458163, 37.718232 ], [ -122.457145, 37.718233 ], [ -122.456108, 37.718235 ], [ -122.456094, 37.717477 ], [ -122.456087, 37.71663 ], [ -122.459064, 37.716603 ], [ -122.459055, 37.715758 ], [ -122.46243, 37.715737 ], [ -122.462615, 37.715619 ] ] ] } },
{ "type": "Feature", "properties": { "BlockGroup": 60750326011 }, "geometry": { "type": "Polygon", "coordinates": [ [ [ -122.484641, 37.765168 ], [ -122.483804, 37.765202 ], [ -122.483685, 37.76516 ], [ -122.483515, 37.765208 ], [ -122.48274, 37.765244 ], [ -122.482615, 37.76521 ], [ -122.482486, 37.765255 ], [ -122.481651, 37.765294 ], [ -122.481541, 37.76526 ], [ -122.481412, 37.765303 ], [ -122.480595, 37.765338 ], [ -122.480469, 37.765306 ], [ -122.480349, 37.765345 ], [ -122.47952, 37.76538 ], [ -122.479398, 37.765351 ], [ -122.479268, 37.765395 ], [ -122.478347, 37.765436 ], [ -122.478325, 37.765399 ], [ -122.478203, 37.765452 ], [ -122.477489, 37.765486 ], [ -122.477308, 37.765448 ], [ -122.477241, 37.765321 ], [ -122.477121, 37.763675 ], [ -122.477174, 37.763559 ], [ -122.478191, 37.763515 ], [ -122.479267, 37.763467 ], [ -122.480337, 37.76342 ], [ -122.481409, 37.763373 ], [ -122.482483, 37.763326 ], [ -122.483554, 37.763279 ], [ -122.484627, 37.763231 ], [ -122.484759, 37.765117 ], [ -122.484641, 37.765168 ] ] ] } },
{ "type": "Feature", "properties": { "BlockGroup": 60750326012 }, "geometry": { "type": "Polygon", "coordinates": [ [ [ -122.483554, 37.763279 ], [ -122.482483, 37.763326 ], [ -122.481409, 37.763373 ], [ -122.480337, 37.76342 ], [ -122.479267, 37.763467 ], [ -122.478191, 37.763515 ], [ -122.477174, 37.763559 ], [ -122.477101, 37.763455 ], [ -122.476964, 37.761811 ], [ -122.477011, 37.761699 ], [ -122.478062, 37.761653 ], [ -122.479136, 37.761606 ], [ -122.480207, 37.761559 ], [ -122.481278, 37.761512 ], [ -122.482352, 37.761464 ], [ -122.483423, 37.761417 ], [ -122.484496, 37.76137 ], [ -122.484627, 37.763231 ], [ -122.483554, 37.763279 ] ] ] } },
{ "type": "Feature", "properties": { "BlockGroup": 60750326013 }, "geometry": { "type": "Polygon", "coordinates": [ [ [ -122.483423, 37.761417 ], [ -122.482352, 37.761464 ], [ -122.481278, 37.761512 ], [ -122.480207, 37.761559 ], [ -122.479136, 37.761606 ], [ -122.478062, 37.761653 ], [ -122.477011, 37.761699 ], [ -122.476925, 37.761584 ], [ -122.476748, 37.759953 ], [ -122.476814, 37.759834 ], [ -122.477937, 37.759784 ], [ -122.478589, 37.759755 ], [ -122.479005, 37.759737 ], [ -122.480076, 37.75969 ], [ -122.481148, 37.759643 ], [ -122.482221, 37.759596 ], [ -122.483292, 37.759549 ], [ -122.484365, 37.759501 ], [ -122.484496, 37.76137 ], [ -122.483423, 37.761417 ] ] ] } },
{ "type": "Feature", "properties": { "BlockGroup": 60750326021 }, "geometry": { "type": "Polygon", "coordinates": [ [ [ -122.486382, 37.757542 ], [ -122.486512, 37.759407 ], [ -122.48664, 37.761276 ], [ -122.48677, 37.763137 ], [ -122.486902, 37.765019 ], [ -122.486769, 37.765072 ], [ -122.485954, 37.76511 ], [ -122.485831, 37.765069 ], [ -122.485725, 37.76512 ], [ -122.484855, 37.765159 ], [ -122.484759, 37.765117 ], [ -122.484627, 37.763231 ], [ -122.484496, 37.76137 ], [ -122.484365, 37.759501 ], [ -122.484234, 37.757637 ], [ -122.484104, 37.755777 ], [ -122.485176, 37.75573 ], [ -122.486248, 37.755683 ], [ -122.486382, 37.757542 ] ] ] } },
{ "type": "Feature", "properties": { "BlockGroup": 60750326022 }, "geometry": { "type": "Polygon", "coordinates": [ [ [ -122.483292, 37.759549 ], [ -122.482221, 37.759596 ], [ -122.481148, 37.759643 ], [ -122.480076, 37.75969 ], [ -122.479005, 37.759737 ], [ -122.478589, 37.759755 ], [ -122.477937, 37.759784 ], [ -122.476814, 37.759834 ], [ -122.476881, 37.759722 ], [ -122.476766, 37.75808 ], [ -122.476684, 37.757969 ], [ -122.477807, 37.75792 ], [ -122.478387, 37.757894 ], [ -122.478875, 37.757873 ], [ -122.479945, 37.757825 ], [ -122.481017, 37.757778 ], [ -122.482091, 37.757731 ], [ -122.483161, 37.757684 ], [ -122.484234, 37.757637 ], [ -122.484365, 37.759501 ], [ -122.483292, 37.759549 ] ] ] } },
{ "type": "Feature", "properties": { "BlockGroup": 60750326023 }, "geometry": { "type": "Polygon", "coordinates": [ [ [ -122.484234, 37.757637 ], [ -122.483161, 37.757684 ], [ -122.482091, 37.757731 ], [ -122.481017, 37.757778 ], [ -122.479945, 37.757825 ], [ -122.478875, 37.757873 ], [ -122.478387, 37.757894 ], [ -122.477807, 37.75792 ], [ -122.476684, 37.757969 ], [ -122.47675, 37.757904 ], [ -122.476629, 37.756172 ], [ -122.476554, 37.75611 ], [ -122.477133, 37.756085 ], [ -122.47768, 37.756061 ], [ -122.478744, 37.756014 ], [ -122.479817, 37.755966 ], [ -122.48089, 37.755919 ], [ -122.48196, 37.755872 ], [ -122.483034, 37.755824 ], [ -122.484104, 37.755777 ], [ -122.484234, 37.757637 ] ] ] } },
{ "type": "Feature", "properties": { "BlockGroup": 60750327001 }, "geometry": { "type": "Polygon", "coordinates": [ [ [ -122.493221, 37.764784 ], [ -122.492381, 37.764821 ], [ -122.492258, 37.76478 ], [ -122.492128, 37.764823 ], [ -122.491318, 37.764863 ], [ -122.491186, 37.764833 ], [ -122.491037, 37.764872 ], [ -122.49023, 37.764908 ], [ -122.490116, 37.764881 ], [ -122.489922, 37.764922 ], [ -122.489168, 37.764956 ], [ -122.489042, 37.764929 ], [ -122.488929, 37.76497 ], [ -122.488087, 37.765003 ], [ -122.487967, 37.764971 ], [ -122.487843, 37.76502 ], [ -122.487015, 37.765058 ], [ -122.486902, 37.765019 ], [ -122.48677, 37.763137 ], [ -122.487839, 37.76309 ], [ -122.48891, 37.763043 ], [ -122.489984, 37.762995 ], [ -122.491054, 37.762948 ], [ -122.492127, 37.762901 ], [ -122.493199, 37.762853 ], [ -122.493331, 37.764733 ], [ -122.493221, 37.764784 ] ] ] } },
{ "type": "Feature", "properties": { "BlockGroup": 60750327002 }, "geometry": { "type": "Polygon", "coordinates": [ [ [ -122.493199, 37.762853 ], [ -122.492127, 37.762901 ], [ -122.491054, 37.762948 ], [ -122.489984, 37.762995 ], [ -122.48891, 37.763043 ], [ -122.487839, 37.76309 ], [ -122.48677, 37.763137 ], [ -122.48664, 37.761276 ], [ -122.487708, 37.761229 ], [ -122.488779, 37.761181 ], [ -122.489853, 37.761134 ], [ -122.490923, 37.761087 ], [ -122.491997, 37.76104 ], [ -122.493068, 37.760992 ], [ -122.493199, 37.762853 ] ] ] } },
{ "type": "Feature", "properties": { "BlockGroup": 60750327003 }, "geometry": { "type": "Polygon", "coordinates": [ [ [ -122.493068, 37.760992 ], [ -122.491997, 37.76104 ], [ -122.490923, 37.761087 ], [ -122.489853, 37.761134 ], [ -122.488779, 37.761181 ], [ -122.487708, 37.761229 ], [ -122.48664, 37.761276 ], [ -122.486512, 37.759407 ], [ -122.48758, 37.759359 ], [ -122.488648, 37.759312 ], [ -122.489722, 37.759265 ], [ -122.490794, 37.759218 ], [ -122.491867, 37.75917 ], [ -122.492937, 37.759123 ], [ -122.493068, 37.760992 ] ] ] } },
{ "type": "Feature", "properties": { "BlockGroup": 60750327004 }, "geometry": { "type": "Polygon", "coordinates": [ [ [ -122.492937, 37.759123 ], [ -122.491867, 37.75917 ], [ -122.490794, 37.759218 ], [ -122.489722, 37.759265 ], [ -122.488648, 37.759312 ], [ -122.48758, 37.759359 ], [ -122.486512, 37.759407 ], [ -122.486382, 37.757542 ], [ -122.487449, 37.757495 ], [ -122.488517, 37.757448 ], [ -122.489591, 37.7574 ], [ -122.490664, 37.757353 ], [ -122.491737, 37.757306 ], [ -122.492806, 37.757259 ], [ -122.492937, 37.759123 ] ] ] } },
{ "type": "Feature", "properties": { "BlockGroup": 60750327005 }, "geometry": { "type": "Polygon", "coordinates": [ [ [ -122.492806, 37.757259 ], [ -122.491737, 37.757306 ], [ -122.490664, 37.757353 ], [ -122.489591, 37.7574 ], [ -122.488517, 37.757448 ], [ -122.487449, 37.757495 ], [ -122.486382, 37.757542 ], [ -122.486248, 37.755683 ], [ -122.487316, 37.755635 ], [ -122.488386, 37.755588 ], [ -122.489459, 37.755541 ], [ -122.490534, 37.755493 ], [ -122.491605, 37.755446 ], [ -122.492675, 37.755398 ], [ -122.492806, 37.757259 ] ] ] } },
{ "type": "Feature", "properties": { "BlockGroup": 60750327006 }, "geometry": { "type": "Polygon", "coordinates": [ [ [ -122.495487, 37.75714 ], [ -122.495563, 37.757205 ], [ -122.495683, 37.75893 ], [ -122.495617, 37.759004 ], [ -122.495082, 37.759028 ], [ -122.494544, 37.759052 ], [ -122.494645, 37.76048 ], [ -122.494667, 37.760552 ], [ -122.494693, 37.760921 ], [ -122.49414, 37.760945 ], [ -122.493068, 37.760992 ], [ -122.492937, 37.759123 ], [ -122.492806, 37.757259 ], [ -122.492675, 37.755398 ], [ -122.493751, 37.755351 ], [ -122.49482, 37.755301 ], [ -122.495358, 37.755276 ], [ -122.495441, 37.755384 ], [ -122.495555, 37.757027 ], [ -122.495487, 37.75714 ] ] ] } },
{ "type": "Feature", "properties": { "BlockGroup": 60750327007 }, "geometry": { "type": "Polygon", "coordinates": [ [ [ -122.495749, 37.760874 ], [ -122.495832, 37.760974 ], [ -122.495945, 37.762628 ], [ -122.495877, 37.762735 ], [ -122.495959, 37.762835 ], [ -122.496078, 37.764568 ], [ -122.496085, 37.764675 ], [ -122.495934, 37.764681 ], [ -122.495586, 37.764696 ], [ -122.495475, 37.764638 ], [ -122.495345, 37.764706 ], [ -122.494514, 37.76473 ], [ -122.494402, 37.764686 ], [ -122.494316, 37.764737 ], [ -122.493421, 37.764776 ], [ -122.493331, 37.764733 ], [ -122.493199, 37.762853 ], [ -122.493068, 37.760992 ], [ -122.49414, 37.760945 ], [ -122.494693, 37.760921 ], [ -122.494667, 37.760552 ], [ -122.494645, 37.76048 ], [ -122.494544, 37.759052 ], [ -122.495082, 37.759028 ], [ -122.495617, 37.759004 ], [ -122.495693, 37.759073 ], [ -122.495811, 37.760761 ], [ -122.495749, 37.760874 ] ] ] } },
{ "type": "Feature", "properties": { "BlockGroup": 60750328011 }, "geometry": { "type": "Polygon", "coordinates": [ [ [ -122.479296, 37.748504 ], [ -122.479426, 37.750368 ], [ -122.478354, 37.750416 ], [ -122.477283, 37.750463 ], [ -122.476163, 37.750512 ], [ -122.476216, 37.750399 ], [ -122.476102, 37.748755 ], [ -122.476033, 37.748648 ], [ -122.476087, 37.748537 ], [ -122.475973, 37.746889 ], [ -122.475902, 37.746782 ], [ -122.475954, 37.74667 ], [ -122.475839, 37.745026 ], [ -122.475773, 37.744919 ], [ -122.476896, 37.744869 ], [ -122.477967, 37.744822 ], [ -122.479035, 37.744775 ], [ -122.479166, 37.746638 ], [ -122.479296, 37.748504 ] ] ] } },
{ "type": "Feature", "properties": { "BlockGroup": 60750328012 }, "geometry": { "type": "Polygon", "coordinates": [ [ [ -122.484395, 37.74454 ], [ -122.483322, 37.744587 ], [ -122.482251, 37.744634 ], [ -122.481181, 37.744681 ], [ -122.479035, 37.744775 ], [ -122.477967, 37.744822 ], [ -122.476896, 37.744869 ], [ -122.475773, 37.744919 ], [ -122.475824, 37.744806 ], [ -122.47571, 37.743173 ], [ -122.475644, 37.743052 ], [ -122.476765, 37.743003 ], [ -122.477836, 37.742956 ], [ -122.478905, 37.742909 ], [ -122.479978, 37.742862 ], [ -122.48105, 37.742814 ], [ -122.482122, 37.742767 ], [ -122.483192, 37.74272 ], [ -122.484264, 37.742673 ], [ -122.485335, 37.742626 ], [ -122.485466, 37.744493 ], [ -122.484395, 37.74454 ] ] ] } },
{ "type": "Feature", "properties": { "BlockGroup": 60750328013 }, "geometry": { "type": "Polygon", "coordinates": [ [ [ -122.482251, 37.744634 ], [ -122.483322, 37.744587 ], [ -122.484395, 37.74454 ], [ -122.485466, 37.744493 ], [ -122.485597, 37.746354 ], [ -122.485727, 37.74822 ], [ -122.484654, 37.748267 ], [ -122.483582, 37.748315 ], [ -122.482514, 37.748362 ], [ -122.48144, 37.748409 ], [ -122.480368, 37.748456 ], [ -122.479296, 37.748504 ], [ -122.479166, 37.746638 ], [ -122.479035, 37.744775 ], [ -122.481181, 37.744681 ], [ -122.482251, 37.744634 ] ] ] } },
{ "type": "Feature", "properties": { "BlockGroup": 60750328021 }, "geometry": { "type": "Polygon", "coordinates": [ [ [ -122.479296, 37.748504 ], [ -122.480368, 37.748456 ], [ -122.48144, 37.748409 ], [ -122.482514, 37.748362 ], [ -122.483582, 37.748315 ], [ -122.484654, 37.748267 ], [ -122.485727, 37.74822 ], [ -122.485857, 37.750085 ], [ -122.485988, 37.751951 ], [ -122.484915, 37.751998 ], [ -122.483844, 37.752045 ], [ -122.483974, 37.75391 ], [ -122.482899, 37.753957 ], [ -122.481832, 37.754004 ], [ -122.480759, 37.754051 ], [ -122.479687, 37.754099 ], [ -122.479558, 37.752235 ], [ -122.479426, 37.750368 ], [ -122.479296, 37.748504 ] ] ] } },
{ "type": "Feature", "properties": { "BlockGroup": 60750328022 }, "geometry": { "type": "Polygon", "coordinates": [ [ [ -122.479687, 37.754099 ], [ -122.479817, 37.755966 ], [ -122.478744, 37.756014 ], [ -122.47768, 37.756061 ], [ -122.477133, 37.756085 ], [ -122.476554, 37.75611 ], [ -122.476614, 37.756046 ], [ -122.476495, 37.754349 ], [ -122.476424, 37.754242 ], [ -122.47648, 37.754129 ], [ -122.476364, 37.752484 ], [ -122.476292, 37.752379 ], [ -122.476343, 37.752263 ], [ -122.476229, 37.750622 ], [ -122.476163, 37.750512 ], [ -122.477283, 37.750463 ], [ -122.478354, 37.750416 ], [ -122.479426, 37.750368 ], [ -122.479558, 37.752235 ], [ -122.479687, 37.754099 ] ] ] } },
{ "type": "Feature", "properties": { "BlockGroup": 60750328023 }, "geometry": { "type": "Polygon", "coordinates": [ [ [ -122.486248, 37.755683 ], [ -122.485176, 37.75573 ], [ -122.484104, 37.755777 ], [ -122.483034, 37.755824 ], [ -122.48196, 37.755872 ], [ -122.48089, 37.755919 ], [ -122.479817, 37.755966 ], [ -122.479687, 37.754099 ], [ -122.480759, 37.754051 ], [ -122.481832, 37.754004 ], [ -122.482899, 37.753957 ], [ -122.483974, 37.75391 ], [ -122.483844, 37.752045 ], [ -122.484915, 37.751998 ], [ -122.485988, 37.751951 ], [ -122.486118, 37.753815 ], [ -122.486248, 37.755683 ] ] ] } },
{ "type": "Feature", "properties": { "BlockGroup": 60750329011 }, "geometry": { "type": "Polygon", "coordinates": [ [ [ -122.494969, 37.749684 ], [ -122.494427, 37.749706 ], [ -122.493358, 37.749753 ], [ -122.492285, 37.749801 ], [ -122.491212, 37.749848 ], [ -122.490139, 37.749895 ], [ -122.489066, 37.749943 ], [ -122.487996, 37.74999 ], [ -122.486923, 37.750037 ], [ -122.485857, 37.750085 ], [ -122.485727, 37.74822 ], [ -122.486793, 37.748173 ], [ -122.487866, 37.748125 ], [ -122.488936, 37.748078 ], [ -122.490009, 37.748031 ], [ -122.491082, 37.747983 ], [ -122.492156, 37.747936 ], [ -122.493228, 37.747888 ], [ -122.494297, 37.747841 ], [ -122.494837, 37.747817 ], [ -122.494923, 37.747923 ], [ -122.495035, 37.749574 ], [ -122.494969, 37.749684 ] ] ] } },
{ "type": "Feature", "properties": { "BlockGroup": 60750329012 }, "geometry": { "type": "Polygon", "coordinates": [ [ [ -122.494837, 37.747817 ], [ -122.494297, 37.747841 ], [ -122.493228, 37.747888 ], [ -122.492156, 37.747936 ], [ -122.491082, 37.747983 ], [ -122.490009, 37.748031 ], [ -122.488936, 37.748078 ], [ -122.487866, 37.748125 ], [ -122.486793, 37.748173 ], [ -122.485727, 37.74822 ], [ -122.485597, 37.746354 ], [ -122.486663, 37.746307 ], [ -122.487736, 37.74626 ], [ -122.488806, 37.746212 ], [ -122.489879, 37.746165 ], [ -122.490952, 37.746118 ], [ -122.492027, 37.74607 ], [ -122.493098, 37.746023 ], [ -122.494167, 37.745975 ], [ -122.494706, 37.745952 ], [ -122.49479, 37.746058 ], [ -122.494904, 37.747704 ], [ -122.494837, 37.747817 ] ] ] } },
{ "type": "Feature", "properties": { "BlockGroup": 60750329013 }, "geometry": { "type": "Polygon", "coordinates": [ [ [ -122.494706, 37.745952 ], [ -122.494167, 37.745975 ], [ -122.493098, 37.746023 ], [ -122.492027, 37.74607 ], [ -122.490952, 37.746118 ], [ -122.489879, 37.746165 ], [ -122.488806, 37.746212 ], [ -122.487736, 37.74626 ], [ -122.486663, 37.746307 ], [ -122.485597, 37.746354 ], [ -122.485466, 37.744493 ], [ -122.486536, 37.744446 ], [ -122.487607, 37.744399 ], [ -122.488678, 37.744352 ], [ -122.48975, 37.744304 ], [ -122.490822, 37.744257 ], [ -122.491901, 37.74421 ], [ -122.492968, 37.744163 ], [ -122.494038, 37.744115 ], [ -122.494574, 37.744092 ], [ -122.494655, 37.744198 ], [ -122.494772, 37.745878 ], [ -122.494706, 37.745952 ] ] ] } },
{ "type": "Feature", "properties": { "BlockGroup": 60750329014 }, "geometry": { "type": "Polygon", "coordinates": [ [ [ -122.494574, 37.744092 ], [ -122.494038, 37.744115 ], [ -122.492968, 37.744163 ], [ -122.491901, 37.74421 ], [ -122.490822, 37.744257 ], [ -122.48975, 37.744304 ], [ -122.488678, 37.744352 ], [ -122.487607, 37.744399 ], [ -122.486536, 37.744446 ], [ -122.485466, 37.744493 ], [ -122.485335, 37.742626 ], [ -122.486408, 37.742579 ], [ -122.487476, 37.742532 ], [ -122.488547, 37.742485 ], [ -122.48962, 37.742437 ], [ -122.490692, 37.74239 ], [ -122.491768, 37.742343 ], [ -122.492837, 37.742296 ], [ -122.493907, 37.742249 ], [ -122.494443, 37.742225 ], [ -122.494524, 37.742331 ], [ -122.494639, 37.743979 ], [ -122.494574, 37.744092 ] ] ] } },
{ "type": "Feature", "properties": { "BlockGroup": 60750329021 }, "geometry": { "type": "Polygon", "coordinates": [ [ [ -122.495358, 37.755276 ], [ -122.49482, 37.755301 ], [ -122.493751, 37.755351 ], [ -122.492675, 37.755398 ], [ -122.491605, 37.755446 ], [ -122.490534, 37.755493 ], [ -122.489459, 37.755541 ], [ -122.488386, 37.755588 ], [ -122.487316, 37.755635 ], [ -122.486248, 37.755683 ], [ -122.486118, 37.753815 ], [ -122.487183, 37.753769 ], [ -122.488264, 37.753721 ], [ -122.489324, 37.753674 ], [ -122.490401, 37.753627 ], [ -122.491475, 37.753579 ], [ -122.492548, 37.753532 ], [ -122.493619, 37.753485 ], [ -122.494691, 37.753437 ], [ -122.495227, 37.753414 ], [ -122.495315, 37.753541 ], [ -122.495432, 37.755214 ], [ -122.495358, 37.755276 ] ] ] } },
{ "type": "Feature", "properties": { "BlockGroup": 60750329022 }, "geometry": { "type": "Polygon", "coordinates": [ [ [ -122.495227, 37.753414 ], [ -122.494691, 37.753437 ], [ -122.493619, 37.753485 ], [ -122.492548, 37.753532 ], [ -122.491475, 37.753579 ], [ -122.490401, 37.753627 ], [ -122.489324, 37.753674 ], [ -122.488264, 37.753721 ], [ -122.487183, 37.753769 ], [ -122.486118, 37.753815 ], [ -122.485988, 37.751951 ], [ -122.487053, 37.751903 ], [ -122.488143, 37.751854 ], [ -122.489194, 37.751807 ], [ -122.49027, 37.751758 ], [ -122.491345, 37.75171 ], [ -122.492417, 37.751662 ], [ -122.493488, 37.751614 ], [ -122.494561, 37.751568 ], [ -122.495098, 37.751545 ], [ -122.495184, 37.751651 ], [ -122.495297, 37.753283 ], [ -122.495227, 37.753414 ] ] ] } },
{ "type": "Feature", "properties": { "BlockGroup": 60750329023 }, "geometry": { "type": "Polygon", "coordinates": [ [ [ -122.495098, 37.751545 ], [ -122.494561, 37.751568 ], [ -122.493488, 37.751614 ], [ -122.492417, 37.751662 ], [ -122.491345, 37.75171 ], [ -122.49027, 37.751758 ], [ -122.489194, 37.751807 ], [ -122.488143, 37.751854 ], [ -122.487053, 37.751903 ], [ -122.485988, 37.751951 ], [ -122.485857, 37.750085 ], [ -122.486923, 37.750037 ], [ -122.487996, 37.74999 ], [ -122.489066, 37.749943 ], [ -122.490139, 37.749895 ], [ -122.491212, 37.749848 ], [ -122.492285, 37.749801 ], [ -122.493358, 37.749753 ], [ -122.494427, 37.749706 ], [ -122.494969, 37.749684 ], [ -122.495053, 37.749786 ], [ -122.495168, 37.751431 ], [ -122.495098, 37.751545 ] ] ] } },
{ "type": "Feature", "properties": { "BlockGroup": 60750330001 }, "geometry": { "type": "Polygon", "coordinates": [ [ [ -122.482122, 37.742767 ], [ -122.48105, 37.742814 ], [ -122.479978, 37.742862 ], [ -122.478905, 37.742909 ], [ -122.477836, 37.742956 ], [ -122.476765, 37.743003 ], [ -122.475644, 37.743052 ], [ -122.475711, 37.742944 ], [ -122.475617, 37.741275 ], [ -122.47554, 37.741187 ], [ -122.47663, 37.741138 ], [ -122.477703, 37.741091 ], [ -122.478774, 37.741043 ], [ -122.479848, 37.740995 ], [ -122.480918, 37.740948 ], [ -122.481989, 37.7409 ], [ -122.483062, 37.740852 ], [ -122.484132, 37.740805 ], [ -122.485205, 37.740758 ], [ -122.485335, 37.742626 ], [ -122.484264, 37.742673 ], [ -122.483192, 37.74272 ], [ -122.482122, 37.742767 ] ] ] } },
{ "type": "Feature", "properties": { "BlockGroup": 60750330002 }, "geometry": { "type": "Polygon", "coordinates": [ [ [ -122.484132, 37.740805 ], [ -122.483062, 37.740852 ], [ -122.481989, 37.7409 ], [ -122.480918, 37.740948 ], [ -122.479848, 37.740995 ], [ -122.478774, 37.741043 ], [ -122.477703, 37.741091 ], [ -122.47663, 37.741138 ], [ -122.47554, 37.741187 ], [ -122.475606, 37.741099 ], [ -122.475485, 37.739432 ], [ -122.475409, 37.739325 ], [ -122.476486, 37.739277 ], [ -122.477574, 37.73923 ], [ -122.478644, 37.739183 ], [ -122.479718, 37.739136 ], [ -122.480787, 37.739089 ], [ -122.481859, 37.739042 ], [ -122.482933, 37.738994 ], [ -122.484003, 37.738947 ], [ -122.485074, 37.7389 ], [ -122.485205, 37.740758 ], [ -122.484132, 37.740805 ] ] ] } },
{ "type": "Feature", "properties": { "BlockGroup": 60750330003 }, "geometry": { "type": "Polygon", "coordinates": [ [ [ -122.476392, 37.734728 ], [ -122.47697, 37.734714 ], [ -122.477081, 37.734618 ], [ -122.477186, 37.734706 ], [ -122.478023, 37.734676 ], [ -122.479369, 37.734629 ], [ -122.47946, 37.734533 ], [ -122.47962, 37.734692 ], [ -122.481527, 37.735203 ], [ -122.482235, 37.735387 ], [ -122.482406, 37.735412 ], [ -122.482772, 37.73546 ], [ -122.483276, 37.735456 ], [ -122.48356, 37.735427 ], [ -122.483882, 37.735357 ], [ -122.484127, 37.735275 ], [ -122.4846, 37.735157 ], [ -122.485015, 37.735082 ], [ -122.485975, 37.734994 ], [ -122.486322, 37.735003 ], [ -122.486747, 37.735034 ], [ -122.487701, 37.735172 ], [ -122.488426, 37.735167 ], [ -122.488935, 37.735193 ], [ -122.48955, 37.735322 ], [ -122.49027, 37.735606 ], [ -122.490461, 37.735842 ], [ -122.490521, 37.736029 ], [ -122.490553, 37.736252 ], [ -122.490686, 37.736542 ], [ -122.491211, 37.737221 ], [ -122.491335, 37.737293 ], [ -122.491198, 37.737311 ], [ -122.490894, 37.737611 ], [ -122.490695, 37.737733 ], [ -122.490476, 37.737832 ], [ -122.490364, 37.73793 ], [ -122.490432, 37.738663 ], [ -122.489357, 37.73871 ], [ -122.488287, 37.738758 ], [ -122.487217, 37.738805 ], [ -122.486141, 37.738853 ], [ -122.485074, 37.7389 ], [ -122.484003, 37.738947 ], [ -122.482933, 37.738994 ], [ -122.481859, 37.739042 ], [ -122.480787, 37.739089 ], [ -122.479718, 37.739136 ], [ -122.478644, 37.739183 ], [ -122.477574, 37.73923 ], [ -122.476486, 37.739277 ], [ -122.475409, 37.739325 ], [ -122.475471, 37.739213 ], [ -122.475362, 37.737546 ], [ -122.475289, 37.737455 ], [ -122.475352, 37.737363 ], [ -122.475288, 37.736379 ], [ -122.475184, 37.734764 ], [ -122.475102, 37.734626 ], [ -122.475308, 37.734718 ], [ -122.47609, 37.734725 ], [ -122.476392, 37.734728 ] ] ] } },
{ "type": "Feature", "properties": { "BlockGroup": 60750330004 }, "geometry": { "type": "Polygon", "coordinates": [ [ [ -122.494054, 37.736635 ], [ -122.494134, 37.73671 ], [ -122.494247, 37.738402 ], [ -122.494181, 37.738496 ], [ -122.493668, 37.738519 ], [ -122.492576, 37.738568 ], [ -122.491524, 37.738614 ], [ -122.490432, 37.738663 ], [ -122.490364, 37.73793 ], [ -122.490476, 37.737832 ], [ -122.490695, 37.737733 ], [ -122.490894, 37.737611 ], [ -122.491198, 37.737311 ], [ -122.491335, 37.737293 ], [ -122.491211, 37.737221 ], [ -122.490686, 37.736542 ], [ -122.490553, 37.736252 ], [ -122.490521, 37.736029 ], [ -122.490461, 37.735842 ], [ -122.49027, 37.735606 ], [ -122.48955, 37.735322 ], [ -122.488935, 37.735193 ], [ -122.488426, 37.735167 ], [ -122.487701, 37.735172 ], [ -122.486747, 37.735034 ], [ -122.486322, 37.735003 ], [ -122.485975, 37.734994 ], [ -122.485015, 37.735082 ], [ -122.4846, 37.735157 ], [ -122.484127, 37.735275 ], [ -122.483882, 37.735357 ], [ -122.48356, 37.735427 ], [ -122.483276, 37.735456 ], [ -122.482772, 37.73546 ], [ -122.482406, 37.735412 ], [ -122.482235, 37.735387 ], [ -122.481527, 37.735203 ], [ -122.47962, 37.734692 ], [ -122.47946, 37.734533 ], [ -122.479703, 37.734614 ], [ -122.480254, 37.73459 ], [ -122.481133, 37.734552 ], [ -122.481487, 37.734537 ], [ -122.481897, 37.734519 ], [ -122.482014, 37.73442 ], [ -122.48211, 37.734509 ], [ -122.482351, 37.734497 ], [ -122.482875, 37.734472 ], [ -122.483216, 37.734455 ], [ -122.483675, 37.734433 ], [ -122.483775, 37.734342 ], [ -122.483881, 37.734423 ], [ -122.484075, 37.734415 ], [ -122.48471, 37.734389 ], [ -122.484973, 37.734378 ], [ -122.485518, 37.734356 ], [ -122.485775, 37.734345 ], [ -122.485933, 37.734247 ], [ -122.486101, 37.734329 ], [ -122.486384, 37.734317 ], [ -122.487248, 37.73428 ], [ -122.488172, 37.73424 ], [ -122.488745, 37.734215 ], [ -122.488956, 37.734113 ], [ -122.489086, 37.734197 ], [ -122.490326, 37.734136 ], [ -122.490444, 37.73405 ], [ -122.49055, 37.734125 ], [ -122.491132, 37.734096 ], [ -122.491343, 37.734008 ], [ -122.491509, 37.734092 ], [ -122.492259, 37.734058 ], [ -122.493345, 37.734009 ], [ -122.493784, 37.733989 ], [ -122.493857, 37.735028 ], [ -122.493973, 37.736562 ], [ -122.494054, 37.736635 ] ] ] } },
{ "type": "Feature", "properties": { "BlockGroup": 60750330005 }, "geometry": { "type": "Polygon", "coordinates": [ [ [ -122.494443, 37.742225 ], [ -122.493907, 37.742249 ], [ -122.492837, 37.742296 ], [ -122.491768, 37.742343 ], [ -122.490692, 37.74239 ], [ -122.48962, 37.742437 ], [ -122.488547, 37.742485 ], [ -122.487476, 37.742532 ], [ -122.486408, 37.742579 ], [ -122.485335, 37.742626 ], [ -122.485205, 37.740758 ], [ -122.486279, 37.740711 ], [ -122.487346, 37.740664 ], [ -122.488417, 37.740616 ], [ -122.48949, 37.740569 ], [ -122.490562, 37.740522 ], [ -122.491635, 37.740475 ], [ -122.492706, 37.740427 ], [ -122.493775, 37.74038 ], [ -122.494313, 37.740356 ], [ -122.494392, 37.740441 ], [ -122.494509, 37.742112 ], [ -122.494443, 37.742225 ] ] ] } },
{ "type": "Feature", "properties": { "BlockGroup": 60750330006 }, "geometry": { "type": "Polygon", "coordinates": [ [ [ -122.494313, 37.740356 ], [ -122.493775, 37.74038 ], [ -122.492706, 37.740427 ], [ -122.491635, 37.740475 ], [ -122.490562, 37.740522 ], [ -122.48949, 37.740569 ], [ -122.488417, 37.740616 ], [ -122.487346, 37.740664 ], [ -122.486279, 37.740711 ], [ -122.485205, 37.740758 ], [ -122.485074, 37.7389 ], [ -122.486141, 37.738853 ], [ -122.487217, 37.738805 ], [ -122.488287, 37.738758 ], [ -122.489357, 37.73871 ], [ -122.490432, 37.738663 ], [ -122.491524, 37.738614 ], [ -122.492576, 37.738568 ], [ -122.493668, 37.738519 ], [ -122.494181, 37.738496 ], [ -122.494261, 37.738595 ], [ -122.494381, 37.740285 ], [ -122.494313, 37.740356 ] ] ] } },
{ "type": "Feature", "properties": { "BlockGroup": 60750331001 }, "geometry": { "type": "Polygon", "coordinates": [ [ [ -122.480246, 37.734427 ], [ -122.480254, 37.73459 ], [ -122.479703, 37.734614 ], [ -122.47946, 37.734533 ], [ -122.479369, 37.734629 ], [ -122.478023, 37.734676 ], [ -122.477186, 37.734706 ], [ -122.477081, 37.734618 ], [ -122.47697, 37.734714 ], [ -122.476392, 37.734728 ], [ -122.47609, 37.734725 ], [ -122.475308, 37.734718 ], [ -122.475102, 37.734626 ], [ -122.475164, 37.734483 ], [ -122.475037, 37.732622 ], [ -122.474955, 37.732456 ], [ -122.475004, 37.732353 ], [ -122.474933, 37.731181 ], [ -122.474857, 37.731066 ], [ -122.475927, 37.731104 ], [ -122.476839, 37.731114 ], [ -122.477232, 37.731118 ], [ -122.478247, 37.731129 ], [ -122.479132, 37.731139 ], [ -122.480015, 37.731148 ], [ -122.480111, 37.73251 ], [ -122.480246, 37.734427 ] ] ] } },
{ "type": "Feature", "properties": { "BlockGroup": 60750331002 }, "geometry": { "type": "Polygon", "coordinates": [ [ [ -122.485525, 37.734194 ], [ -122.485518, 37.734356 ], [ -122.484973, 37.734378 ], [ -122.48471, 37.734389 ], [ -122.484075, 37.734415 ], [ -122.483881, 37.734423 ], [ -122.483775, 37.734342 ], [ -122.483675, 37.734433 ], [ -122.483216, 37.734455 ], [ -122.482875, 37.734472 ], [ -122.482351, 37.734497 ], [ -122.48211, 37.734509 ], [ -122.482014, 37.73442 ], [ -122.481897, 37.734519 ], [ -122.481487, 37.734537 ], [ -122.481133, 37.734552 ], [ -122.480254, 37.73459 ], [ -122.480246, 37.734427 ], [ -122.480111, 37.73251 ], [ -122.480015, 37.731148 ], [ -122.4809, 37.731158 ], [ -122.481787, 37.73117 ], [ -122.48193, 37.731172 ], [ -122.482664, 37.731147 ], [ -122.483545, 37.73108 ], [ -122.484423, 37.731013 ], [ -122.485302, 37.730946 ], [ -122.485395, 37.732277 ], [ -122.485525, 37.734194 ] ] ] } },
{ "type": "Feature", "properties": { "BlockGroup": 60750331003 }, "geometry": { "type": "Polygon", "coordinates": [ [ [ -122.497871, 37.73073 ], [ -122.49806, 37.731165 ], [ -122.498002, 37.731278 ], [ -122.49823, 37.731376 ], [ -122.499059, 37.731576 ], [ -122.498107, 37.732268 ], [ -122.497456, 37.733013 ], [ -122.49676, 37.733586 ], [ -122.496636, 37.733771 ], [ -122.496449, 37.733877 ], [ -122.494403, 37.73396 ], [ -122.493942, 37.733981 ], [ -122.493784, 37.733989 ], [ -122.493772, 37.733816 ], [ -122.493723, 37.733115 ], [ -122.493672, 37.732382 ], [ -122.493646, 37.732006 ], [ -122.493719, 37.73191 ], [ -122.493631, 37.731802 ], [ -122.49349, 37.729774 ], [ -122.49347, 37.729597 ], [ -122.494286, 37.729399 ], [ -122.495688, 37.729059 ], [ -122.496035, 37.729012 ], [ -122.496357, 37.729034 ], [ -122.496699, 37.729124 ], [ -122.497017, 37.729303 ], [ -122.497233, 37.72949 ], [ -122.497354, 37.729668 ], [ -122.497364, 37.729689 ], [ -122.497871, 37.73073 ] ] ] } },
{ "type": "Feature", "properties": { "BlockGroup": 60750331004 }, "geometry": { "type": "Polygon", "coordinates": [ [ [ -122.492267, 37.72884 ], [ -122.492538, 37.728947 ], [ -122.493311, 37.729363 ], [ -122.493444, 37.729485 ], [ -122.49347, 37.729597 ], [ -122.49349, 37.729774 ], [ -122.493631, 37.731802 ], [ -122.493719, 37.73191 ], [ -122.493646, 37.732006 ], [ -122.493672, 37.732382 ], [ -122.493723, 37.733115 ], [ -122.493772, 37.733816 ], [ -122.493784, 37.733989 ], [ -122.493345, 37.734009 ], [ -122.492259, 37.734058 ], [ -122.491509, 37.734092 ], [ -122.491343, 37.734008 ], [ -122.491132, 37.734096 ], [ -122.49055, 37.734125 ], [ -122.490444, 37.73405 ], [ -122.490326, 37.734136 ], [ -122.489086, 37.734197 ], [ -122.488956, 37.734113 ], [ -122.488745, 37.734215 ], [ -122.488172, 37.73424 ], [ -122.487248, 37.73428 ], [ -122.486384, 37.734317 ], [ -122.486101, 37.734329 ], [ -122.485933, 37.734247 ], [ -122.485775, 37.734345 ], [ -122.485518, 37.734356 ], [ -122.485525, 37.734194 ], [ -122.485395, 37.732277 ], [ -122.485302, 37.730946 ], [ -122.486179, 37.730879 ], [ -122.486177, 37.730591 ], [ -122.486311, 37.730221 ], [ -122.486516, 37.729802 ], [ -122.486552, 37.729585 ], [ -122.486724, 37.729587 ], [ -122.48889, 37.730257 ], [ -122.489205, 37.730319 ], [ -122.48958, 37.730286 ], [ -122.489901, 37.730165 ], [ -122.490135, 37.730003 ], [ -122.490425, 37.729692 ], [ -122.490547, 37.729652 ], [ -122.490559, 37.729548 ], [ -122.490974, 37.729112 ], [ -122.491011, 37.729073 ], [ -122.491442, 37.728864 ], [ -122.491709, 37.728827 ], [ -122.491929, 37.728797 ], [ -122.492267, 37.72884 ] ] ] } },
{ "type": "Feature", "properties": { "BlockGroup": 60750332011 }, "geometry": { "type": "Polygon", "coordinates": [ [ [ -122.479827, 37.719729 ], [ -122.480829, 37.720595 ], [ -122.481058, 37.720703 ], [ -122.48114, 37.720863 ], [ -122.482111, 37.721702 ], [ -122.482306, 37.721785 ], [ -122.482381, 37.721959 ], [ -122.482492, 37.722001 ], [ -122.48335, 37.722738 ], [ -122.483412, 37.722945 ], [ -122.483621, 37.723024 ], [ -122.483713, 37.723099 ], [ -122.48374, 37.723153 ], [ -122.484818, 37.724049 ], [ -122.485075, 37.724 ], [ -122.484962, 37.724095 ], [ -122.484629, 37.72489 ], [ -122.484393, 37.725452 ], [ -122.483881, 37.726673 ], [ -122.483816, 37.726931 ], [ -122.483864, 37.72702 ], [ -122.483957, 37.72709 ], [ -122.484053, 37.727412 ], [ -122.485405, 37.729019 ], [ -122.485722, 37.729292 ], [ -122.486473, 37.729504 ], [ -122.486552, 37.729585 ], [ -122.486516, 37.729802 ], [ -122.486311, 37.730221 ], [ -122.486177, 37.730591 ], [ -122.486179, 37.730879 ], [ -122.485302, 37.730946 ], [ -122.484423, 37.731013 ], [ -122.483545, 37.73108 ], [ -122.482664, 37.731147 ], [ -122.48193, 37.731172 ], [ -122.481787, 37.73117 ], [ -122.4809, 37.731158 ], [ -122.480015, 37.731148 ], [ -122.479132, 37.731139 ], [ -122.478247, 37.731129 ], [ -122.477232, 37.731118 ], [ -122.476839, 37.731114 ], [ -122.475927, 37.731104 ], [ -122.474857, 37.731066 ], [ -122.474782, 37.730993 ], [ -122.474735, 37.730361 ], [ -122.474634, 37.728992 ], [ -122.47463, 37.728934 ], [ -122.474733, 37.727033 ], [ -122.4749, 37.726991 ], [ -122.474742, 37.726874 ], [ -122.474811, 37.725593 ], [ -122.474848, 37.724906 ], [ -122.474947, 37.723086 ], [ -122.475049, 37.721211 ], [ -122.475222, 37.721057 ], [ -122.475401, 37.720887 ], [ -122.475724, 37.720792 ], [ -122.47602, 37.720746 ], [ -122.47607, 37.72078 ], [ -122.476163, 37.720742 ], [ -122.477021, 37.720773 ], [ -122.478876, 37.720839 ], [ -122.478986, 37.720884 ], [ -122.47903, 37.720147 ], [ -122.479114, 37.72004 ], [ -122.479754, 37.719573 ], [ -122.479827, 37.719729 ] ] ] } },
{ "type": "Feature", "properties": { "BlockGroup": 60750332031 }, "geometry": { "type": "Polygon", "coordinates": [ [ [ -122.472821, 37.71302 ], [ -122.473391, 37.713233 ], [ -122.473964, 37.713446 ], [ -122.475342, 37.71416 ], [ -122.475475, 37.714157 ], [ -122.475537, 37.714247 ], [ -122.475907, 37.714398 ], [ -122.476293, 37.714499 ], [ -122.476624, 37.714567 ], [ -122.477016, 37.714593 ], [ -122.478886, 37.714567 ], [ -122.479961, 37.714591 ], [ -122.480205, 37.714592 ], [ -122.480302, 37.71454 ], [ -122.480391, 37.7146 ], [ -122.481822, 37.714658 ], [ -122.485043, 37.714754 ], [ -122.485229, 37.714695 ], [ -122.485276, 37.714792 ], [ -122.485211, 37.716209 ], [ -122.485127, 37.718056 ], [ -122.485128, 37.718277 ], [ -122.485076, 37.718328 ], [ -122.485128, 37.718361 ], [ -122.485129, 37.718534 ], [ -122.485077, 37.718574 ], [ -122.484778, 37.718571 ], [ -122.484833, 37.718515 ], [ -122.484831, 37.718379 ], [ -122.484781, 37.718323 ], [ -122.484831, 37.718276 ], [ -122.484841, 37.717357 ], [ -122.484789, 37.717299 ], [ -122.484842, 37.717254 ], [ -122.484845, 37.716959 ], [ -122.484777, 37.716684 ], [ -122.484565, 37.716281 ], [ -122.484448, 37.716178 ], [ -122.484381, 37.716099 ], [ -122.483855, 37.715582 ], [ -122.48366, 37.715502 ], [ -122.483314, 37.715491 ], [ -122.481647, 37.715438 ], [ -122.481632, 37.71574 ], [ -122.48161, 37.716191 ], [ -122.481339, 37.715956 ], [ -122.480287, 37.715225 ], [ -122.479998, 37.715025 ], [ -122.478436, 37.715194 ], [ -122.478327, 37.71528 ], [ -122.478432, 37.71591 ], [ -122.478295, 37.71593 ], [ -122.477501, 37.716014 ], [ -122.476639, 37.716106 ], [ -122.476493, 37.716193 ], [ -122.475918, 37.716788 ], [ -122.475354, 37.717368 ], [ -122.475253, 37.717415 ], [ -122.474383, 37.717507 ], [ -122.474439, 37.717849 ], [ -122.474484, 37.718119 ], [ -122.474537, 37.718436 ], [ -122.474596, 37.718794 ], [ -122.474863, 37.719036 ], [ -122.474656, 37.719154 ], [ -122.474528, 37.719065 ], [ -122.472844, 37.717312 ], [ -122.472572, 37.717174 ], [ -122.472633, 37.716908 ], [ -122.472542, 37.716631 ], [ -122.472375, 37.716123 ], [ -122.471836, 37.714647 ], [ -122.471711, 37.714229 ], [ -122.471639, 37.713986 ], [ -122.471598, 37.713849 ], [ -122.471472, 37.713427 ], [ -122.471355, 37.712802 ], [ -122.471869, 37.712797 ], [ -122.472269, 37.712838 ], [ -122.472371, 37.712868 ], [ -122.472584, 37.712932 ], [ -122.472737, 37.712927 ], [ -122.472821, 37.71302 ] ] ] } },
{ "type": "Feature", "properties": { "BlockGroup": 60750332032 }, "geometry": { "type": "Polygon", "coordinates": [ [ [ -122.48366, 37.715502 ], [ -122.483855, 37.715582 ], [ -122.484381, 37.716099 ], [ -122.484448, 37.716178 ], [ -122.484565, 37.716281 ], [ -122.484777, 37.716684 ], [ -122.484845, 37.716959 ], [ -122.484842, 37.717254 ], [ -122.484789, 37.717299 ], [ -122.484841, 37.717357 ], [ -122.484831, 37.718276 ], [ -122.484781, 37.718323 ], [ -122.484831, 37.718379 ], [ -122.484833, 37.718515 ], [ -122.484778, 37.718571 ], [ -122.484631, 37.718566 ], [ -122.483143, 37.718517 ], [ -122.483159, 37.718271 ], [ -122.48318, 37.717952 ], [ -122.483205, 37.717585 ], [ -122.481543, 37.717531 ], [ -122.480716, 37.717504 ], [ -122.480535, 37.717425 ], [ -122.479981, 37.716942 ], [ -122.478674, 37.717903 ], [ -122.478445, 37.717697 ], [ -122.478113, 37.717484 ], [ -122.477722, 37.717411 ], [ -122.477377, 37.717553 ], [ -122.477309, 37.71763 ], [ -122.477197, 37.717683 ], [ -122.475982, 37.716943 ], [ -122.475918, 37.716788 ], [ -122.476493, 37.716193 ], [ -122.476639, 37.716106 ], [ -122.477501, 37.716014 ], [ -122.478295, 37.71593 ], [ -122.478432, 37.71591 ], [ -122.478327, 37.71528 ], [ -122.478436, 37.715194 ], [ -122.479998, 37.715025 ], [ -122.480287, 37.715225 ], [ -122.481339, 37.715956 ], [ -122.48161, 37.716191 ], [ -122.481632, 37.71574 ], [ -122.481647, 37.715438 ], [ -122.483314, 37.715491 ], [ -122.48366, 37.715502 ] ] ] } },
{ "type": "Feature", "properties": { "BlockGroup": 60750332041 }, "geometry": { "type": "Polygon", "coordinates": [ [ [ -122.475982, 37.716943 ], [ -122.477197, 37.717683 ], [ -122.477309, 37.71763 ], [ -122.477377, 37.717553 ], [ -122.477722, 37.717411 ], [ -122.478113, 37.717484 ], [ -122.478445, 37.717697 ], [ -122.478674, 37.717903 ], [ -122.478754, 37.718061 ], [ -122.478764, 37.718286 ], [ -122.478646, 37.718471 ], [ -122.478556, 37.718539 ], [ -122.478511, 37.718642 ], [ -122.479542, 37.719534 ], [ -122.479754, 37.719573 ], [ -122.479114, 37.72004 ], [ -122.47903, 37.720147 ], [ -122.478986, 37.720884 ], [ -122.478876, 37.720839 ], [ -122.477021, 37.720773 ], [ -122.476163, 37.720742 ], [ -122.47607, 37.72078 ], [ -122.47602, 37.720746 ], [ -122.475724, 37.720792 ], [ -122.475401, 37.720887 ], [ -122.475222, 37.721057 ], [ -122.475342, 37.720866 ], [ -122.475342, 37.720549 ], [ -122.475225, 37.720443 ], [ -122.475342, 37.720273 ], [ -122.475227, 37.719836 ], [ -122.475168, 37.719767 ], [ -122.474897, 37.719448 ], [ -122.47485, 37.719399 ], [ -122.474528, 37.719065 ], [ -122.474656, 37.719154 ], [ -122.474863, 37.719036 ], [ -122.474596, 37.718794 ], [ -122.474537, 37.718436 ], [ -122.474484, 37.718119 ], [ -122.474439, 37.717849 ], [ -122.474383, 37.717507 ], [ -122.475253, 37.717415 ], [ -122.475354, 37.717368 ], [ -122.475918, 37.716788 ], [ -122.475982, 37.716943 ] ] ] } },
{ "type": "Feature", "properties": { "BlockGroup": 60750332042 }, "geometry": { "type": "Polygon", "coordinates": [ [ [ -122.479981, 37.716942 ], [ -122.480535, 37.717425 ], [ -122.480716, 37.717504 ], [ -122.481543, 37.717531 ], [ -122.483205, 37.717585 ], [ -122.48318, 37.717952 ], [ -122.483159, 37.718271 ], [ -122.483143, 37.718517 ], [ -122.483104, 37.719109 ], [ -122.481424, 37.719056 ], [ -122.480634, 37.719032 ], [ -122.480438, 37.719071 ], [ -122.479754, 37.719573 ], [ -122.479542, 37.719534 ], [ -122.478511, 37.718642 ], [ -122.478556, 37.718539 ], [ -122.478646, 37.718471 ], [ -122.478764, 37.718286 ], [ -122.478754, 37.718061 ], [ -122.478674, 37.717903 ], [ -122.479981, 37.716942 ] ] ] } },
{ "type": "Feature", "properties": { "BlockGroup": 60750332043 }, "geometry": { "type": "Polygon", "coordinates": [ [ [ -122.484631, 37.718566 ], [ -122.484778, 37.718571 ], [ -122.485077, 37.718574 ], [ -122.485129, 37.718625 ], [ -122.485143, 37.722904 ], [ -122.485122, 37.723166 ], [ -122.485127, 37.723948 ], [ -122.485075, 37.724 ], [ -122.484818, 37.724049 ], [ -122.48374, 37.723153 ], [ -122.483713, 37.723099 ], [ -122.483621, 37.723024 ], [ -122.483412, 37.722945 ], [ -122.48335, 37.722738 ], [ -122.482492, 37.722001 ], [ -122.482381, 37.721959 ], [ -122.482306, 37.721785 ], [ -122.482111, 37.721702 ], [ -122.48114, 37.720863 ], [ -122.481058, 37.720703 ], [ -122.480829, 37.720595 ], [ -122.479827, 37.719729 ], [ -122.479754, 37.719573 ], [ -122.480438, 37.719071 ], [ -122.480634, 37.719032 ], [ -122.481424, 37.719056 ], [ -122.483104, 37.719109 ], [ -122.483143, 37.718517 ], [ -122.484631, 37.718566 ] ] ] } },
{ "type": "Feature", "properties": { "BlockGroup": 60750351001 }, "geometry": { "type": "Polygon", "coordinates": [ [ [ -122.502861, 37.764354 ], [ -122.502015, 37.764393 ], [ -122.501901, 37.764361 ], [ -122.50181, 37.764406 ], [ -122.500936, 37.764443 ], [ -122.500831, 37.764406 ], [ -122.500729, 37.764452 ], [ -122.49985, 37.764487 ], [ -122.49976, 37.76445 ], [ -122.499641, 37.764501 ], [ -122.49877, 37.764538 ], [ -122.498687, 37.764495 ], [ -122.498598, 37.764546 ], [ -122.497739, 37.764586 ], [ -122.497616, 37.764545 ], [ -122.497457, 37.764601 ], [ -122.496631, 37.764651 ], [ -122.496547, 37.764596 ], [ -122.496431, 37.76466 ], [ -122.496085, 37.764675 ], [ -122.496078, 37.764568 ], [ -122.495959, 37.762835 ], [ -122.495877, 37.762735 ], [ -122.496415, 37.762711 ], [ -122.497484, 37.762664 ], [ -122.498555, 37.762617 ], [ -122.499627, 37.762569 ], [ -122.500698, 37.762522 ], [ -122.501771, 37.762475 ], [ -122.502844, 37.762427 ], [ -122.502976, 37.764311 ], [ -122.502861, 37.764354 ] ] ] } },
{ "type": "Feature", "properties": { "BlockGroup": 60750351002 }, "geometry": { "type": "Polygon", "coordinates": [ [ [ -122.502844, 37.762427 ], [ -122.501771, 37.762475 ], [ -122.500698, 37.762522 ], [ -122.499627, 37.762569 ], [ -122.498555, 37.762617 ], [ -122.497484, 37.762664 ], [ -122.496415, 37.762711 ], [ -122.495877, 37.762735 ], [ -122.495945, 37.762628 ], [ -122.495832, 37.760974 ], [ -122.495749, 37.760874 ], [ -122.496284, 37.76085 ], [ -122.497353, 37.760803 ], [ -122.498425, 37.760756 ], [ -122.499497, 37.760709 ], [ -122.500567, 37.760661 ], [ -122.50164, 37.760614 ], [ -122.502713, 37.760567 ], [ -122.502844, 37.762427 ] ] ] } },
{ "type": "Feature", "properties": { "BlockGroup": 60750351003 }, "geometry": { "type": "Polygon", "coordinates": [ [ [ -122.502713, 37.760567 ], [ -122.50164, 37.760614 ], [ -122.500567, 37.760661 ], [ -122.499497, 37.760709 ], [ -122.498425, 37.760756 ], [ -122.497353, 37.760803 ], [ -122.496284, 37.76085 ], [ -122.495749, 37.760874 ], [ -122.495811, 37.760761 ], [ -122.495693, 37.759073 ], [ -122.495617, 37.759004 ], [ -122.496152, 37.758981 ], [ -122.497222, 37.758934 ], [ -122.498293, 37.758888 ], [ -122.499365, 37.758841 ], [ -122.500436, 37.758794 ], [ -122.501505, 37.758747 ], [ -122.502582, 37.7587 ], [ -122.502713, 37.760567 ] ] ] } },
{ "type": "Feature", "properties": { "BlockGroup": 60750351004 }, "geometry": { "type": "Polygon", "coordinates": [ [ [ -122.502582, 37.7587 ], [ -122.501505, 37.758747 ], [ -122.500436, 37.758794 ], [ -122.499365, 37.758841 ], [ -122.498293, 37.758888 ], [ -122.497222, 37.758934 ], [ -122.496152, 37.758981 ], [ -122.495617, 37.759004 ], [ -122.495683, 37.75893 ], [ -122.495563, 37.757205 ], [ -122.495487, 37.75714 ], [ -122.496021, 37.757117 ], [ -122.497091, 37.75707 ], [ -122.498162, 37.757023 ], [ -122.499234, 37.756976 ], [ -122.500305, 37.756929 ], [ -122.501374, 37.756882 ], [ -122.50245, 37.756835 ], [ -122.502582, 37.7587 ] ] ] } },
{ "type": "Feature", "properties": { "BlockGroup": 60750351005 }, "geometry": { "type": "Polygon", "coordinates": [ [ [ -122.50245, 37.756835 ], [ -122.501374, 37.756882 ], [ -122.500305, 37.756929 ], [ -122.499234, 37.756976 ], [ -122.498162, 37.757023 ], [ -122.497091, 37.75707 ], [ -122.496021, 37.757117 ], [ -122.495487, 37.75714 ], [ -122.495555, 37.757027 ], [ -122.495441, 37.755384 ], [ -122.495358, 37.755276 ], [ -122.495897, 37.755251 ], [ -122.49696, 37.755202 ], [ -122.498031, 37.755152 ], [ -122.499103, 37.755103 ], [ -122.500173, 37.755053 ], [ -122.501249, 37.755003 ], [ -122.502318, 37.754953 ], [ -122.50245, 37.756835 ] ] ] } },
{ "type": "Feature", "properties": { "BlockGroup": 60750351006 }, "geometry": { "type": "Polygon", "coordinates": [ [ [ -122.502318, 37.754953 ], [ -122.501249, 37.755003 ], [ -122.500173, 37.755053 ], [ -122.499103, 37.755103 ], [ -122.498031, 37.755152 ], [ -122.49696, 37.755202 ], [ -122.495897, 37.755251 ], [ -122.495358, 37.755276 ], [ -122.495432, 37.755214 ], [ -122.495315, 37.753541 ], [ -122.495227, 37.753414 ], [ -122.49576, 37.75339 ], [ -122.496835, 37.753343 ], [ -122.497903, 37.753296 ], [ -122.498972, 37.753248 ], [ -122.500045, 37.753201 ], [ -122.501118, 37.753154 ], [ -122.502191, 37.753106 ], [ -122.502318, 37.754953 ] ] ] } },
{ "type": "Feature", "properties": { "BlockGroup": 60750351007 }, "geometry": { "type": "Polygon", "coordinates": [ [ [ -122.502191, 37.753106 ], [ -122.501118, 37.753154 ], [ -122.500045, 37.753201 ], [ -122.498972, 37.753248 ], [ -122.497903, 37.753296 ], [ -122.496835, 37.753343 ], [ -122.49576, 37.75339 ], [ -122.495227, 37.753414 ], [ -122.495297, 37.753283 ], [ -122.495184, 37.751651 ], [ -122.495098, 37.751545 ], [ -122.49563, 37.751527 ], [ -122.496702, 37.751476 ], [ -122.49777, 37.751426 ], [ -122.498842, 37.751381 ], [ -122.499914, 37.751334 ], [ -122.499784, 37.749472 ], [ -122.500857, 37.749425 ], [ -122.50193, 37.749377 ], [ -122.50206, 37.75124 ], [ -122.502191, 37.753106 ] ] ] } },
{ "type": "Feature", "properties": { "BlockGroup": 60750352011 }, "geometry": { "type": "Polygon", "coordinates": [ [ [ -122.508432, 37.75283 ], [ -122.507546, 37.752869 ], [ -122.506476, 37.752917 ], [ -122.505406, 37.752964 ], [ -122.504333, 37.753012 ], [ -122.503263, 37.753059 ], [ -122.502191, 37.753106 ], [ -122.50206, 37.75124 ], [ -122.503133, 37.75119 ], [ -122.504203, 37.751144 ], [ -122.505277, 37.751093 ], [ -122.506348, 37.751052 ], [ -122.507416, 37.751003 ], [ -122.508187, 37.750968 ], [ -122.508432, 37.75283 ] ] ] } },
{ "type": "Feature", "properties": { "BlockGroup": 60750352012 }, "geometry": { "type": "Polygon", "coordinates": [ [ [ -122.507416, 37.751003 ], [ -122.506348, 37.751052 ], [ -122.505277, 37.751093 ], [ -122.504203, 37.751144 ], [ -122.503133, 37.75119 ], [ -122.50206, 37.75124 ], [ -122.50193, 37.749377 ], [ -122.503004, 37.74933 ], [ -122.504074, 37.749282 ], [ -122.505148, 37.749235 ], [ -122.506219, 37.749187 ], [ -122.507287, 37.74914 ], [ -122.507942, 37.749111 ], [ -122.508347, 37.748959 ], [ -122.508463, 37.748915 ], [ -122.508879, 37.74883 ], [ -122.509707, 37.748847 ], [ -122.509704, 37.748956 ], [ -122.509713, 37.749084 ], [ -122.509729, 37.749111 ], [ -122.509729, 37.749168 ], [ -122.509769, 37.749298 ], [ -122.509836, 37.74945 ], [ -122.509906, 37.749572 ], [ -122.510008, 37.749711 ], [ -122.51015, 37.749889 ], [ -122.510288, 37.750089 ], [ -122.510379, 37.750243 ], [ -122.510434, 37.750349 ], [ -122.510487, 37.750504 ], [ -122.51053, 37.750693 ], [ -122.510552, 37.750883 ], [ -122.510554, 37.751074 ], [ -122.510539, 37.751227 ], [ -122.510517, 37.751335 ], [ -122.510513, 37.751454 ], [ -122.51053, 37.751571 ], [ -122.510562, 37.751672 ], [ -122.510616, 37.751782 ], [ -122.510666, 37.751852 ], [ -122.510697, 37.751887 ], [ -122.51071, 37.751931 ], [ -122.510711, 37.751949 ], [ -122.510744, 37.752065 ], [ -122.510889, 37.752335 ], [ -122.51094, 37.752391 ], [ -122.510972, 37.752415 ], [ -122.511008, 37.752481 ], [ -122.511029, 37.752552 ], [ -122.511032, 37.752625 ], [ -122.511023, 37.753002 ], [ -122.511008, 37.753189 ], [ -122.511071, 37.753569 ], [ -122.511107, 37.75373 ], [ -122.511235, 37.753986 ], [ -122.511293, 37.754124 ], [ -122.51126, 37.754163 ], [ -122.511247, 37.754209 ], [ -122.511254, 37.754251 ], [ -122.5113, 37.754322 ], [ -122.511304, 37.754362 ], [ -122.511288, 37.754398 ], [ -122.511253, 37.754426 ], [ -122.511234, 37.754436 ], [ -122.511205, 37.754494 ], [ -122.511174, 37.754504 ], [ -122.511196, 37.754623 ], [ -122.511172, 37.754668 ], [ -122.511187, 37.754748 ], [ -122.511164, 37.754817 ], [ -122.511168, 37.754966 ], [ -122.511187, 37.754986 ], [ -122.511182, 37.755041 ], [ -122.511141, 37.755116 ], [ -122.51113, 37.7552 ], [ -122.511152, 37.755314 ], [ -122.511186, 37.755408 ], [ -122.511212, 37.755447 ], [ -122.51122, 37.755502 ], [ -122.511246, 37.755536 ], [ -122.511247, 37.755571 ], [ -122.511273, 37.755605 ], [ -122.511268, 37.755665 ], [ -122.511303, 37.755793 ], [ -122.511291, 37.755813 ], [ -122.511298, 37.755858 ], [ -122.511344, 37.755917 ], [ -122.511359, 37.756011 ], [ -122.511372, 37.75605 ], [ -122.511388, 37.756174 ], [ -122.511415, 37.756238 ], [ -122.511442, 37.756327 ], [ -122.511451, 37.756401 ], [ -122.511445, 37.756431 ], [ -122.511466, 37.756496 ], [ -122.511475, 37.7566 ], [ -122.51149, 37.756684 ], [ -122.511511, 37.756768 ], [ -122.511506, 37.756823 ], [ -122.511508, 37.756882 ], [ -122.511541, 37.756976 ], [ -122.511511, 37.756996 ], [ -122.511537, 37.757036 ], [ -122.511551, 37.75709 ], [ -122.511552, 37.757135 ], [ -122.511535, 37.7572 ], [ -122.511545, 37.757328 ], [ -122.511565, 37.757373 ], [ -122.511548, 37.757462 ], [ -122.51157, 37.757566 ], [ -122.511636, 37.757689 ], [ -122.511626, 37.757804 ], [ -122.511646, 37.757853 ], [ -122.511694, 37.75823 ], [ -122.511744, 37.758437 ], [ -122.511847, 37.759012 ], [ -122.51187, 37.759384 ], [ -122.511867, 37.759469 ], [ -122.511933, 37.759671 ], [ -122.511954, 37.759792 ], [ -122.511957, 37.759896 ], [ -122.511904, 37.760441 ], [ -122.51187, 37.760575 ], [ -122.511854, 37.760707 ], [ -122.511856, 37.760839 ], [ -122.511875, 37.760971 ], [ -122.511911, 37.761101 ], [ -122.511965, 37.761227 ], [ -122.511997, 37.761288 ], [ -122.512026, 37.761324 ], [ -122.512065, 37.761354 ], [ -122.512126, 37.761532 ], [ -122.512146, 37.761569 ], [ -122.512203, 37.761605 ], [ -122.512204, 37.761627 ], [ -122.512287, 37.761909 ], [ -122.512329, 37.762102 ], [ -122.5124, 37.76228 ], [ -122.512413, 37.762407 ], [ -122.512472, 37.762518 ], [ -122.51242, 37.762682 ], [ -122.512395, 37.762787 ], [ -122.512326, 37.763005 ], [ -122.512318, 37.763065 ], [ -122.512275, 37.763199 ], [ -122.512347, 37.763452 ], [ -122.51237, 37.763586 ], [ -122.510341, 37.764001 ], [ -122.510161, 37.76408 ], [ -122.50987, 37.76409 ], [ -122.509833, 37.763969 ], [ -122.509817, 37.763729 ], [ -122.509622, 37.762127 ], [ -122.509382, 37.760272 ], [ -122.509166, 37.758488 ], [ -122.509111, 37.758414 ], [ -122.508903, 37.756551 ], [ -122.508679, 37.754692 ], [ -122.508432, 37.75283 ], [ -122.508187, 37.750968 ], [ -122.507416, 37.751003 ] ] ] } },
{ "type": "Feature", "properties": { "BlockGroup": 60750352013 }, "geometry": { "type": "Polygon", "coordinates": [ [ [ -122.508903, 37.756551 ], [ -122.507805, 37.756599 ], [ -122.506737, 37.756646 ], [ -122.505665, 37.756693 ], [ -122.504594, 37.75674 ], [ -122.503524, 37.756787 ], [ -122.50245, 37.756835 ], [ -122.502318, 37.754953 ], [ -122.503392, 37.754926 ], [ -122.504463, 37.754879 ], [ -122.505534, 37.754831 ], [ -122.506605, 37.754784 ], [ -122.507674, 37.754736 ], [ -122.508679, 37.754692 ], [ -122.508903, 37.756551 ] ] ] } },
{ "type": "Feature", "properties": { "BlockGroup": 60750352014 }, "geometry": { "type": "Polygon", "coordinates": [ [ [ -122.509111, 37.758414 ], [ -122.507936, 37.758466 ], [ -122.506868, 37.758513 ], [ -122.505797, 37.75856 ], [ -122.504725, 37.758606 ], [ -122.503652, 37.758653 ], [ -122.502582, 37.7587 ], [ -122.50245, 37.756835 ], [ -122.503524, 37.756787 ], [ -122.504594, 37.75674 ], [ -122.505665, 37.756693 ], [ -122.506737, 37.756646 ], [ -122.507805, 37.756599 ], [ -122.508903, 37.756551 ], [ -122.509111, 37.758414 ] ] ] } },
{ "type": "Feature", "properties": { "BlockGroup": 60750352015 }, "geometry": { "type": "Polygon", "coordinates": [ [ [ -122.508679, 37.754692 ], [ -122.507674, 37.754736 ], [ -122.506605, 37.754784 ], [ -122.505534, 37.754831 ], [ -122.504463, 37.754879 ], [ -122.503392, 37.754926 ], [ -122.502318, 37.754953 ], [ -122.502191, 37.753106 ], [ -122.503263, 37.753059 ], [ -122.504333, 37.753012 ], [ -122.505406, 37.752964 ], [ -122.506476, 37.752917 ], [ -122.507546, 37.752869 ], [ -122.508432, 37.75283 ], [ -122.508679, 37.754692 ] ] ] } },
{ "type": "Feature", "properties": { "BlockGroup": 60750352021 }, "geometry": { "type": "Polygon", "coordinates": [ [ [ -122.509833, 37.763969 ], [ -122.50987, 37.76409 ], [ -122.509575, 37.7641 ], [ -122.509402, 37.764033 ], [ -122.509284, 37.764088 ], [ -122.508462, 37.764106 ], [ -122.508331, 37.764076 ], [ -122.508209, 37.76412 ], [ -122.507365, 37.764152 ], [ -122.507262, 37.764116 ], [ -122.507149, 37.764164 ], [ -122.506323, 37.764203 ], [ -122.506191, 37.764166 ], [ -122.50609, 37.76421 ], [ -122.505232, 37.764249 ], [ -122.50512, 37.764214 ], [ -122.504982, 37.76426 ], [ -122.504158, 37.764296 ], [ -122.504049, 37.764261 ], [ -122.503926, 37.764304 ], [ -122.503084, 37.764343 ], [ -122.502976, 37.764311 ], [ -122.502844, 37.762427 ], [ -122.503916, 37.76238 ], [ -122.504988, 37.762332 ], [ -122.506059, 37.762285 ], [ -122.50713, 37.762238 ], [ -122.508199, 37.76219 ], [ -122.509269, 37.762143 ], [ -122.509622, 37.762127 ], [ -122.509817, 37.763729 ], [ -122.509833, 37.763969 ] ] ] } },
{ "type": "Feature", "properties": { "BlockGroup": 60750352022 }, "geometry": { "type": "Polygon", "coordinates": [ [ [ -122.509622, 37.762127 ], [ -122.509269, 37.762143 ], [ -122.508199, 37.76219 ], [ -122.50713, 37.762238 ], [ -122.506059, 37.762285 ], [ -122.504988, 37.762332 ], [ -122.503916, 37.76238 ], [ -122.502844, 37.762427 ], [ -122.502713, 37.760567 ], [ -122.503785, 37.760519 ], [ -122.504857, 37.760472 ], [ -122.505928, 37.760424 ], [ -122.506999, 37.760377 ], [ -122.508068, 37.76033 ], [ -122.509141, 37.760282 ], [ -122.509382, 37.760272 ], [ -122.509622, 37.762127 ] ] ] } },
{ "type": "Feature", "properties": { "BlockGroup": 60750352023 }, "geometry": { "type": "Polygon", "coordinates": [ [ [ -122.509382, 37.760272 ], [ -122.509141, 37.760282 ], [ -122.508068, 37.76033 ], [ -122.506999, 37.760377 ], [ -122.505928, 37.760424 ], [ -122.504857, 37.760472 ], [ -122.503785, 37.760519 ], [ -122.502713, 37.760567 ], [ -122.502582, 37.7587 ], [ -122.503652, 37.758653 ], [ -122.504725, 37.758606 ], [ -122.505797, 37.75856 ], [ -122.506868, 37.758513 ], [ -122.507936, 37.758466 ], [ -122.509111, 37.758414 ], [ -122.509166, 37.758488 ], [ -122.509382, 37.760272 ] ] ] } },
{ "type": "Feature", "properties": { "BlockGroup": 60750353001 }, "geometry": { "type": "Polygon", "coordinates": [ [ [ -122.499654, 37.747605 ], [ -122.499784, 37.749472 ], [ -122.499914, 37.751334 ], [ -122.498842, 37.751381 ], [ -122.49777, 37.751426 ], [ -122.496702, 37.751476 ], [ -122.49563, 37.751527 ], [ -122.495098, 37.751545 ], [ -122.495168, 37.751431 ], [ -122.495053, 37.749786 ], [ -122.494969, 37.749684 ], [ -122.495035, 37.749574 ], [ -122.494923, 37.747923 ], [ -122.494837, 37.747817 ], [ -122.494904, 37.747704 ], [ -122.49479, 37.746058 ], [ -122.494706, 37.745952 ], [ -122.494772, 37.745878 ], [ -122.494655, 37.744198 ], [ -122.494574, 37.744092 ], [ -122.495109, 37.744068 ], [ -122.49618, 37.744021 ], [ -122.497248, 37.743974 ], [ -122.49832, 37.743927 ], [ -122.499393, 37.743879 ], [ -122.499525, 37.745739 ], [ -122.499654, 37.747605 ] ] ] } },
{ "type": "Feature", "properties": { "BlockGroup": 60750353002 }, "geometry": { "type": "Polygon", "coordinates": [ [ [ -122.494509, 37.742112 ], [ -122.494392, 37.740441 ], [ -122.494313, 37.740356 ], [ -122.49485, 37.740333 ], [ -122.495919, 37.740285 ], [ -122.496985, 37.740238 ], [ -122.498059, 37.740191 ], [ -122.499132, 37.740143 ], [ -122.499262, 37.742007 ], [ -122.499393, 37.743879 ], [ -122.49832, 37.743927 ], [ -122.497248, 37.743974 ], [ -122.49618, 37.744021 ], [ -122.495109, 37.744068 ], [ -122.494574, 37.744092 ], [ -122.494639, 37.743979 ], [ -122.494524, 37.742331 ], [ -122.494443, 37.742225 ], [ -122.494509, 37.742112 ] ] ] } },
{ "type": "Feature", "properties": { "BlockGroup": 60750353003 }, "geometry": { "type": "Polygon", "coordinates": [ [ [ -122.500058, 37.738239 ], [ -122.499001, 37.738286 ], [ -122.499132, 37.740143 ], [ -122.498059, 37.740191 ], [ -122.496985, 37.740238 ], [ -122.495919, 37.740285 ], [ -122.49485, 37.740333 ], [ -122.494313, 37.740356 ], [ -122.494381, 37.740285 ], [ -122.494261, 37.738595 ], [ -122.494181, 37.738496 ], [ -122.494247, 37.738402 ], [ -122.494134, 37.73671 ], [ -122.494054, 37.736635 ], [ -122.494591, 37.736605 ], [ -122.495659, 37.736558 ], [ -122.496724, 37.736511 ], [ -122.497798, 37.736464 ], [ -122.498869, 37.736417 ], [ -122.499939, 37.736371 ], [ -122.500058, 37.738239 ] ] ] } },
{ "type": "Feature", "properties": { "BlockGroup": 60750353004 }, "geometry": { "type": "Polygon", "coordinates": [ [ [ -122.498031, 37.734027 ], [ -122.498606, 37.734186 ], [ -122.499033, 37.734359 ], [ -122.499196, 37.734312 ], [ -122.499039, 37.734562 ], [ -122.498863, 37.734842 ], [ -122.498793, 37.735071 ], [ -122.498789, 37.735283 ], [ -122.498869, 37.736417 ], [ -122.497798, 37.736464 ], [ -122.496724, 37.736511 ], [ -122.495659, 37.736558 ], [ -122.494591, 37.736605 ], [ -122.494054, 37.736635 ], [ -122.493973, 37.736562 ], [ -122.493857, 37.735028 ], [ -122.493784, 37.733989 ], [ -122.493942, 37.733981 ], [ -122.494403, 37.73396 ], [ -122.496449, 37.733877 ], [ -122.496636, 37.733771 ], [ -122.496856, 37.733867 ], [ -122.497487, 37.733925 ], [ -122.498031, 37.734027 ] ] ] } },
{ "type": "Feature", "properties": { "BlockGroup": 60750353005 }, "geometry": { "type": "Polygon", "coordinates": [ [ [ -122.498793, 37.735071 ], [ -122.498863, 37.734842 ], [ -122.499039, 37.734562 ], [ -122.499196, 37.734312 ], [ -122.499239, 37.734454 ], [ -122.500063, 37.734905 ], [ -122.500493, 37.735105 ], [ -122.500902, 37.735253 ], [ -122.501097, 37.735206 ], [ -122.500959, 37.735471 ], [ -122.50101, 37.736324 ], [ -122.501142, 37.738192 ], [ -122.501272, 37.740049 ], [ -122.501404, 37.74191 ], [ -122.500332, 37.741959 ], [ -122.499262, 37.742007 ], [ -122.499132, 37.740143 ], [ -122.499001, 37.738286 ], [ -122.500058, 37.738239 ], [ -122.499939, 37.736371 ], [ -122.498869, 37.736417 ], [ -122.498789, 37.735283 ], [ -122.498793, 37.735071 ] ] ] } },
{ "type": "Feature", "properties": { "BlockGroup": 60750353006 }, "geometry": { "type": "Polygon", "coordinates": [ [ [ -122.501669, 37.745645 ], [ -122.501798, 37.74751 ], [ -122.50193, 37.749377 ], [ -122.500857, 37.749425 ], [ -122.499784, 37.749472 ], [ -122.499654, 37.747605 ], [ -122.499525, 37.745739 ], [ -122.499393, 37.743879 ], [ -122.499262, 37.742007 ], [ -122.500332, 37.741959 ], [ -122.501404, 37.74191 ], [ -122.501536, 37.743785 ], [ -122.501669, 37.745645 ] ] ] } },
{ "type": "Feature", "properties": { "BlockGroup": 60750354001 }, "geometry": { "type": "Polygon", "coordinates": [ [ [ -122.507942, 37.749111 ], [ -122.507287, 37.74914 ], [ -122.506219, 37.749187 ], [ -122.505148, 37.749235 ], [ -122.505014, 37.747367 ], [ -122.504886, 37.745504 ], [ -122.504753, 37.743643 ], [ -122.505824, 37.743596 ], [ -122.506897, 37.743548 ], [ -122.507193, 37.743535 ], [ -122.506955, 37.74176 ], [ -122.506865, 37.741673 ], [ -122.506935, 37.741595 ], [ -122.506676, 37.739812 ], [ -122.506436, 37.73796 ], [ -122.506314, 37.737023 ], [ -122.506194, 37.736096 ], [ -122.506135, 37.735571 ], [ -122.506521, 37.735572 ], [ -122.506717, 37.73547 ], [ -122.508538, 37.735402 ], [ -122.5085, 37.735568 ], [ -122.50851, 37.735594 ], [ -122.508534, 37.735605 ], [ -122.508511, 37.735643 ], [ -122.508507, 37.735662 ], [ -122.508509, 37.735748 ], [ -122.508519, 37.735784 ], [ -122.508511, 37.735801 ], [ -122.508478, 37.735805 ], [ -122.508464, 37.735828 ], [ -122.508475, 37.735877 ], [ -122.508462, 37.735938 ], [ -122.508465, 37.736075 ], [ -122.50845, 37.73613 ], [ -122.508451, 37.736317 ], [ -122.50849, 37.736474 ], [ -122.508516, 37.736663 ], [ -122.508604, 37.736824 ], [ -122.508663, 37.73696 ], [ -122.508679, 37.737056 ], [ -122.50872, 37.73716 ], [ -122.508735, 37.737317 ], [ -122.508766, 37.737443 ], [ -122.508786, 37.737552 ], [ -122.508771, 37.737638 ], [ -122.508787, 37.737709 ], [ -122.508761, 37.737789 ], [ -122.508764, 37.737875 ], [ -122.508742, 37.737969 ], [ -122.508757, 37.738392 ], [ -122.508804, 37.738614 ], [ -122.508804, 37.73871 ], [ -122.508865, 37.738916 ], [ -122.508895, 37.739003 ], [ -122.508898, 37.739127 ], [ -122.508891, 37.73924 ], [ -122.508823, 37.739425 ], [ -122.508792, 37.739563 ], [ -122.508775, 37.739755 ], [ -122.508753, 37.739788 ], [ -122.508742, 37.739821 ], [ -122.508778, 37.739858 ], [ -122.508779, 37.7399 ], [ -122.508763, 37.739933 ], [ -122.508763, 37.739965 ], [ -122.508777, 37.740016 ], [ -122.508748, 37.740054 ], [ -122.508749, 37.740077 ], [ -122.508738, 37.74011 ], [ -122.508745, 37.740161 ], [ -122.50874, 37.740194 ], [ -122.508724, 37.740231 ], [ -122.508732, 37.740306 ], [ -122.508829, 37.740434 ], [ -122.508813, 37.740491 ], [ -122.508861, 37.740536 ], [ -122.508851, 37.740583 ], [ -122.50887, 37.740657 ], [ -122.508867, 37.740741 ], [ -122.508879, 37.74076 ], [ -122.508914, 37.740773 ], [ -122.508933, 37.740815 ], [ -122.508929, 37.74088 ], [ -122.508936, 37.740917 ], [ -122.508984, 37.740963 ], [ -122.509009, 37.741 ], [ -122.509027, 37.741037 ], [ -122.509023, 37.741088 ], [ -122.509036, 37.741139 ], [ -122.509067, 37.741199 ], [ -122.509097, 37.741222 ], [ -122.509133, 37.741258 ], [ -122.509186, 37.741257 ], [ -122.509204, 37.741299 ], [ -122.509247, 37.741345 ], [ -122.509242, 37.741401 ], [ -122.509226, 37.741457 ], [ -122.509227, 37.741499 ], [ -122.509216, 37.741522 ], [ -122.509199, 37.741541 ], [ -122.509177, 37.741602 ], [ -122.509208, 37.741662 ], [ -122.509186, 37.741709 ], [ -122.509189, 37.741798 ], [ -122.509155, 37.741845 ], [ -122.50915, 37.741873 ], [ -122.509151, 37.741919 ], [ -122.509123, 37.741971 ], [ -122.509101, 37.742027 ], [ -122.509102, 37.742051 ], [ -122.509091, 37.742107 ], [ -122.509063, 37.742131 ], [ -122.509052, 37.742168 ], [ -122.509053, 37.742215 ], [ -122.509066, 37.742256 ], [ -122.509073, 37.742307 ], [ -122.509057, 37.742359 ], [ -122.509052, 37.742405 ], [ -122.509054, 37.742457 ], [ -122.509073, 37.742522 ], [ -122.509092, 37.742549 ], [ -122.50911, 37.742595 ], [ -122.509106, 37.742642 ], [ -122.509124, 37.742665 ], [ -122.509131, 37.742707 ], [ -122.509144, 37.742739 ], [ -122.509168, 37.742762 ], [ -122.509192, 37.742808 ], [ -122.509182, 37.742841 ], [ -122.509159, 37.74286 ], [ -122.509186, 37.74299 ], [ -122.50918, 37.743013 ], [ -122.509193, 37.74306 ], [ -122.509206, 37.743088 ], [ -122.509236, 37.743106 ], [ -122.509248, 37.743138 ], [ -122.509244, 37.743156 ], [ -122.50925, 37.743203 ], [ -122.509269, 37.743236 ], [ -122.509301, 37.743337 ], [ -122.509303, 37.743431 ], [ -122.509335, 37.743519 ], [ -122.509353, 37.743551 ], [ -122.509366, 37.743593 ], [ -122.50939, 37.74362 ], [ -122.509397, 37.743662 ], [ -122.509422, 37.743703 ], [ -122.509417, 37.743736 ], [ -122.509418, 37.743773 ], [ -122.509442, 37.743791 ], [ -122.50946, 37.743824 ], [ -122.509467, 37.743847 ], [ -122.50948, 37.743863 ], [ -122.509498, 37.743907 ], [ -122.509505, 37.743944 ], [ -122.509566, 37.744022 ], [ -122.509567, 37.744087 ], [ -122.50958, 37.744106 ], [ -122.509617, 37.744184 ], [ -122.509642, 37.744226 ], [ -122.509631, 37.744282 ], [ -122.509638, 37.74431 ], [ -122.509656, 37.744333 ], [ -122.509651, 37.744365 ], [ -122.509652, 37.744403 ], [ -122.509683, 37.744439 ], [ -122.509684, 37.744495 ], [ -122.509662, 37.744538 ], [ -122.509652, 37.744598 ], [ -122.509635, 37.744631 ], [ -122.509636, 37.744659 ], [ -122.509631, 37.744687 ], [ -122.509608, 37.744739 ], [ -122.509616, 37.744785 ], [ -122.509593, 37.744818 ], [ -122.509507, 37.74488 ], [ -122.509466, 37.7449 ], [ -122.509443, 37.744928 ], [ -122.509462, 37.744956 ], [ -122.509458, 37.745026 ], [ -122.509441, 37.745058 ], [ -122.509432, 37.745161 ], [ -122.509397, 37.745292 ], [ -122.509354, 37.745698 ], [ -122.509336, 37.745938 ], [ -122.509426, 37.746369 ], [ -122.509491, 37.746539 ], [ -122.509541, 37.746713 ], [ -122.509575, 37.746888 ], [ -122.509594, 37.747066 ], [ -122.509598, 37.747155 ], [ -122.509772, 37.747496 ], [ -122.509811, 37.747625 ], [ -122.509831, 37.747746 ], [ -122.509834, 37.747869 ], [ -122.509825, 37.747971 ], [ -122.509709, 37.748796 ], [ -122.509707, 37.748847 ], [ -122.508879, 37.74883 ], [ -122.508463, 37.748915 ], [ -122.508347, 37.748959 ], [ -122.507942, 37.749111 ] ] ] } },
{ "type": "Feature", "properties": { "BlockGroup": 60750354002 }, "geometry": { "type": "Polygon", "coordinates": [ [ [ -122.505014, 37.747367 ], [ -122.505148, 37.749235 ], [ -122.504074, 37.749282 ], [ -122.503004, 37.74933 ], [ -122.50193, 37.749377 ], [ -122.501798, 37.74751 ], [ -122.501669, 37.745645 ], [ -122.501536, 37.743785 ], [ -122.502609, 37.743738 ], [ -122.503681, 37.74369 ], [ -122.504753, 37.743643 ], [ -122.504886, 37.745504 ], [ -122.505014, 37.747367 ] ] ] } },
{ "type": "Feature", "properties": { "BlockGroup": 60750354003 }, "geometry": { "type": "Polygon", "coordinates": [ [ [ -122.506935, 37.741595 ], [ -122.506865, 37.741673 ], [ -122.506955, 37.74176 ], [ -122.507193, 37.743535 ], [ -122.506897, 37.743548 ], [ -122.505824, 37.743596 ], [ -122.504753, 37.743643 ], [ -122.50462, 37.741765 ], [ -122.50449, 37.739907 ], [ -122.504359, 37.738051 ], [ -122.505429, 37.738004 ], [ -122.506436, 37.73796 ], [ -122.506676, 37.739812 ], [ -122.506935, 37.741595 ] ] ] } },
{ "type": "Feature", "properties": { "BlockGroup": 60750354004 }, "geometry": { "type": "Polygon", "coordinates": [ [ [ -122.501142, 37.738192 ], [ -122.502215, 37.738145 ], [ -122.503288, 37.738098 ], [ -122.504359, 37.738051 ], [ -122.50449, 37.739907 ], [ -122.50462, 37.741765 ], [ -122.504753, 37.743643 ], [ -122.503681, 37.74369 ], [ -122.502609, 37.743738 ], [ -122.501536, 37.743785 ], [ -122.501404, 37.74191 ], [ -122.501272, 37.740049 ], [ -122.501142, 37.738192 ] ] ] } },
{ "type": "Feature", "properties": { "BlockGroup": 60750354005 }, "geometry": { "type": "Polygon", "coordinates": [ [ [ -122.506717, 37.73547 ], [ -122.506521, 37.735572 ], [ -122.506135, 37.735571 ], [ -122.506194, 37.736096 ], [ -122.506314, 37.737023 ], [ -122.506436, 37.73796 ], [ -122.505429, 37.738004 ], [ -122.504359, 37.738051 ], [ -122.503288, 37.738098 ], [ -122.502215, 37.738145 ], [ -122.501142, 37.738192 ], [ -122.50101, 37.736324 ], [ -122.500959, 37.735471 ], [ -122.501097, 37.735206 ], [ -122.501179, 37.735342 ], [ -122.501595, 37.735438 ], [ -122.502031, 37.735515 ], [ -122.502558, 37.735557 ], [ -122.502995, 37.735555 ], [ -122.503105, 37.735466 ], [ -122.503219, 37.735551 ], [ -122.504185, 37.735558 ], [ -122.505153, 37.735565 ], [ -122.505257, 37.735475 ], [ -122.505369, 37.735383 ], [ -122.506516, 37.735384 ], [ -122.506717, 37.73547 ] ] ] } },
{ "type": "Feature", "properties": { "BlockGroup": 60750401001 }, "geometry": { "type": "Polygon", "coordinates": [ [ [ -122.462547, 37.786768 ], [ -122.463618, 37.786722 ], [ -122.46376, 37.788684 ], [ -122.463581, 37.788806 ], [ -122.459925, 37.789543 ], [ -122.459476, 37.789711 ], [ -122.459453, 37.789301 ], [ -122.459388, 37.788405 ], [ -122.459324, 37.787521 ], [ -122.45928, 37.786914 ], [ -122.459256, 37.786623 ], [ -122.459179, 37.785682 ], [ -122.460308, 37.785539 ], [ -122.461369, 37.785403 ], [ -122.462441, 37.785266 ], [ -122.462547, 37.786768 ] ] ] } },
{ "type": "Feature", "properties": { "BlockGroup": 60750401002 }, "geometry": { "type": "Polygon", "coordinates": [ [ [ -122.462416, 37.784907 ], [ -122.462441, 37.785266 ], [ -122.461369, 37.785403 ], [ -122.460308, 37.785539 ], [ -122.459179, 37.785682 ], [ -122.459134, 37.785059 ], [ -122.459045, 37.783827 ], [ -122.458998, 37.783189 ], [ -122.460137, 37.783136 ], [ -122.461207, 37.783087 ], [ -122.462279, 37.783038 ], [ -122.462416, 37.784907 ] ] ] } },
{ "type": "Feature", "properties": { "BlockGroup": 60750401003 }, "geometry": { "type": "Polygon", "coordinates": [ [ [ -122.464152, 37.7811 ], [ -122.464279, 37.781019 ], [ -122.464425, 37.78294 ], [ -122.464551, 37.784792 ], [ -122.463987, 37.784825 ], [ -122.463483, 37.784856 ], [ -122.463351, 37.782989 ], [ -122.462279, 37.783038 ], [ -122.461207, 37.783087 ], [ -122.460137, 37.783136 ], [ -122.458998, 37.783189 ], [ -122.458859, 37.781257 ], [ -122.459049, 37.781325 ], [ -122.45988, 37.781289 ], [ -122.46, 37.781213 ], [ -122.460123, 37.781278 ], [ -122.460933, 37.781242 ], [ -122.461063, 37.78116 ], [ -122.461194, 37.781223 ], [ -122.462002, 37.781189 ], [ -122.462139, 37.781111 ], [ -122.46227, 37.78118 ], [ -122.463089, 37.781145 ], [ -122.463211, 37.78107 ], [ -122.463339, 37.781141 ], [ -122.464152, 37.7811 ] ] ] } },
{ "type": "Feature", "properties": { "BlockGroup": 60750401004 }, "geometry": { "type": "Polygon", "coordinates": [ [ [ -122.463351, 37.782989 ], [ -122.463483, 37.784856 ], [ -122.463987, 37.784825 ], [ -122.464551, 37.784792 ], [ -122.464572, 37.784994 ], [ -122.464693, 37.78667 ], [ -122.464817, 37.788378 ], [ -122.464781, 37.788564 ], [ -122.463581, 37.788806 ], [ -122.46376, 37.788684 ], [ -122.463618, 37.786722 ], [ -122.462547, 37.786768 ], [ -122.462441, 37.785266 ], [ -122.462416, 37.784907 ], [ -122.462279, 37.783038 ], [ -122.463351, 37.782989 ] ] ] } },
{ "type": "Feature", "properties": { "BlockGroup": 60750402001 }, "geometry": { "type": "Polygon", "coordinates": [ [ [ -122.466427, 37.780925 ], [ -122.466563, 37.782849 ], [ -122.466694, 37.784716 ], [ -122.46683, 37.786568 ], [ -122.466853, 37.786884 ], [ -122.466192, 37.787326 ], [ -122.466924, 37.788132 ], [ -122.465842, 37.78835 ], [ -122.464781, 37.788564 ], [ -122.464817, 37.788378 ], [ -122.464693, 37.78667 ], [ -122.464572, 37.784994 ], [ -122.464551, 37.784792 ], [ -122.464425, 37.78294 ], [ -122.464279, 37.781019 ], [ -122.464413, 37.781082 ], [ -122.465239, 37.781049 ], [ -122.465353, 37.780965 ], [ -122.465476, 37.781037 ], [ -122.466297, 37.780998 ], [ -122.466427, 37.780925 ] ] ] } },
{ "type": "Feature", "properties": { "BlockGroup": 60750402002 }, "geometry": { "type": "Polygon", "coordinates": [ [ [ -122.472167, 37.780736 ], [ -122.472312, 37.780656 ], [ -122.472254, 37.780829 ], [ -122.472375, 37.782504 ], [ -122.472451, 37.782579 ], [ -122.471915, 37.782596 ], [ -122.470846, 37.782652 ], [ -122.46977, 37.782702 ], [ -122.468704, 37.782751 ], [ -122.467629, 37.782802 ], [ -122.466563, 37.782849 ], [ -122.466427, 37.780925 ], [ -122.466555, 37.780991 ], [ -122.467374, 37.780955 ], [ -122.467488, 37.78088 ], [ -122.46761, 37.78094 ], [ -122.468434, 37.780899 ], [ -122.468564, 37.780822 ], [ -122.468704, 37.78089 ], [ -122.469501, 37.780843 ], [ -122.469627, 37.780769 ], [ -122.469757, 37.780838 ], [ -122.470583, 37.780805 ], [ -122.470717, 37.780723 ], [ -122.47085, 37.780789 ], [ -122.471677, 37.780755 ], [ -122.471775, 37.780681 ], [ -122.471874, 37.780745 ], [ -122.472167, 37.780736 ] ] ] } },
{ "type": "Feature", "properties": { "BlockGroup": 60750402003 }, "geometry": { "type": "Polygon", "coordinates": [ [ [ -122.472387, 37.782674 ], [ -122.472513, 37.784373 ], [ -122.472586, 37.784449 ], [ -122.472052, 37.784476 ], [ -122.470981, 37.784524 ], [ -122.469908, 37.784573 ], [ -122.46884, 37.784621 ], [ -122.467764, 37.784669 ], [ -122.466694, 37.784716 ], [ -122.466563, 37.782849 ], [ -122.467629, 37.782802 ], [ -122.468704, 37.782751 ], [ -122.46977, 37.782702 ], [ -122.470846, 37.782652 ], [ -122.471915, 37.782596 ], [ -122.472451, 37.782579 ], [ -122.472387, 37.782674 ] ] ] } },
{ "type": "Feature", "properties": { "BlockGroup": 60750402004 }, "geometry": { "type": "Polygon", "coordinates": [ [ [ -122.469908, 37.784573 ], [ -122.470981, 37.784524 ], [ -122.472052, 37.784476 ], [ -122.472586, 37.784449 ], [ -122.472525, 37.78456 ], [ -122.472596, 37.785492 ], [ -122.472597, 37.78609 ], [ -122.472579, 37.786208 ], [ -122.472626, 37.786315 ], [ -122.472545, 37.786409 ], [ -122.472489, 37.786775 ], [ -122.472388, 37.787139 ], [ -122.472352, 37.787234 ], [ -122.472234, 37.787232 ], [ -122.47116, 37.787223 ], [ -122.470912, 37.787221 ], [ -122.470081, 37.787399 ], [ -122.467989, 37.787849 ], [ -122.466924, 37.788132 ], [ -122.466192, 37.787326 ], [ -122.466853, 37.786884 ], [ -122.46683, 37.786568 ], [ -122.466694, 37.784716 ], [ -122.467764, 37.784669 ], [ -122.46884, 37.784621 ], [ -122.469908, 37.784573 ] ] ] } },
{ "type": "Feature", "properties": { "BlockGroup": 60750426011 }, "geometry": { "type": "Polygon", "coordinates": [ [ [ -122.483531, 37.78022 ], [ -122.483662, 37.780143 ], [ -122.483804, 37.782077 ], [ -122.483936, 37.783931 ], [ -122.48287, 37.783979 ], [ -122.481791, 37.784028 ], [ -122.48166, 37.78216 ], [ -122.48059, 37.782212 ], [ -122.479516, 37.782261 ], [ -122.478444, 37.782308 ], [ -122.478305, 37.780381 ], [ -122.478414, 37.780446 ], [ -122.479255, 37.780412 ], [ -122.479383, 37.780335 ], [ -122.479495, 37.780398 ], [ -122.480325, 37.780366 ], [ -122.480451, 37.78028 ], [ -122.480575, 37.780349 ], [ -122.481393, 37.780307 ], [ -122.481516, 37.780226 ], [ -122.481646, 37.780299 ], [ -122.482486, 37.78026 ], [ -122.482592, 37.780189 ], [ -122.482711, 37.78025 ], [ -122.483531, 37.78022 ] ] ] } },
{ "type": "Feature", "properties": { "BlockGroup": 60750426012 }, "geometry": { "type": "Polygon", "coordinates": [ [ [ -122.478444, 37.782308 ], [ -122.479516, 37.782261 ], [ -122.48059, 37.782212 ], [ -122.48166, 37.78216 ], [ -122.481791, 37.784028 ], [ -122.48287, 37.783979 ], [ -122.483936, 37.783931 ], [ -122.48408, 37.785795 ], [ -122.483005, 37.785835 ], [ -122.481929, 37.785884 ], [ -122.48086, 37.785934 ], [ -122.479786, 37.785983 ], [ -122.478714, 37.786031 ], [ -122.478579, 37.784174 ], [ -122.478444, 37.782308 ] ] ] } },
{ "type": "Feature", "properties": { "BlockGroup": 60750426021 }, "geometry": { "type": "Polygon", "coordinates": [ [ [ -122.478189, 37.78045 ], [ -122.478305, 37.780381 ], [ -122.478444, 37.782308 ], [ -122.477374, 37.782361 ], [ -122.476307, 37.782406 ], [ -122.476107, 37.782415 ], [ -122.475236, 37.782457 ], [ -122.474111, 37.782509 ], [ -122.472984, 37.782554 ], [ -122.472451, 37.782579 ], [ -122.472375, 37.782504 ], [ -122.472254, 37.780829 ], [ -122.472312, 37.780656 ], [ -122.472471, 37.780726 ], [ -122.472743, 37.780714 ], [ -122.472844, 37.780631 ], [ -122.472945, 37.780694 ], [ -122.473857, 37.780651 ], [ -122.473982, 37.780575 ], [ -122.474105, 37.780644 ], [ -122.474976, 37.780609 ], [ -122.475084, 37.780529 ], [ -122.475203, 37.780596 ], [ -122.476041, 37.780559 ], [ -122.476169, 37.780476 ], [ -122.476307, 37.780546 ], [ -122.477114, 37.780505 ], [ -122.47724, 37.78044 ], [ -122.477354, 37.780499 ], [ -122.478189, 37.78045 ] ] ] } },
{ "type": "Feature", "properties": { "BlockGroup": 60750426022 }, "geometry": { "type": "Polygon", "coordinates": [ [ [ -122.478714, 37.786031 ], [ -122.477644, 37.78608 ], [ -122.476575, 37.786128 ], [ -122.475504, 37.786181 ], [ -122.474383, 37.786238 ], [ -122.473255, 37.786288 ], [ -122.472626, 37.786315 ], [ -122.472579, 37.786208 ], [ -122.472597, 37.78609 ], [ -122.472596, 37.785492 ], [ -122.472525, 37.78456 ], [ -122.472586, 37.784449 ], [ -122.47312, 37.784421 ], [ -122.474246, 37.78437 ], [ -122.475371, 37.784319 ], [ -122.476437, 37.784271 ], [ -122.477509, 37.784222 ], [ -122.478579, 37.784174 ], [ -122.478714, 37.786031 ] ] ] } },
{ "type": "Feature", "properties": { "BlockGroup": 60750426023 }, "geometry": { "type": "Polygon", "coordinates": [ [ [ -122.478579, 37.784174 ], [ -122.477509, 37.784222 ], [ -122.476437, 37.784271 ], [ -122.475371, 37.784319 ], [ -122.474246, 37.78437 ], [ -122.47312, 37.784421 ], [ -122.472586, 37.784449 ], [ -122.472513, 37.784373 ], [ -122.472387, 37.782674 ], [ -122.472451, 37.782579 ], [ -122.472984, 37.782554 ], [ -122.474111, 37.782509 ], [ -122.475236, 37.782457 ], [ -122.476107, 37.782415 ], [ -122.476307, 37.782406 ], [ -122.477374, 37.782361 ], [ -122.478444, 37.782308 ], [ -122.478579, 37.784174 ] ] ] } },
{ "type": "Feature", "properties": { "BlockGroup": 60750427001 }, "geometry": { "type": "Polygon", "coordinates": [ [ [ -122.487151, 37.783785 ], [ -122.487286, 37.785649 ], [ -122.486224, 37.785697 ], [ -122.485148, 37.785746 ], [ -122.48408, 37.785795 ], [ -122.483936, 37.783931 ], [ -122.483804, 37.782077 ], [ -122.484874, 37.782025 ], [ -122.485945, 37.781975 ], [ -122.48702, 37.781924 ], [ -122.487151, 37.783785 ] ] ] } },
{ "type": "Feature", "properties": { "BlockGroup": 60750427002 }, "geometry": { "type": "Polygon", "coordinates": [ [ [ -122.49108, 37.779876 ], [ -122.491167, 37.779795 ], [ -122.491299, 37.781726 ], [ -122.490231, 37.781775 ], [ -122.489157, 37.781825 ], [ -122.488085, 37.781874 ], [ -122.48702, 37.781924 ], [ -122.485945, 37.781975 ], [ -122.484874, 37.782025 ], [ -122.483804, 37.782077 ], [ -122.483662, 37.780143 ], [ -122.483789, 37.780206 ], [ -122.484604, 37.780168 ], [ -122.484732, 37.780093 ], [ -122.484882, 37.780157 ], [ -122.485684, 37.780111 ], [ -122.485808, 37.780038 ], [ -122.485929, 37.780099 ], [ -122.486762, 37.780058 ], [ -122.486878, 37.779994 ], [ -122.487005, 37.780054 ], [ -122.487815, 37.780016 ], [ -122.487946, 37.779947 ], [ -122.488065, 37.780006 ], [ -122.488883, 37.779974 ], [ -122.489013, 37.779891 ], [ -122.489138, 37.779957 ], [ -122.489953, 37.779919 ], [ -122.490097, 37.77984 ], [ -122.490232, 37.779911 ], [ -122.49108, 37.779876 ] ] ] } },
{ "type": "Feature", "properties": { "BlockGroup": 60750427003 }, "geometry": { "type": "Polygon", "coordinates": [ [ [ -122.493297, 37.779688 ], [ -122.493314, 37.779822 ], [ -122.493446, 37.781627 ], [ -122.493044, 37.781646 ], [ -122.493417, 37.782858 ], [ -122.493491, 37.783498 ], [ -122.49251, 37.783543 ], [ -122.491436, 37.783591 ], [ -122.490364, 37.78364 ], [ -122.489771, 37.783667 ], [ -122.48929, 37.783689 ], [ -122.488751, 37.783713 ], [ -122.488217, 37.783737 ], [ -122.487151, 37.783785 ], [ -122.48702, 37.781924 ], [ -122.488085, 37.781874 ], [ -122.489157, 37.781825 ], [ -122.490231, 37.781775 ], [ -122.491299, 37.781726 ], [ -122.491167, 37.779795 ], [ -122.491286, 37.779854 ], [ -122.492109, 37.779828 ], [ -122.492232, 37.779747 ], [ -122.492372, 37.779814 ], [ -122.49315, 37.779777 ], [ -122.493297, 37.779688 ] ] ] } },
{ "type": "Feature", "properties": { "BlockGroup": 60750428001 }, "geometry": { "type": "Polygon", "coordinates": [ [ [ -122.490417, 37.78435 ], [ -122.490474, 37.785119 ], [ -122.490561, 37.786283 ], [ -122.490433, 37.786269 ], [ -122.490254, 37.786364 ], [ -122.490019, 37.786489 ], [ -122.489753, 37.786756 ], [ -122.489686, 37.786873 ], [ -122.489613, 37.787114 ], [ -122.489588, 37.787391 ], [ -122.489641, 37.787487 ], [ -122.489219, 37.787628 ], [ -122.488931, 37.78768 ], [ -122.488644, 37.787681 ], [ -122.488427, 37.787616 ], [ -122.488115, 37.787527 ], [ -122.487968, 37.787509 ], [ -122.487805, 37.787491 ], [ -122.487422, 37.787512 ], [ -122.486359, 37.787562 ], [ -122.485283, 37.787612 ], [ -122.484146, 37.787665 ], [ -122.484174, 37.787311 ], [ -122.484155, 37.786979 ], [ -122.484117, 37.786857 ], [ -122.484103, 37.786518 ], [ -122.484112, 37.786364 ], [ -122.48408, 37.785795 ], [ -122.485148, 37.785746 ], [ -122.486224, 37.785697 ], [ -122.487286, 37.785649 ], [ -122.487151, 37.783785 ], [ -122.488217, 37.783737 ], [ -122.488751, 37.783713 ], [ -122.48929, 37.783689 ], [ -122.489771, 37.783667 ], [ -122.490364, 37.78364 ], [ -122.490417, 37.78435 ] ] ] } },
{ "type": "Feature", "properties": { "BlockGroup": 60750428002 }, "geometry": { "type": "Polygon", "coordinates": [ [ [ -122.493491, 37.783498 ], [ -122.493383, 37.786538 ], [ -122.493338, 37.787403 ], [ -122.493018, 37.787741 ], [ -122.492971, 37.787742 ], [ -122.492956, 37.787768 ], [ -122.492914, 37.787783 ], [ -122.492855, 37.787786 ], [ -122.49286, 37.787853 ], [ -122.49283, 37.787883 ], [ -122.492771, 37.787884 ], [ -122.492769, 37.78783 ], [ -122.492736, 37.787857 ], [ -122.492679, 37.787751 ], [ -122.492628, 37.787765 ], [ -122.492447, 37.787778 ], [ -122.492381, 37.787789 ], [ -122.492306, 37.787816 ], [ -122.492179, 37.787853 ], [ -122.492119, 37.787875 ], [ -122.49208, 37.7879 ], [ -122.492058, 37.787925 ], [ -122.491813, 37.788026 ], [ -122.491771, 37.788056 ], [ -122.49172, 37.788105 ], [ -122.491655, 37.788118 ], [ -122.491614, 37.788164 ], [ -122.491501, 37.788222 ], [ -122.491448, 37.788217 ], [ -122.491406, 37.788237 ], [ -122.491282, 37.788281 ], [ -122.491218, 37.78832 ], [ -122.491191, 37.788358 ], [ -122.491062, 37.788424 ], [ -122.490859, 37.788554 ], [ -122.490843, 37.788591 ], [ -122.490818, 37.788633 ], [ -122.490696, 37.788732 ], [ -122.490528, 37.788886 ], [ -122.490413, 37.788952 ], [ -122.490407, 37.788979 ], [ -122.490307, 37.789033 ], [ -122.490253, 37.789078 ], [ -122.490046, 37.789222 ], [ -122.489919, 37.789352 ], [ -122.489829, 37.789482 ], [ -122.489701, 37.789483 ], [ -122.489592, 37.789454 ], [ -122.489301, 37.789412 ], [ -122.489192, 37.78934 ], [ -122.488991, 37.789283 ], [ -122.488482, 37.789442 ], [ -122.4881, 37.789429 ], [ -122.488028, 37.78953 ], [ -122.487864, 37.789588 ], [ -122.487737, 37.789574 ], [ -122.487584, 37.789499 ], [ -122.487564, 37.789473 ], [ -122.487564, 37.789435 ], [ -122.487464, 37.789473 ], [ -122.487447, 37.789431 ], [ -122.487369, 37.78943 ], [ -122.487121, 37.789611 ], [ -122.487052, 37.789709 ], [ -122.486938, 37.78984 ], [ -122.486729, 37.790042 ], [ -122.486554, 37.79015 ], [ -122.486429, 37.790237 ], [ -122.486335, 37.790356 ], [ -122.486245, 37.790414 ], [ -122.486237, 37.790495 ], [ -122.486148, 37.790606 ], [ -122.486109, 37.790688 ], [ -122.486035, 37.790762 ], [ -122.48596, 37.79082 ], [ -122.485943, 37.790839 ], [ -122.485426, 37.789825 ], [ -122.485046, 37.789533 ], [ -122.484406, 37.789641 ], [ -122.484321, 37.789949 ], [ -122.484315, 37.790071 ], [ -122.483985, 37.789769 ], [ -122.484534, 37.789223 ], [ -122.483799, 37.78774 ], [ -122.484146, 37.787665 ], [ -122.485283, 37.787612 ], [ -122.486359, 37.787562 ], [ -122.487422, 37.787512 ], [ -122.487805, 37.787491 ], [ -122.487968, 37.787509 ], [ -122.488115, 37.787527 ], [ -122.488427, 37.787616 ], [ -122.488644, 37.787681 ], [ -122.488931, 37.78768 ], [ -122.489219, 37.787628 ], [ -122.489641, 37.787487 ], [ -122.489588, 37.787391 ], [ -122.489613, 37.787114 ], [ -122.489686, 37.786873 ], [ -122.489753, 37.786756 ], [ -122.490019, 37.786489 ], [ -122.490254, 37.786364 ], [ -122.490433, 37.786269 ], [ -122.490561, 37.786283 ], [ -122.490474, 37.785119 ], [ -122.490417, 37.78435 ], [ -122.490364, 37.78364 ], [ -122.491436, 37.783591 ], [ -122.49251, 37.783543 ], [ -122.493491, 37.783498 ] ] ] } },
{ "type": "Feature", "properties": { "BlockGroup": 60750428003 }, "geometry": { "type": "Polygon", "coordinates": [ [ [ -122.483005, 37.785835 ], [ -122.48408, 37.785795 ], [ -122.484112, 37.786364 ], [ -122.484103, 37.786518 ], [ -122.484117, 37.786857 ], [ -122.484155, 37.786979 ], [ -122.484174, 37.787311 ], [ -122.484146, 37.787665 ], [ -122.483799, 37.78774 ], [ -122.481871, 37.78722 ], [ -122.481003, 37.787067 ], [ -122.479845, 37.786796 ], [ -122.47878, 37.7869 ], [ -122.477696, 37.786797 ], [ -122.476625, 37.786796 ], [ -122.475547, 37.786782 ], [ -122.474427, 37.786975 ], [ -122.473321, 37.787193 ], [ -122.472473, 37.787229 ], [ -122.472352, 37.787234 ], [ -122.472388, 37.787139 ], [ -122.472489, 37.786775 ], [ -122.472545, 37.786409 ], [ -122.472626, 37.786315 ], [ -122.473255, 37.786288 ], [ -122.474383, 37.786238 ], [ -122.475504, 37.786181 ], [ -122.476575, 37.786128 ], [ -122.477644, 37.78608 ], [ -122.478714, 37.786031 ], [ -122.479786, 37.785983 ], [ -122.48086, 37.785934 ], [ -122.481929, 37.785884 ], [ -122.483005, 37.785835 ] ] ] } },
{ "type": "Feature", "properties": { "BlockGroup": 60750451001 }, "geometry": { "type": "Polygon", "coordinates": [ [ [ -122.460796, 37.77738 ], [ -122.460931, 37.779235 ], [ -122.461063, 37.78116 ], [ -122.460933, 37.781242 ], [ -122.460123, 37.781278 ], [ -122.46, 37.781213 ], [ -122.45988, 37.781289 ], [ -122.459049, 37.781325 ], [ -122.458859, 37.781257 ], [ -122.458732, 37.779333 ], [ -122.458638, 37.778008 ], [ -122.458581, 37.777254 ], [ -122.458505, 37.77619 ], [ -122.458463, 37.775618 ], [ -122.458435, 37.77524 ], [ -122.458371, 37.774309 ], [ -122.459486, 37.774167 ], [ -122.460553, 37.774031 ], [ -122.460661, 37.775517 ], [ -122.460796, 37.77738 ] ] ] } },
{ "type": "Feature", "properties": { "BlockGroup": 60750451002 }, "geometry": { "type": "Polygon", "coordinates": [ [ [ -122.463876, 37.775369 ], [ -122.464011, 37.777235 ], [ -122.462941, 37.777283 ], [ -122.461868, 37.777332 ], [ -122.460796, 37.77738 ], [ -122.460661, 37.775517 ], [ -122.460553, 37.774031 ], [ -122.46162, 37.773895 ], [ -122.462684, 37.77376 ], [ -122.463749, 37.773624 ], [ -122.463876, 37.775369 ] ] ] } },
{ "type": "Feature", "properties": { "BlockGroup": 60750451003 }, "geometry": { "type": "Polygon", "coordinates": [ [ [ -122.464279, 37.781019 ], [ -122.464152, 37.7811 ], [ -122.463339, 37.781141 ], [ -122.463211, 37.78107 ], [ -122.463089, 37.781145 ], [ -122.46227, 37.78118 ], [ -122.462139, 37.781111 ], [ -122.462002, 37.781189 ], [ -122.461194, 37.781223 ], [ -122.461063, 37.78116 ], [ -122.460931, 37.779235 ], [ -122.460796, 37.77738 ], [ -122.461868, 37.777332 ], [ -122.462941, 37.777283 ], [ -122.464011, 37.777235 ], [ -122.464145, 37.779091 ], [ -122.464279, 37.781019 ] ] ] } },
{ "type": "Feature", "properties": { "BlockGroup": 60750452001 }, "geometry": { "type": "Polygon", "coordinates": [ [ [ -122.467488, 37.78088 ], [ -122.467374, 37.780955 ], [ -122.466555, 37.780991 ], [ -122.466427, 37.780925 ], [ -122.466297, 37.780998 ], [ -122.465476, 37.781037 ], [ -122.465353, 37.780965 ], [ -122.465239, 37.781049 ], [ -122.464413, 37.781082 ], [ -122.464279, 37.781019 ], [ -122.464145, 37.779091 ], [ -122.464011, 37.777235 ], [ -122.465068, 37.777185 ], [ -122.466154, 37.777136 ], [ -122.46722, 37.777088 ], [ -122.467354, 37.778946 ], [ -122.467488, 37.78088 ] ] ] } },
{ "type": "Feature", "properties": { "BlockGroup": 60750452002 }, "geometry": { "type": "Polygon", "coordinates": [ [ [ -122.467086, 37.775223 ], [ -122.46722, 37.777088 ], [ -122.466154, 37.777136 ], [ -122.465068, 37.777185 ], [ -122.464011, 37.777235 ], [ -122.463876, 37.775369 ], [ -122.463749, 37.773624 ], [ -122.464812, 37.773489 ], [ -122.465332, 37.773423 ], [ -122.465883, 37.773398 ], [ -122.466952, 37.773351 ], [ -122.467086, 37.775223 ] ] ] } },
{ "type": "Feature", "properties": { "BlockGroup": 60750452003 }, "geometry": { "type": "Polygon", "coordinates": [ [ [ -122.471711, 37.773244 ], [ -122.471833, 37.774913 ], [ -122.471905, 37.775003 ], [ -122.471847, 37.7751 ], [ -122.471963, 37.776774 ], [ -122.47204, 37.776868 ], [ -122.471506, 37.776893 ], [ -122.470433, 37.776941 ], [ -122.470298, 37.775077 ], [ -122.469227, 37.775125 ], [ -122.468158, 37.775174 ], [ -122.467086, 37.775223 ], [ -122.466952, 37.773351 ], [ -122.468024, 37.773304 ], [ -122.469092, 37.773257 ], [ -122.470163, 37.77321 ], [ -122.47124, 37.773162 ], [ -122.471762, 37.773139 ], [ -122.471711, 37.773244 ] ] ] } },
{ "type": "Feature", "properties": { "BlockGroup": 60750452004 }, "geometry": { "type": "Polygon", "coordinates": [ [ [ -122.470433, 37.776941 ], [ -122.470568, 37.778801 ], [ -122.469495, 37.778849 ], [ -122.468426, 37.778897 ], [ -122.467354, 37.778946 ], [ -122.46722, 37.777088 ], [ -122.467086, 37.775223 ], [ -122.468158, 37.775174 ], [ -122.469227, 37.775125 ], [ -122.470298, 37.775077 ], [ -122.470433, 37.776941 ] ] ] } },
{ "type": "Feature", "properties": { "BlockGroup": 60750452005 }, "geometry": { "type": "Polygon", "coordinates": [ [ [ -122.472084, 37.778628 ], [ -122.472174, 37.778728 ], [ -122.4721, 37.778852 ], [ -122.472221, 37.780521 ], [ -122.472312, 37.780656 ], [ -122.472167, 37.780736 ], [ -122.471874, 37.780745 ], [ -122.471775, 37.780681 ], [ -122.471677, 37.780755 ], [ -122.47085, 37.780789 ], [ -122.470717, 37.780723 ], [ -122.470583, 37.780805 ], [ -122.469757, 37.780838 ], [ -122.469627, 37.780769 ], [ -122.469501, 37.780843 ], [ -122.468704, 37.78089 ], [ -122.468564, 37.780822 ], [ -122.468434, 37.780899 ], [ -122.46761, 37.78094 ], [ -122.467488, 37.78088 ], [ -122.467354, 37.778946 ], [ -122.468426, 37.778897 ], [ -122.469495, 37.778849 ], [ -122.470568, 37.778801 ], [ -122.470433, 37.776941 ], [ -122.471506, 37.776893 ], [ -122.47204, 37.776868 ], [ -122.471966, 37.77697 ], [ -122.472084, 37.778628 ] ] ] } },
{ "type": "Feature", "properties": { "BlockGroup": 60750476001 }, "geometry": { "type": "Polygon", "coordinates": [ [ [ -122.479255, 37.780412 ], [ -122.478414, 37.780446 ], [ -122.478305, 37.780381 ], [ -122.478189, 37.78045 ], [ -122.477354, 37.780499 ], [ -122.47724, 37.78044 ], [ -122.477114, 37.780505 ], [ -122.476307, 37.780546 ], [ -122.476169, 37.780476 ], [ -122.476041, 37.780559 ], [ -122.475203, 37.780596 ], [ -122.475084, 37.780529 ], [ -122.474976, 37.780609 ], [ -122.474105, 37.780644 ], [ -122.473982, 37.780575 ], [ -122.473857, 37.780651 ], [ -122.472945, 37.780694 ], [ -122.472844, 37.780631 ], [ -122.472743, 37.780714 ], [ -122.472471, 37.780726 ], [ -122.472312, 37.780656 ], [ -122.472221, 37.780521 ], [ -122.4721, 37.778852 ], [ -122.472174, 37.778728 ], [ -122.472708, 37.778704 ], [ -122.473833, 37.778653 ], [ -122.474956, 37.778602 ], [ -122.476025, 37.778554 ], [ -122.4771, 37.778505 ], [ -122.478166, 37.778457 ], [ -122.479241, 37.778408 ], [ -122.479383, 37.780335 ], [ -122.479255, 37.780412 ] ] ] } },
{ "type": "Feature", "properties": { "BlockGroup": 60750476002 }, "geometry": { "type": "Polygon", "coordinates": [ [ [ -122.478166, 37.778457 ], [ -122.4771, 37.778505 ], [ -122.476025, 37.778554 ], [ -122.474956, 37.778602 ], [ -122.473833, 37.778653 ], [ -122.472708, 37.778704 ], [ -122.472174, 37.778728 ], [ -122.472084, 37.778628 ], [ -122.471966, 37.77697 ], [ -122.47204, 37.776868 ], [ -122.472572, 37.776844 ], [ -122.473698, 37.776793 ], [ -122.474821, 37.776742 ], [ -122.475888, 37.776693 ], [ -122.476965, 37.776644 ], [ -122.478033, 37.776595 ], [ -122.479106, 37.776546 ], [ -122.479241, 37.778408 ], [ -122.478166, 37.778457 ] ] ] } },
{ "type": "Feature", "properties": { "BlockGroup": 60750476003 }, "geometry": { "type": "Polygon", "coordinates": [ [ [ -122.478033, 37.776595 ], [ -122.476965, 37.776644 ], [ -122.475888, 37.776693 ], [ -122.474821, 37.776742 ], [ -122.473698, 37.776793 ], [ -122.472572, 37.776844 ], [ -122.47204, 37.776868 ], [ -122.471963, 37.776774 ], [ -122.471847, 37.7751 ], [ -122.471905, 37.775003 ], [ -122.472435, 37.774979 ], [ -122.473563, 37.774928 ], [ -122.474686, 37.774877 ], [ -122.475751, 37.774828 ], [ -122.47683, 37.774779 ], [ -122.4779, 37.77473 ], [ -122.478972, 37.774681 ], [ -122.479106, 37.776546 ], [ -122.478033, 37.776595 ] ] ] } },
{ "type": "Feature", "properties": { "BlockGroup": 60750476004 }, "geometry": { "type": "Polygon", "coordinates": [ [ [ -122.4779, 37.77473 ], [ -122.47683, 37.774779 ], [ -122.475751, 37.774828 ], [ -122.474686, 37.774877 ], [ -122.473563, 37.774928 ], [ -122.472435, 37.774979 ], [ -122.471905, 37.775003 ], [ -122.471833, 37.774913 ], [ -122.471711, 37.773244 ], [ -122.471762, 37.773139 ], [ -122.472297, 37.773114 ], [ -122.473428, 37.773063 ], [ -122.474551, 37.773011 ], [ -122.475614, 37.772962 ], [ -122.476694, 37.772913 ], [ -122.477767, 37.772864 ], [ -122.478837, 37.772815 ], [ -122.478972, 37.774681 ], [ -122.4779, 37.77473 ] ] ] } },
{ "type": "Feature", "properties": { "BlockGroup": 60750477011 }, "geometry": { "type": "Polygon", "coordinates": [ [ [ -122.488883, 37.779974 ], [ -122.488065, 37.780006 ], [ -122.487946, 37.779947 ], [ -122.487815, 37.780016 ], [ -122.487005, 37.780054 ], [ -122.486878, 37.779994 ], [ -122.486762, 37.780058 ], [ -122.485929, 37.780099 ], [ -122.485808, 37.780038 ], [ -122.485684, 37.780111 ], [ -122.484882, 37.780157 ], [ -122.484732, 37.780093 ], [ -122.484604, 37.780168 ], [ -122.483789, 37.780206 ], [ -122.483662, 37.780143 ], [ -122.483531, 37.78022 ], [ -122.482711, 37.78025 ], [ -122.482592, 37.780189 ], [ -122.482453, 37.778263 ], [ -122.483525, 37.778214 ], [ -122.484595, 37.778166 ], [ -122.485667, 37.778117 ], [ -122.486738, 37.778069 ], [ -122.487805, 37.77802 ], [ -122.488876, 37.777972 ], [ -122.489013, 37.779891 ], [ -122.488883, 37.779974 ] ] ] } },
{ "type": "Feature", "properties": { "BlockGroup": 60750477012 }, "geometry": { "type": "Polygon", "coordinates": [ [ [ -122.482592, 37.780189 ], [ -122.482486, 37.78026 ], [ -122.481646, 37.780299 ], [ -122.481516, 37.780226 ], [ -122.481393, 37.780307 ], [ -122.480575, 37.780349 ], [ -122.480451, 37.78028 ], [ -122.480325, 37.780366 ], [ -122.479495, 37.780398 ], [ -122.479383, 37.780335 ], [ -122.479241, 37.778408 ], [ -122.479106, 37.776546 ], [ -122.480175, 37.776498 ], [ -122.481247, 37.776449 ], [ -122.482318, 37.7764 ], [ -122.482453, 37.778263 ], [ -122.482592, 37.780189 ] ] ] } },
{ "type": "Feature", "properties": { "BlockGroup": 60750477013 }, "geometry": { "type": "Polygon", "coordinates": [ [ [ -122.488876, 37.777972 ], [ -122.487805, 37.77802 ], [ -122.486738, 37.778069 ], [ -122.485667, 37.778117 ], [ -122.484595, 37.778166 ], [ -122.483525, 37.778214 ], [ -122.482453, 37.778263 ], [ -122.482318, 37.7764 ], [ -122.48339, 37.776351 ], [ -122.484461, 37.776302 ], [ -122.485532, 37.776252 ], [ -122.486603, 37.776204 ], [ -122.487669, 37.776155 ], [ -122.488741, 37.776107 ], [ -122.488876, 37.777972 ] ] ] } },
{ "type": "Feature", "properties": { "BlockGroup": 60750477021 }, "geometry": { "type": "Polygon", "coordinates": [ [ [ -122.488741, 37.776107 ], [ -122.487669, 37.776155 ], [ -122.486603, 37.776204 ], [ -122.485532, 37.776252 ], [ -122.484461, 37.776302 ], [ -122.48339, 37.776351 ], [ -122.482318, 37.7764 ], [ -122.482184, 37.774534 ], [ -122.483255, 37.774486 ], [ -122.484326, 37.774437 ], [ -122.485397, 37.774388 ], [ -122.486469, 37.774339 ], [ -122.487534, 37.77429 ], [ -122.488606, 37.774241 ], [ -122.488741, 37.776107 ] ] ] } },
{ "type": "Feature", "properties": { "BlockGroup": 60750477022 }, "geometry": { "type": "Polygon", "coordinates": [ [ [ -122.482184, 37.774534 ], [ -122.482318, 37.7764 ], [ -122.481247, 37.776449 ], [ -122.480175, 37.776498 ], [ -122.479106, 37.776546 ], [ -122.478972, 37.774681 ], [ -122.478837, 37.772815 ], [ -122.479905, 37.772766 ], [ -122.480979, 37.772716 ], [ -122.482049, 37.772667 ], [ -122.482184, 37.774534 ] ] ] } },
{ "type": "Feature", "properties": { "BlockGroup": 60750477023 }, "geometry": { "type": "Polygon", "coordinates": [ [ [ -122.488606, 37.774241 ], [ -122.487534, 37.77429 ], [ -122.486469, 37.774339 ], [ -122.485397, 37.774388 ], [ -122.484326, 37.774437 ], [ -122.483255, 37.774486 ], [ -122.482184, 37.774534 ], [ -122.482049, 37.772667 ], [ -122.483119, 37.772618 ], [ -122.484194, 37.772569 ], [ -122.485262, 37.77252 ], [ -122.486334, 37.772472 ], [ -122.487398, 37.772423 ], [ -122.488471, 37.772374 ], [ -122.488606, 37.774241 ] ] ] } },
{ "type": "Feature", "properties": { "BlockGroup": 60750478011 }, "geometry": { "type": "Polygon", "coordinates": [ [ [ -122.495039, 37.773947 ], [ -122.493968, 37.773996 ], [ -122.492903, 37.774045 ], [ -122.491824, 37.774094 ], [ -122.490752, 37.774143 ], [ -122.48968, 37.774192 ], [ -122.488606, 37.774241 ], [ -122.488471, 37.772374 ], [ -122.489539, 37.772325 ], [ -122.490617, 37.772276 ], [ -122.491688, 37.772227 ], [ -122.492761, 37.772179 ], [ -122.493832, 37.77213 ], [ -122.494903, 37.772081 ], [ -122.495039, 37.773947 ] ] ] } },
{ "type": "Feature", "properties": { "BlockGroup": 60750478012 }, "geometry": { "type": "Polygon", "coordinates": [ [ [ -122.495175, 37.775813 ], [ -122.496259, 37.775764 ], [ -122.497319, 37.775715 ], [ -122.497455, 37.777579 ], [ -122.496379, 37.777628 ], [ -122.49531, 37.777677 ], [ -122.49424, 37.777725 ], [ -122.493168, 37.777774 ], [ -122.493044, 37.775911 ], [ -122.492903, 37.774045 ], [ -122.493968, 37.773996 ], [ -122.495039, 37.773947 ], [ -122.495175, 37.775813 ] ] ] } },
{ "type": "Feature", "properties": { "BlockGroup": 60750478013 }, "geometry": { "type": "Polygon", "coordinates": [ [ [ -122.493168, 37.777774 ], [ -122.493297, 37.779688 ], [ -122.49315, 37.779777 ], [ -122.492372, 37.779814 ], [ -122.492232, 37.779747 ], [ -122.492109, 37.779828 ], [ -122.491286, 37.779854 ], [ -122.491167, 37.779795 ], [ -122.49108, 37.779876 ], [ -122.490232, 37.779911 ], [ -122.490097, 37.77984 ], [ -122.489953, 37.779919 ], [ -122.489138, 37.779957 ], [ -122.489013, 37.779891 ], [ -122.488876, 37.777972 ], [ -122.488741, 37.776107 ], [ -122.488606, 37.774241 ], [ -122.48968, 37.774192 ], [ -122.490752, 37.774143 ], [ -122.491824, 37.774094 ], [ -122.492903, 37.774045 ], [ -122.493044, 37.775911 ], [ -122.493168, 37.777774 ] ] ] } },
{ "type": "Feature", "properties": { "BlockGroup": 60750478021 }, "geometry": { "type": "Polygon", "coordinates": [ [ [ -122.498665, 37.779455 ], [ -122.498714, 37.780167 ], [ -122.49874, 37.780529 ], [ -122.49877, 37.780943 ], [ -122.498801, 37.781377 ], [ -122.49666, 37.781477 ], [ -122.495591, 37.781527 ], [ -122.49452, 37.781577 ], [ -122.493446, 37.781627 ], [ -122.493314, 37.779822 ], [ -122.493297, 37.779688 ], [ -122.493437, 37.779743 ], [ -122.494277, 37.779708 ], [ -122.494381, 37.77965 ], [ -122.494505, 37.779692 ], [ -122.495307, 37.779667 ], [ -122.495441, 37.779591 ], [ -122.495565, 37.779648 ], [ -122.49639, 37.779614 ], [ -122.496524, 37.779551 ], [ -122.49664, 37.779599 ], [ -122.497476, 37.779567 ], [ -122.497592, 37.779504 ], [ -122.497723, 37.779553 ], [ -122.498548, 37.779512 ], [ -122.498665, 37.779455 ] ] ] } },
{ "type": "Feature", "properties": { "BlockGroup": 60750478022 }, "geometry": { "type": "Polygon", "coordinates": [ [ [ -122.49825, 37.7738 ], [ -122.498386, 37.775667 ], [ -122.497319, 37.775715 ], [ -122.496259, 37.775764 ], [ -122.495175, 37.775813 ], [ -122.495039, 37.773947 ], [ -122.494903, 37.772081 ], [ -122.495972, 37.772032 ], [ -122.497047, 37.771983 ], [ -122.498114, 37.771934 ], [ -122.49825, 37.7738 ] ] ] } },
{ "type": "Feature", "properties": { "BlockGroup": 60750478023 }, "geometry": { "type": "Polygon", "coordinates": [ [ [ -122.498521, 37.777531 ], [ -122.498665, 37.779455 ], [ -122.498548, 37.779512 ], [ -122.497723, 37.779553 ], [ -122.497592, 37.779504 ], [ -122.497476, 37.779567 ], [ -122.49664, 37.779599 ], [ -122.496524, 37.779551 ], [ -122.49639, 37.779614 ], [ -122.495565, 37.779648 ], [ -122.495441, 37.779591 ], [ -122.495307, 37.779667 ], [ -122.494505, 37.779692 ], [ -122.494381, 37.77965 ], [ -122.494277, 37.779708 ], [ -122.493437, 37.779743 ], [ -122.493297, 37.779688 ], [ -122.493168, 37.777774 ], [ -122.49424, 37.777725 ], [ -122.49531, 37.777677 ], [ -122.496379, 37.777628 ], [ -122.497455, 37.777579 ], [ -122.497319, 37.775715 ], [ -122.498386, 37.775667 ], [ -122.498521, 37.777531 ] ] ] } },
{ "type": "Feature", "properties": { "BlockGroup": 60750479011 }, "geometry": { "type": "Polygon", "coordinates": [ [ [ -122.501598, 37.77552 ], [ -122.501733, 37.777385 ], [ -122.50066, 37.777435 ], [ -122.499591, 37.777482 ], [ -122.498521, 37.777531 ], [ -122.498386, 37.775667 ], [ -122.49825, 37.7738 ], [ -122.499319, 37.773751 ], [ -122.500386, 37.773702 ], [ -122.501463, 37.773653 ], [ -122.501598, 37.77552 ] ] ] } },
{ "type": "Feature", "properties": { "BlockGroup": 60750479012 }, "geometry": { "type": "Polygon", "coordinates": [ [ [ -122.513147, 37.770761 ], [ -122.513128, 37.771214 ], [ -122.513141, 37.771331 ], [ -122.513104, 37.771429 ], [ -122.513117, 37.771539 ], [ -122.513111, 37.771707 ], [ -122.513102, 37.771742 ], [ -122.513109, 37.771801 ], [ -122.513097, 37.771902 ], [ -122.513163, 37.772232 ], [ -122.513144, 37.772261 ], [ -122.513143, 37.772299 ], [ -122.513179, 37.77237 ], [ -122.513178, 37.772412 ], [ -122.513138, 37.772483 ], [ -122.513133, 37.772518 ], [ -122.513148, 37.772557 ], [ -122.513128, 37.772863 ], [ -122.513144, 37.772918 ], [ -122.513135, 37.772953 ], [ -122.513146, 37.773046 ], [ -122.51312, 37.773099 ], [ -122.513109, 37.773165 ], [ -122.513117, 37.773227 ], [ -122.513136, 37.773276 ], [ -122.513137, 37.773396 ], [ -122.513124, 37.773514 ], [ -122.513137, 37.773648 ], [ -122.513131, 37.773759 ], [ -122.513099, 37.77391 ], [ -122.513116, 37.77455 ], [ -122.513165, 37.774891 ], [ -122.51317, 37.775109 ], [ -122.51315, 37.775202 ], [ -122.513168, 37.775295 ], [ -122.513139, 37.775383 ], [ -122.513155, 37.775413 ], [ -122.513118, 37.775495 ], [ -122.513116, 37.775992 ], [ -122.51322, 37.776643 ], [ -122.513262, 37.776766 ], [ -122.513273, 37.776853 ], [ -122.513337, 37.777197 ], [ -122.513351, 37.77733 ], [ -122.513419, 37.777443 ], [ -122.513485, 37.777542 ], [ -122.513512, 37.777603 ], [ -122.513606, 37.777634 ], [ -122.51379, 37.777711 ], [ -122.51397, 37.777743 ], [ -122.51413, 37.777902 ], [ -122.514272, 37.778125 ], [ -122.514414, 37.778271 ], [ -122.51463, 37.778506 ], [ -122.514662, 37.778644 ], [ -122.514636, 37.778748 ], [ -122.514565, 37.778846 ], [ -122.514579, 37.778978 ], [ -122.514499, 37.779154 ], [ -122.514494, 37.779243 ], [ -122.514568, 37.779418 ], [ -122.514671, 37.779446 ], [ -122.514854, 37.779525 ], [ -122.514948, 37.779719 ], [ -122.514897, 37.779848 ], [ -122.51475, 37.779872 ], [ -122.514641, 37.779821 ], [ -122.514565, 37.779897 ], [ -122.514535, 37.780082 ], [ -122.514512, 37.780269 ], [ -122.514475, 37.780426 ], [ -122.514467, 37.780603 ], [ -122.514648, 37.780861 ], [ -122.514724, 37.781134 ], [ -122.514666, 37.781204 ], [ -122.514586, 37.781301 ], [ -122.514468, 37.781303 ], [ -122.514293, 37.781279 ], [ -122.514303, 37.781352 ], [ -122.514285, 37.781429 ], [ -122.514242, 37.781465 ], [ -122.513868, 37.781428 ], [ -122.513759, 37.781477 ], [ -122.513883, 37.781615 ], [ -122.513812, 37.781738 ], [ -122.513696, 37.781892 ], [ -122.513671, 37.781982 ], [ -122.513523, 37.782081 ], [ -122.513467, 37.782192 ], [ -122.513546, 37.782286 ], [ -122.51359, 37.782397 ], [ -122.513504, 37.782433 ], [ -122.51346, 37.782521 ], [ -122.51349, 37.782577 ], [ -122.513499, 37.782634 ], [ -122.513499, 37.782701 ], [ -122.513444, 37.782781 ], [ -122.513313, 37.782817 ], [ -122.513178, 37.782749 ], [ -122.513099, 37.782774 ], [ -122.513082, 37.782896 ], [ -122.512986, 37.783036 ], [ -122.51302, 37.783139 ], [ -122.513026, 37.7832 ], [ -122.512879, 37.783237 ], [ -122.512854, 37.783353 ], [ -122.512806, 37.783475 ], [ -122.512706, 37.783554 ], [ -122.512519, 37.78362 ], [ -122.512466, 37.783743 ], [ -122.512646, 37.783874 ], [ -122.512714, 37.783931 ], [ -122.512652, 37.784021 ], [ -122.512681, 37.78412 ], [ -122.512566, 37.784153 ], [ -122.512295, 37.783942 ], [ -122.512112, 37.783793 ], [ -122.511916, 37.783949 ], [ -122.511936, 37.784103 ], [ -122.512002, 37.784162 ], [ -122.512011, 37.784237 ], [ -122.511977, 37.784291 ], [ -122.511911, 37.784326 ], [ -122.511796, 37.784312 ], [ -122.511643, 37.784335 ], [ -122.511486, 37.784289 ], [ -122.511302, 37.784284 ], [ -122.511334, 37.784425 ], [ -122.511306, 37.784554 ], [ -122.511229, 37.784589 ], [ -122.511025, 37.784485 ], [ -122.510971, 37.784497 ], [ -122.510839, 37.784585 ], [ -122.510747, 37.784672 ], [ -122.510492, 37.784697 ], [ -122.510371, 37.784699 ], [ -122.510237, 37.784734 ], [ -122.510169, 37.784703 ], [ -122.509994, 37.784727 ], [ -122.509854, 37.784794 ], [ -122.50983, 37.784419 ], [ -122.509783, 37.784029 ], [ -122.507484, 37.782185 ], [ -122.508337, 37.782278 ], [ -122.50848, 37.782279 ], [ -122.508616, 37.782222 ], [ -122.508762, 37.782051 ], [ -122.508924, 37.782013 ], [ -122.509739, 37.78219 ], [ -122.509837, 37.782195 ], [ -122.509974, 37.78216 ], [ -122.510102, 37.782064 ], [ -122.510215, 37.78203 ], [ -122.51035, 37.782057 ], [ -122.510506, 37.782122 ], [ -122.510636, 37.782123 ], [ -122.510781, 37.782059 ], [ -122.509879, 37.780627 ], [ -122.509593, 37.780173 ], [ -122.509433, 37.779851 ], [ -122.509368, 37.778965 ], [ -122.509228, 37.777044 ], [ -122.509159, 37.7761 ], [ -122.509127, 37.775672 ], [ -122.509124, 37.775623 ], [ -122.509092, 37.775177 ], [ -122.508958, 37.773309 ], [ -122.507888, 37.773358 ], [ -122.506821, 37.773407 ], [ -122.505747, 37.773456 ], [ -122.505716, 37.773035 ], [ -122.505611, 37.771592 ], [ -122.506685, 37.771542 ], [ -122.507751, 37.771495 ], [ -122.508823, 37.771446 ], [ -122.509895, 37.771396 ], [ -122.511054, 37.771342 ], [ -122.513147, 37.770761 ] ] ] } },
{ "type": "Feature", "properties": { "BlockGroup": 60750479013 }, "geometry": { "type": "Polygon", "coordinates": [ [ [ -122.501463, 37.773653 ], [ -122.502535, 37.773604 ], [ -122.503609, 37.773554 ], [ -122.50468, 37.773505 ], [ -122.505747, 37.773456 ], [ -122.505884, 37.775324 ], [ -122.506022, 37.77719 ], [ -122.504952, 37.777239 ], [ -122.503881, 37.777287 ], [ -122.502807, 37.777336 ], [ -122.501733, 37.777385 ], [ -122.501598, 37.77552 ], [ -122.501463, 37.773653 ] ] ] } },
{ "type": "Feature", "properties": { "BlockGroup": 60750479014 }, "geometry": { "type": "Polygon", "coordinates": [ [ [ -122.50468, 37.773505 ], [ -122.503609, 37.773554 ], [ -122.502535, 37.773604 ], [ -122.501463, 37.773653 ], [ -122.500386, 37.773702 ], [ -122.499319, 37.773751 ], [ -122.49825, 37.7738 ], [ -122.498114, 37.771934 ], [ -122.499183, 37.771885 ], [ -122.500258, 37.771836 ], [ -122.501328, 37.771787 ], [ -122.5024, 37.771738 ], [ -122.503473, 37.771689 ], [ -122.504544, 37.77164 ], [ -122.505611, 37.771592 ], [ -122.505716, 37.773035 ], [ -122.505747, 37.773456 ], [ -122.50468, 37.773505 ] ] ] } },
{ "type": "Feature", "properties": { "BlockGroup": 60750479015 }, "geometry": { "type": "Polygon", "coordinates": [ [ [ -122.509124, 37.775623 ], [ -122.509127, 37.775672 ], [ -122.509159, 37.7761 ], [ -122.509228, 37.777044 ], [ -122.508161, 37.777093 ], [ -122.507094, 37.777141 ], [ -122.506022, 37.77719 ], [ -122.505884, 37.775324 ], [ -122.505747, 37.773456 ], [ -122.506821, 37.773407 ], [ -122.507888, 37.773358 ], [ -122.508958, 37.773309 ], [ -122.509092, 37.775177 ], [ -122.509124, 37.775623 ] ] ] } },
{ "type": "Feature", "properties": { "BlockGroup": 60750479021 }, "geometry": { "type": "Polygon", "coordinates": [ [ [ -122.509433, 37.779851 ], [ -122.509593, 37.780173 ], [ -122.509879, 37.780627 ], [ -122.507892, 37.780721 ], [ -122.506752, 37.780773 ], [ -122.506509, 37.780857 ], [ -122.5063, 37.780996 ], [ -122.506188, 37.781032 ], [ -122.506008, 37.78104 ], [ -122.505226, 37.781077 ], [ -122.505135, 37.7798 ], [ -122.50509, 37.77916 ], [ -122.506165, 37.779111 ], [ -122.506022, 37.77719 ], [ -122.507094, 37.777141 ], [ -122.508161, 37.777093 ], [ -122.509228, 37.777044 ], [ -122.509368, 37.778965 ], [ -122.509433, 37.779851 ] ] ] } },
{ "type": "Feature", "properties": { "BlockGroup": 60750479022 }, "geometry": { "type": "Polygon", "coordinates": [ [ [ -122.50509, 37.77916 ], [ -122.505135, 37.7798 ], [ -122.505226, 37.781077 ], [ -122.50416, 37.781127 ], [ -122.503086, 37.781177 ], [ -122.502012, 37.781227 ], [ -122.501887, 37.779514 ], [ -122.501871, 37.779307 ], [ -122.501733, 37.777385 ], [ -122.502807, 37.777336 ], [ -122.503881, 37.777287 ], [ -122.504952, 37.777239 ], [ -122.506022, 37.77719 ], [ -122.506165, 37.779111 ], [ -122.50509, 37.77916 ] ] ] } },
{ "type": "Feature", "properties": { "BlockGroup": 60750479023 }, "geometry": { "type": "Polygon", "coordinates": [ [ [ -122.501887, 37.779514 ], [ -122.502012, 37.781227 ], [ -122.500945, 37.781277 ], [ -122.499871, 37.781327 ], [ -122.498801, 37.781377 ], [ -122.49877, 37.780943 ], [ -122.49874, 37.780529 ], [ -122.498714, 37.780167 ], [ -122.498665, 37.779455 ], [ -122.498521, 37.777531 ], [ -122.499591, 37.777482 ], [ -122.50066, 37.777435 ], [ -122.501733, 37.777385 ], [ -122.501871, 37.779307 ], [ -122.501887, 37.779514 ] ] ] } },
{ "type": "Feature", "properties": { "BlockGroup": 60750601001 }, "geometry": { "type": "Polygon", "coordinates": [ [ [ -122.476625, 37.786796 ], [ -122.477696, 37.786797 ], [ -122.47878, 37.7869 ], [ -122.479845, 37.786796 ], [ -122.481003, 37.787067 ], [ -122.481871, 37.78722 ], [ -122.483799, 37.78774 ], [ -122.484534, 37.789223 ], [ -122.483985, 37.789769 ], [ -122.484315, 37.790071 ], [ -122.484321, 37.789949 ], [ -122.484406, 37.789641 ], [ -122.485046, 37.789533 ], [ -122.485426, 37.789825 ], [ -122.485943, 37.790839 ], [ -122.485895, 37.790894 ], [ -122.485741, 37.791022 ], [ -122.485411, 37.791468 ], [ -122.485285, 37.791713 ], [ -122.484996, 37.791948 ], [ -122.484753, 37.792215 ], [ -122.484542, 37.792522 ], [ -122.484364, 37.79274 ], [ -122.484184, 37.793062 ], [ -122.484073, 37.793295 ], [ -122.483858, 37.793646 ], [ -122.483593, 37.794035 ], [ -122.483294, 37.794671 ], [ -122.483518, 37.79473 ], [ -122.483088, 37.795612 ], [ -122.482999, 37.795903 ], [ -122.482851, 37.796178 ], [ -122.482667, 37.796814 ], [ -122.482505, 37.797149 ], [ -122.48235, 37.797496 ], [ -122.48218, 37.797833 ], [ -122.482169, 37.797996 ], [ -122.482136, 37.79813 ], [ -122.482085, 37.798234 ], [ -122.482122, 37.79829 ], [ -122.482129, 37.798329 ], [ -122.482079, 37.798472 ], [ -122.482042, 37.798509 ], [ -122.481958, 37.798535 ], [ -122.48187, 37.798535 ], [ -122.481831, 37.798574 ], [ -122.481914, 37.798729 ], [ -122.481933, 37.798775 ], [ -122.481895, 37.79878 ], [ -122.481783, 37.798686 ], [ -122.481759, 37.798795 ], [ -122.481736, 37.798806 ], [ -122.481729, 37.798846 ], [ -122.481698, 37.798857 ], [ -122.481554, 37.798748 ], [ -122.481545, 37.798792 ], [ -122.481675, 37.798888 ], [ -122.481685, 37.79893 ], [ -122.481643, 37.798933 ], [ -122.48162, 37.798952 ], [ -122.481562, 37.799036 ], [ -122.481553, 37.799086 ], [ -122.481537, 37.79914 ], [ -122.481507, 37.799211 ], [ -122.481472, 37.799267 ], [ -122.481416, 37.799334 ], [ -122.48138, 37.799367 ], [ -122.481394, 37.799401 ], [ -122.481388, 37.79945 ], [ -122.481312, 37.799517 ], [ -122.4812, 37.799556 ], [ -122.481106, 37.799613 ], [ -122.481069, 37.799704 ], [ -122.481064, 37.799823 ], [ -122.481041, 37.799871 ], [ -122.480987, 37.799938 ], [ -122.48098, 37.800014 ], [ -122.480974, 37.800331 ], [ -122.48086, 37.800385 ], [ -122.480757, 37.800443 ], [ -122.480678, 37.800582 ], [ -122.480655, 37.800648 ], [ -122.480593, 37.800725 ], [ -122.480538, 37.800815 ], [ -122.480468, 37.80095 ], [ -122.480375, 37.801095 ], [ -122.480296, 37.801293 ], [ -122.480202, 37.801417 ], [ -122.480181, 37.801558 ], [ -122.480072, 37.801845 ], [ -122.480027, 37.802059 ], [ -122.480044, 37.802235 ], [ -122.480005, 37.802388 ], [ -122.479967, 37.802605 ], [ -122.479927, 37.80275 ], [ -122.479899, 37.802898 ], [ -122.479612, 37.803428 ], [ -122.479497, 37.803573 ], [ -122.479357, 37.803861 ], [ -122.479173, 37.804332 ], [ -122.479146, 37.804483 ], [ -122.479061, 37.804693 ], [ -122.478953, 37.804882 ], [ -122.478814, 37.805291 ], [ -122.478729, 37.805493 ], [ -122.478723, 37.805679 ], [ -122.478697, 37.805843 ], [ -122.478686, 37.805962 ], [ -122.478628, 37.806008 ], [ -122.478654, 37.80609 ], [ -122.478632, 37.80612 ], [ -122.47866, 37.806171 ], [ -122.478627, 37.806353 ], [ -122.478624, 37.80647 ], [ -122.478577, 37.806638 ], [ -122.478545, 37.80696 ], [ -122.478527, 37.807067 ], [ -122.478527, 37.807185 ], [ -122.478521, 37.807253 ], [ -122.478489, 37.807311 ], [ -122.478484, 37.807411 ], [ -122.478496, 37.80755 ], [ -122.478476, 37.807833 ], [ -122.478405, 37.808093 ], [ -122.478181, 37.808214 ], [ -122.478061, 37.808278 ], [ -122.477896, 37.808449 ], [ -122.477886, 37.808531 ], [ -122.477924, 37.808669 ], [ -122.477956, 37.809252 ], [ -122.477923, 37.809783 ], [ -122.477957, 37.810111 ], [ -122.477925, 37.810324 ], [ -122.477976, 37.810543 ], [ -122.477691, 37.810628 ], [ -122.477738, 37.810943 ], [ -122.477669, 37.81096 ], [ -122.477578, 37.810977 ], [ -122.477469, 37.810997 ], [ -122.477314, 37.811025 ], [ -122.476952, 37.810983 ], [ -122.476622, 37.810877 ], [ -122.476561, 37.810893 ], [ -122.476466, 37.810836 ], [ -122.476399, 37.810758 ], [ -122.476244, 37.810424 ], [ -122.476193, 37.810243 ], [ -122.476155, 37.809859 ], [ -122.476049, 37.80964 ], [ -122.475968, 37.809575 ], [ -122.47579, 37.809485 ], [ -122.475541, 37.809387 ], [ -122.474949, 37.80926 ], [ -122.474802, 37.809179 ], [ -122.474477, 37.809144 ], [ -122.474059, 37.809107 ], [ -122.473248, 37.8091 ], [ -122.472666, 37.809034 ], [ -122.472248, 37.80897 ], [ -122.471807, 37.808865 ], [ -122.471623, 37.808859 ], [ -122.471577, 37.808857 ], [ -122.471241, 37.808797 ], [ -122.470932, 37.808717 ], [ -122.47066, 37.808614 ], [ -122.470601, 37.808599 ], [ -122.470033, 37.80943 ], [ -122.46999, 37.809452 ], [ -122.469923, 37.809435 ], [ -122.469403, 37.809204 ], [ -122.469387, 37.809167 ], [ -122.469446, 37.809068 ], [ -122.469513, 37.809054 ], [ -122.470047, 37.809289 ], [ -122.470537, 37.808582 ], [ -122.47042, 37.808453 ], [ -122.470228, 37.808354 ], [ -122.470098, 37.808266 ], [ -122.470014, 37.808202 ], [ -122.469816, 37.808099 ], [ -122.469586, 37.807953 ], [ -122.469304, 37.807727 ], [ -122.469234, 37.807569 ], [ -122.469112, 37.807371 ], [ -122.468869, 37.807067 ], [ -122.46879, 37.807003 ], [ -122.468642, 37.806925 ], [ -122.468303, 37.806818 ], [ -122.468149, 37.806981 ], [ -122.468042, 37.806913 ], [ -122.468205, 37.806743 ], [ -122.468155, 37.8067 ], [ -122.467927, 37.806564 ], [ -122.467767, 37.806455 ], [ -122.467356, 37.806141 ], [ -122.467204, 37.806012 ], [ -122.466996, 37.80591 ], [ -122.466671, 37.805803 ], [ -122.466474, 37.805989 ], [ -122.466058, 37.806416 ], [ -122.465889, 37.806308 ], [ -122.465954, 37.806241 ], [ -122.466056, 37.806301 ], [ -122.466073, 37.806282 ], [ -122.466132, 37.806317 ], [ -122.466652, 37.805791 ], [ -122.466074, 37.805582 ], [ -122.465896, 37.805571 ], [ -122.465825, 37.805547 ], [ -122.465649, 37.805488 ], [ -122.465461, 37.805394 ], [ -122.464552, 37.805114 ], [ -122.46423, 37.805004 ], [ -122.463987, 37.80494 ], [ -122.463579, 37.80488 ], [ -122.463272, 37.804888 ], [ -122.462953, 37.804917 ], [ -122.46243, 37.805014 ], [ -122.462213, 37.805019 ], [ -122.462027, 37.804955 ], [ -122.461897, 37.80493 ], [ -122.461602, 37.804957 ], [ -122.461272, 37.805023 ], [ -122.461008, 37.805087 ], [ -122.459773, 37.805253 ], [ -122.459578, 37.805293 ], [ -122.459346, 37.805359 ], [ -122.459146, 37.8054 ], [ -122.458903, 37.80543 ], [ -122.458683, 37.805444 ], [ -122.458423, 37.805477 ], [ -122.458218, 37.805516 ], [ -122.457989, 37.805574 ], [ -122.457775, 37.805651 ], [ -122.457555, 37.805715 ], [ -122.45733, 37.805767 ], [ -122.457187, 37.805794 ], [ -122.456863, 37.805828 ], [ -122.456541, 37.805877 ], [ -122.456224, 37.805938 ], [ -122.455911, 37.806013 ], [ -122.455565, 37.806112 ], [ -122.454483, 37.806469 ], [ -122.454354, 37.806478 ], [ -122.454308, 37.806459 ], [ -122.454294, 37.806376 ], [ -122.454086, 37.80636 ], [ -122.453816, 37.806293 ], [ -122.453296, 37.806259 ], [ -122.452782, 37.80627 ], [ -122.452439, 37.806267 ], [ -122.451654, 37.806353 ], [ -122.450906, 37.806532 ], [ -122.450459, 37.806646 ], [ -122.449912, 37.806721 ], [ -122.449819, 37.806724 ], [ -122.44972, 37.806719 ], [ -122.449631, 37.806734 ], [ -122.449479, 37.8068 ], [ -122.4494, 37.806822 ], [ -122.449304, 37.806837 ], [ -122.449171, 37.806837 ], [ -122.449108, 37.806831 ], [ -122.449049, 37.80682 ], [ -122.449012, 37.806784 ], [ -122.448891, 37.806726 ], [ -122.448728, 37.806702 ], [ -122.448566, 37.806755 ], [ -122.448311, 37.806814 ], [ -122.448216, 37.806848 ], [ -122.448127, 37.806896 ], [ -122.448185, 37.806755 ], [ -122.448146, 37.80635 ], [ -122.448184, 37.806339 ], [ -122.448386, 37.80622 ], [ -122.448492, 37.806088 ], [ -122.448321, 37.804994 ], [ -122.448279, 37.804724 ], [ -122.448241, 37.804478 ], [ -122.448815, 37.804229 ], [ -122.449124, 37.804008 ], [ -122.449388, 37.803711 ], [ -122.449496, 37.80347 ], [ -122.449584, 37.803153 ], [ -122.449565, 37.802791 ], [ -122.44946, 37.802454 ], [ -122.449179, 37.802074 ], [ -122.448803, 37.801772 ], [ -122.44836, 37.801587 ], [ -122.447922, 37.801532 ], [ -122.44782, 37.801633 ], [ -122.447695, 37.800832 ], [ -122.447656, 37.800681 ], [ -122.447613, 37.800324 ], [ -122.447466, 37.79939 ], [ -122.447341, 37.798553 ], [ -122.447303, 37.798459 ], [ -122.447158, 37.797515 ], [ -122.447015, 37.796579 ], [ -122.446871, 37.795641 ], [ -122.446728, 37.794706 ], [ -122.446652, 37.794195 ], [ -122.446588, 37.793765 ], [ -122.446524, 37.793337 ], [ -122.446446, 37.792811 ], [ -122.4463, 37.791879 ], [ -122.447679, 37.791703 ], [ -122.449367, 37.791488 ], [ -122.449426, 37.791637 ], [ -122.450995, 37.791323 ], [ -122.45274, 37.790974 ], [ -122.454229, 37.790676 ], [ -122.455836, 37.790355 ], [ -122.45748, 37.790026 ], [ -122.459029, 37.789716 ], [ -122.459476, 37.789711 ], [ -122.459925, 37.789543 ], [ -122.463581, 37.788806 ], [ -122.464781, 37.788564 ], [ -122.465842, 37.78835 ], [ -122.466924, 37.788132 ], [ -122.467989, 37.787849 ], [ -122.470081, 37.787399 ], [ -122.470912, 37.787221 ], [ -122.47116, 37.787223 ], [ -122.472234, 37.787232 ], [ -122.472352, 37.787234 ], [ -122.472473, 37.787229 ], [ -122.473321, 37.787193 ], [ -122.474427, 37.786975 ], [ -122.475547, 37.786782 ], [ -122.476625, 37.786796 ] ] ] } },
{ "type": "Feature", "properties": { "BlockGroup": 60750604001 }, "geometry": { "type": "MultiPolygon", "coordinates": [ [ [ [ -122.502485, 37.708133 ], [ -122.502778, 37.708133 ], [ -122.502832, 37.708133 ], [ -122.502847, 37.70834 ], [ -122.502922, 37.708519 ], [ -122.50297, 37.708764 ], [ -122.503004, 37.708964 ], [ -122.503022, 37.709109 ], [ -122.503232, 37.709642 ], [ -122.50327, 37.710044 ], [ -122.503333, 37.710322 ], [ -122.503426, 37.710623 ], [ -122.503502, 37.710901 ], [ -122.503435, 37.711025 ], [ -122.503526, 37.71128 ], [ -122.503585, 37.711391 ], [ -122.503652, 37.711815 ], [ -122.50397, 37.711976 ], [ -122.504033, 37.712136 ], [ -122.504095, 37.712565 ], [ -122.504126, 37.71282 ], [ -122.504199, 37.713007 ], [ -122.504197, 37.713276 ], [ -122.504304, 37.713482 ], [ -122.504352, 37.713717 ], [ -122.504382, 37.713904 ], [ -122.504659, 37.714855 ], [ -122.504773, 37.71516 ], [ -122.50488, 37.715397 ], [ -122.505022, 37.715738 ], [ -122.505053, 37.715944 ], [ -122.505102, 37.716122 ], [ -122.505314, 37.716713 ], [ -122.505413, 37.71692 ], [ -122.505484, 37.717112 ], [ -122.505568, 37.717303 ], [ -122.505585, 37.717538 ], [ -122.505661, 37.717813 ], [ -122.505766, 37.718088 ], [ -122.505827, 37.71833 ], [ -122.50579, 37.718519 ], [ -122.505879, 37.718705 ], [ -122.505979, 37.718837 ], [ -122.506069, 37.71909 ], [ -122.506076, 37.719355 ], [ -122.506097, 37.71962 ], [ -122.506129, 37.719754 ], [ -122.506114, 37.719904 ], [ -122.506101, 37.719973 ], [ -122.506088, 37.720136 ], [ -122.506096, 37.720287 ], [ -122.506148, 37.720658 ], [ -122.506243, 37.720896 ], [ -122.506318, 37.721023 ], [ -122.506428, 37.721385 ], [ -122.506548, 37.72166 ], [ -122.507677, 37.728466 ], [ -122.507717, 37.728548 ], [ -122.507761, 37.728627 ], [ -122.50777, 37.728738 ], [ -122.507796, 37.728866 ], [ -122.507807, 37.729046 ], [ -122.507826, 37.729164 ], [ -122.507873, 37.729293 ], [ -122.507911, 37.729436 ], [ -122.507948, 37.729543 ], [ -122.508011, 37.729648 ], [ -122.50804, 37.729656 ], [ -122.508038, 37.7297 ], [ -122.508057, 37.729756 ], [ -122.508064, 37.729815 ], [ -122.508064, 37.729911 ], [ -122.508073, 37.730041 ], [ -122.508086, 37.730091 ], [ -122.508087, 37.730169 ], [ -122.508095, 37.730244 ], [ -122.508111, 37.730328 ], [ -122.50811, 37.730402 ], [ -122.508128, 37.730525 ], [ -122.508163, 37.730636 ], [ -122.508168, 37.730757 ], [ -122.508155, 37.730821 ], [ -122.508165, 37.730883 ], [ -122.508185, 37.730953 ], [ -122.508163, 37.731001 ], [ -122.508078, 37.73106 ], [ -122.508071, 37.731103 ], [ -122.508019, 37.731193 ], [ -122.508028, 37.731243 ], [ -122.50805, 37.731311 ], [ -122.508048, 37.731357 ], [ -122.508013, 37.731439 ], [ -122.508028, 37.731473 ], [ -122.508041, 37.731532 ], [ -122.508034, 37.731585 ], [ -122.508033, 37.731638 ], [ -122.508046, 37.731724 ], [ -122.508064, 37.731781 ], [ -122.508069, 37.731867 ], [ -122.508098, 37.731972 ], [ -122.508122, 37.732008 ], [ -122.508164, 37.732057 ], [ -122.508187, 37.732191 ], [ -122.508211, 37.73226 ], [ -122.508256, 37.732336 ], [ -122.508253, 37.732418 ], [ -122.508266, 37.732487 ], [ -122.508302, 37.732554 ], [ -122.508325, 37.732629 ], [ -122.508355, 37.732684 ], [ -122.508406, 37.732815 ], [ -122.508417, 37.732888 ], [ -122.508347, 37.732967 ], [ -122.508317, 37.733017 ], [ -122.508298, 37.733061 ], [ -122.508297, 37.733123 ], [ -122.508307, 37.733189 ], [ -122.508291, 37.733223 ], [ -122.508292, 37.733266 ], [ -122.508286, 37.73331 ], [ -122.508261, 37.733338 ], [ -122.508257, 37.73339 ], [ -122.508264, 37.733447 ], [ -122.508264, 37.733547 ], [ -122.508271, 37.733586 ], [ -122.508276, 37.733668 ], [ -122.508268, 37.733709 ], [ -122.50829, 37.733748 ], [ -122.508303, 37.733814 ], [ -122.508249, 37.733883 ], [ -122.508239, 37.73435 ], [ -122.508257, 37.734422 ], [ -122.508246, 37.734452 ], [ -122.508265, 37.734509 ], [ -122.508257, 37.734527 ], [ -122.508258, 37.734562 ], [ -122.508282, 37.734595 ], [ -122.508271, 37.734634 ], [ -122.508269, 37.734769 ], [ -122.508273, 37.734815 ], [ -122.508315, 37.734912 ], [ -122.50835, 37.735023 ], [ -122.508408, 37.735054 ], [ -122.508455, 37.735101 ], [ -122.508462, 37.735124 ], [ -122.508477, 37.735151 ], [ -122.508478, 37.735183 ], [ -122.508497, 37.735256 ], [ -122.508536, 37.735327 ], [ -122.508538, 37.735402 ], [ -122.506717, 37.73547 ], [ -122.506516, 37.735384 ], [ -122.505369, 37.735383 ], [ -122.505257, 37.735475 ], [ -122.505153, 37.735565 ], [ -122.504185, 37.735558 ], [ -122.503219, 37.735551 ], [ -122.503105, 37.735466 ], [ -122.502995, 37.735555 ], [ -122.502558, 37.735557 ], [ -122.502031, 37.735515 ], [ -122.501595, 37.735438 ], [ -122.501179, 37.735342 ], [ -122.501097, 37.735206 ], [ -122.500902, 37.735253 ], [ -122.500493, 37.735105 ], [ -122.500063, 37.734905 ], [ -122.499239, 37.734454 ], [ -122.499196, 37.734312 ], [ -122.499033, 37.734359 ], [ -122.498606, 37.734186 ], [ -122.498031, 37.734027 ], [ -122.497487, 37.733925 ], [ -122.496856, 37.733867 ], [ -122.496636, 37.733771 ], [ -122.49676, 37.733586 ], [ -122.497456, 37.733013 ], [ -122.498107, 37.732268 ], [ -122.499059, 37.731576 ], [ -122.49823, 37.731376 ], [ -122.498002, 37.731278 ], [ -122.49806, 37.731165 ], [ -122.497871, 37.73073 ], [ -122.497364, 37.729689 ], [ -122.497354, 37.729668 ], [ -122.497233, 37.72949 ], [ -122.497017, 37.729303 ], [ -122.496699, 37.729124 ], [ -122.496357, 37.729034 ], [ -122.496035, 37.729012 ], [ -122.495688, 37.729059 ], [ -122.494286, 37.729399 ], [ -122.49347, 37.729597 ], [ -122.493444, 37.729485 ], [ -122.493311, 37.729363 ], [ -122.492538, 37.728947 ], [ -122.492267, 37.72884 ], [ -122.491929, 37.728797 ], [ -122.491709, 37.728827 ], [ -122.491442, 37.728864 ], [ -122.491011, 37.729073 ], [ -122.490974, 37.729112 ], [ -122.490559, 37.729548 ], [ -122.490547, 37.729652 ], [ -122.490425, 37.729692 ], [ -122.490135, 37.730003 ], [ -122.489901, 37.730165 ], [ -122.48958, 37.730286 ], [ -122.489205, 37.730319 ], [ -122.48889, 37.730257 ], [ -122.486724, 37.729587 ], [ -122.486552, 37.729585 ], [ -122.486473, 37.729504 ], [ -122.485722, 37.729292 ], [ -122.485405, 37.729019 ], [ -122.484053, 37.727412 ], [ -122.483957, 37.72709 ], [ -122.483864, 37.72702 ], [ -122.483816, 37.726931 ], [ -122.483881, 37.726673 ], [ -122.484393, 37.725452 ], [ -122.484629, 37.72489 ], [ -122.484962, 37.724095 ], [ -122.485075, 37.724 ], [ -122.485127, 37.723948 ], [ -122.485122, 37.723166 ], [ -122.485143, 37.722904 ], [ -122.485129, 37.718625 ], [ -122.485077, 37.718574 ], [ -122.485129, 37.718534 ], [ -122.485128, 37.718361 ], [ -122.485076, 37.718328 ], [ -122.485128, 37.718277 ], [ -122.485127, 37.718056 ], [ -122.485211, 37.716209 ], [ -122.485276, 37.714792 ], [ -122.485229, 37.714695 ], [ -122.485043, 37.714754 ], [ -122.481822, 37.714658 ], [ -122.480391, 37.7146 ], [ -122.480302, 37.71454 ], [ -122.480205, 37.714592 ], [ -122.479961, 37.714591 ], [ -122.478886, 37.714567 ], [ -122.477016, 37.714593 ], [ -122.476624, 37.714567 ], [ -122.476293, 37.714499 ], [ -122.475907, 37.714398 ], [ -122.475537, 37.714247 ], [ -122.475475, 37.714157 ], [ -122.475342, 37.71416 ], [ -122.473964, 37.713446 ], [ -122.473391, 37.713233 ], [ -122.472821, 37.71302 ], [ -122.472737, 37.712927 ], [ -122.472584, 37.712932 ], [ -122.472371, 37.712868 ], [ -122.472269, 37.712838 ], [ -122.471869, 37.712797 ], [ -122.471355, 37.712802 ], [ -122.471337, 37.712689 ], [ -122.471311, 37.712475 ], [ -122.471255, 37.711831 ], [ -122.471252, 37.711592 ], [ -122.471239, 37.710648 ], [ -122.471225, 37.709657 ], [ -122.471215, 37.708939 ], [ -122.471268, 37.708656 ], [ -122.471277, 37.708609 ], [ -122.471319, 37.708305 ], [ -122.471485, 37.708331 ], [ -122.471531, 37.708332 ], [ -122.471761, 37.708334 ], [ -122.471837, 37.708332 ], [ -122.481083, 37.708232 ], [ -122.483783, 37.708332 ], [ -122.484883, 37.708332 ], [ -122.485117, 37.708285 ], [ -122.485382, 37.708231 ], [ -122.48559, 37.708231 ], [ -122.48563, 37.708232 ], [ -122.485702, 37.708232 ], [ -122.486042, 37.708233 ], [ -122.48669, 37.708233 ], [ -122.493583, 37.708232 ], [ -122.497783, 37.708132 ], [ -122.498169, 37.708132 ], [ -122.498233, 37.708132 ], [ -122.502485, 37.708133 ] ], [ [ -122.485616, 37.716222 ], [ -122.492383, 37.721731 ], [ -122.495583, 37.722231 ], [ -122.497316, 37.723049 ], [ -122.497295, 37.723078 ], [ -122.49732, 37.723092 ], [ -122.497451, 37.723212 ], [ -122.497519, 37.723289 ], [ -122.497578, 37.72332 ], [ -122.497638, 37.723365 ], [ -122.497647, 37.723435 ], [ -122.497746, 37.723459 ], [ -122.497837, 37.723553 ], [ -122.497911, 37.723612 ], [ -122.498004, 37.72366 ], [ -122.498005, 37.723712 ], [ -122.498113, 37.723806 ], [ -122.498212, 37.723822 ], [ -122.498213, 37.723854 ], [ -122.498321, 37.723942 ], [ -122.498332, 37.723968 ], [ -122.498408, 37.724013 ], [ -122.498397, 37.724062 ], [ -122.498614, 37.724232 ], [ -122.498831, 37.724463 ], [ -122.498963, 37.724594 ], [ -122.499005, 37.724675 ], [ -122.499287, 37.72494 ], [ -122.499342, 37.724979 ], [ -122.49931, 37.72502 ], [ -122.499519, 37.725156 ], [ -122.499592, 37.725166 ], [ -122.499643, 37.725197 ], [ -122.499648, 37.725232 ], [ -122.499696, 37.72524 ], [ -122.499753, 37.725282 ], [ -122.499878, 37.725393 ], [ -122.499994, 37.725437 ], [ -122.499998, 37.72546 ], [ -122.500042, 37.725489 ], [ -122.500062, 37.725529 ], [ -122.500106, 37.725557 ], [ -122.500278, 37.725592 ], [ -122.500311, 37.725614 ], [ -122.500382, 37.725648 ], [ -122.500387, 37.72567 ], [ -122.500452, 37.72569 ], [ -122.500561, 37.725747 ], [ -122.500678, 37.725823 ], [ -122.50077, 37.72583 ], [ -122.500782, 37.725893 ], [ -122.500885, 37.725921 ], [ -122.500931, 37.725966 ], [ -122.501125, 37.72596 ], [ -122.50115, 37.72598 ], [ -122.501212, 37.725987 ], [ -122.501246, 37.726031 ], [ -122.501338, 37.726058 ], [ -122.501382, 37.726083 ], [ -122.501478, 37.726096 ], [ -122.501588, 37.726077 ], [ -122.501621, 37.726076 ], [ -122.501664, 37.726067 ], [ -122.501725, 37.726045 ], [ -122.501775, 37.72601 ], [ -122.501829, 37.72596 ], [ -122.501871, 37.725933 ], [ -122.501922, 37.725912 ], [ -122.501896, 37.725906 ], [ -122.501977, 37.72587 ], [ -122.50203, 37.725852 ], [ -122.502069, 37.725825 ], [ -122.5021, 37.725758 ], [ -122.502122, 37.725732 ], [ -122.502154, 37.725705 ], [ -122.502189, 37.725664 ], [ -122.502286, 37.725607 ], [ -122.502321, 37.725566 ], [ -122.502348, 37.725479 ], [ -122.50233, 37.725447 ], [ -122.502317, 37.725407 ], [ -122.502346, 37.725389 ], [ -122.502404, 37.725367 ], [ -122.502422, 37.725341 ], [ -122.502366, 37.725313 ], [ -122.502355, 37.725273 ], [ -122.502335, 37.72525 ], [ -122.50236, 37.725224 ], [ -122.50234, 37.725215 ], [ -122.502305, 37.725207 ], [ -122.502289, 37.725141 ], [ -122.502331, 37.725108 ], [ -122.502291, 37.725091 ], [ -122.502278, 37.725051 ], [ -122.502299, 37.72501 ], [ -122.502276, 37.724993 ], [ -122.502225, 37.724939 ], [ -122.502176, 37.724914 ], [ -122.502068, 37.724837 ], [ -122.502113, 37.724828 ], [ -122.502086, 37.724785 ], [ -122.501997, 37.724772 ], [ -122.501927, 37.724735 ], [ -122.501886, 37.724695 ], [ -122.501855, 37.724641 ], [ -122.501808, 37.724494 ], [ -122.501775, 37.724474 ], [ -122.501751, 37.724431 ], [ -122.50173, 37.724368 ], [ -122.501695, 37.72429 ], [ -122.50164, 37.724106 ], [ -122.50165, 37.724071 ], [ -122.501637, 37.723987 ], [ -122.501603, 37.723932 ], [ -122.501544, 37.723818 ], [ -122.501522, 37.723742 ], [ -122.501523, 37.723667 ], [ -122.501518, 37.723612 ], [ -122.501491, 37.723566 ], [ -122.50147, 37.723511 ], [ -122.501405, 37.723394 ], [ -122.501403, 37.723324 ], [ -122.501339, 37.723065 ], [ -122.501307, 37.722967 ], [ -122.501273, 37.722927 ], [ -122.501235, 37.722872 ], [ -122.501214, 37.722789 ], [ -122.501197, 37.722659 ], [ -122.501176, 37.722604 ], [ -122.501175, 37.722572 ], [ -122.501151, 37.722506 ], [ -122.501126, 37.722474 ], [ -122.501053, 37.722406 ], [ -122.500933, 37.72235 ], [ -122.500755, 37.722321 ], [ -122.500701, 37.722296 ], [ -122.500589, 37.722234 ], [ -122.500522, 37.722209 ], [ -122.500468, 37.722167 ], [ -122.500434, 37.722127 ], [ -122.500333, 37.722039 ], [ -122.500271, 37.721944 ], [ -122.500238, 37.721913 ], [ -122.500204, 37.72187 ], [ -122.500177, 37.721824 ], [ -122.500154, 37.72174 ], [ -122.500152, 37.721694 ], [ -122.500102, 37.72162 ], [ -122.500084, 37.721585 ], [ -122.500004, 37.72152 ], [ -122.499966, 37.72146 ], [ -122.499943, 37.721448 ], [ -122.499896, 37.721438 ], [ -122.499863, 37.721421 ], [ -122.499833, 37.721395 ], [ -122.499766, 37.721362 ], [ -122.499722, 37.721322 ], [ -122.499567, 37.721142 ], [ -122.49948, 37.720998 ], [ -122.499449, 37.720921 ], [ -122.49935, 37.720798 ], [ -122.499137, 37.720573 ], [ -122.498979, 37.720419 ], [ -122.4989, 37.720319 ], [ -122.498847, 37.720291 ], [ -122.498813, 37.720245 ], [ -122.498772, 37.720205 ], [ -122.498756, 37.720176 ], [ -122.498771, 37.720144 ], [ -122.49882, 37.720115 ], [ -122.498755, 37.72013 ], [ -122.498701, 37.720111 ], [ -122.498667, 37.720073 ], [ -122.498627, 37.72006 ], [ -122.498549, 37.719954 ], [ -122.498482, 37.719911 ], [ -122.498375, 37.719832 ], [ -122.498367, 37.7198 ], [ -122.498351, 37.719775 ], [ -122.4983, 37.719738 ], [ -122.498229, 37.719666 ], [ -122.498095, 37.71946 ], [ -122.498039, 37.719415 ], [ -122.497994, 37.71936 ], [ -122.497947, 37.719228 ], [ -122.497894, 37.719165 ], [ -122.497873, 37.719122 ], [ -122.497871, 37.719047 ], [ -122.497877, 37.718928 ], [ -122.497889, 37.718864 ], [ -122.497928, 37.718823 ], [ -122.497934, 37.718753 ], [ -122.497875, 37.718731 ], [ -122.497798, 37.71868 ], [ -122.497752, 37.718536 ], [ -122.497769, 37.718472 ], [ -122.497746, 37.718446 ], [ -122.497732, 37.718423 ], [ -122.497712, 37.718403 ], [ -122.497673, 37.71843 ], [ -122.49764, 37.718425 ], [ -122.497578, 37.718408 ], [ -122.497544, 37.718386 ], [ -122.49751, 37.718346 ], [ -122.497487, 37.718329 ], [ -122.49737, 37.71827 ], [ -122.496989, 37.718111 ], [ -122.496921, 37.718058 ], [ -122.49688, 37.717983 ], [ -122.496708, 37.717945 ], [ -122.496655, 37.717929 ], [ -122.496627, 37.717926 ], [ -122.496589, 37.717915 ], [ -122.496532, 37.717905 ], [ -122.49648, 37.717905 ], [ -122.496443, 37.717901 ], [ -122.496377, 37.717878 ], [ -122.496286, 37.717892 ], [ -122.496213, 37.717899 ], [ -122.49617, 37.717894 ], [ -122.496125, 37.717874 ], [ -122.4961, 37.717854 ], [ -122.496067, 37.717843 ], [ -122.495992, 37.717844 ], [ -122.495877, 37.717867 ], [ -122.495834, 37.717879 ], [ -122.495801, 37.717862 ], [ -122.495763, 37.71786 ], [ -122.49567, 37.717873 ], [ -122.495578, 37.717851 ], [ -122.495538, 37.717846 ], [ -122.495509, 37.717855 ], [ -122.495442, 37.717833 ], [ -122.495413, 37.717828 ], [ -122.495344, 37.717841 ], [ -122.495299, 37.71783 ], [ -122.495255, 37.71781 ], [ -122.495222, 37.717805 ], [ -122.495149, 37.717783 ], [ -122.4951, 37.717755 ], [ -122.495082, 37.717732 ], [ -122.495048, 37.717713 ], [ -122.495041, 37.717687 ], [ -122.495017, 37.717655 ], [ -122.494969, 37.717647 ], [ -122.494865, 37.7176 ], [ -122.494821, 37.717557 ], [ -122.494714, 37.717504 ], [ -122.494684, 37.717464 ], [ -122.494643, 37.717438 ], [ -122.494605, 37.717349 ], [ -122.494604, 37.71732 ], [ -122.494564, 37.717246 ], [ -122.49453, 37.717217 ], [ -122.494497, 37.717203 ], [ -122.494472, 37.717181 ], [ -122.494462, 37.717143 ], [ -122.494429, 37.717132 ], [ -122.494405, 37.717115 ], [ -122.494381, 37.717057 ], [ -122.494351, 37.717032 ], [ -122.494269, 37.716943 ], [ -122.494223, 37.716924 ], [ -122.494183, 37.716885 ], [ -122.494165, 37.716873 ], [ -122.494112, 37.716859 ], [ -122.494086, 37.716833 ], [ -122.494005, 37.716786 ], [ -122.493961, 37.716769 ], [ -122.493909, 37.716755 ], [ -122.493869, 37.716753 ], [ -122.49381, 37.716737 ], [ -122.493744, 37.716706 ], [ -122.493703, 37.716695 ], [ -122.493684, 37.716684 ], [ -122.493638, 37.716702 ], [ -122.493582, 37.716694 ], [ -122.493523, 37.716675 ], [ -122.49349, 37.716681 ], [ -122.49348, 37.716664 ], [ -122.49342, 37.716625 ], [ -122.493365, 37.716599 ], [ -122.493309, 37.716557 ], [ -122.493265, 37.71654 ], [ -122.493235, 37.716506 ], [ -122.493189, 37.716472 ], [ -122.493171, 37.716434 ], [ -122.49309, 37.716338 ], [ -122.493053, 37.716286 ], [ -122.493049, 37.716266 ], [ -122.493019, 37.716246 ], [ -122.492994, 37.716235 ], [ -122.492911, 37.716176 ], [ -122.49293, 37.716149 ], [ -122.492842, 37.716107 ], [ -122.49283, 37.71609 ], [ -122.492764, 37.716088 ], [ -122.492755, 37.716065 ], [ -122.492707, 37.716025 ], [ -122.492676, 37.715962 ], [ -122.492599, 37.715934 ], [ -122.492583, 37.715914 ], [ -122.492557, 37.715863 ], [ -122.492527, 37.715846 ], [ -122.492475, 37.715806 ], [ -122.492443, 37.715787 ], [ -122.492446, 37.715714 ], [ -122.492413, 37.715697 ], [ -122.492379, 37.715672 ], [ -122.49234, 37.715559 ], [ -122.492313, 37.715522 ], [ -122.492288, 37.715499 ], [ -122.492163, 37.715466 ], [ -122.492121, 37.715396 ], [ -122.492117, 37.715378 ], [ -122.492076, 37.715369 ], [ -122.492032, 37.715353 ], [ -122.492024, 37.715324 ], [ -122.492027, 37.715295 ], [ -122.492015, 37.715257 ], [ -122.491936, 37.715219 ], [ -122.491919, 37.715207 ], [ -122.49191, 37.715114 ], [ -122.491838, 37.715087 ], [ -122.491849, 37.715053 ], [ -122.491813, 37.715047 ], [ -122.491776, 37.71503 ], [ -122.491794, 37.715018 ], [ -122.491799, 37.715 ], [ -122.491752, 37.714975 ], [ -122.491718, 37.714921 ], [ -122.491717, 37.714895 ], [ -122.491683, 37.714863 ], [ -122.491667, 37.714846 ], [ -122.491627, 37.714832 ], [ -122.491609, 37.714812 ], [ -122.4916, 37.714795 ], [ -122.491582, 37.714784 ], [ -122.491567, 37.714767 ], [ -122.491527, 37.714759 ], [ -122.491479, 37.714734 ], [ -122.491456, 37.714702 ], [ -122.491432, 37.714639 ], [ -122.491388, 37.714619 ], [ -122.491318, 37.714594 ], [ -122.491259, 37.714563 ], [ -122.491258, 37.714543 ], [ -122.491211, 37.714523 ], [ -122.491072, 37.714479 ], [ -122.491049, 37.714477 ], [ -122.491006, 37.714486 ], [ -122.490953, 37.714455 ], [ -122.49093, 37.714435 ], [ -122.490896, 37.714419 ], [ -122.490873, 37.714416 ], [ -122.490839, 37.714402 ], [ -122.490809, 37.714368 ], [ -122.490779, 37.714348 ], [ -122.490667, 37.714292 ], [ -122.490559, 37.714187 ], [ -122.490506, 37.714106 ], [ -122.490406, 37.714027 ], [ -122.490368, 37.713973 ], [ -122.490333, 37.713913 ], [ -122.49032, 37.713872 ], [ -122.490319, 37.713814 ], [ -122.490369, 37.713758 ], [ -122.490352, 37.713709 ], [ -122.490374, 37.713692 ], [ -122.490381, 37.713671 ], [ -122.490373, 37.713651 ], [ -122.490284, 37.7136 ], [ -122.490225, 37.713552 ], [ -122.490208, 37.71348 ], [ -122.490213, 37.713404 ], [ -122.490158, 37.713365 ], [ -122.489969, 37.713275 ], [ -122.489892, 37.713245 ], [ -122.489806, 37.713206 ], [ -122.489743, 37.713169 ], [ -122.489734, 37.713082 ], [ -122.489538, 37.712984 ], [ -122.489483, 37.712965 ], [ -122.489438, 37.71296 ], [ -122.489363, 37.712984 ], [ -122.489337, 37.712988 ], [ -122.489293, 37.712968 ], [ -122.489263, 37.71294 ], [ -122.48924, 37.712911 ], [ -122.489227, 37.71283 ], [ -122.489194, 37.712813 ], [ -122.489128, 37.712791 ], [ -122.489007, 37.71279 ], [ -122.488888, 37.712798 ], [ -122.488686, 37.712839 ], [ -122.488533, 37.712843 ], [ -122.488115, 37.712515 ], [ -122.488016, 37.712319 ], [ -122.488041, 37.712241 ], [ -122.488204, 37.712127 ], [ -122.488286, 37.712081 ], [ -122.488302, 37.712055 ], [ -122.488305, 37.712015 ], [ -122.488292, 37.711985 ], [ -122.4883, 37.711948 ], [ -122.488258, 37.711877 ], [ -122.488248, 37.711847 ], [ -122.488243, 37.71176 ], [ -122.488219, 37.711728 ], [ -122.488214, 37.711707 ], [ -122.48816, 37.711708 ], [ -122.488135, 37.711659 ], [ -122.488116, 37.711542 ], [ -122.488076, 37.711475 ], [ -122.48801, 37.711334 ], [ -122.487976, 37.71123 ], [ -122.487943, 37.711162 ], [ -122.487911, 37.711126 ], [ -122.487926, 37.711112 ], [ -122.487932, 37.711082 ], [ -122.48793, 37.710996 ], [ -122.487906, 37.710953 ], [ -122.487849, 37.710892 ], [ -122.487817, 37.710837 ], [ -122.487831, 37.710781 ], [ -122.487776, 37.710733 ], [ -122.487711, 37.710642 ], [ -122.487716, 37.710574 ], [ -122.487605, 37.710495 ], [ -122.487574, 37.710496 ], [ -122.48752, 37.710472 ], [ -122.487542, 37.710435 ], [ -122.487313, 37.710278 ], [ -122.487281, 37.710266 ], [ -122.487256, 37.710211 ], [ -122.487194, 37.710237 ], [ -122.487164, 37.710231 ], [ -122.487117, 37.710214 ], [ -122.487116, 37.710158 ], [ -122.487091, 37.710152 ], [ -122.487004, 37.710067 ], [ -122.486964, 37.710049 ], [ -122.486914, 37.71005 ], [ -122.486237, 37.708788 ], [ -122.486263, 37.709872 ], [ -122.486415, 37.710486 ], [ -122.486394, 37.710516 ], [ -122.486365, 37.710584 ], [ -122.486383, 37.710701 ], [ -122.486216, 37.710827 ], [ -122.48624, 37.710895 ], [ -122.486194, 37.71092 ], [ -122.48622, 37.711 ], [ -122.486175, 37.71105 ], [ -122.486145, 37.7111 ], [ -122.486153, 37.711143 ], [ -122.486138, 37.711168 ], [ -122.486139, 37.711205 ], [ -122.486156, 37.711254 ], [ -122.486135, 37.711285 ], [ -122.486082, 37.711397 ], [ -122.48603, 37.711466 ], [ -122.486142, 37.711569 ], [ -122.486191, 37.711643 ], [ -122.486231, 37.711741 ], [ -122.486295, 37.711801 ], [ -122.486369, 37.711905 ], [ -122.486402, 37.711972 ], [ -122.486472, 37.712002 ], [ -122.486527, 37.712014 ], [ -122.486561, 37.712013 ], [ -122.486631, 37.712706 ], [ -122.485616, 37.716222 ] ], [ [ -122.484383, 37.726931 ], [ -122.485483, 37.728531 ], [ -122.486664, 37.728168 ], [ -122.486667, 37.728173 ], [ -122.486755, 37.728209 ], [ -122.486812, 37.728221 ], [ -122.486866, 37.728248 ], [ -122.486976, 37.728288 ], [ -122.487041, 37.728301 ], [ -122.487076, 37.728328 ], [ -122.48733, 37.728273 ], [ -122.487486, 37.728219 ], [ -122.487567, 37.728181 ], [ -122.487628, 37.728166 ], [ -122.487651, 37.72812 ], [ -122.487719, 37.728068 ], [ -122.487794, 37.728025 ], [ -122.487857, 37.727974 ], [ -122.487908, 37.727968 ], [ -122.487947, 37.72794 ], [ -122.488045, 37.727892 ], [ -122.488108, 37.727877 ], [ -122.488143, 37.727891 ], [ -122.488142, 37.727854 ], [ -122.48815, 37.727851 ], [ -122.488983, 37.729331 ], [ -122.4897, 37.728834 ], [ -122.489676, 37.728928 ], [ -122.489636, 37.729003 ], [ -122.48962, 37.729044 ], [ -122.489579, 37.729082 ], [ -122.489553, 37.729124 ], [ -122.489559, 37.729165 ], [ -122.489629, 37.729187 ], [ -122.489729, 37.729231 ], [ -122.489763, 37.729231 ], [ -122.489834, 37.729212 ], [ -122.489885, 37.729183 ], [ -122.48998, 37.729057 ], [ -122.490065, 37.728991 ], [ -122.490156, 37.728902 ], [ -122.490257, 37.728813 ], [ -122.490377, 37.728728 ], [ -122.490592, 37.728549 ], [ -122.490713, 37.728474 ], [ -122.490811, 37.728444 ], [ -122.49092, 37.728405 ], [ -122.491098, 37.72832 ], [ -122.491138, 37.728319 ], [ -122.491189, 37.728309 ], [ -122.491235, 37.72828 ], [ -122.49127, 37.728294 ], [ -122.491333, 37.72826 ], [ -122.491536, 37.728192 ], [ -122.491604, 37.728173 ], [ -122.491626, 37.728136 ], [ -122.491701, 37.728116 ], [ -122.491752, 37.728088 ], [ -122.491765, 37.728105 ], [ -122.491884, 37.728044 ], [ -122.491947, 37.727997 ], [ -122.492015, 37.727954 ], [ -122.492059, 37.727866 ], [ -122.492197, 37.727762 ], [ -122.492312, 37.727746 ], [ -122.492376, 37.727727 ], [ -122.492543, 37.727715 ], [ -122.492653, 37.727695 ], [ -122.492904, 37.727746 ], [ -122.493009, 37.72773 ], [ -122.493048, 37.727706 ], [ -122.493042, 37.727674 ], [ -122.493012, 37.727647 ], [ -122.493005, 37.72761 ], [ -122.49301, 37.727574 ], [ -122.492985, 37.727505 ], [ -122.493025, 37.727471 ], [ -122.493041, 37.727458 ], [ -122.493016, 37.727431 ], [ -122.492982, 37.727394 ], [ -122.493006, 37.727387 ], [ -122.493068, 37.72737 ], [ -122.493079, 37.727314 ], [ -122.493118, 37.727286 ], [ -122.493169, 37.727262 ], [ -122.493111, 37.727235 ], [ -122.493174, 37.727197 ], [ -122.493258, 37.7272 ], [ -122.493466, 37.727516 ], [ -122.494353, 37.728497 ], [ -122.496727, 37.728654 ], [ -122.498593, 37.730728 ], [ -122.498723, 37.730513 ], [ -122.498741, 37.730544 ], [ -122.498811, 37.730575 ], [ -122.498946, 37.7306 ], [ -122.49898, 37.730572 ], [ -122.499204, 37.73055 ], [ -122.499274, 37.730521 ], [ -122.499342, 37.730473 ], [ -122.499383, 37.730422 ], [ -122.499455, 37.730361 ], [ -122.499535, 37.730318 ], [ -122.499632, 37.730257 ], [ -122.499725, 37.730214 ], [ -122.499776, 37.730185 ], [ -122.499826, 37.730143 ], [ -122.499825, 37.730111 ], [ -122.499836, 37.730037 ], [ -122.499839, 37.729954 ], [ -122.499878, 37.729875 ], [ -122.500127, 37.729682 ], [ -122.50032, 37.729545 ], [ -122.500366, 37.729498 ], [ -122.50048, 37.729418 ], [ -122.500559, 37.729352 ], [ -122.500808, 37.72909 ], [ -122.500818, 37.729025 ], [ -122.5008, 37.728971 ], [ -122.500799, 37.728938 ], [ -122.500899, 37.728826 ], [ -122.500929, 37.728821 ], [ -122.500928, 37.728798 ], [ -122.500949, 37.728751 ], [ -122.500996, 37.728741 ], [ -122.501041, 37.728694 ], [ -122.501099, 37.728652 ], [ -122.501159, 37.728559 ], [ -122.501211, 37.728503 ], [ -122.501227, 37.728461 ], [ -122.501219, 37.728443 ], [ -122.501219, 37.72842 ], [ -122.501248, 37.72841 ], [ -122.5013, 37.728423 ], [ -122.501358, 37.728394 ], [ -122.501369, 37.728335 ], [ -122.501354, 37.728247 ], [ -122.501336, 37.72821 ], [ -122.501414, 37.72808 ], [ -122.501429, 37.727997 ], [ -122.501475, 37.727964 ], [ -122.501512, 37.727876 ], [ -122.501574, 37.727797 ], [ -122.501625, 37.727754 ], [ -122.501668, 37.727652 ], [ -122.501702, 37.727596 ], [ -122.501733, 37.727481 ], [ -122.501761, 37.727416 ], [ -122.501754, 37.727356 ], [ -122.501717, 37.727283 ], [ -122.501745, 37.727269 ], [ -122.501803, 37.727249 ], [ -122.501813, 37.72718 ], [ -122.501829, 37.72712 ], [ -122.50178, 37.727061 ], [ -122.501779, 37.72701 ], [ -122.501766, 37.726955 ], [ -122.50173, 37.72691 ], [ -122.501724, 37.726882 ], [ -122.501728, 37.726836 ], [ -122.50168, 37.726814 ], [ -122.501651, 37.72681 ], [ -122.501599, 37.72682 ], [ -122.50158, 37.726809 ], [ -122.501552, 37.726779 ], [ -122.501512, 37.726775 ], [ -122.501453, 37.726776 ], [ -122.501389, 37.726782 ], [ -122.501154, 37.726864 ], [ -122.5009, 37.726924 ], [ -122.500892, 37.726927 ], [ -122.500933, 37.726859 ], [ -122.499211, 37.726007 ], [ -122.497478, 37.724837 ], [ -122.495842, 37.723678 ], [ -122.493866, 37.725268 ], [ -122.492883, 37.726631 ], [ -122.492183, 37.726331 ], [ -122.487683, 37.726231 ], [ -122.484883, 37.726331 ], [ -122.484383, 37.726931 ] ] ], [ [ [ -122.493134, 37.727046 ], [ -122.49309, 37.727075 ], [ -122.493065, 37.727056 ], [ -122.492973, 37.727031 ], [ -122.493024, 37.727011 ], [ -122.492988, 37.72697 ], [ -122.492935, 37.726985 ], [ -122.492853, 37.726954 ], [ -122.492877, 37.726949 ], [ -122.492923, 37.72693 ], [ -122.492922, 37.726902 ], [ -122.492835, 37.726936 ], [ -122.492762, 37.726862 ], [ -122.492687, 37.726824 ], [ -122.49278, 37.726808 ], [ -122.49274, 37.726804 ], [ -122.492623, 37.726765 ], [ -122.492883, 37.726631 ], [ -122.493216, 37.727137 ], [ -122.493195, 37.727128 ], [ -122.493154, 37.727101 ], [ -122.493134, 37.727046 ] ] ] ] } },
{ "type": "Feature", "properties": { "BlockGroup": 60750605021 }, "geometry": { "type": "Polygon", "coordinates": [ [ [ -122.419393, 37.711986 ], [ -122.419732, 37.711966 ], [ -122.421321, 37.712216 ], [ -122.421475, 37.712201 ], [ -122.421228, 37.71331 ], [ -122.420908, 37.713774 ], [ -122.420331, 37.713967 ], [ -122.415635, 37.712733 ], [ -122.416, 37.711915 ], [ -122.416739, 37.712118 ], [ -122.417577, 37.712302 ], [ -122.418028, 37.712335 ], [ -122.418283, 37.712349 ], [ -122.418766, 37.711933 ], [ -122.419393, 37.711986 ] ] ] } },
{ "type": "Feature", "properties": { "BlockGroup": 60750605022 }, "geometry": { "type": "Polygon", "coordinates": [ [ [ -122.418283, 37.712349 ], [ -122.418028, 37.712335 ], [ -122.417577, 37.712302 ], [ -122.416739, 37.712118 ], [ -122.416, 37.711915 ], [ -122.416648, 37.710473 ], [ -122.417517, 37.710692 ], [ -122.417847, 37.710732 ], [ -122.418577, 37.710717 ], [ -122.418772, 37.710732 ], [ -122.419489, 37.710782 ], [ -122.420953, 37.711013 ], [ -122.422241, 37.711317 ], [ -122.422123, 37.711718 ], [ -122.421963, 37.712018 ], [ -122.421632, 37.712185 ], [ -122.421475, 37.712201 ], [ -122.421321, 37.712216 ], [ -122.419732, 37.711966 ], [ -122.419393, 37.711986 ], [ -122.418766, 37.711933 ], [ -122.418283, 37.712349 ] ] ] } },
{ "type": "Feature", "properties": { "BlockGroup": 60750605023 }, "geometry": { "type": "Polygon", "coordinates": [ [ [ -122.42389, 37.708236 ], [ -122.423765, 37.708342 ], [ -122.423353, 37.709251 ], [ -122.423442, 37.709376 ], [ -122.423971, 37.709678 ], [ -122.424417, 37.710047 ], [ -122.42455, 37.710102 ], [ -122.424182, 37.710265 ], [ -122.423368, 37.710302 ], [ -122.423027, 37.710377 ], [ -122.422811, 37.710511 ], [ -122.422411, 37.710971 ], [ -122.422241, 37.711317 ], [ -122.420953, 37.711013 ], [ -122.419489, 37.710782 ], [ -122.418772, 37.710732 ], [ -122.418577, 37.710717 ], [ -122.417847, 37.710732 ], [ -122.417517, 37.710692 ], [ -122.416648, 37.710473 ], [ -122.416884, 37.70995 ], [ -122.417236, 37.710057 ], [ -122.417657, 37.709471 ], [ -122.418501, 37.709709 ], [ -122.419348, 37.709947 ], [ -122.420083, 37.708311 ], [ -122.420082, 37.708231 ], [ -122.422382, 37.70823 ], [ -122.423782, 37.70823 ], [ -122.42389, 37.708236 ] ] ] } },
{ "type": "Feature", "properties": { "BlockGroup": 60750607001 }, "geometry": { "type": "Polygon", "coordinates": [ [ [ -122.396653, 37.767825 ], [ -122.397422, 37.768438 ], [ -122.398179, 37.769041 ], [ -122.399046, 37.769732 ], [ -122.399163, 37.769825 ], [ -122.400023, 37.770515 ], [ -122.401665, 37.769219 ], [ -122.40186, 37.769065 ], [ -122.401993, 37.769029 ], [ -122.402073, 37.769885 ], [ -122.402404, 37.769866 ], [ -122.402286, 37.76996 ], [ -122.400804, 37.771138 ], [ -122.401657, 37.771817 ], [ -122.399648, 37.773404 ], [ -122.399516, 37.773507 ], [ -122.399433, 37.773573 ], [ -122.400212, 37.774195 ], [ -122.40057, 37.77448 ], [ -122.400982, 37.774809 ], [ -122.400914, 37.774862 ], [ -122.398755, 37.776568 ], [ -122.397969, 37.775941 ], [ -122.397206, 37.775332 ], [ -122.394981, 37.777089 ], [ -122.393857, 37.777977 ], [ -122.393537, 37.77823 ], [ -122.393287, 37.778427 ], [ -122.39275, 37.778852 ], [ -122.391841, 37.778126 ], [ -122.391121, 37.777553 ], [ -122.388869, 37.779295 ], [ -122.388011, 37.779983 ], [ -122.388399, 37.780766 ], [ -122.388595, 37.781161 ], [ -122.388472, 37.78138 ], [ -122.388434, 37.781649 ], [ -122.388306, 37.781798 ], [ -122.388096, 37.781912 ], [ -122.388075, 37.782112 ], [ -122.38807, 37.782449 ], [ -122.387628, 37.782826 ], [ -122.387525, 37.782797 ], [ -122.387421, 37.78279 ], [ -122.384748, 37.782939 ], [ -122.38473, 37.782926 ], [ -122.384712, 37.782782 ], [ -122.384681, 37.782544 ], [ -122.384696, 37.782529 ], [ -122.384719, 37.782524 ], [ -122.387567, 37.782342 ], [ -122.387788, 37.782275 ], [ -122.387755, 37.781796 ], [ -122.385552, 37.781935 ], [ -122.385532, 37.781922 ], [ -122.385512, 37.781779 ], [ -122.384922, 37.78181 ], [ -122.384901, 37.781826 ], [ -122.384858, 37.781799 ], [ -122.384893, 37.781763 ], [ -122.384916, 37.781777 ], [ -122.385508, 37.781742 ], [ -122.385492, 37.781594 ], [ -122.385507, 37.78158 ], [ -122.38553, 37.781576 ], [ -122.387629, 37.781451 ], [ -122.387584, 37.780965 ], [ -122.387476, 37.780971 ], [ -122.387488, 37.781103 ], [ -122.387454, 37.781104 ], [ -122.387438, 37.780973 ], [ -122.387347, 37.780978 ], [ -122.387358, 37.78111 ], [ -122.387325, 37.781111 ], [ -122.387309, 37.78098 ], [ -122.387215, 37.780986 ], [ -122.387225, 37.781118 ], [ -122.387192, 37.781119 ], [ -122.387177, 37.780988 ], [ -122.387079, 37.780993 ], [ -122.38709, 37.781126 ], [ -122.387055, 37.781127 ], [ -122.387041, 37.780996 ], [ -122.386947, 37.781001 ], [ -122.386957, 37.781133 ], [ -122.386925, 37.781134 ], [ -122.386909, 37.781003 ], [ -122.386822, 37.781008 ], [ -122.386829, 37.78114 ], [ -122.3868, 37.781141 ], [ -122.386784, 37.78101 ], [ -122.386686, 37.781016 ], [ -122.386696, 37.781148 ], [ -122.386664, 37.781149 ], [ -122.386648, 37.781018 ], [ -122.386553, 37.781024 ], [ -122.386564, 37.781156 ], [ -122.38653, 37.781157 ], [ -122.386515, 37.781026 ], [ -122.386421, 37.781031 ], [ -122.38643, 37.781163 ], [ -122.386396, 37.781164 ], [ -122.386383, 37.781033 ], [ -122.386291, 37.781038 ], [ -122.386299, 37.781171 ], [ -122.386268, 37.781172 ], [ -122.386253, 37.781041 ], [ -122.386157, 37.781046 ], [ -122.386166, 37.781177 ], [ -122.386132, 37.78118 ], [ -122.386119, 37.781048 ], [ -122.386029, 37.781053 ], [ -122.38604, 37.781186 ], [ -122.386008, 37.781187 ], [ -122.385991, 37.781056 ], [ -122.385889, 37.781061 ], [ -122.3859, 37.781194 ], [ -122.385864, 37.781195 ], [ -122.385851, 37.781064 ], [ -122.385764, 37.781069 ], [ -122.385774, 37.781201 ], [ -122.38574, 37.781202 ], [ -122.385726, 37.781071 ], [ -122.385631, 37.781076 ], [ -122.385643, 37.781208 ], [ -122.385607, 37.781209 ], [ -122.385593, 37.781078 ], [ -122.385498, 37.781084 ], [ -122.38551, 37.781216 ], [ -122.385472, 37.781218 ], [ -122.38546, 37.781086 ], [ -122.385362, 37.781092 ], [ -122.385373, 37.781224 ], [ -122.385336, 37.781225 ], [ -122.385324, 37.781094 ], [ -122.38523, 37.781099 ], [ -122.38524, 37.781231 ], [ -122.385206, 37.781233 ], [ -122.385192, 37.781101 ], [ -122.385097, 37.781107 ], [ -122.385108, 37.781239 ], [ -122.385069, 37.781241 ], [ -122.385059, 37.781109 ], [ -122.384965, 37.781114 ], [ -122.384976, 37.781246 ], [ -122.38494, 37.781247 ], [ -122.384927, 37.781117 ], [ -122.384834, 37.781122 ], [ -122.384846, 37.781254 ], [ -122.384818, 37.781255 ], [ -122.384792, 37.780979 ], [ -122.384815, 37.780978 ], [ -122.384832, 37.781103 ], [ -122.384925, 37.781097 ], [ -122.384917, 37.780972 ], [ -122.384947, 37.780971 ], [ -122.384963, 37.781095 ], [ -122.385057, 37.78109 ], [ -122.385048, 37.780964 ], [ -122.385079, 37.780962 ], [ -122.385095, 37.781088 ], [ -122.38519, 37.781082 ], [ -122.38518, 37.780957 ], [ -122.385212, 37.780956 ], [ -122.385228, 37.78108 ], [ -122.385322, 37.781075 ], [ -122.385315, 37.780949 ], [ -122.385344, 37.780948 ], [ -122.38536, 37.781072 ], [ -122.385458, 37.781067 ], [ -122.385449, 37.780941 ], [ -122.385481, 37.78094 ], [ -122.385496, 37.781065 ], [ -122.385591, 37.781059 ], [ -122.385584, 37.780934 ], [ -122.385613, 37.780933 ], [ -122.385629, 37.781057 ], [ -122.385725, 37.781052 ], [ -122.385717, 37.780926 ], [ -122.385745, 37.780925 ], [ -122.385763, 37.781049 ], [ -122.385849, 37.781045 ], [ -122.385839, 37.780919 ], [ -122.385872, 37.780918 ], [ -122.385887, 37.781042 ], [ -122.385989, 37.781036 ], [ -122.385982, 37.780911 ], [ -122.38601, 37.78091 ], [ -122.386027, 37.781034 ], [ -122.386117, 37.781029 ], [ -122.386109, 37.780904 ], [ -122.38614, 37.780903 ], [ -122.386155, 37.781027 ], [ -122.386251, 37.781021 ], [ -122.386245, 37.780896 ], [ -122.386272, 37.780894 ], [ -122.386289, 37.781019 ], [ -122.386381, 37.781014 ], [ -122.386374, 37.780888 ], [ -122.386402, 37.780887 ], [ -122.386419, 37.781012 ], [ -122.386513, 37.781007 ], [ -122.386504, 37.780881 ], [ -122.386535, 37.780879 ], [ -122.386551, 37.781004 ], [ -122.386646, 37.780999 ], [ -122.386638, 37.780873 ], [ -122.386669, 37.780872 ], [ -122.386684, 37.780997 ], [ -122.386782, 37.780991 ], [ -122.386773, 37.780866 ], [ -122.386804, 37.780865 ], [ -122.38682, 37.780989 ], [ -122.386907, 37.780984 ], [ -122.386899, 37.780858 ], [ -122.38693, 37.780856 ], [ -122.386945, 37.780982 ], [ -122.387039, 37.780976 ], [ -122.387029, 37.780851 ], [ -122.38706, 37.78085 ], [ -122.387077, 37.780974 ], [ -122.387176, 37.780969 ], [ -122.387167, 37.780843 ], [ -122.387198, 37.780841 ], [ -122.387214, 37.780966 ], [ -122.387307, 37.780961 ], [ -122.387299, 37.780835 ], [ -122.387328, 37.780834 ], [ -122.387345, 37.780959 ], [ -122.387437, 37.780954 ], [ -122.387429, 37.780828 ], [ -122.387461, 37.780827 ], [ -122.387475, 37.780952 ], [ -122.387582, 37.780945 ], [ -122.387541, 37.78051 ], [ -122.387529, 37.780486 ], [ -122.387442, 37.780491 ], [ -122.387447, 37.780603 ], [ -122.387418, 37.780604 ], [ -122.387407, 37.780493 ], [ -122.387331, 37.780498 ], [ -122.387339, 37.78061 ], [ -122.387308, 37.780611 ], [ -122.387297, 37.7805 ], [ -122.387208, 37.780505 ], [ -122.387214, 37.780617 ], [ -122.387188, 37.780618 ], [ -122.387173, 37.780507 ], [ -122.387083, 37.780512 ], [ -122.38709, 37.780625 ], [ -122.387062, 37.780626 ], [ -122.387048, 37.780514 ], [ -122.386965, 37.780519 ], [ -122.386971, 37.780632 ], [ -122.386943, 37.780633 ], [ -122.386931, 37.780521 ], [ -122.386853, 37.780526 ], [ -122.38686, 37.780638 ], [ -122.386832, 37.780639 ], [ -122.386818, 37.780528 ], [ -122.386736, 37.780533 ], [ -122.386743, 37.780645 ], [ -122.386715, 37.780646 ], [ -122.386702, 37.780535 ], [ -122.386619, 37.78054 ], [ -122.386624, 37.780652 ], [ -122.386598, 37.780653 ], [ -122.386584, 37.780542 ], [ -122.3865, 37.780547 ], [ -122.386507, 37.780659 ], [ -122.386479, 37.78066 ], [ -122.386465, 37.780549 ], [ -122.386384, 37.780554 ], [ -122.38639, 37.780666 ], [ -122.386364, 37.780667 ], [ -122.38635, 37.780556 ], [ -122.386267, 37.780561 ], [ -122.386274, 37.780673 ], [ -122.386244, 37.780674 ], [ -122.386232, 37.780563 ], [ -122.386143, 37.780568 ], [ -122.386149, 37.78068 ], [ -122.386121, 37.780682 ], [ -122.386109, 37.78057 ], [ -122.386023, 37.780575 ], [ -122.386028, 37.780688 ], [ -122.386002, 37.780688 ], [ -122.385989, 37.780577 ], [ -122.385901, 37.780582 ], [ -122.385908, 37.780695 ], [ -122.385881, 37.780696 ], [ -122.385867, 37.780584 ], [ -122.385785, 37.780589 ], [ -122.385791, 37.780702 ], [ -122.385763, 37.780702 ], [ -122.385751, 37.780591 ], [ -122.385669, 37.780596 ], [ -122.385676, 37.780709 ], [ -122.385649, 37.780709 ], [ -122.385634, 37.780598 ], [ -122.385555, 37.780603 ], [ -122.385561, 37.780715 ], [ -122.385535, 37.780716 ], [ -122.385521, 37.780605 ], [ -122.385434, 37.78061 ], [ -122.385441, 37.780722 ], [ -122.385413, 37.780723 ], [ -122.3854, 37.780612 ], [ -122.385311, 37.780617 ], [ -122.385316, 37.78073 ], [ -122.385289, 37.780731 ], [ -122.385277, 37.780619 ], [ -122.385192, 37.780624 ], [ -122.385198, 37.780737 ], [ -122.385168, 37.780738 ], [ -122.385157, 37.780626 ], [ -122.38508, 37.780631 ], [ -122.385085, 37.780743 ], [ -122.385056, 37.780744 ], [ -122.385045, 37.780633 ], [ -122.38496, 37.780638 ], [ -122.384967, 37.780751 ], [ -122.384938, 37.780751 ], [ -122.384926, 37.78064 ], [ -122.384846, 37.780645 ], [ -122.384851, 37.780757 ], [ -122.384818, 37.780759 ], [ -122.384804, 37.780526 ], [ -122.384834, 37.780523 ], [ -122.384845, 37.780623 ], [ -122.384924, 37.780619 ], [ -122.384917, 37.78052 ], [ -122.384946, 37.780517 ], [ -122.384958, 37.780617 ], [ -122.385043, 37.780612 ], [ -122.385035, 37.780511 ], [ -122.385067, 37.780511 ], [ -122.385078, 37.78061 ], [ -122.385156, 37.780605 ], [ -122.38515, 37.780507 ], [ -122.385179, 37.780503 ], [ -122.38519, 37.780603 ], [ -122.385275, 37.780598 ], [ -122.385267, 37.780499 ], [ -122.385298, 37.780497 ], [ -122.38531, 37.780596 ], [ -122.385398, 37.780591 ], [ -122.385392, 37.78049 ], [ -122.385422, 37.78049 ], [ -122.385432, 37.780589 ], [ -122.385519, 37.780584 ], [ -122.385511, 37.780483 ], [ -122.385541, 37.780482 ], [ -122.385553, 37.780582 ], [ -122.385633, 37.780577 ], [ -122.385627, 37.780476 ], [ -122.385655, 37.780476 ], [ -122.385667, 37.780575 ], [ -122.385749, 37.78057 ], [ -122.385742, 37.78047 ], [ -122.38577, 37.780469 ], [ -122.385783, 37.780568 ], [ -122.385865, 37.780564 ], [ -122.385858, 37.780463 ], [ -122.385888, 37.780462 ], [ -122.385899, 37.780562 ], [ -122.385987, 37.780557 ], [ -122.38598, 37.780456 ], [ -122.38601, 37.780455 ], [ -122.386021, 37.780555 ], [ -122.386107, 37.78055 ], [ -122.3861, 37.780448 ], [ -122.386129, 37.780448 ], [ -122.386141, 37.780548 ], [ -122.38623, 37.780542 ], [ -122.386222, 37.780441 ], [ -122.386251, 37.78044 ], [ -122.386265, 37.78054 ], [ -122.386348, 37.780536 ], [ -122.386341, 37.780434 ], [ -122.386371, 37.780433 ], [ -122.386382, 37.780534 ], [ -122.386464, 37.780529 ], [ -122.386457, 37.780428 ], [ -122.386485, 37.780425 ], [ -122.386498, 37.780527 ], [ -122.386582, 37.780522 ], [ -122.386575, 37.78042 ], [ -122.386606, 37.780419 ], [ -122.386617, 37.78052 ], [ -122.3867, 37.780515 ], [ -122.386693, 37.780414 ], [ -122.386722, 37.780411 ], [ -122.386735, 37.780513 ], [ -122.386816, 37.780508 ], [ -122.386811, 37.780406 ], [ -122.386839, 37.780406 ], [ -122.386851, 37.780506 ], [ -122.386929, 37.780502 ], [ -122.386921, 37.780401 ], [ -122.386952, 37.780398 ], [ -122.386963, 37.7805 ], [ -122.387046, 37.780495 ], [ -122.38704, 37.780394 ], [ -122.387069, 37.780391 ], [ -122.387081, 37.780493 ], [ -122.387172, 37.780487 ], [ -122.387165, 37.780385 ], [ -122.387195, 37.780384 ], [ -122.387206, 37.780485 ], [ -122.387295, 37.78048 ], [ -122.387289, 37.780378 ], [ -122.38732, 37.780377 ], [ -122.38733, 37.780478 ], [ -122.387406, 37.780474 ], [ -122.387397, 37.780371 ], [ -122.387427, 37.780371 ], [ -122.38744, 37.780472 ], [ -122.387527, 37.780467 ], [ -122.387534, 37.780441 ], [ -122.387502, 37.780093 ], [ -122.387488, 37.780049 ], [ -122.387401, 37.780054 ], [ -122.387407, 37.780166 ], [ -122.387378, 37.780167 ], [ -122.387367, 37.780056 ], [ -122.387291, 37.78006 ], [ -122.387299, 37.780173 ], [ -122.387269, 37.780173 ], [ -122.387256, 37.780062 ], [ -122.387167, 37.780067 ], [ -122.387176, 37.780179 ], [ -122.387145, 37.78018 ], [ -122.387133, 37.780069 ], [ -122.387042, 37.780074 ], [ -122.387051, 37.780188 ], [ -122.387018, 37.780187 ], [ -122.387007, 37.780076 ], [ -122.386923, 37.780082 ], [ -122.386931, 37.780193 ], [ -122.386901, 37.780195 ], [ -122.38689, 37.780083 ], [ -122.386812, 37.780087 ], [ -122.386821, 37.7802 ], [ -122.386788, 37.7802 ], [ -122.386777, 37.780089 ], [ -122.386696, 37.780094 ], [ -122.386704, 37.780206 ], [ -122.386672, 37.780207 ], [ -122.386661, 37.780096 ], [ -122.386578, 37.7801 ], [ -122.386588, 37.780213 ], [ -122.386554, 37.780214 ], [ -122.386543, 37.780102 ], [ -122.386459, 37.780107 ], [ -122.386469, 37.780219 ], [ -122.386435, 37.78022 ], [ -122.386424, 37.780109 ], [ -122.386343, 37.780114 ], [ -122.38635, 37.780226 ], [ -122.38632, 37.780227 ], [ -122.386309, 37.780116 ], [ -122.386226, 37.78012 ], [ -122.386234, 37.780233 ], [ -122.386202, 37.780233 ], [ -122.386191, 37.780122 ], [ -122.386102, 37.780127 ], [ -122.386109, 37.78024 ], [ -122.386078, 37.78024 ], [ -122.386067, 37.780129 ], [ -122.385982, 37.780134 ], [ -122.385991, 37.780246 ], [ -122.385959, 37.780247 ], [ -122.385948, 37.780136 ], [ -122.38586, 37.780141 ], [ -122.385869, 37.780253 ], [ -122.385834, 37.780254 ], [ -122.385825, 37.780143 ], [ -122.385744, 37.780147 ], [ -122.385752, 37.78026 ], [ -122.38572, 37.780261 ], [ -122.385709, 37.780149 ], [ -122.385628, 37.780154 ], [ -122.385636, 37.780266 ], [ -122.385605, 37.780268 ], [ -122.385593, 37.780156 ], [ -122.385514, 37.78016 ], [ -122.385523, 37.780273 ], [ -122.38549, 37.780274 ], [ -122.385479, 37.780162 ], [ -122.385393, 37.780167 ], [ -122.385402, 37.78028 ], [ -122.385369, 37.78028 ], [ -122.385359, 37.780169 ], [ -122.38527, 37.780174 ], [ -122.38528, 37.780287 ], [ -122.385246, 37.780287 ], [ -122.385236, 37.780176 ], [ -122.385151, 37.780181 ], [ -122.385159, 37.780293 ], [ -122.385126, 37.780294 ], [ -122.385116, 37.780183 ], [ -122.385039, 37.780187 ], [ -122.385047, 37.7803 ], [ -122.385014, 37.7803 ], [ -122.385004, 37.780189 ], [ -122.384919, 37.780194 ], [ -122.384928, 37.780306 ], [ -122.384895, 37.780308 ], [ -122.384884, 37.780196 ], [ -122.384805, 37.7802 ], [ -122.38481, 37.780313 ], [ -122.384777, 37.780314 ], [ -122.384763, 37.780081 ], [ -122.384796, 37.78008 ], [ -122.384803, 37.780179 ], [ -122.384883, 37.780174 ], [ -122.384876, 37.780074 ], [ -122.384907, 37.780073 ], [ -122.384917, 37.780172 ], [ -122.385002, 37.780168 ], [ -122.384996, 37.780068 ], [ -122.385028, 37.780066 ], [ -122.385037, 37.780166 ], [ -122.385114, 37.780161 ], [ -122.385108, 37.780062 ], [ -122.385138, 37.78006 ], [ -122.385149, 37.78016 ], [ -122.385234, 37.780155 ], [ -122.385226, 37.780054 ], [ -122.385259, 37.780054 ], [ -122.385268, 37.780153 ], [ -122.385357, 37.780148 ], [ -122.385349, 37.780047 ], [ -122.385383, 37.780046 ], [ -122.385391, 37.780146 ], [ -122.385478, 37.780141 ], [ -122.385471, 37.780041 ], [ -122.385505, 37.780039 ], [ -122.385512, 37.780139 ], [ -122.385592, 37.780135 ], [ -122.385584, 37.780034 ], [ -122.385617, 37.780032 ], [ -122.385626, 37.780133 ], [ -122.385708, 37.780129 ], [ -122.385701, 37.780028 ], [ -122.385734, 37.780026 ], [ -122.385742, 37.780127 ], [ -122.385824, 37.780122 ], [ -122.385817, 37.780021 ], [ -122.38585, 37.78002 ], [ -122.385858, 37.78012 ], [ -122.385946, 37.780115 ], [ -122.385939, 37.780014 ], [ -122.385971, 37.780013 ], [ -122.38598, 37.780113 ], [ -122.386066, 37.780109 ], [ -122.38606, 37.780007 ], [ -122.386092, 37.780006 ], [ -122.3861, 37.780107 ], [ -122.386189, 37.780102 ], [ -122.386184, 37.780001 ], [ -122.386214, 37.78 ], [ -122.386224, 37.7801 ], [ -122.386307, 37.780095 ], [ -122.3863, 37.779994 ], [ -122.386332, 37.779993 ], [ -122.386341, 37.780093 ], [ -122.386423, 37.780089 ], [ -122.386417, 37.779987 ], [ -122.38645, 37.779986 ], [ -122.386457, 37.780087 ], [ -122.386542, 37.780082 ], [ -122.386533, 37.779981 ], [ -122.386568, 37.779979 ], [ -122.386576, 37.78008 ], [ -122.386659, 37.780076 ], [ -122.386653, 37.779974 ], [ -122.386685, 37.779973 ], [ -122.386694, 37.780074 ], [ -122.386776, 37.780069 ], [ -122.386768, 37.779967 ], [ -122.386802, 37.779966 ], [ -122.38681, 37.780067 ], [ -122.386888, 37.780063 ], [ -122.386879, 37.779961 ], [ -122.386914, 37.779959 ], [ -122.386923, 37.780061 ], [ -122.387006, 37.780056 ], [ -122.386999, 37.779954 ], [ -122.387032, 37.779953 ], [ -122.38704, 37.780055 ], [ -122.387131, 37.78005 ], [ -122.387124, 37.779947 ], [ -122.387158, 37.779946 ], [ -122.387166, 37.780048 ], [ -122.387255, 37.780043 ], [ -122.387247, 37.77994 ], [ -122.38728, 37.779939 ], [ -122.387289, 37.780041 ], [ -122.387365, 37.780037 ], [ -122.387357, 37.779934 ], [ -122.38739, 37.779933 ], [ -122.3874, 37.780035 ], [ -122.387486, 37.78003 ], [ -122.387493, 37.77999 ], [ -122.387465, 37.779693 ], [ -122.387451, 37.779656 ], [ -122.387379, 37.77966 ], [ -122.387387, 37.77975 ], [ -122.387357, 37.779751 ], [ -122.387345, 37.779662 ], [ -122.387276, 37.779666 ], [ -122.387282, 37.779755 ], [ -122.387253, 37.779757 ], [ -122.387242, 37.779668 ], [ -122.387174, 37.779672 ], [ -122.387178, 37.779762 ], [ -122.387151, 37.779763 ], [ -122.387139, 37.779674 ], [ -122.387067, 37.779678 ], [ -122.387073, 37.779768 ], [ -122.387045, 37.779769 ], [ -122.387033, 37.77968 ], [ -122.386969, 37.779684 ], [ -122.386975, 37.779774 ], [ -122.386948, 37.779775 ], [ -122.386935, 37.779686 ], [ -122.386868, 37.77969 ], [ -122.386872, 37.77978 ], [ -122.386846, 37.779781 ], [ -122.386834, 37.779692 ], [ -122.386765, 37.779696 ], [ -122.386771, 37.779785 ], [ -122.386743, 37.779787 ], [ -122.38673, 37.779698 ], [ -122.38666, 37.779702 ], [ -122.386666, 37.779792 ], [ -122.386639, 37.779793 ], [ -122.386625, 37.779704 ], [ -122.386556, 37.779708 ], [ -122.386562, 37.779798 ], [ -122.386534, 37.779799 ], [ -122.386522, 37.77971 ], [ -122.386452, 37.779714 ], [ -122.386459, 37.779803 ], [ -122.386429, 37.779805 ], [ -122.386417, 37.779716 ], [ -122.386354, 37.779719 ], [ -122.386362, 37.77981 ], [ -122.386332, 37.77981 ], [ -122.38632, 37.779721 ], [ -122.386246, 37.779726 ], [ -122.386253, 37.779816 ], [ -122.386225, 37.779817 ], [ -122.386211, 37.779728 ], [ -122.386152, 37.779731 ], [ -122.386157, 37.779821 ], [ -122.38613, 37.779822 ], [ -122.386117, 37.779733 ], [ -122.386049, 37.779737 ], [ -122.386055, 37.779827 ], [ -122.386028, 37.779828 ], [ -122.386014, 37.779739 ], [ -122.385946, 37.779743 ], [ -122.385951, 37.779833 ], [ -122.385922, 37.779834 ], [ -122.385911, 37.779745 ], [ -122.385843, 37.779749 ], [ -122.385848, 37.779839 ], [ -122.385819, 37.77984 ], [ -122.385808, 37.779751 ], [ -122.385742, 37.779755 ], [ -122.385748, 37.779844 ], [ -122.385718, 37.779846 ], [ -122.385707, 37.779757 ], [ -122.385635, 37.779761 ], [ -122.385641, 37.77985 ], [ -122.385611, 37.779852 ], [ -122.3856, 37.779763 ], [ -122.385528, 37.779767 ], [ -122.385536, 37.779857 ], [ -122.385506, 37.779858 ], [ -122.385493, 37.779769 ], [ -122.385423, 37.779773 ], [ -122.385429, 37.779863 ], [ -122.385401, 37.779864 ], [ -122.385389, 37.779775 ], [ -122.38532, 37.779779 ], [ -122.385327, 37.779868 ], [ -122.385297, 37.77987 ], [ -122.385285, 37.779781 ], [ -122.385226, 37.779784 ], [ -122.385234, 37.779875 ], [ -122.385202, 37.779876 ], [ -122.385191, 37.779786 ], [ -122.385121, 37.77979 ], [ -122.385125, 37.779881 ], [ -122.3851, 37.779882 ], [ -122.385087, 37.779792 ], [ -122.38502, 37.779796 ], [ -122.385026, 37.779887 ], [ -122.384998, 37.779887 ], [ -122.384985, 37.779798 ], [ -122.384917, 37.779802 ], [ -122.384923, 37.779893 ], [ -122.384895, 37.779893 ], [ -122.384882, 37.779804 ], [ -122.384812, 37.779808 ], [ -122.384818, 37.779899 ], [ -122.384783, 37.7799 ], [ -122.384762, 37.779694 ], [ -122.384796, 37.779692 ], [ -122.38481, 37.779786 ], [ -122.38488, 37.779782 ], [ -122.384872, 37.779688 ], [ -122.384902, 37.779686 ], [ -122.384915, 37.77978 ], [ -122.384983, 37.779776 ], [ -122.384977, 37.779681 ], [ -122.385005, 37.779679 ], [ -122.385018, 37.779774 ], [ -122.385084, 37.779771 ], [ -122.385078, 37.779676 ], [ -122.385108, 37.779674 ], [ -122.385119, 37.779769 ], [ -122.385189, 37.779765 ], [ -122.385183, 37.77967 ], [ -122.385214, 37.779668 ], [ -122.385224, 37.779763 ], [ -122.385283, 37.779759 ], [ -122.385276, 37.779665 ], [ -122.385306, 37.779662 ], [ -122.385318, 37.779757 ], [ -122.385386, 37.779753 ], [ -122.385379, 37.779659 ], [ -122.38541, 37.779656 ], [ -122.385421, 37.779751 ], [ -122.385491, 37.779747 ], [ -122.385483, 37.779653 ], [ -122.385515, 37.779651 ], [ -122.385526, 37.779745 ], [ -122.385598, 37.779741 ], [ -122.385593, 37.779645 ], [ -122.385621, 37.779645 ], [ -122.385633, 37.779739 ], [ -122.385705, 37.779735 ], [ -122.385698, 37.779639 ], [ -122.385727, 37.779638 ], [ -122.385739, 37.779733 ], [ -122.385806, 37.779729 ], [ -122.3858, 37.779633 ], [ -122.385828, 37.779633 ], [ -122.385841, 37.779727 ], [ -122.385909, 37.779723 ], [ -122.385902, 37.779627 ], [ -122.385934, 37.779627 ], [ -122.385944, 37.779721 ], [ -122.386012, 37.779717 ], [ -122.386005, 37.779621 ], [ -122.386036, 37.779621 ], [ -122.386047, 37.779715 ], [ -122.386115, 37.779711 ], [ -122.386108, 37.779616 ], [ -122.386137, 37.779615 ], [ -122.38615, 37.779709 ], [ -122.386209, 37.779706 ], [ -122.386203, 37.779611 ], [ -122.386232, 37.779609 ], [ -122.386244, 37.779704 ], [ -122.386318, 37.779699 ], [ -122.386311, 37.779604 ], [ -122.386341, 37.779603 ], [ -122.386352, 37.779697 ], [ -122.386415, 37.779694 ], [ -122.386408, 37.779598 ], [ -122.386438, 37.779596 ], [ -122.38645, 37.779692 ], [ -122.38652, 37.779688 ], [ -122.386513, 37.779592 ], [ -122.386543, 37.779591 ], [ -122.386554, 37.779686 ], [ -122.386623, 37.779682 ], [ -122.386617, 37.779587 ], [ -122.386645, 37.779585 ], [ -122.386658, 37.77968 ], [ -122.386728, 37.779676 ], [ -122.38672, 37.779581 ], [ -122.38675, 37.779579 ], [ -122.386763, 37.779674 ], [ -122.386831, 37.77967 ], [ -122.386825, 37.779574 ], [ -122.386853, 37.779572 ], [ -122.386866, 37.779668 ], [ -122.386933, 37.779664 ], [ -122.386927, 37.779568 ], [ -122.386956, 37.779566 ], [ -122.386967, 37.779662 ], [ -122.387031, 37.779658 ], [ -122.387022, 37.779564 ], [ -122.387046, 37.779562 ], [ -122.387055, 37.779657 ], [ -122.387137, 37.779652 ], [ -122.387132, 37.779565 ], [ -122.387162, 37.779563 ], [ -122.387172, 37.77965 ], [ -122.38724, 37.779646 ], [ -122.387234, 37.77956 ], [ -122.387263, 37.779558 ], [ -122.387274, 37.779644 ], [ -122.387343, 37.77964 ], [ -122.387338, 37.779553 ], [ -122.387366, 37.779552 ], [ -122.387377, 37.779638 ], [ -122.387449, 37.779634 ], [ -122.387456, 37.779596 ], [ -122.387431, 37.779325 ], [ -122.387417, 37.779288 ], [ -122.38734, 37.779292 ], [ -122.387343, 37.779375 ], [ -122.387315, 37.779377 ], [ -122.387306, 37.779294 ], [ -122.387236, 37.779299 ], [ -122.387238, 37.779381 ], [ -122.38721, 37.779382 ], [ -122.387201, 37.779301 ], [ -122.387132, 37.779305 ], [ -122.387135, 37.7794 ], [ -122.387107, 37.779401 ], [ -122.387097, 37.779307 ], [ -122.387028, 37.779311 ], [ -122.387032, 37.779406 ], [ -122.387004, 37.779407 ], [ -122.386994, 37.779313 ], [ -122.386933, 37.779316 ], [ -122.386936, 37.779411 ], [ -122.386909, 37.779412 ], [ -122.386898, 37.779318 ], [ -122.386829, 37.779322 ], [ -122.386831, 37.779417 ], [ -122.386805, 37.779418 ], [ -122.386794, 37.779324 ], [ -122.386727, 37.779328 ], [ -122.38673, 37.779423 ], [ -122.386702, 37.779424 ], [ -122.386692, 37.77933 ], [ -122.386625, 37.779334 ], [ -122.386628, 37.779428 ], [ -122.386598, 37.77943 ], [ -122.38659, 37.779336 ], [ -122.386521, 37.77934 ], [ -122.386525, 37.779434 ], [ -122.386495, 37.779436 ], [ -122.386486, 37.779342 ], [ -122.386417, 37.779346 ], [ -122.38642, 37.779441 ], [ -122.386391, 37.779443 ], [ -122.386383, 37.779348 ], [ -122.386319, 37.779351 ], [ -122.386323, 37.779447 ], [ -122.386293, 37.779449 ], [ -122.386285, 37.779353 ], [ -122.386211, 37.779358 ], [ -122.386214, 37.779453 ], [ -122.386185, 37.779454 ], [ -122.386176, 37.77936 ], [ -122.386113, 37.779363 ], [ -122.386116, 37.779458 ], [ -122.386088, 37.779461 ], [ -122.386079, 37.779365 ], [ -122.386011, 37.779369 ], [ -122.386013, 37.779465 ], [ -122.385984, 37.779465 ], [ -122.385977, 37.779371 ], [ -122.385909, 37.779375 ], [ -122.385913, 37.77947 ], [ -122.385884, 37.779471 ], [ -122.385875, 37.779377 ], [ -122.385801, 37.779381 ], [ -122.385803, 37.779477 ], [ -122.385775, 37.779478 ], [ -122.385767, 37.779383 ], [ -122.385699, 37.779387 ], [ -122.385704, 37.779483 ], [ -122.385673, 37.779483 ], [ -122.385664, 37.779389 ], [ -122.385598, 37.779393 ], [ -122.385601, 37.779488 ], [ -122.385574, 37.779489 ], [ -122.385564, 37.779395 ], [ -122.385495, 37.779399 ], [ -122.385499, 37.779494 ], [ -122.385471, 37.779495 ], [ -122.38546, 37.779401 ], [ -122.38539, 37.779405 ], [ -122.385392, 37.7795 ], [ -122.385364, 37.779501 ], [ -122.385355, 37.779407 ], [ -122.385285, 37.779411 ], [ -122.385289, 37.779507 ], [ -122.385261, 37.779507 ], [ -122.385251, 37.779413 ], [ -122.38519, 37.779417 ], [ -122.385194, 37.779512 ], [ -122.385165, 37.779514 ], [ -122.385156, 37.779419 ], [ -122.385088, 37.779423 ], [ -122.385091, 37.779518 ], [ -122.385065, 37.779519 ], [ -122.385054, 37.779425 ], [ -122.384985, 37.779428 ], [ -122.384988, 37.779524 ], [ -122.384959, 37.779525 ], [ -122.38495, 37.77943 ], [ -122.384881, 37.779434 ], [ -122.384885, 37.77953 ], [ -122.384857, 37.779531 ], [ -122.384847, 37.779436 ], [ -122.384775, 37.779441 ], [ -122.384779, 37.779536 ], [ -122.384747, 37.779537 ], [ -122.384732, 37.779329 ], [ -122.384764, 37.779327 ], [ -122.384774, 37.779421 ], [ -122.384845, 37.779417 ], [ -122.384839, 37.779323 ], [ -122.384871, 37.779322 ], [ -122.38488, 37.779415 ], [ -122.384949, 37.779411 ], [ -122.384943, 37.779318 ], [ -122.384974, 37.779316 ], [ -122.384984, 37.779409 ], [ -122.385052, 37.779405 ], [ -122.385049, 37.779311 ], [ -122.385078, 37.77931 ], [ -122.385087, 37.779403 ], [ -122.385155, 37.779399 ], [ -122.385151, 37.779305 ], [ -122.38518, 37.779304 ], [ -122.385189, 37.779397 ], [ -122.385249, 37.779394 ], [ -122.385245, 37.779299 ], [ -122.385275, 37.779299 ], [ -122.385284, 37.779392 ], [ -122.385354, 37.779388 ], [ -122.385351, 37.779293 ], [ -122.385379, 37.779293 ], [ -122.385389, 37.779386 ], [ -122.385459, 37.779382 ], [ -122.385456, 37.779288 ], [ -122.385484, 37.779286 ], [ -122.385493, 37.77938 ], [ -122.385562, 37.779376 ], [ -122.385558, 37.779281 ], [ -122.385587, 37.77928 ], [ -122.385597, 37.779374 ], [ -122.385663, 37.77937 ], [ -122.385659, 37.779275 ], [ -122.385689, 37.779275 ], [ -122.385698, 37.779368 ], [ -122.385766, 37.779364 ], [ -122.385761, 37.77927 ], [ -122.385791, 37.779269 ], [ -122.3858, 37.779362 ], [ -122.385873, 37.779358 ], [ -122.385868, 37.779263 ], [ -122.385898, 37.779263 ], [ -122.385908, 37.779356 ], [ -122.385975, 37.779352 ], [ -122.385971, 37.779257 ], [ -122.386, 37.779256 ], [ -122.38601, 37.77935 ], [ -122.386077, 37.779346 ], [ -122.386074, 37.779252 ], [ -122.386102, 37.779251 ], [ -122.386112, 37.779344 ], [ -122.386175, 37.77934 ], [ -122.386171, 37.779246 ], [ -122.386201, 37.779245 ], [ -122.38621, 37.779339 ], [ -122.386284, 37.779334 ], [ -122.38628, 37.779241 ], [ -122.386308, 37.779239 ], [ -122.386318, 37.779332 ], [ -122.386381, 37.779329 ], [ -122.386375, 37.779235 ], [ -122.386407, 37.779232 ], [ -122.386416, 37.779327 ], [ -122.386485, 37.779323 ], [ -122.386481, 37.779228 ], [ -122.386511, 37.779226 ], [ -122.38652, 37.779321 ], [ -122.386589, 37.779317 ], [ -122.386586, 37.779222 ], [ -122.386613, 37.77922 ], [ -122.386624, 37.779315 ], [ -122.386691, 37.779311 ], [ -122.386686, 37.779216 ], [ -122.386716, 37.779215 ], [ -122.386726, 37.779309 ], [ -122.386793, 37.779305 ], [ -122.386789, 37.779211 ], [ -122.386817, 37.779209 ], [ -122.386827, 37.779303 ], [ -122.386897, 37.779299 ], [ -122.386894, 37.779204 ], [ -122.386922, 37.779203 ], [ -122.386931, 37.779297 ], [ -122.386992, 37.779293 ], [ -122.386988, 37.7792 ], [ -122.387018, 37.779197 ], [ -122.387027, 37.779291 ], [ -122.387096, 37.779287 ], [ -122.387094, 37.779193 ], [ -122.38712, 37.779192 ], [ -122.387131, 37.779285 ], [ -122.3872, 37.779281 ], [ -122.387198, 37.779199 ], [ -122.387224, 37.779198 ], [ -122.387234, 37.779279 ], [ -122.387305, 37.779275 ], [ -122.387303, 37.779193 ], [ -122.387334, 37.779193 ], [ -122.387339, 37.779273 ], [ -122.387415, 37.779269 ], [ -122.387423, 37.779236 ], [ -122.387397, 37.778965 ], [ -122.387384, 37.778933 ], [ -122.387316, 37.778937 ], [ -122.387321, 37.779006 ], [ -122.38729, 37.779007 ], [ -122.387281, 37.778939 ], [ -122.387219, 37.778942 ], [ -122.387221, 37.779011 ], [ -122.387193, 37.779012 ], [ -122.387185, 37.778944 ], [ -122.387123, 37.778948 ], [ -122.387125, 37.779027 ], [ -122.387099, 37.779029 ], [ -122.387089, 37.77895 ], [ -122.387026, 37.778953 ], [ -122.387028, 37.779033 ], [ -122.387, 37.779034 ], [ -122.386991, 37.778955 ], [ -122.38693, 37.778959 ], [ -122.386933, 37.779037 ], [ -122.386905, 37.77904 ], [ -122.386896, 37.778961 ], [ -122.386836, 37.778964 ], [ -122.386839, 37.779043 ], [ -122.386812, 37.779044 ], [ -122.386802, 37.778966 ], [ -122.386736, 37.77897 ], [ -122.386739, 37.779049 ], [ -122.386711, 37.77905 ], [ -122.386701, 37.778972 ], [ -122.386638, 37.778975 ], [ -122.386643, 37.779055 ], [ -122.386612, 37.779055 ], [ -122.386604, 37.778977 ], [ -122.38655, 37.77898 ], [ -122.386553, 37.77906 ], [ -122.386526, 37.77906 ], [ -122.386516, 37.778982 ], [ -122.38645, 37.778986 ], [ -122.386454, 37.779065 ], [ -122.386426, 37.779066 ], [ -122.386415, 37.778988 ], [ -122.386356, 37.778991 ], [ -122.386361, 37.779071 ], [ -122.38633, 37.779072 ], [ -122.386321, 37.778993 ], [ -122.386256, 37.778997 ], [ -122.38626, 37.779076 ], [ -122.386233, 37.779077 ], [ -122.386222, 37.778999 ], [ -122.386164, 37.779002 ], [ -122.386167, 37.779082 ], [ -122.386142, 37.779083 ], [ -122.38613, 37.779004 ], [ -122.386067, 37.779008 ], [ -122.386069, 37.779087 ], [ -122.386043, 37.779088 ], [ -122.386033, 37.77901 ], [ -122.385962, 37.779014 ], [ -122.385964, 37.779093 ], [ -122.385937, 37.779094 ], [ -122.385928, 37.779016 ], [ -122.385865, 37.77902 ], [ -122.385868, 37.779099 ], [ -122.385842, 37.7791 ], [ -122.385831, 37.779021 ], [ -122.385768, 37.779025 ], [ -122.38577, 37.779104 ], [ -122.385744, 37.779105 ], [ -122.385734, 37.779027 ], [ -122.385675, 37.77903 ], [ -122.385677, 37.77911 ], [ -122.385651, 37.779111 ], [ -122.38564, 37.779032 ], [ -122.385578, 37.779036 ], [ -122.385581, 37.779115 ], [ -122.385554, 37.779116 ], [ -122.385543, 37.779038 ], [ -122.385481, 37.779042 ], [ -122.385484, 37.779121 ], [ -122.385457, 37.779122 ], [ -122.385446, 37.779043 ], [ -122.385385, 37.779047 ], [ -122.385387, 37.779125 ], [ -122.385361, 37.779127 ], [ -122.385351, 37.779049 ], [ -122.385286, 37.779053 ], [ -122.385288, 37.779131 ], [ -122.385262, 37.779133 ], [ -122.385252, 37.779055 ], [ -122.385195, 37.779058 ], [ -122.385198, 37.779137 ], [ -122.385168, 37.779138 ], [ -122.38516, 37.77906 ], [ -122.385094, 37.779064 ], [ -122.385098, 37.779143 ], [ -122.385068, 37.779144 ], [ -122.38506, 37.779065 ], [ -122.385002, 37.779069 ], [ -122.385004, 37.779148 ], [ -122.384976, 37.779149 ], [ -122.384968, 37.779071 ], [ -122.384907, 37.779074 ], [ -122.38491, 37.779153 ], [ -122.384882, 37.779154 ], [ -122.384873, 37.779076 ], [ -122.384806, 37.77908 ], [ -122.384811, 37.779159 ], [ -122.384781, 37.77916 ], [ -122.384766, 37.778979 ], [ -122.384794, 37.778978 ], [ -122.384804, 37.779061 ], [ -122.384871, 37.779057 ], [ -122.384867, 37.778973 ], [ -122.384898, 37.778972 ], [ -122.384906, 37.779055 ], [ -122.384966, 37.779052 ], [ -122.384964, 37.778967 ], [ -122.38499, 37.778967 ], [ -122.385001, 37.77905 ], [ -122.385058, 37.779046 ], [ -122.385053, 37.778962 ], [ -122.385081, 37.77896 ], [ -122.385093, 37.779044 ], [ -122.385159, 37.779041 ], [ -122.385155, 37.778956 ], [ -122.385184, 37.778956 ], [ -122.385193, 37.779039 ], [ -122.38525, 37.779035 ], [ -122.385246, 37.778951 ], [ -122.385275, 37.778949 ], [ -122.385285, 37.779033 ], [ -122.385349, 37.77903 ], [ -122.385346, 37.778945 ], [ -122.385373, 37.778945 ], [ -122.385384, 37.779028 ], [ -122.385445, 37.779024 ], [ -122.385442, 37.77894 ], [ -122.385468, 37.778939 ], [ -122.385479, 37.779022 ], [ -122.385542, 37.779019 ], [ -122.385539, 37.778934 ], [ -122.385566, 37.778934 ], [ -122.385576, 37.779017 ], [ -122.385639, 37.779013 ], [ -122.385635, 37.77893 ], [ -122.385664, 37.778928 ], [ -122.385673, 37.779011 ], [ -122.385732, 37.779008 ], [ -122.385729, 37.778924 ], [ -122.385758, 37.778923 ], [ -122.385767, 37.779006 ], [ -122.385829, 37.779002 ], [ -122.385827, 37.778918 ], [ -122.385854, 37.778917 ], [ -122.385863, 37.779 ], [ -122.385926, 37.778997 ], [ -122.385924, 37.778913 ], [ -122.385949, 37.778912 ], [ -122.385961, 37.778995 ], [ -122.386031, 37.778991 ], [ -122.386027, 37.778907 ], [ -122.386053, 37.778906 ], [ -122.386066, 37.778989 ], [ -122.386128, 37.778985 ], [ -122.386125, 37.778901 ], [ -122.386152, 37.778899 ], [ -122.386163, 37.778983 ], [ -122.38622, 37.77898 ], [ -122.386216, 37.778896 ], [ -122.386247, 37.778895 ], [ -122.386255, 37.778978 ], [ -122.38632, 37.778974 ], [ -122.386315, 37.77889 ], [ -122.386344, 37.778889 ], [ -122.386354, 37.778972 ], [ -122.386414, 37.778969 ], [ -122.38641, 37.778885 ], [ -122.386438, 37.778884 ], [ -122.386448, 37.778967 ], [ -122.386514, 37.778963 ], [ -122.386509, 37.778879 ], [ -122.38654, 37.778878 ], [ -122.386549, 37.778961 ], [ -122.386602, 37.778958 ], [ -122.386598, 37.778874 ], [ -122.386631, 37.778873 ], [ -122.386637, 37.778956 ], [ -122.3867, 37.778953 ], [ -122.386695, 37.778868 ], [ -122.386723, 37.778868 ], [ -122.386734, 37.778951 ], [ -122.3868, 37.778947 ], [ -122.386797, 37.778863 ], [ -122.386824, 37.778861 ], [ -122.386835, 37.778945 ], [ -122.386894, 37.778941 ], [ -122.386891, 37.778857 ], [ -122.386921, 37.778856 ], [ -122.386929, 37.778939 ], [ -122.38699, 37.778936 ], [ -122.386987, 37.778852 ], [ -122.387014, 37.77885 ], [ -122.387024, 37.778934 ], [ -122.387087, 37.77893 ], [ -122.387084, 37.778846 ], [ -122.387112, 37.778845 ], [ -122.387122, 37.778928 ], [ -122.387183, 37.778925 ], [ -122.387181, 37.77885 ], [ -122.38721, 37.778849 ], [ -122.387218, 37.778923 ], [ -122.38728, 37.778919 ], [ -122.387277, 37.778844 ], [ -122.387307, 37.778843 ], [ -122.387314, 37.778917 ], [ -122.387382, 37.778914 ], [ -122.38739, 37.77888 ], [ -122.387367, 37.77863 ], [ -122.387353, 37.778605 ], [ -122.387286, 37.778609 ], [ -122.387288, 37.778681 ], [ -122.387261, 37.778682 ], [ -122.387252, 37.778611 ], [ -122.387186, 37.778615 ], [ -122.387188, 37.778687 ], [ -122.387161, 37.778687 ], [ -122.387152, 37.778617 ], [ -122.387093, 37.77862 ], [ -122.387095, 37.778702 ], [ -122.38707, 37.778703 ], [ -122.387059, 37.778622 ], [ -122.386995, 37.778626 ], [ -122.386999, 37.778708 ], [ -122.386972, 37.778709 ], [ -122.38696, 37.778628 ], [ -122.3869, 37.778631 ], [ -122.386903, 37.778713 ], [ -122.386876, 37.778714 ], [ -122.386866, 37.778633 ], [ -122.386799, 37.778637 ], [ -122.386802, 37.778719 ], [ -122.386774, 37.77872 ], [ -122.386764, 37.778639 ], [ -122.386707, 37.778642 ], [ -122.386711, 37.778725 ], [ -122.386683, 37.778725 ], [ -122.386672, 37.778644 ], [ -122.386614, 37.778648 ], [ -122.386616, 37.77873 ], [ -122.386591, 37.778731 ], [ -122.386579, 37.77865 ], [ -122.38651, 37.778654 ], [ -122.386513, 37.778736 ], [ -122.386488, 37.778737 ], [ -122.386476, 37.778656 ], [ -122.386417, 37.778659 ], [ -122.386419, 37.778741 ], [ -122.386393, 37.778742 ], [ -122.386383, 37.778661 ], [ -122.386317, 37.778665 ], [ -122.386319, 37.778747 ], [ -122.386294, 37.778748 ], [ -122.386283, 37.778667 ], [ -122.386221, 37.77867 ], [ -122.386223, 37.778753 ], [ -122.386196, 37.778753 ], [ -122.386186, 37.778672 ], [ -122.386126, 37.778676 ], [ -122.386129, 37.778758 ], [ -122.3861, 37.778759 ], [ -122.386091, 37.778678 ], [ -122.386028, 37.778682 ], [ -122.386033, 37.778764 ], [ -122.386002, 37.778766 ], [ -122.385994, 37.778684 ], [ -122.385932, 37.778687 ], [ -122.385935, 37.778769 ], [ -122.385908, 37.77877 ], [ -122.385898, 37.778689 ], [ -122.385834, 37.778693 ], [ -122.385839, 37.778775 ], [ -122.385811, 37.778776 ], [ -122.3858, 37.778695 ], [ -122.385741, 37.778698 ], [ -122.385744, 37.77878 ], [ -122.385718, 37.778781 ], [ -122.385707, 37.7787 ], [ -122.385643, 37.778704 ], [ -122.385646, 37.778786 ], [ -122.385619, 37.778787 ], [ -122.385608, 37.778706 ], [ -122.38555, 37.778709 ], [ -122.385552, 37.778791 ], [ -122.385528, 37.778793 ], [ -122.385515, 37.778711 ], [ -122.385452, 37.778715 ], [ -122.385454, 37.778797 ], [ -122.385429, 37.778798 ], [ -122.385417, 37.778717 ], [ -122.385355, 37.77872 ], [ -122.385357, 37.778803 ], [ -122.385331, 37.778803 ], [ -122.38532, 37.778722 ], [ -122.385258, 37.778726 ], [ -122.385262, 37.778808 ], [ -122.385235, 37.778809 ], [ -122.385224, 37.778728 ], [ -122.385157, 37.778732 ], [ -122.385163, 37.778814 ], [ -122.38513, 37.778815 ], [ -122.385114, 37.778634 ], [ -122.385145, 37.778633 ], [ -122.385155, 37.778713 ], [ -122.385222, 37.778709 ], [ -122.385219, 37.778629 ], [ -122.385245, 37.778626 ], [ -122.385257, 37.778707 ], [ -122.385319, 37.778703 ], [ -122.385315, 37.778622 ], [ -122.385342, 37.778621 ], [ -122.385353, 37.778701 ], [ -122.385415, 37.778698 ], [ -122.385413, 37.778617 ], [ -122.385439, 37.778616 ], [ -122.38545, 37.778696 ], [ -122.385514, 37.778692 ], [ -122.385511, 37.778611 ], [ -122.385539, 37.77861 ], [ -122.385548, 37.77869 ], [ -122.385607, 37.778687 ], [ -122.385604, 37.778607 ], [ -122.38563, 37.778605 ], [ -122.385641, 37.778685 ], [ -122.385705, 37.778681 ], [ -122.385701, 37.7786 ], [ -122.385727, 37.778599 ], [ -122.38574, 37.778679 ], [ -122.385798, 37.778676 ], [ -122.385795, 37.778595 ], [ -122.385824, 37.778594 ], [ -122.385833, 37.778674 ], [ -122.385896, 37.77867 ], [ -122.385893, 37.778589 ], [ -122.385922, 37.778588 ], [ -122.385931, 37.778668 ], [ -122.385992, 37.778664 ], [ -122.385987, 37.778583 ], [ -122.386017, 37.778583 ], [ -122.386027, 37.778662 ], [ -122.38609, 37.778659 ], [ -122.386085, 37.778578 ], [ -122.386116, 37.778577 ], [ -122.386124, 37.778657 ], [ -122.386185, 37.778653 ], [ -122.38618, 37.778572 ], [ -122.386211, 37.778572 ], [ -122.386221, 37.778651 ], [ -122.386281, 37.778648 ], [ -122.386276, 37.778567 ], [ -122.386304, 37.778566 ], [ -122.386315, 37.778646 ], [ -122.386381, 37.778642 ], [ -122.386379, 37.778561 ], [ -122.386404, 37.778559 ], [ -122.386416, 37.77864 ], [ -122.386474, 37.778637 ], [ -122.38647, 37.778556 ], [ -122.386497, 37.778555 ], [ -122.386509, 37.778635 ], [ -122.386578, 37.778631 ], [ -122.386573, 37.778551 ], [ -122.3866, 37.778549 ], [ -122.386612, 37.778629 ], [ -122.386672, 37.778624 ], [ -122.386668, 37.778544 ], [ -122.386694, 37.778543 ], [ -122.386705, 37.778623 ], [ -122.386762, 37.77862 ], [ -122.38676, 37.778539 ], [ -122.386786, 37.778538 ], [ -122.386797, 37.778618 ], [ -122.386864, 37.778614 ], [ -122.386859, 37.778534 ], [ -122.386888, 37.778532 ], [ -122.386899, 37.778612 ], [ -122.386959, 37.778609 ], [ -122.386956, 37.778528 ], [ -122.386982, 37.778527 ], [ -122.386993, 37.778607 ], [ -122.387057, 37.778603 ], [ -122.387055, 37.778522 ], [ -122.38708, 37.778521 ], [ -122.387092, 37.778601 ], [ -122.38715, 37.778598 ], [ -122.387147, 37.778527 ], [ -122.387174, 37.778526 ], [ -122.387185, 37.778596 ], [ -122.38725, 37.778592 ], [ -122.387249, 37.778521 ], [ -122.387273, 37.778521 ], [ -122.387285, 37.77859 ], [ -122.387352, 37.778586 ], [ -122.387359, 37.77856 ], [ -122.387341, 37.77836 ], [ -122.385336, 37.77848 ], [ -122.385293, 37.778451 ], [ -122.385333, 37.778412 ], [ -122.385371, 37.778438 ], [ -122.385442, 37.778434 ], [ -122.387505, 37.778316 ], [ -122.387507, 37.778336 ], [ -122.387692, 37.778337 ], [ -122.387624, 37.77821 ], [ -122.390089, 37.777265 ], [ -122.390411, 37.777142 ], [ -122.390349, 37.777093 ], [ -122.390113, 37.776809 ], [ -122.390392, 37.77696 ], [ -122.392695, 37.77529 ], [ -122.392784, 37.775219 ], [ -122.394948, 37.773529 ], [ -122.397192, 37.771786 ], [ -122.397526, 37.771541 ], [ -122.397741, 37.771481 ], [ -122.39782, 37.771218 ], [ -122.397964, 37.771113 ], [ -122.398112, 37.771006 ], [ -122.398764, 37.770532 ], [ -122.398522, 37.770369 ], [ -122.398447, 37.770302 ], [ -122.39808, 37.770498 ], [ -122.39789, 37.7706 ], [ -122.397747, 37.770676 ], [ -122.397566, 37.770974 ], [ -122.397444, 37.771252 ], [ -122.397382, 37.771247 ], [ -122.395954, 37.772351 ], [ -122.394805, 37.773294 ], [ -122.39473, 37.773356 ], [ -122.393666, 37.774228 ], [ -122.392527, 37.775163 ], [ -122.390437, 37.776683 ], [ -122.390215, 37.776723 ], [ -122.390074, 37.776762 ], [ -122.389857, 37.7765 ], [ -122.389811, 37.776503 ], [ -122.389821, 37.776591 ], [ -122.387678, 37.776716 ], [ -122.387628, 37.776748 ], [ -122.387552, 37.776744 ], [ -122.38749, 37.776729 ], [ -122.387429, 37.776702 ], [ -122.387373, 37.776661 ], [ -122.387331, 37.776611 ], [ -122.387305, 37.77655 ], [ -122.3873, 37.776485 ], [ -122.387311, 37.776319 ], [ -122.387103, 37.776326 ], [ -122.387082, 37.776104 ], [ -122.385248, 37.776309 ], [ -122.38502, 37.776335 ], [ -122.384997, 37.776326 ], [ -122.384986, 37.776308 ], [ -122.385026, 37.776275 ], [ -122.384828, 37.775394 ], [ -122.384881, 37.775389 ], [ -122.384877, 37.77533 ], [ -122.386996, 37.775082 ], [ -122.386923, 37.774328 ], [ -122.381814, 37.774615 ], [ -122.381456, 37.771917 ], [ -122.384706, 37.773354 ], [ -122.384782, 37.773372 ], [ -122.38486, 37.773376 ], [ -122.38676, 37.773273 ], [ -122.386573, 37.772839 ], [ -122.386581, 37.772816 ], [ -122.386603, 37.7728 ], [ -122.386717, 37.772771 ], [ -122.386692, 37.772707 ], [ -122.386683, 37.772631 ], [ -122.386688, 37.77258 ], [ -122.386659, 37.772476 ], [ -122.386672, 37.772455 ], [ -122.386714, 37.77244 ], [ -122.386679, 37.772362 ], [ -122.386645, 37.772369 ], [ -122.386593, 37.772228 ], [ -122.386559, 37.772089 ], [ -122.38654, 37.771948 ], [ -122.386439, 37.771943 ], [ -122.386459, 37.771679 ], [ -122.386414, 37.771677 ], [ -122.386417, 37.771634 ], [ -122.386369, 37.77163 ], [ -122.38637, 37.771591 ], [ -122.386346, 37.771591 ], [ -122.386349, 37.771562 ], [ -122.386374, 37.771562 ], [ -122.386384, 37.771459 ], [ -122.386277, 37.771448 ], [ -122.386286, 37.771405 ], [ -122.386249, 37.771396 ], [ -122.386214, 37.771392 ], [ -122.386172, 37.771344 ], [ -122.386133, 37.771335 ], [ -122.386106, 37.771316 ], [ -122.38609, 37.771287 ], [ -122.386142, 37.771266 ], [ -122.386086, 37.771183 ], [ -122.386043, 37.771201 ], [ -122.386011, 37.771188 ], [ -122.386041, 37.771174 ], [ -122.385894, 37.770992 ], [ -122.38592, 37.770815 ], [ -122.38584, 37.770683 ], [ -122.385817, 37.770676 ], [ -122.385794, 37.770682 ], [ -122.385782, 37.7707 ], [ -122.385798, 37.77125 ], [ -122.385622, 37.772162 ], [ -122.385554, 37.772154 ], [ -122.385681, 37.771444 ], [ -122.385515, 37.77143 ], [ -122.385468, 37.771531 ], [ -122.385336, 37.771652 ], [ -122.385286, 37.771634 ], [ -122.385684, 37.770764 ], [ -122.38572, 37.770637 ], [ -122.385724, 37.770592 ], [ -122.385559, 37.770637 ], [ -122.383155, 37.769709 ], [ -122.383376, 37.769333 ], [ -122.385569, 37.77018 ], [ -122.385493, 37.769991 ], [ -122.385475, 37.769837 ], [ -122.385019, 37.768857 ], [ -122.384894, 37.768882 ], [ -122.384788, 37.768657 ], [ -122.385006, 37.768586 ], [ -122.385007, 37.76853 ], [ -122.385038, 37.768497 ], [ -122.385008, 37.768429 ], [ -122.38508, 37.768406 ], [ -122.385043, 37.768341 ], [ -122.385168, 37.768296 ], [ -122.385145, 37.768143 ], [ -122.384701, 37.768171 ], [ -122.384624, 37.768075 ], [ -122.383882, 37.768122 ], [ -122.383843, 37.767745 ], [ -122.382457, 37.767833 ], [ -122.38244, 37.767692 ], [ -122.384901, 37.767536 ], [ -122.38487, 37.76724 ], [ -122.385823, 37.767255 ], [ -122.385933, 37.767027 ], [ -122.386615, 37.765668 ], [ -122.387606, 37.764483 ], [ -122.387917, 37.764379 ], [ -122.388037, 37.765628 ], [ -122.388164, 37.766958 ], [ -122.389099, 37.766903 ], [ -122.39029, 37.766833 ], [ -122.390589, 37.766815 ], [ -122.390918, 37.766795 ], [ -122.390976, 37.766792 ], [ -122.393001, 37.766671 ], [ -122.393968, 37.766614 ], [ -122.393919, 37.766074 ], [ -122.393905, 37.765923 ], [ -122.393876, 37.765611 ], [ -122.393862, 37.76546 ], [ -122.393848, 37.765307 ], [ -122.394829, 37.765248 ], [ -122.395807, 37.765189 ], [ -122.396771, 37.76513 ], [ -122.397737, 37.765072 ], [ -122.398703, 37.765014 ], [ -122.39877, 37.76573 ], [ -122.398825, 37.766309 ], [ -122.398504, 37.766329 ], [ -122.398418, 37.766433 ], [ -122.396653, 37.767825 ] ], [ [ -122.397716, 37.770453 ], [ -122.397598, 37.76967 ], [ -122.397562, 37.769606 ], [ -122.397306, 37.76916 ], [ -122.396744, 37.7685 ], [ -122.394473, 37.766582 ], [ -122.395369, 37.767413 ], [ -122.395748, 37.767729 ], [ -122.395817, 37.767787 ], [ -122.396808, 37.768631 ], [ -122.397148, 37.769321 ], [ -122.397264, 37.769669 ], [ -122.397331, 37.770183 ], [ -122.397373, 37.770753 ], [ -122.397405, 37.770976 ], [ -122.39758, 37.770745 ], [ -122.397738, 37.770611 ], [ -122.397716, 37.770453 ] ] ] } },
{ "type": "Feature", "properties": { "BlockGroup": 60750607002 }, "geometry": { "type": "Polygon", "coordinates": [ [ [ -122.404875, 37.768531 ], [ -122.40499, 37.769715 ], [ -122.404391, 37.76975 ], [ -122.404083, 37.769969 ], [ -122.403878, 37.770063 ], [ -122.401657, 37.771817 ], [ -122.400804, 37.771138 ], [ -122.402286, 37.76996 ], [ -122.402404, 37.769866 ], [ -122.402073, 37.769885 ], [ -122.401993, 37.769029 ], [ -122.40186, 37.769065 ], [ -122.401665, 37.769219 ], [ -122.400023, 37.770515 ], [ -122.399163, 37.769825 ], [ -122.399046, 37.769732 ], [ -122.398179, 37.769041 ], [ -122.397422, 37.768438 ], [ -122.396653, 37.767825 ], [ -122.398418, 37.766433 ], [ -122.398504, 37.766329 ], [ -122.398825, 37.766309 ], [ -122.39877, 37.76573 ], [ -122.398703, 37.765014 ], [ -122.399662, 37.764956 ], [ -122.400633, 37.764898 ], [ -122.401599, 37.764839 ], [ -122.402563, 37.764781 ], [ -122.403527, 37.764723 ], [ -122.404497, 37.764664 ], [ -122.404623, 37.765958 ], [ -122.40475, 37.767257 ], [ -122.404875, 37.768531 ] ] ] } },
{ "type": "Feature", "properties": { "BlockGroup": 60750607003 }, "geometry": { "type": "Polygon", "coordinates": [ [ [ -122.391841, 37.778126 ], [ -122.39275, 37.778852 ], [ -122.392211, 37.779277 ], [ -122.391065, 37.780182 ], [ -122.390527, 37.780607 ], [ -122.389754, 37.781221 ], [ -122.38939, 37.781509 ], [ -122.389168, 37.781649 ], [ -122.388996, 37.781711 ], [ -122.388758, 37.781798 ], [ -122.38834, 37.781798 ], [ -122.388306, 37.781798 ], [ -122.388434, 37.781649 ], [ -122.388472, 37.78138 ], [ -122.388595, 37.781161 ], [ -122.388399, 37.780766 ], [ -122.388011, 37.779983 ], [ -122.388869, 37.779295 ], [ -122.391121, 37.777553 ], [ -122.391841, 37.778126 ] ] ] } },
{ "type": "Feature", "properties": { "BlockGroup": 60750610001 }, "geometry": { "type": "Polygon", "coordinates": [ [ [ -122.39521, 37.708786 ], [ -122.395411, 37.709655 ], [ -122.395518, 37.710117 ], [ -122.395701, 37.710911 ], [ -122.395808, 37.711383 ], [ -122.395963, 37.711836 ], [ -122.396069, 37.712088 ], [ -122.396198, 37.712395 ], [ -122.396388, 37.712724 ], [ -122.39651, 37.712934 ], [ -122.396633, 37.713111 ], [ -122.396799, 37.713348 ], [ -122.396875, 37.713456 ], [ -122.397755, 37.714548 ], [ -122.398266, 37.715148 ], [ -122.398423, 37.715462 ], [ -122.398225, 37.715492 ], [ -122.398202, 37.715492 ], [ -122.398016, 37.715485 ], [ -122.398258, 37.715988 ], [ -122.398328, 37.716259 ], [ -122.398367, 37.716413 ], [ -122.398407, 37.717049 ], [ -122.398515, 37.717664 ], [ -122.398434, 37.71774 ], [ -122.398029, 37.718204 ], [ -122.397981, 37.718178 ], [ -122.397494, 37.718728 ], [ -122.397479, 37.718834 ], [ -122.397471, 37.718941 ], [ -122.397073, 37.719381 ], [ -122.396954, 37.719477 ], [ -122.396975, 37.719608 ], [ -122.396734, 37.720139 ], [ -122.396617, 37.720231 ], [ -122.395431, 37.719558 ], [ -122.393545, 37.718487 ], [ -122.392613, 37.717959 ], [ -122.392389, 37.717886 ], [ -122.391599, 37.717526 ], [ -122.391141, 37.71804 ], [ -122.390205, 37.717498 ], [ -122.389278, 37.716961 ], [ -122.389136, 37.716879 ], [ -122.388131, 37.716298 ], [ -122.387912, 37.716328 ], [ -122.38685, 37.717509 ], [ -122.386265, 37.717179 ], [ -122.385697, 37.717797 ], [ -122.385157, 37.718407 ], [ -122.384156, 37.719521 ], [ -122.384086, 37.719667 ], [ -122.383647, 37.720413 ], [ -122.38282, 37.721872 ], [ -122.382763, 37.721774 ], [ -122.382723, 37.721724 ], [ -122.382722, 37.72169 ], [ -122.382732, 37.72164 ], [ -122.382738, 37.721556 ], [ -122.382806, 37.721353 ], [ -122.382909, 37.72115 ], [ -122.382948, 37.721088 ], [ -122.382999, 37.721038 ], [ -122.383056, 37.721 ], [ -122.383117, 37.720966 ], [ -122.383167, 37.720918 ], [ -122.383326, 37.720699 ], [ -122.38337, 37.720612 ], [ -122.3834, 37.72051 ], [ -122.383408, 37.720433 ], [ -122.383397, 37.720353 ], [ -122.383367, 37.720333 ], [ -122.383314, 37.720358 ], [ -122.383306, 37.720316 ], [ -122.383251, 37.720289 ], [ -122.383251, 37.720151 ], [ -122.383197, 37.72009 ], [ -122.38285, 37.719923 ], [ -122.382727, 37.719886 ], [ -122.382624, 37.719839 ], [ -122.382518, 37.719768 ], [ -122.382141, 37.719552 ], [ -122.382009, 37.719496 ], [ -122.381749, 37.71935 ], [ -122.381689, 37.719272 ], [ -122.381608, 37.719182 ], [ -122.381567, 37.719113 ], [ -122.381507, 37.718998 ], [ -122.381406, 37.718877 ], [ -122.381295, 37.718783 ], [ -122.381114, 37.718757 ], [ -122.380955, 37.718765 ], [ -122.380828, 37.718776 ], [ -122.380719, 37.71878 ], [ -122.380569, 37.718754 ], [ -122.380422, 37.718721 ], [ -122.380329, 37.718673 ], [ -122.380262, 37.718597 ], [ -122.380204, 37.718523 ], [ -122.38011, 37.718484 ], [ -122.38002, 37.718477 ], [ -122.379944, 37.718446 ], [ -122.379874, 37.718388 ], [ -122.379783, 37.718361 ], [ -122.379705, 37.718352 ], [ -122.37966, 37.718291 ], [ -122.379592, 37.718249 ], [ -122.379535, 37.718192 ], [ -122.379479, 37.718156 ], [ -122.379437, 37.71811 ], [ -122.379408, 37.718042 ], [ -122.379225, 37.717883 ], [ -122.379076, 37.717783 ], [ -122.379033, 37.717775 ], [ -122.379014, 37.717745 ], [ -122.37894, 37.717718 ], [ -122.378856, 37.717671 ], [ -122.378659, 37.717579 ], [ -122.378551, 37.717511 ], [ -122.378221, 37.717328 ], [ -122.377883, 37.717189 ], [ -122.377451, 37.716962 ], [ -122.37728, 37.71686 ], [ -122.377192, 37.716851 ], [ -122.377174, 37.716801 ], [ -122.376873, 37.71663 ], [ -122.376781, 37.716568 ], [ -122.376635, 37.716455 ], [ -122.376578, 37.716425 ], [ -122.376536, 37.716392 ], [ -122.376487, 37.716343 ], [ -122.376435, 37.71631 ], [ -122.376232, 37.716209 ], [ -122.376165, 37.716154 ], [ -122.37614, 37.716113 ], [ -122.376126, 37.716091 ], [ -122.376124, 37.716017 ], [ -122.376152, 37.715941 ], [ -122.376201, 37.715856 ], [ -122.376261, 37.715787 ], [ -122.376335, 37.715716 ], [ -122.376402, 37.715635 ], [ -122.376454, 37.715556 ], [ -122.376543, 37.715474 ], [ -122.376632, 37.715368 ], [ -122.376689, 37.715277 ], [ -122.376671, 37.715242 ], [ -122.376649, 37.715234 ], [ -122.376649, 37.715203 ], [ -122.376714, 37.715163 ], [ -122.376876, 37.714985 ], [ -122.376996, 37.714851 ], [ -122.377074, 37.714795 ], [ -122.377114, 37.714739 ], [ -122.377172, 37.714616 ], [ -122.377245, 37.714498 ], [ -122.377279, 37.714451 ], [ -122.377307, 37.714398 ], [ -122.377356, 37.714341 ], [ -122.377469, 37.714249 ], [ -122.37755, 37.714195 ], [ -122.377755, 37.714041 ], [ -122.377878, 37.713959 ], [ -122.378038, 37.713839 ], [ -122.378341, 37.713619 ], [ -122.37839, 37.713566 ], [ -122.378425, 37.713501 ], [ -122.378461, 37.71344 ], [ -122.378501, 37.713398 ], [ -122.378661, 37.713244 ], [ -122.37876, 37.713195 ], [ -122.37886, 37.713127 ], [ -122.378892, 37.713094 ], [ -122.378963, 37.712975 ], [ -122.379023, 37.712842 ], [ -122.37906, 37.7128 ], [ -122.379173, 37.712642 ], [ -122.379294, 37.712488 ], [ -122.379337, 37.7124 ], [ -122.3794, 37.712274 ], [ -122.379484, 37.712152 ], [ -122.379546, 37.712025 ], [ -122.379572, 37.711992 ], [ -122.379619, 37.711944 ], [ -122.379651, 37.71189 ], [ -122.379672, 37.711838 ], [ -122.37972, 37.711768 ], [ -122.37978, 37.711696 ], [ -122.379822, 37.711668 ], [ -122.379864, 37.711653 ], [ -122.37992, 37.711633 ], [ -122.37997, 37.711603 ], [ -122.380017, 37.711554 ], [ -122.380057, 37.71149 ], [ -122.38008, 37.711417 ], [ -122.380111, 37.711188 ], [ -122.380121, 37.711027 ], [ -122.380119, 37.710871 ], [ -122.38011, 37.710824 ], [ -122.380096, 37.710743 ], [ -122.380059, 37.710635 ], [ -122.380041, 37.710605 ], [ -122.379984, 37.710553 ], [ -122.379915, 37.71051 ], [ -122.379861, 37.710489 ], [ -122.379829, 37.71049 ], [ -122.379797, 37.710503 ], [ -122.379756, 37.710502 ], [ -122.379722, 37.710486 ], [ -122.379654, 37.710417 ], [ -122.379587, 37.710378 ], [ -122.379505, 37.710353 ], [ -122.379424, 37.710322 ], [ -122.379347, 37.710275 ], [ -122.379216, 37.710149 ], [ -122.379136, 37.710091 ], [ -122.379041, 37.710034 ], [ -122.378976, 37.709977 ], [ -122.378924, 37.709907 ], [ -122.378908, 37.709854 ], [ -122.378903, 37.709797 ], [ -122.378886, 37.709767 ], [ -122.378865, 37.70976 ], [ -122.378832, 37.709757 ], [ -122.378811, 37.709742 ], [ -122.378748, 37.709628 ], [ -122.378713, 37.709549 ], [ -122.37868, 37.709487 ], [ -122.378622, 37.709458 ], [ -122.378583, 37.709395 ], [ -122.378549, 37.70937 ], [ -122.378517, 37.709353 ], [ -122.37848, 37.709318 ], [ -122.378454, 37.709274 ], [ -122.378445, 37.709222 ], [ -122.378445, 37.709125 ], [ -122.378424, 37.709012 ], [ -122.378393, 37.708926 ], [ -122.378358, 37.708868 ], [ -122.378293, 37.708793 ], [ -122.378262, 37.708764 ], [ -122.378073, 37.708684 ], [ -122.378045, 37.708667 ], [ -122.37803, 37.708653 ], [ -122.377942, 37.708608 ], [ -122.37787, 37.708586 ], [ -122.377787, 37.708576 ], [ -122.377741, 37.70858 ], [ -122.377687, 37.708598 ], [ -122.377594, 37.708646 ], [ -122.377508, 37.708677 ], [ -122.377361, 37.708714 ], [ -122.37722, 37.708756 ], [ -122.377123, 37.708789 ], [ -122.376975, 37.708869 ], [ -122.376867, 37.708899 ], [ -122.376829, 37.708924 ], [ -122.376719, 37.709024 ], [ -122.376702, 37.709082 ], [ -122.376677, 37.709106 ], [ -122.376656, 37.709119 ], [ -122.376619, 37.709206 ], [ -122.376497, 37.70936 ], [ -122.376388, 37.709566 ], [ -122.376403, 37.709613 ], [ -122.376394, 37.709638 ], [ -122.376352, 37.709658 ], [ -122.376182, 37.709685 ], [ -122.376022, 37.709691 ], [ -122.375913, 37.709684 ], [ -122.375783, 37.709659 ], [ -122.375657, 37.709621 ], [ -122.375581, 37.709588 ], [ -122.375516, 37.709542 ], [ -122.375413, 37.709436 ], [ -122.375347, 37.709392 ], [ -122.375181, 37.709319 ], [ -122.375047, 37.709238 ], [ -122.37482, 37.709141 ], [ -122.374706, 37.7091 ], [ -122.374622, 37.709056 ], [ -122.374546, 37.709004 ], [ -122.374466, 37.708927 ], [ -122.374446, 37.708903 ], [ -122.374374, 37.708759 ], [ -122.374375, 37.70871 ], [ -122.374394, 37.708667 ], [ -122.37443, 37.70863 ], [ -122.374563, 37.708542 ], [ -122.374733, 37.708503 ], [ -122.374853, 37.7085 ], [ -122.375051, 37.708475 ], [ -122.375306, 37.708456 ], [ -122.375632, 37.708405 ], [ -122.375873, 37.708398 ], [ -122.376063, 37.708384 ], [ -122.376492, 37.708407 ], [ -122.376748, 37.708407 ], [ -122.376821, 37.708399 ], [ -122.377004, 37.708417 ], [ -122.37711, 37.708415 ], [ -122.377289, 37.708425 ], [ -122.377643, 37.70842 ], [ -122.378001, 37.708437 ], [ -122.37832, 37.708439 ], [ -122.378449, 37.70843 ], [ -122.378578, 37.708437 ], [ -122.378749, 37.708465 ], [ -122.378876, 37.708465 ], [ -122.379081, 37.708432 ], [ -122.379201, 37.70842 ], [ -122.3794, 37.70842 ], [ -122.379479, 37.708438 ], [ -122.379591, 37.708494 ], [ -122.37973, 37.708526 ], [ -122.379787, 37.708523 ], [ -122.379763, 37.708537 ], [ -122.379914, 37.708599 ], [ -122.379993, 37.708618 ], [ -122.380075, 37.708654 ], [ -122.380172, 37.708705 ], [ -122.380315, 37.708757 ], [ -122.38045, 37.708788 ], [ -122.380588, 37.708804 ], [ -122.380745, 37.708807 ], [ -122.380975, 37.708827 ], [ -122.381248, 37.708868 ], [ -122.381404, 37.708868 ], [ -122.381506, 37.708893 ], [ -122.381585, 37.708864 ], [ -122.381713, 37.708865 ], [ -122.381782, 37.708865 ], [ -122.381864, 37.708881 ], [ -122.381926, 37.708909 ], [ -122.382032, 37.708989 ], [ -122.38212, 37.709032 ], [ -122.382201, 37.709057 ], [ -122.382304, 37.709071 ], [ -122.38247, 37.709069 ], [ -122.382585, 37.709084 ], [ -122.382724, 37.709118 ], [ -122.382866, 37.70914 ], [ -122.383159, 37.709157 ], [ -122.38339, 37.70919 ], [ -122.383535, 37.709195 ], [ -122.383684, 37.70919 ], [ -122.383797, 37.709202 ], [ -122.384043, 37.709257 ], [ -122.384233, 37.709282 ], [ -122.384515, 37.709295 ], [ -122.384549, 37.709305 ], [ -122.384754, 37.70939 ], [ -122.385072, 37.7095 ], [ -122.385213, 37.70958 ], [ -122.385427, 37.709674 ], [ -122.385657, 37.709804 ], [ -122.38572, 37.709852 ], [ -122.385741, 37.709862 ], [ -122.385852, 37.709944 ], [ -122.385909, 37.709979 ], [ -122.385984, 37.709998 ], [ -122.386106, 37.709995 ], [ -122.386272, 37.709972 ], [ -122.386413, 37.709936 ], [ -122.386565, 37.70988 ], [ -122.386663, 37.709836 ], [ -122.386739, 37.709803 ], [ -122.386816, 37.709756 ], [ -122.386829, 37.70973 ], [ -122.38682, 37.709702 ], [ -122.386819, 37.709677 ], [ -122.386837, 37.709656 ], [ -122.386975, 37.709612 ], [ -122.387087, 37.709561 ], [ -122.38729, 37.709434 ], [ -122.387427, 37.709324 ], [ -122.387577, 37.70918 ], [ -122.387639, 37.709095 ], [ -122.387698, 37.70905 ], [ -122.387768, 37.709005 ], [ -122.38782, 37.708947 ], [ -122.387896, 37.708821 ], [ -122.387931, 37.708795 ], [ -122.387972, 37.708774 ], [ -122.388002, 37.708741 ], [ -122.388016, 37.708714 ], [ -122.388032, 37.708688 ], [ -122.388063, 37.708673 ], [ -122.388108, 37.708673 ], [ -122.388195, 37.708712 ], [ -122.388318, 37.708796 ], [ -122.388399, 37.708827 ], [ -122.388482, 37.70884 ], [ -122.388555, 37.708844 ], [ -122.388595, 37.708856 ], [ -122.388719, 37.708916 ], [ -122.388831, 37.70899 ], [ -122.388973, 37.709108 ], [ -122.389081, 37.709191 ], [ -122.389224, 37.709261 ], [ -122.389476, 37.709425 ], [ -122.38952, 37.709466 ], [ -122.389572, 37.709505 ], [ -122.38967, 37.709599 ], [ -122.389718, 37.70962 ], [ -122.38977, 37.709625 ], [ -122.389819, 37.709615 ], [ -122.389931, 37.709573 ], [ -122.390033, 37.70952 ], [ -122.39026, 37.709367 ], [ -122.390413, 37.709227 ], [ -122.390463, 37.709202 ], [ -122.39056, 37.709213 ], [ -122.39062, 37.709205 ], [ -122.390671, 37.70925 ], [ -122.390741, 37.709285 ], [ -122.390762, 37.709292 ], [ -122.390956, 37.709404 ], [ -122.391104, 37.709504 ], [ -122.391263, 37.709593 ], [ -122.391479, 37.709698 ], [ -122.39151, 37.709695 ], [ -122.391624, 37.70965 ], [ -122.391716, 37.709607 ], [ -122.391877, 37.709454 ], [ -122.392112, 37.709253 ], [ -122.392161, 37.709177 ], [ -122.392282, 37.708997 ], [ -122.392358, 37.708955 ], [ -122.392463, 37.708915 ], [ -122.392511, 37.708879 ], [ -122.392598, 37.708792 ], [ -122.39271, 37.708707 ], [ -122.392904, 37.708592 ], [ -122.392943, 37.708573 ], [ -122.393113, 37.708447 ], [ -122.393167, 37.708402 ], [ -122.393226, 37.708282 ], [ -122.39332, 37.708273 ], [ -122.393782, 37.708231 ], [ -122.394308, 37.708274 ], [ -122.394628, 37.7083 ], [ -122.394834, 37.708317 ], [ -122.39497, 37.708328 ], [ -122.395107, 37.708339 ], [ -122.395123, 37.70841 ], [ -122.39521, 37.708786 ] ] ] } },
{ "type": "Feature", "properties": { "BlockGroup": 60750610002 }, "geometry": { "type": "Polygon", "coordinates": [ [ [ -122.405487, 37.708241 ], [ -122.405582, 37.708231 ], [ -122.405443, 37.708355 ], [ -122.405244, 37.708802 ], [ -122.405109, 37.708854 ], [ -122.405153, 37.708964 ], [ -122.405055, 37.709221 ], [ -122.404682, 37.70993 ], [ -122.404377, 37.710365 ], [ -122.404226, 37.710409 ], [ -122.404249, 37.710519 ], [ -122.403775, 37.711159 ], [ -122.40365, 37.711189 ], [ -122.403687, 37.711278 ], [ -122.40328, 37.711818 ], [ -122.403101, 37.711969 ], [ -122.40282, 37.712135 ], [ -122.402655, 37.712198 ], [ -122.402459, 37.712179 ], [ -122.402366, 37.712294 ], [ -122.402128, 37.712361 ], [ -122.401996, 37.712398 ], [ -122.401644, 37.712484 ], [ -122.40126, 37.712642 ], [ -122.401038, 37.712815 ], [ -122.40097, 37.712869 ], [ -122.400834, 37.713008 ], [ -122.400658, 37.713058 ], [ -122.400474, 37.713116 ], [ -122.400017, 37.713584 ], [ -122.399755, 37.713858 ], [ -122.399359, 37.714273 ], [ -122.399199, 37.714536 ], [ -122.398943, 37.715187 ], [ -122.398991, 37.715339 ], [ -122.398912, 37.715396 ], [ -122.398834, 37.715451 ], [ -122.398819, 37.715473 ], [ -122.39865, 37.715729 ], [ -122.398596, 37.71581 ], [ -122.398481, 37.715984 ], [ -122.398328, 37.716259 ], [ -122.398258, 37.715988 ], [ -122.398016, 37.715485 ], [ -122.398202, 37.715492 ], [ -122.398225, 37.715492 ], [ -122.398423, 37.715462 ], [ -122.398266, 37.715148 ], [ -122.397755, 37.714548 ], [ -122.396875, 37.713456 ], [ -122.396799, 37.713348 ], [ -122.396633, 37.713111 ], [ -122.39651, 37.712934 ], [ -122.396388, 37.712724 ], [ -122.396198, 37.712395 ], [ -122.396069, 37.712088 ], [ -122.395963, 37.711836 ], [ -122.395808, 37.711383 ], [ -122.395701, 37.710911 ], [ -122.395518, 37.710117 ], [ -122.395411, 37.709655 ], [ -122.39521, 37.708786 ], [ -122.395123, 37.70841 ], [ -122.395107, 37.708339 ], [ -122.395782, 37.708331 ], [ -122.396181, 37.708331 ], [ -122.400282, 37.708331 ], [ -122.400982, 37.708331 ], [ -122.401307, 37.708331 ], [ -122.401327, 37.708331 ], [ -122.401482, 37.708331 ], [ -122.401591, 37.708309 ], [ -122.401765, 37.708274 ], [ -122.401982, 37.708231 ], [ -122.402382, 37.708331 ], [ -122.402682, 37.708331 ], [ -122.402982, 37.708331 ], [ -122.403282, 37.708331 ], [ -122.404682, 37.708331 ], [ -122.405226, 37.708271 ], [ -122.405281, 37.708265 ], [ -122.40529, 37.708264 ], [ -122.405365, 37.708255 ], [ -122.405453, 37.708245 ], [ -122.405487, 37.708241 ] ] ] } },
{ "type": "Feature", "properties": { "BlockGroup": 60750611001 }, "geometry": { "type": "Polygon", "coordinates": [ [ [ -122.404796, 37.794453 ], [ -122.404876, 37.79486 ], [ -122.404957, 37.795327 ], [ -122.405083, 37.795926 ], [ -122.405112, 37.796067 ], [ -122.405143, 37.796211 ], [ -122.405288, 37.796909 ], [ -122.405513, 37.797065 ], [ -122.405318, 37.79709 ], [ -122.40477, 37.79716 ], [ -122.404058, 37.79725 ], [ -122.403676, 37.797298 ], [ -122.402887, 37.797396 ], [ -122.402041, 37.797505 ], [ -122.400863, 37.797654 ], [ -122.400681, 37.796777 ], [ -122.400486, 37.795875 ], [ -122.400413, 37.795448 ], [ -122.400329, 37.795013 ], [ -122.400239, 37.794575 ], [ -122.400149, 37.794134 ], [ -122.401315, 37.793987 ], [ -122.40216, 37.79388 ], [ -122.402957, 37.79378 ], [ -122.404016, 37.793646 ], [ -122.404613, 37.793565 ], [ -122.404711, 37.794021 ], [ -122.404796, 37.794453 ] ] ] } },
{ "type": "Feature", "properties": { "BlockGroup": 60750611002 }, "geometry": { "type": "Polygon", "coordinates": [ [ [ -122.406305, 37.794264 ], [ -122.406821, 37.794198 ], [ -122.407294, 37.794138 ], [ -122.407903, 37.79406 ], [ -122.408079, 37.794941 ], [ -122.408253, 37.795824 ], [ -122.407797, 37.795881 ], [ -122.407564, 37.79591 ], [ -122.407432, 37.795927 ], [ -122.40732, 37.795941 ], [ -122.407084, 37.795971 ], [ -122.406652, 37.796025 ], [ -122.406351, 37.796062 ], [ -122.406225, 37.796078 ], [ -122.405863, 37.796122 ], [ -122.405143, 37.796211 ], [ -122.405112, 37.796067 ], [ -122.405083, 37.795926 ], [ -122.404957, 37.795327 ], [ -122.404876, 37.79486 ], [ -122.404796, 37.794453 ], [ -122.405663, 37.794345 ], [ -122.406305, 37.794264 ] ] ] } },
{ "type": "Feature", "properties": { "BlockGroup": 60750611003 }, "geometry": { "type": "Polygon", "coordinates": [ [ [ -122.40732, 37.795941 ], [ -122.407432, 37.795927 ], [ -122.407564, 37.79591 ], [ -122.407797, 37.795881 ], [ -122.408253, 37.795824 ], [ -122.408431, 37.796704 ], [ -122.407733, 37.79679 ], [ -122.40762, 37.796804 ], [ -122.407481, 37.796821 ], [ -122.406828, 37.796902 ], [ -122.406527, 37.796944 ], [ -122.405513, 37.797065 ], [ -122.405288, 37.796909 ], [ -122.405143, 37.796211 ], [ -122.405863, 37.796122 ], [ -122.406225, 37.796078 ], [ -122.406351, 37.796062 ], [ -122.406652, 37.796025 ], [ -122.407084, 37.795971 ], [ -122.40732, 37.795941 ] ] ] } },
{ "type": "Feature", "properties": { "BlockGroup": 60750612001 }, "geometry": { "type": "Polygon", "coordinates": [ [ [ -122.390791, 37.734723 ], [ -122.390694, 37.734797 ], [ -122.390712, 37.734947 ], [ -122.390515, 37.735511 ], [ -122.390416, 37.735591 ], [ -122.390436, 37.735736 ], [ -122.390244, 37.736286 ], [ -122.390145, 37.73639 ], [ -122.390164, 37.736512 ], [ -122.389965, 37.737095 ], [ -122.389864, 37.73717 ], [ -122.389894, 37.737297 ], [ -122.389688, 37.737881 ], [ -122.389587, 37.737955 ], [ -122.389617, 37.738082 ], [ -122.389411, 37.738667 ], [ -122.38931, 37.738742 ], [ -122.38934, 37.738869 ], [ -122.389132, 37.739459 ], [ -122.389031, 37.739533 ], [ -122.38906, 37.73966 ], [ -122.388961, 37.73994 ], [ -122.388855, 37.740243 ], [ -122.388755, 37.740317 ], [ -122.388784, 37.740444 ], [ -122.388577, 37.741033 ], [ -122.388476, 37.741108 ], [ -122.388505, 37.741235 ], [ -122.388301, 37.741814 ], [ -122.3882, 37.741889 ], [ -122.388235, 37.741977 ], [ -122.38801, 37.742645 ], [ -122.387926, 37.742703 ], [ -122.387705, 37.742697 ], [ -122.386603, 37.742068 ], [ -122.386555, 37.74195 ], [ -122.387143, 37.741297 ], [ -122.385282, 37.74024 ], [ -122.385835, 37.739609 ], [ -122.386399, 37.738983 ], [ -122.386962, 37.738359 ], [ -122.387528, 37.737731 ], [ -122.388091, 37.737106 ], [ -122.388653, 37.736483 ], [ -122.388529, 37.736475 ], [ -122.387253, 37.735751 ], [ -122.387176, 37.735662 ], [ -122.387382, 37.734823 ], [ -122.387399, 37.734738 ], [ -122.38791, 37.73417 ], [ -122.388482, 37.733534 ], [ -122.389035, 37.732919 ], [ -122.390968, 37.734014 ], [ -122.390988, 37.734158 ], [ -122.390791, 37.734723 ] ] ] } },
{ "type": "Feature", "properties": { "BlockGroup": 60750612002 }, "geometry": { "type": "Polygon", "coordinates": [ [ [ -122.393904, 37.733788 ], [ -122.39334, 37.734413 ], [ -122.392776, 37.735038 ], [ -122.394662, 37.736107 ], [ -122.394924, 37.736255 ], [ -122.395686, 37.736686 ], [ -122.396515, 37.737156 ], [ -122.396232, 37.737468 ], [ -122.395945, 37.737784 ], [ -122.395119, 37.737314 ], [ -122.394093, 37.736729 ], [ -122.393524, 37.737351 ], [ -122.392965, 37.737961 ], [ -122.392393, 37.738603 ], [ -122.391921, 37.739128 ], [ -122.391831, 37.739228 ], [ -122.391268, 37.739853 ], [ -122.38931, 37.738742 ], [ -122.389411, 37.738667 ], [ -122.389617, 37.738082 ], [ -122.389587, 37.737955 ], [ -122.389688, 37.737881 ], [ -122.389894, 37.737297 ], [ -122.389864, 37.73717 ], [ -122.389965, 37.737095 ], [ -122.390164, 37.736512 ], [ -122.390145, 37.73639 ], [ -122.390244, 37.736286 ], [ -122.390436, 37.735736 ], [ -122.390416, 37.735591 ], [ -122.390515, 37.735511 ], [ -122.390712, 37.734947 ], [ -122.390694, 37.734797 ], [ -122.390791, 37.734723 ], [ -122.390988, 37.734158 ], [ -122.390968, 37.734014 ], [ -122.391067, 37.733933 ], [ -122.391154, 37.733686 ], [ -122.391264, 37.73337 ], [ -122.391244, 37.733223 ], [ -122.391343, 37.733144 ], [ -122.39154, 37.732581 ], [ -122.391521, 37.732432 ], [ -122.393904, 37.733788 ] ] ] } },
{ "type": "Feature", "properties": { "BlockGroup": 60750614001 }, "geometry": { "type": "Polygon", "coordinates": [ [ [ -122.403593, 37.749472 ], [ -122.403784, 37.749433 ], [ -122.403736, 37.749584 ], [ -122.403514, 37.750282 ], [ -122.403309, 37.750885 ], [ -122.403377, 37.750931 ], [ -122.403357, 37.751351 ], [ -122.40326, 37.751624 ], [ -122.403225, 37.751722 ], [ -122.403169, 37.751909 ], [ -122.403007, 37.752446 ], [ -122.402978, 37.75275 ], [ -122.403011, 37.753202 ], [ -122.403127, 37.754478 ], [ -122.402917, 37.75449 ], [ -122.402558, 37.754512 ], [ -122.401589, 37.754571 ], [ -122.400626, 37.754629 ], [ -122.399738, 37.754682 ], [ -122.399718, 37.754475 ], [ -122.39963, 37.754391 ], [ -122.39956, 37.754494 ], [ -122.39958, 37.754692 ], [ -122.398693, 37.754745 ], [ -122.398554, 37.754774 ], [ -122.397729, 37.754827 ], [ -122.397206, 37.75484 ], [ -122.396943, 37.7548 ], [ -122.396675, 37.754707 ], [ -122.396323, 37.754417 ], [ -122.394734, 37.752664 ], [ -122.394587, 37.752427 ], [ -122.395548, 37.752369 ], [ -122.396513, 37.752311 ], [ -122.396408, 37.751179 ], [ -122.398341, 37.751055 ], [ -122.399414, 37.75099 ], [ -122.399845, 37.750883 ], [ -122.400217, 37.750753 ], [ -122.400472, 37.750673 ], [ -122.401232, 37.750632 ], [ -122.402184, 37.750581 ], [ -122.402605, 37.750558 ], [ -122.402725, 37.750497 ], [ -122.402784, 37.750386 ], [ -122.402801, 37.750201 ], [ -122.40285, 37.749653 ], [ -122.402866, 37.749478 ], [ -122.402969, 37.74955 ], [ -122.403055, 37.749544 ], [ -122.403203, 37.749534 ], [ -122.403261, 37.74953 ], [ -122.403569, 37.749475 ], [ -122.403593, 37.749472 ] ] ] } },
{ "type": "Feature", "properties": { "BlockGroup": 60750614002 }, "geometry": { "type": "Polygon", "coordinates": [ [ [ -122.394587, 37.752427 ], [ -122.394734, 37.752664 ], [ -122.396323, 37.754417 ], [ -122.396675, 37.754707 ], [ -122.396943, 37.7548 ], [ -122.397206, 37.75484 ], [ -122.397729, 37.754827 ], [ -122.39783, 37.755898 ], [ -122.39797, 37.757359 ], [ -122.398216, 37.759909 ], [ -122.397249, 37.759967 ], [ -122.396284, 37.760026 ], [ -122.395315, 37.760084 ], [ -122.394352, 37.760142 ], [ -122.393365, 37.760202 ], [ -122.392494, 37.760245 ], [ -122.392447, 37.759671 ], [ -122.392419, 37.758118 ], [ -122.392444, 37.757692 ], [ -122.392461, 37.757398 ], [ -122.392452, 37.756763 ], [ -122.392447, 37.756436 ], [ -122.392248, 37.755254 ], [ -122.392207, 37.755137 ], [ -122.392082, 37.755144 ], [ -122.391954, 37.755152 ], [ -122.391901, 37.755155 ], [ -122.391878, 37.754916 ], [ -122.391529, 37.754012 ], [ -122.391321, 37.753292 ], [ -122.391236, 37.752722 ], [ -122.391232, 37.752657 ], [ -122.390683, 37.752663 ], [ -122.391231, 37.75263 ], [ -122.39153, 37.752612 ], [ -122.391616, 37.752606 ], [ -122.391656, 37.752604 ], [ -122.392639, 37.752545 ], [ -122.393185, 37.752512 ], [ -122.393619, 37.752485 ], [ -122.394587, 37.752427 ] ] ] } },
{ "type": "Feature", "properties": { "BlockGroup": 60750614003 }, "geometry": { "type": "Polygon", "coordinates": [ [ [ -122.399718, 37.754475 ], [ -122.399738, 37.754682 ], [ -122.400626, 37.754629 ], [ -122.401589, 37.754571 ], [ -122.402558, 37.754512 ], [ -122.402917, 37.75449 ], [ -122.403127, 37.754478 ], [ -122.403245, 37.75576 ], [ -122.403306, 37.756166 ], [ -122.403396, 37.756471 ], [ -122.403544, 37.756804 ], [ -122.403689, 37.757015 ], [ -122.403461, 37.757029 ], [ -122.403074, 37.757052 ], [ -122.402803, 37.757068 ], [ -122.401833, 37.757121 ], [ -122.40087, 37.757185 ], [ -122.399907, 37.757243 ], [ -122.398939, 37.757301 ], [ -122.398574, 37.757323 ], [ -122.39797, 37.757359 ], [ -122.39783, 37.755898 ], [ -122.397729, 37.754827 ], [ -122.398554, 37.754774 ], [ -122.398693, 37.754745 ], [ -122.39958, 37.754692 ], [ -122.39956, 37.754494 ], [ -122.39963, 37.754391 ], [ -122.399718, 37.754475 ] ] ] } },
{ "type": "Feature", "properties": { "BlockGroup": 60750615001 }, "geometry": { "type": "Polygon", "coordinates": [ [ [ -122.404795, 37.784908 ], [ -122.405236, 37.785265 ], [ -122.405807, 37.785725 ], [ -122.405822, 37.785737 ], [ -122.405831, 37.785744 ], [ -122.405823, 37.785768 ], [ -122.405803, 37.785828 ], [ -122.405767, 37.785856 ], [ -122.404688, 37.78671 ], [ -122.404583, 37.786731 ], [ -122.404556, 37.786814 ], [ -122.403535, 37.787621 ], [ -122.403431, 37.787642 ], [ -122.403403, 37.787725 ], [ -122.402914, 37.788112 ], [ -122.402807, 37.788197 ], [ -122.402702, 37.78828 ], [ -122.40217, 37.7887 ], [ -122.402066, 37.788721 ], [ -122.401939, 37.788878 ], [ -122.401749, 37.789029 ], [ -122.401528, 37.789205 ], [ -122.401479, 37.789244 ], [ -122.401375, 37.789264 ], [ -122.401348, 37.789348 ], [ -122.400152, 37.79029 ], [ -122.399896, 37.790493 ], [ -122.399505, 37.790805 ], [ -122.399255, 37.790997 ], [ -122.399149, 37.791017 ], [ -122.399123, 37.791101 ], [ -122.398369, 37.791695 ], [ -122.398264, 37.791716 ], [ -122.398235, 37.7918 ], [ -122.39749, 37.792387 ], [ -122.397383, 37.792406 ], [ -122.397359, 37.79249 ], [ -122.396612, 37.793079 ], [ -122.396504, 37.793097 ], [ -122.39648, 37.793182 ], [ -122.39641, 37.793238 ], [ -122.396302, 37.793256 ], [ -122.396278, 37.793342 ], [ -122.395705, 37.793793 ], [ -122.39486, 37.794459 ], [ -122.394748, 37.79448 ], [ -122.393819, 37.793738 ], [ -122.393181, 37.79323 ], [ -122.392499, 37.793769 ], [ -122.392181, 37.793928 ], [ -122.391982, 37.793872 ], [ -122.391589, 37.793528 ], [ -122.391724, 37.793429 ], [ -122.390847, 37.792692 ], [ -122.390918, 37.792515 ], [ -122.391096, 37.792436 ], [ -122.391646, 37.792006 ], [ -122.392525, 37.791311 ], [ -122.393408, 37.790613 ], [ -122.393661, 37.790413 ], [ -122.394276, 37.789926 ], [ -122.395151, 37.789235 ], [ -122.396035, 37.788536 ], [ -122.39723, 37.787591 ], [ -122.397932, 37.787036 ], [ -122.398257, 37.786779 ], [ -122.398977, 37.786209 ], [ -122.39937, 37.785899 ], [ -122.400468, 37.78503 ], [ -122.402708, 37.783259 ], [ -122.403712, 37.784044 ], [ -122.404267, 37.784479 ], [ -122.404795, 37.784908 ] ] ] } },
{ "type": "Feature", "properties": { "BlockGroup": 60750615002 }, "geometry": { "type": "Polygon", "coordinates": [ [ [ -122.397386, 37.782554 ], [ -122.397943, 37.782998 ], [ -122.39893, 37.783785 ], [ -122.39946, 37.784214 ], [ -122.399887, 37.784559 ], [ -122.400468, 37.78503 ], [ -122.39937, 37.785899 ], [ -122.398977, 37.786209 ], [ -122.398257, 37.786779 ], [ -122.397932, 37.787036 ], [ -122.39723, 37.787591 ], [ -122.396035, 37.788536 ], [ -122.395151, 37.789235 ], [ -122.394276, 37.789926 ], [ -122.393461, 37.789275 ], [ -122.392723, 37.788687 ], [ -122.393306, 37.788226 ], [ -122.393597, 37.787996 ], [ -122.393962, 37.787708 ], [ -122.394481, 37.787298 ], [ -122.393921, 37.786852 ], [ -122.393445, 37.786472 ], [ -122.392937, 37.786068 ], [ -122.394099, 37.785149 ], [ -122.394158, 37.785102 ], [ -122.395161, 37.784311 ], [ -122.395703, 37.783882 ], [ -122.396262, 37.783441 ], [ -122.397386, 37.782554 ] ] ] } },
{ "type": "Feature", "properties": { "BlockGroup": 60750615003 }, "geometry": { "type": "Polygon", "coordinates": [ [ [ -122.393921, 37.786852 ], [ -122.394481, 37.787298 ], [ -122.393962, 37.787708 ], [ -122.393597, 37.787996 ], [ -122.393306, 37.788226 ], [ -122.392723, 37.788687 ], [ -122.393461, 37.789275 ], [ -122.394276, 37.789926 ], [ -122.393661, 37.790413 ], [ -122.393408, 37.790613 ], [ -122.392525, 37.791311 ], [ -122.391646, 37.792006 ], [ -122.391096, 37.792436 ], [ -122.390918, 37.792515 ], [ -122.390847, 37.792692 ], [ -122.388808, 37.790978 ], [ -122.38893, 37.79088 ], [ -122.388612, 37.790313 ], [ -122.388049, 37.790508 ], [ -122.388012, 37.790431 ], [ -122.388369, 37.790308 ], [ -122.388287, 37.790161 ], [ -122.388321, 37.790151 ], [ -122.388244, 37.790007 ], [ -122.388219, 37.789996 ], [ -122.388076, 37.790038 ], [ -122.385736, 37.790973 ], [ -122.385713, 37.79097 ], [ -122.385699, 37.790955 ], [ -122.385643, 37.790837 ], [ -122.385507, 37.790548 ], [ -122.385515, 37.790531 ], [ -122.385687, 37.790452 ], [ -122.386319, 37.790233 ], [ -122.387607, 37.789787 ], [ -122.387418, 37.789439 ], [ -122.387894, 37.788801 ], [ -122.388139, 37.788563 ], [ -122.388155, 37.788548 ], [ -122.388573, 37.788154 ], [ -122.389429, 37.788838 ], [ -122.390319, 37.788135 ], [ -122.39118, 37.787455 ], [ -122.392053, 37.786765 ], [ -122.392937, 37.786068 ], [ -122.393445, 37.786472 ], [ -122.393921, 37.786852 ] ] ] } },
{ "type": "Feature", "properties": { "BlockGroup": 60750615004 }, "geometry": { "type": "Polygon", "coordinates": [ [ [ -122.394382, 37.783689 ], [ -122.394398, 37.783702 ], [ -122.394523, 37.783802 ], [ -122.395161, 37.784311 ], [ -122.394158, 37.785102 ], [ -122.394099, 37.785149 ], [ -122.392937, 37.786068 ], [ -122.392053, 37.786765 ], [ -122.39118, 37.787455 ], [ -122.390319, 37.788135 ], [ -122.389429, 37.788838 ], [ -122.388573, 37.788154 ], [ -122.388155, 37.788548 ], [ -122.388139, 37.788563 ], [ -122.387894, 37.788801 ], [ -122.387868, 37.788725 ], [ -122.387738, 37.78826 ], [ -122.387723, 37.788035 ], [ -122.387662, 37.787307 ], [ -122.38767, 37.787175 ], [ -122.387795, 37.787097 ], [ -122.388393, 37.787105 ], [ -122.388588, 37.787049 ], [ -122.388779, 37.786899 ], [ -122.389637, 37.786224 ], [ -122.389783, 37.786178 ], [ -122.390424, 37.785665 ], [ -122.390966, 37.785232 ], [ -122.391249, 37.784918 ], [ -122.391301, 37.78486 ], [ -122.391593, 37.784594 ], [ -122.392119, 37.784205 ], [ -122.392594, 37.783868 ], [ -122.39284, 37.783693 ], [ -122.393618, 37.783078 ], [ -122.394151, 37.783504 ], [ -122.394382, 37.783689 ] ] ] } },
{ "type": "Feature", "properties": { "BlockGroup": 60750615005 }, "geometry": { "type": "Polygon", "coordinates": [ [ [ -122.395518, 37.781062 ], [ -122.395843, 37.781321 ], [ -122.39638, 37.78175 ], [ -122.396461, 37.781815 ], [ -122.396613, 37.781937 ], [ -122.396841, 37.782119 ], [ -122.397386, 37.782554 ], [ -122.396262, 37.783441 ], [ -122.395703, 37.783882 ], [ -122.395161, 37.784311 ], [ -122.394523, 37.783802 ], [ -122.394398, 37.783702 ], [ -122.394382, 37.783689 ], [ -122.394151, 37.783504 ], [ -122.393618, 37.783078 ], [ -122.393297, 37.782821 ], [ -122.393082, 37.78265 ], [ -122.392842, 37.782457 ], [ -122.392613, 37.782274 ], [ -122.392077, 37.781846 ], [ -122.390527, 37.780607 ], [ -122.391065, 37.780182 ], [ -122.392211, 37.779277 ], [ -122.39275, 37.778852 ], [ -122.3943, 37.78009 ], [ -122.394631, 37.780354 ], [ -122.395065, 37.780701 ], [ -122.395518, 37.781062 ] ] ] } },
{ "type": "Feature", "properties": { "BlockGroup": 60750615006 }, "geometry": { "type": "Polygon", "coordinates": [ [ [ -122.392613, 37.782274 ], [ -122.392842, 37.782457 ], [ -122.393082, 37.78265 ], [ -122.393297, 37.782821 ], [ -122.393618, 37.783078 ], [ -122.39284, 37.783693 ], [ -122.392594, 37.783868 ], [ -122.392119, 37.784205 ], [ -122.391593, 37.784594 ], [ -122.391301, 37.78486 ], [ -122.391249, 37.784918 ], [ -122.390966, 37.785232 ], [ -122.390424, 37.785665 ], [ -122.389783, 37.786178 ], [ -122.389637, 37.786224 ], [ -122.388779, 37.786899 ], [ -122.388588, 37.787049 ], [ -122.388393, 37.787105 ], [ -122.387795, 37.787097 ], [ -122.38767, 37.787175 ], [ -122.387662, 37.787307 ], [ -122.387723, 37.788035 ], [ -122.387738, 37.78826 ], [ -122.387868, 37.788725 ], [ -122.387894, 37.788801 ], [ -122.387418, 37.789439 ], [ -122.387348, 37.789311 ], [ -122.385347, 37.789791 ], [ -122.385313, 37.789784 ], [ -122.385287, 37.789764 ], [ -122.385106, 37.789317 ], [ -122.385115, 37.789294 ], [ -122.385142, 37.789278 ], [ -122.385148, 37.78922 ], [ -122.387188, 37.788774 ], [ -122.387049, 37.788229 ], [ -122.385259, 37.78852 ], [ -122.38523, 37.78851 ], [ -122.385213, 37.788491 ], [ -122.385126, 37.788142 ], [ -122.385138, 37.788118 ], [ -122.385162, 37.788105 ], [ -122.387225, 37.787767 ], [ -122.387381, 37.78772 ], [ -122.387407, 37.787241 ], [ -122.38702, 37.787247 ], [ -122.384544, 37.7874 ], [ -122.384515, 37.787387 ], [ -122.384499, 37.787361 ], [ -122.384342, 37.785735 ], [ -122.38436, 37.78571 ], [ -122.38439, 37.785698 ], [ -122.387336, 37.785518 ], [ -122.387454, 37.785495 ], [ -122.387565, 37.785458 ], [ -122.387581, 37.785438 ], [ -122.387631, 37.784865 ], [ -122.385459, 37.784994 ], [ -122.385415, 37.784607 ], [ -122.387222, 37.784502 ], [ -122.387473, 37.78447 ], [ -122.387583, 37.784438 ], [ -122.387674, 37.784396 ], [ -122.38771, 37.783876 ], [ -122.386288, 37.783959 ], [ -122.386237, 37.783406 ], [ -122.38754, 37.783329 ], [ -122.387696, 37.783279 ], [ -122.387752, 37.783246 ], [ -122.387777, 37.782868 ], [ -122.387628, 37.782826 ], [ -122.38807, 37.782449 ], [ -122.388075, 37.782112 ], [ -122.388096, 37.781912 ], [ -122.388306, 37.781798 ], [ -122.38834, 37.781798 ], [ -122.388758, 37.781798 ], [ -122.388996, 37.781711 ], [ -122.389168, 37.781649 ], [ -122.38939, 37.781509 ], [ -122.389754, 37.781221 ], [ -122.390527, 37.780607 ], [ -122.392077, 37.781846 ], [ -122.392613, 37.782274 ] ] ] } },
{ "type": "Feature", "properties": { "BlockGroup": 60759802001 }, "geometry": { "type": "Polygon", "coordinates": [ [ [ -122.506008, 37.78104 ], [ -122.506188, 37.781032 ], [ -122.5063, 37.780996 ], [ -122.506509, 37.780857 ], [ -122.506752, 37.780773 ], [ -122.507892, 37.780721 ], [ -122.509879, 37.780627 ], [ -122.510781, 37.782059 ], [ -122.510636, 37.782123 ], [ -122.510506, 37.782122 ], [ -122.51035, 37.782057 ], [ -122.510215, 37.78203 ], [ -122.510102, 37.782064 ], [ -122.509974, 37.78216 ], [ -122.509837, 37.782195 ], [ -122.509739, 37.78219 ], [ -122.508924, 37.782013 ], [ -122.508762, 37.782051 ], [ -122.508616, 37.782222 ], [ -122.50848, 37.782279 ], [ -122.508337, 37.782278 ], [ -122.507484, 37.782185 ], [ -122.509783, 37.784029 ], [ -122.50983, 37.784419 ], [ -122.509854, 37.784794 ], [ -122.509808, 37.784816 ], [ -122.509716, 37.784903 ], [ -122.509665, 37.785 ], [ -122.509575, 37.785129 ], [ -122.509483, 37.785227 ], [ -122.509351, 37.785315 ], [ -122.509271, 37.785338 ], [ -122.509233, 37.785445 ], [ -122.509118, 37.785591 ], [ -122.508797, 37.785745 ], [ -122.508662, 37.785745 ], [ -122.508566, 37.785795 ], [ -122.508486, 37.785855 ], [ -122.508452, 37.785939 ], [ -122.508259, 37.786074 ], [ -122.508218, 37.786119 ], [ -122.508134, 37.786158 ], [ -122.508103, 37.786145 ], [ -122.508035, 37.786136 ], [ -122.507964, 37.786167 ], [ -122.507919, 37.786239 ], [ -122.507811, 37.786355 ], [ -122.507791, 37.786383 ], [ -122.507787, 37.786417 ], [ -122.507753, 37.786414 ], [ -122.507724, 37.786435 ], [ -122.507687, 37.786503 ], [ -122.507715, 37.786587 ], [ -122.507634, 37.786727 ], [ -122.507531, 37.786843 ], [ -122.507417, 37.786882 ], [ -122.507338, 37.786944 ], [ -122.507251, 37.78704 ], [ -122.507198, 37.787149 ], [ -122.507108, 37.787272 ], [ -122.507053, 37.787277 ], [ -122.506972, 37.787454 ], [ -122.506897, 37.787495 ], [ -122.506739, 37.787495 ], [ -122.506717, 37.787444 ], [ -122.506653, 37.787462 ], [ -122.506526, 37.787478 ], [ -122.506427, 37.787595 ], [ -122.506344, 37.78765 ], [ -122.506286, 37.787712 ], [ -122.506259, 37.787774 ], [ -122.506241, 37.787794 ], [ -122.50622, 37.787804 ], [ -122.506178, 37.787842 ], [ -122.506132, 37.787856 ], [ -122.506163, 37.78791 ], [ -122.506122, 37.787975 ], [ -122.50612, 37.788052 ], [ -122.506089, 37.788171 ], [ -122.506052, 37.788192 ], [ -122.505747, 37.788248 ], [ -122.505658, 37.788259 ], [ -122.505606, 37.788243 ], [ -122.505521, 37.788248 ], [ -122.505423, 37.788236 ], [ -122.50533, 37.788251 ], [ -122.505202, 37.78826 ], [ -122.505107, 37.788215 ], [ -122.50502, 37.788152 ], [ -122.504859, 37.788135 ], [ -122.504788, 37.788139 ], [ -122.504762, 37.788126 ], [ -122.50473, 37.788096 ], [ -122.504693, 37.78808 ], [ -122.504593, 37.788077 ], [ -122.504501, 37.788059 ], [ -122.504456, 37.788067 ], [ -122.50415, 37.788096 ], [ -122.504066, 37.788121 ], [ -122.504049, 37.788108 ], [ -122.503998, 37.788107 ], [ -122.503846, 37.788092 ], [ -122.503613, 37.788039 ], [ -122.503526, 37.78804 ], [ -122.503485, 37.78805 ], [ -122.503463, 37.78802 ], [ -122.503374, 37.788018 ], [ -122.503335, 37.788022 ], [ -122.503264, 37.788043 ], [ -122.503234, 37.788057 ], [ -122.503249, 37.788082 ], [ -122.503209, 37.788085 ], [ -122.503145, 37.788076 ], [ -122.503078, 37.788097 ], [ -122.503007, 37.788146 ], [ -122.502956, 37.788143 ], [ -122.502926, 37.788157 ], [ -122.502903, 37.788146 ], [ -122.502836, 37.78805 ], [ -122.502789, 37.788036 ], [ -122.502705, 37.78804 ], [ -122.502516, 37.788086 ], [ -122.502426, 37.788098 ], [ -122.502376, 37.788127 ], [ -122.502316, 37.788112 ], [ -122.502255, 37.788131 ], [ -122.50217, 37.788104 ], [ -122.502106, 37.788111 ], [ -122.502074, 37.788154 ], [ -122.502071, 37.788182 ], [ -122.501952, 37.788181 ], [ -122.501913, 37.788141 ], [ -122.501912, 37.788117 ], [ -122.501878, 37.788114 ], [ -122.501878, 37.788138 ], [ -122.501842, 37.788223 ], [ -122.501801, 37.788247 ], [ -122.501766, 37.788228 ], [ -122.501726, 37.788151 ], [ -122.5017, 37.788168 ], [ -122.501678, 37.788162 ], [ -122.50162, 37.788169 ], [ -122.501569, 37.788197 ], [ -122.501591, 37.788227 ], [ -122.501532, 37.788248 ], [ -122.501514, 37.788205 ], [ -122.501459, 37.788213 ], [ -122.501439, 37.78824 ], [ -122.501336, 37.788225 ], [ -122.501159, 37.788295 ], [ -122.501091, 37.788313 ], [ -122.501006, 37.788284 ], [ -122.500972, 37.788298 ], [ -122.500994, 37.788332 ], [ -122.500948, 37.78835 ], [ -122.500879, 37.78832 ], [ -122.500861, 37.788304 ], [ -122.500827, 37.788308 ], [ -122.500806, 37.788318 ], [ -122.500755, 37.788319 ], [ -122.500738, 37.788299 ], [ -122.500713, 37.78832 ], [ -122.500641, 37.788338 ], [ -122.500594, 37.788332 ], [ -122.500551, 37.788316 ], [ -122.500539, 37.788336 ], [ -122.500489, 37.788374 ], [ -122.500459, 37.788368 ], [ -122.500446, 37.788385 ], [ -122.500341, 37.788434 ], [ -122.500273, 37.788428 ], [ -122.500257, 37.788479 ], [ -122.500251, 37.788574 ], [ -122.500192, 37.788592 ], [ -122.500175, 37.788569 ], [ -122.500177, 37.788518 ], [ -122.500131, 37.788536 ], [ -122.500092, 37.788509 ], [ -122.5001, 37.788472 ], [ -122.500065, 37.788469 ], [ -122.500067, 37.788492 ], [ -122.50001, 37.788477 ], [ -122.499967, 37.78844 ], [ -122.499879, 37.788489 ], [ -122.499811, 37.78849 ], [ -122.499761, 37.78855 ], [ -122.499798, 37.788568 ], [ -122.499804, 37.788608 ], [ -122.499762, 37.788662 ], [ -122.499733, 37.788642 ], [ -122.499727, 37.78861 ], [ -122.499687, 37.788663 ], [ -122.499634, 37.788693 ], [ -122.499578, 37.788704 ], [ -122.499554, 37.788688 ], [ -122.499512, 37.788624 ], [ -122.499481, 37.78853 ], [ -122.499433, 37.788462 ], [ -122.499337, 37.788425 ], [ -122.499267, 37.78841 ], [ -122.499203, 37.788415 ], [ -122.499128, 37.788402 ], [ -122.499099, 37.788368 ], [ -122.499042, 37.78834 ], [ -122.498955, 37.788352 ], [ -122.49892, 37.788391 ], [ -122.49889, 37.788414 ], [ -122.498846, 37.788415 ], [ -122.498829, 37.788358 ], [ -122.498858, 37.788274 ], [ -122.498811, 37.788232 ], [ -122.49878, 37.788241 ], [ -122.498722, 37.788283 ], [ -122.498685, 37.788326 ], [ -122.49861, 37.788329 ], [ -122.498598, 37.788266 ], [ -122.49862, 37.788215 ], [ -122.498603, 37.78816 ], [ -122.498538, 37.788135 ], [ -122.498508, 37.788148 ], [ -122.498481, 37.788181 ], [ -122.498393, 37.788164 ], [ -122.498358, 37.78812 ], [ -122.498367, 37.788048 ], [ -122.498258, 37.788032 ], [ -122.498204, 37.787931 ], [ -122.498141, 37.787883 ], [ -122.498021, 37.787875 ], [ -122.497965, 37.787908 ], [ -122.497937, 37.787836 ], [ -122.497862, 37.787816 ], [ -122.497833, 37.787872 ], [ -122.497859, 37.787933 ], [ -122.497838, 37.78796 ], [ -122.497779, 37.787985 ], [ -122.497727, 37.787935 ], [ -122.49768, 37.787929 ], [ -122.497621, 37.787947 ], [ -122.497543, 37.787891 ], [ -122.497503, 37.787854 ], [ -122.497545, 37.787816 ], [ -122.497527, 37.787779 ], [ -122.4975, 37.787746 ], [ -122.497516, 37.787705 ], [ -122.497486, 37.787616 ], [ -122.497459, 37.787587 ], [ -122.497407, 37.787575 ], [ -122.497357, 37.787575 ], [ -122.497316, 37.787596 ], [ -122.497275, 37.787592 ], [ -122.497216, 37.787593 ], [ -122.497169, 37.787553 ], [ -122.497106, 37.787481 ], [ -122.497045, 37.78746 ], [ -122.497, 37.787456 ], [ -122.496924, 37.787437 ], [ -122.496895, 37.787401 ], [ -122.496857, 37.787368 ], [ -122.496812, 37.787352 ], [ -122.496752, 37.787368 ], [ -122.496729, 37.787343 ], [ -122.496686, 37.787358 ], [ -122.496639, 37.787314 ], [ -122.496546, 37.787287 ], [ -122.496517, 37.787302 ], [ -122.496468, 37.787305 ], [ -122.496337, 37.787328 ], [ -122.496277, 37.787329 ], [ -122.496248, 37.787346 ], [ -122.496087, 37.787416 ], [ -122.496068, 37.787442 ], [ -122.496017, 37.787449 ], [ -122.495972, 37.787467 ], [ -122.495906, 37.787503 ], [ -122.495881, 37.787507 ], [ -122.495829, 37.787501 ], [ -122.495771, 37.787542 ], [ -122.495627, 37.787555 ], [ -122.495603, 37.787571 ], [ -122.49554, 37.787599 ], [ -122.495513, 37.787618 ], [ -122.495484, 37.787625 ], [ -122.495438, 37.787653 ], [ -122.495383, 37.787664 ], [ -122.495366, 37.787676 ], [ -122.495333, 37.787715 ], [ -122.495282, 37.78774 ], [ -122.495193, 37.787745 ], [ -122.495147, 37.787752 ], [ -122.495108, 37.787753 ], [ -122.495082, 37.787762 ], [ -122.49505, 37.787781 ], [ -122.494943, 37.787793 ], [ -122.494936, 37.787823 ], [ -122.494876, 37.787838 ], [ -122.494851, 37.787828 ], [ -122.494804, 37.787832 ], [ -122.494754, 37.787894 ], [ -122.494747, 37.787951 ], [ -122.494687, 37.788081 ], [ -122.494701, 37.788138 ], [ -122.494642, 37.788136 ], [ -122.494515, 37.788016 ], [ -122.494535, 37.787958 ], [ -122.494512, 37.787912 ], [ -122.494519, 37.787834 ], [ -122.494492, 37.787804 ], [ -122.49442, 37.787819 ], [ -122.494408, 37.787839 ], [ -122.494413, 37.787876 ], [ -122.494397, 37.787903 ], [ -122.49435, 37.787891 ], [ -122.494352, 37.787823 ], [ -122.494329, 37.78782 ], [ -122.49431, 37.78781 ], [ -122.494267, 37.787811 ], [ -122.49416, 37.787796 ], [ -122.494129, 37.787746 ], [ -122.494107, 37.787733 ], [ -122.49408, 37.787672 ], [ -122.494002, 37.787581 ], [ -122.493979, 37.787585 ], [ -122.493937, 37.787604 ], [ -122.493903, 37.787627 ], [ -122.493854, 37.787634 ], [ -122.493777, 37.787627 ], [ -122.493744, 37.787614 ], [ -122.493682, 37.787607 ], [ -122.493496, 37.78763 ], [ -122.493462, 37.787628 ], [ -122.493419, 37.78765 ], [ -122.493385, 37.787643 ], [ -122.493336, 37.787656 ], [ -122.493294, 37.78768 ], [ -122.493241, 37.787684 ], [ -122.493194, 37.787693 ], [ -122.493181, 37.787713 ], [ -122.493127, 37.787734 ], [ -122.49309, 37.787726 ], [ -122.493056, 37.78774 ], [ -122.493018, 37.787741 ], [ -122.493338, 37.787403 ], [ -122.493383, 37.786538 ], [ -122.493491, 37.783498 ], [ -122.493417, 37.782858 ], [ -122.493044, 37.781646 ], [ -122.493446, 37.781627 ], [ -122.49452, 37.781577 ], [ -122.495591, 37.781527 ], [ -122.49666, 37.781477 ], [ -122.498801, 37.781377 ], [ -122.499871, 37.781327 ], [ -122.500945, 37.781277 ], [ -122.502012, 37.781227 ], [ -122.503086, 37.781177 ], [ -122.50416, 37.781127 ], [ -122.505226, 37.781077 ], [ -122.506008, 37.78104 ] ] ] } },
{ "type": "Feature", "properties": { "BlockGroup": 60759803001 }, "geometry": { "type": "Polygon", "coordinates": [ [ [ -122.502976, 37.764311 ], [ -122.503084, 37.764343 ], [ -122.503926, 37.764304 ], [ -122.504049, 37.764261 ], [ -122.504158, 37.764296 ], [ -122.504982, 37.76426 ], [ -122.50512, 37.764214 ], [ -122.505232, 37.764249 ], [ -122.50609, 37.76421 ], [ -122.506191, 37.764166 ], [ -122.506323, 37.764203 ], [ -122.507149, 37.764164 ], [ -122.507262, 37.764116 ], [ -122.507365, 37.764152 ], [ -122.508209, 37.76412 ], [ -122.508331, 37.764076 ], [ -122.508462, 37.764106 ], [ -122.509284, 37.764088 ], [ -122.509402, 37.764033 ], [ -122.509575, 37.7641 ], [ -122.50987, 37.76409 ], [ -122.510161, 37.76408 ], [ -122.510341, 37.764001 ], [ -122.51237, 37.763586 ], [ -122.512457, 37.763703 ], [ -122.512499, 37.763852 ], [ -122.512548, 37.763933 ], [ -122.512647, 37.764118 ], [ -122.512695, 37.764147 ], [ -122.512734, 37.764183 ], [ -122.512736, 37.764288 ], [ -122.512776, 37.764362 ], [ -122.512778, 37.764421 ], [ -122.512752, 37.764519 ], [ -122.512782, 37.764585 ], [ -122.512775, 37.76466 ], [ -122.512786, 37.764734 ], [ -122.512762, 37.764869 ], [ -122.512744, 37.764922 ], [ -122.512717, 37.764967 ], [ -122.512685, 37.765161 ], [ -122.512655, 37.765453 ], [ -122.512646, 37.765475 ], [ -122.512632, 37.765632 ], [ -122.512693, 37.765802 ], [ -122.512705, 37.765899 ], [ -122.512725, 37.765951 ], [ -122.5127, 37.766071 ], [ -122.512768, 37.766137 ], [ -122.512789, 37.766218 ], [ -122.512783, 37.766338 ], [ -122.512803, 37.76639 ], [ -122.512881, 37.766515 ], [ -122.512893, 37.766962 ], [ -122.512932, 37.766999 ], [ -122.513017, 37.76702 ], [ -122.513066, 37.767079 ], [ -122.513078, 37.767198 ], [ -122.513108, 37.767242 ], [ -122.513081, 37.767302 ], [ -122.513124, 37.76751 ], [ -122.513079, 37.767556 ], [ -122.513071, 37.767608 ], [ -122.513091, 37.767652 ], [ -122.513076, 37.767794 ], [ -122.513059, 37.767854 ], [ -122.513041, 37.767892 ], [ -122.513051, 37.767936 ], [ -122.513081, 37.767981 ], [ -122.513073, 37.768048 ], [ -122.513084, 37.768801 ], [ -122.513105, 37.768883 ], [ -122.513112, 37.769136 ], [ -122.513087, 37.769233 ], [ -122.513126, 37.769292 ], [ -122.513091, 37.769397 ], [ -122.513086, 37.769554 ], [ -122.513146, 37.77003 ], [ -122.513104, 37.770232 ], [ -122.513083, 37.770501 ], [ -122.513147, 37.770761 ], [ -122.511054, 37.771342 ], [ -122.509895, 37.771396 ], [ -122.508823, 37.771446 ], [ -122.507751, 37.771495 ], [ -122.506685, 37.771542 ], [ -122.505611, 37.771592 ], [ -122.504544, 37.77164 ], [ -122.503473, 37.771689 ], [ -122.5024, 37.771738 ], [ -122.501328, 37.771787 ], [ -122.500258, 37.771836 ], [ -122.499183, 37.771885 ], [ -122.498114, 37.771934 ], [ -122.497047, 37.771983 ], [ -122.495972, 37.772032 ], [ -122.494903, 37.772081 ], [ -122.493832, 37.77213 ], [ -122.492761, 37.772179 ], [ -122.491688, 37.772227 ], [ -122.490617, 37.772276 ], [ -122.489539, 37.772325 ], [ -122.488471, 37.772374 ], [ -122.487398, 37.772423 ], [ -122.486334, 37.772472 ], [ -122.485262, 37.77252 ], [ -122.484194, 37.772569 ], [ -122.483119, 37.772618 ], [ -122.482049, 37.772667 ], [ -122.480979, 37.772716 ], [ -122.479905, 37.772766 ], [ -122.478837, 37.772815 ], [ -122.477767, 37.772864 ], [ -122.476694, 37.772913 ], [ -122.475614, 37.772962 ], [ -122.474551, 37.773011 ], [ -122.473428, 37.773063 ], [ -122.472297, 37.773114 ], [ -122.471762, 37.773139 ], [ -122.47124, 37.773162 ], [ -122.470163, 37.77321 ], [ -122.469092, 37.773257 ], [ -122.468024, 37.773304 ], [ -122.466952, 37.773351 ], [ -122.465883, 37.773398 ], [ -122.465332, 37.773423 ], [ -122.464812, 37.773489 ], [ -122.463749, 37.773624 ], [ -122.462684, 37.77376 ], [ -122.46162, 37.773895 ], [ -122.460553, 37.774031 ], [ -122.459486, 37.774167 ], [ -122.458371, 37.774309 ], [ -122.456284, 37.774555 ], [ -122.455253, 37.774687 ], [ -122.454683, 37.774755 ], [ -122.454642, 37.774646 ], [ -122.454451, 37.773711 ], [ -122.454285, 37.772895 ], [ -122.454083, 37.77193 ], [ -122.453959, 37.771997 ], [ -122.452437, 37.772189 ], [ -122.452242, 37.772181 ], [ -122.450787, 37.772368 ], [ -122.449143, 37.772579 ], [ -122.447497, 37.77279 ], [ -122.445902, 37.772995 ], [ -122.444216, 37.773212 ], [ -122.442565, 37.773424 ], [ -122.440922, 37.773635 ], [ -122.440735, 37.772713 ], [ -122.442378, 37.772504 ], [ -122.444024, 37.772295 ], [ -122.445717, 37.77208 ], [ -122.447312, 37.771878 ], [ -122.448958, 37.771669 ], [ -122.4506, 37.77146 ], [ -122.451871, 37.771299 ], [ -122.452242, 37.77123 ], [ -122.453782, 37.771022 ], [ -122.453902, 37.771054 ], [ -122.453726, 37.770098 ], [ -122.453537, 37.769165 ], [ -122.453352, 37.768246 ], [ -122.453165, 37.767307 ], [ -122.45305, 37.766742 ], [ -122.452996, 37.766476 ], [ -122.452947, 37.766374 ], [ -122.454593, 37.766165 ], [ -122.456913, 37.765874 ], [ -122.457189, 37.765881 ], [ -122.45749, 37.765931 ], [ -122.45779, 37.766015 ], [ -122.457977, 37.766029 ], [ -122.458568, 37.766221 ], [ -122.458825, 37.766216 ], [ -122.458947, 37.766256 ], [ -122.459064, 37.766209 ], [ -122.460016, 37.766166 ], [ -122.460954, 37.766126 ], [ -122.46109, 37.766161 ], [ -122.461197, 37.766203 ], [ -122.462111, 37.766159 ], [ -122.462162, 37.76611 ], [ -122.462287, 37.766151 ], [ -122.463158, 37.766107 ], [ -122.463233, 37.766057 ], [ -122.463354, 37.766005 ], [ -122.464297, 37.765963 ], [ -122.465266, 37.765927 ], [ -122.465377, 37.76597 ], [ -122.465498, 37.766012 ], [ -122.466315, 37.765977 ], [ -122.466442, 37.765925 ], [ -122.466561, 37.765966 ], [ -122.467354, 37.765931 ], [ -122.467515, 37.765877 ], [ -122.467628, 37.765919 ], [ -122.468439, 37.765883 ], [ -122.468583, 37.76583 ], [ -122.468698, 37.765872 ], [ -122.469531, 37.765835 ], [ -122.469654, 37.765783 ], [ -122.46979, 37.765824 ], [ -122.470614, 37.765791 ], [ -122.470727, 37.765739 ], [ -122.470856, 37.76578 ], [ -122.471702, 37.765739 ], [ -122.4718, 37.765688 ], [ -122.47192, 37.76573 ], [ -122.472803, 37.765693 ], [ -122.472923, 37.765641 ], [ -122.473044, 37.765678 ], [ -122.473943, 37.765637 ], [ -122.474045, 37.765593 ], [ -122.474159, 37.765627 ], [ -122.475021, 37.765587 ], [ -122.475119, 37.765544 ], [ -122.475253, 37.76558 ], [ -122.476064, 37.765545 ], [ -122.476187, 37.765498 ], [ -122.476307, 37.765534 ], [ -122.477125, 37.765498 ], [ -122.477308, 37.765448 ], [ -122.477489, 37.765486 ], [ -122.478203, 37.765452 ], [ -122.478325, 37.765399 ], [ -122.478347, 37.765436 ], [ -122.479268, 37.765395 ], [ -122.479398, 37.765351 ], [ -122.47952, 37.76538 ], [ -122.480349, 37.765345 ], [ -122.480469, 37.765306 ], [ -122.480595, 37.765338 ], [ -122.481412, 37.765303 ], [ -122.481541, 37.76526 ], [ -122.481651, 37.765294 ], [ -122.482486, 37.765255 ], [ -122.482615, 37.76521 ], [ -122.48274, 37.765244 ], [ -122.483515, 37.765208 ], [ -122.483685, 37.76516 ], [ -122.483804, 37.765202 ], [ -122.484641, 37.765168 ], [ -122.484759, 37.765117 ], [ -122.484855, 37.765159 ], [ -122.485725, 37.76512 ], [ -122.485831, 37.765069 ], [ -122.485954, 37.76511 ], [ -122.486769, 37.765072 ], [ -122.486902, 37.765019 ], [ -122.487015, 37.765058 ], [ -122.487843, 37.76502 ], [ -122.487967, 37.764971 ], [ -122.488087, 37.765003 ], [ -122.488929, 37.76497 ], [ -122.489042, 37.764929 ], [ -122.489168, 37.764956 ], [ -122.489922, 37.764922 ], [ -122.490116, 37.764881 ], [ -122.49023, 37.764908 ], [ -122.491037, 37.764872 ], [ -122.491186, 37.764833 ], [ -122.491318, 37.764863 ], [ -122.492128, 37.764823 ], [ -122.492258, 37.76478 ], [ -122.492381, 37.764821 ], [ -122.493221, 37.764784 ], [ -122.493331, 37.764733 ], [ -122.493421, 37.764776 ], [ -122.494316, 37.764737 ], [ -122.494402, 37.764686 ], [ -122.494514, 37.76473 ], [ -122.495345, 37.764706 ], [ -122.495475, 37.764638 ], [ -122.495586, 37.764696 ], [ -122.495934, 37.764681 ], [ -122.496085, 37.764675 ], [ -122.496431, 37.76466 ], [ -122.496547, 37.764596 ], [ -122.496631, 37.764651 ], [ -122.497457, 37.764601 ], [ -122.497616, 37.764545 ], [ -122.497739, 37.764586 ], [ -122.498598, 37.764546 ], [ -122.498687, 37.764495 ], [ -122.49877, 37.764538 ], [ -122.499641, 37.764501 ], [ -122.49976, 37.76445 ], [ -122.49985, 37.764487 ], [ -122.500729, 37.764452 ], [ -122.500831, 37.764406 ], [ -122.500936, 37.764443 ], [ -122.50181, 37.764406 ], [ -122.501901, 37.764361 ], [ -122.502015, 37.764393 ], [ -122.502861, 37.764354 ], [ -122.502976, 37.764311 ] ] ] } },
{ "type": "Feature", "properties": { "BlockGroup": 60759805011 }, "geometry": { "type": "Polygon", "coordinates": [ [ [ -122.427306, 37.71507 ], [ -122.427189, 37.715748 ], [ -122.426848, 37.716651 ], [ -122.426698, 37.717046 ], [ -122.42667, 37.717078 ], [ -122.42639, 37.718561 ], [ -122.425978, 37.719107 ], [ -122.42583, 37.719302 ], [ -122.425479, 37.720233 ], [ -122.424555, 37.721648 ], [ -122.424848, 37.722053 ], [ -122.423807, 37.723691 ], [ -122.42283, 37.723944 ], [ -122.421847, 37.724199 ], [ -122.420861, 37.724454 ], [ -122.419875, 37.72471 ], [ -122.419375, 37.723498 ], [ -122.418392, 37.723768 ], [ -122.417914, 37.722627 ], [ -122.417781, 37.722597 ], [ -122.416917, 37.722825 ], [ -122.416632, 37.722157 ], [ -122.415558, 37.722226 ], [ -122.415923, 37.723085 ], [ -122.414936, 37.723343 ], [ -122.413959, 37.723599 ], [ -122.412969, 37.723858 ], [ -122.412468, 37.722658 ], [ -122.411973, 37.721458 ], [ -122.411476, 37.720252 ], [ -122.41099, 37.719074 ], [ -122.410002, 37.719332 ], [ -122.409022, 37.719587 ], [ -122.408089, 37.71983 ], [ -122.407977, 37.719736 ], [ -122.407956, 37.719864 ], [ -122.407098, 37.720088 ], [ -122.406998, 37.719991 ], [ -122.406665, 37.719215 ], [ -122.406982, 37.718485 ], [ -122.407272, 37.71782 ], [ -122.408255, 37.71809 ], [ -122.40853, 37.71732 ], [ -122.408532, 37.717209 ], [ -122.408621, 37.717117 ], [ -122.407841, 37.716923 ], [ -122.40802, 37.716509 ], [ -122.408171, 37.716157 ], [ -122.408508, 37.716292 ], [ -122.40895, 37.716458 ], [ -122.409805, 37.716595 ], [ -122.410364, 37.716691 ], [ -122.410433, 37.716414 ], [ -122.410506, 37.716322 ], [ -122.410723, 37.71583 ], [ -122.410738, 37.715739 ], [ -122.411025, 37.715057 ], [ -122.411316, 37.714367 ], [ -122.413601, 37.714987 ], [ -122.415396, 37.715474 ], [ -122.415659, 37.715492 ], [ -122.415866, 37.715278 ], [ -122.416055, 37.715014 ], [ -122.416154, 37.714799 ], [ -122.41621, 37.714531 ], [ -122.416194, 37.714273 ], [ -122.416096, 37.714013 ], [ -122.415949, 37.713822 ], [ -122.415806, 37.713694 ], [ -122.415623, 37.713594 ], [ -122.415291, 37.713504 ], [ -122.415635, 37.712733 ], [ -122.420331, 37.713967 ], [ -122.420908, 37.713774 ], [ -122.421228, 37.71331 ], [ -122.421475, 37.712201 ], [ -122.421632, 37.712185 ], [ -122.421963, 37.712018 ], [ -122.422123, 37.711718 ], [ -122.422241, 37.711317 ], [ -122.422411, 37.710971 ], [ -122.422811, 37.710511 ], [ -122.423027, 37.710377 ], [ -122.423368, 37.710302 ], [ -122.424182, 37.710265 ], [ -122.42455, 37.710102 ], [ -122.424555, 37.710172 ], [ -122.42504, 37.710543 ], [ -122.425512, 37.710789 ], [ -122.426438, 37.711113 ], [ -122.426737, 37.711225 ], [ -122.426521, 37.711805 ], [ -122.425548, 37.714517 ], [ -122.427306, 37.71507 ] ] ] } },
{ "type": "Feature", "properties": { "BlockGroup": 60759806001 }, "geometry": { "type": "Polygon", "coordinates": [ [ [ -122.378102, 37.724054 ], [ -122.378304, 37.72401 ], [ -122.378539, 37.723971 ], [ -122.378661, 37.723938 ], [ -122.378777, 37.723893 ], [ -122.3789, 37.723828 ], [ -122.378997, 37.723761 ], [ -122.37905, 37.723716 ], [ -122.379121, 37.72361 ], [ -122.379177, 37.723498 ], [ -122.379219, 37.723383 ], [ -122.379245, 37.723265 ], [ -122.379259, 37.72311 ], [ -122.379279, 37.723066 ], [ -122.379317, 37.723025 ], [ -122.379364, 37.722997 ], [ -122.379431, 37.722978 ], [ -122.379538, 37.722963 ], [ -122.379623, 37.722934 ], [ -122.379693, 37.722896 ], [ -122.379753, 37.722848 ], [ -122.379804, 37.722786 ], [ -122.379823, 37.722753 ], [ -122.379814, 37.7227 ], [ -122.379868, 37.722594 ], [ -122.379951, 37.722314 ], [ -122.379987, 37.72225 ], [ -122.380045, 37.722189 ], [ -122.380117, 37.72214 ], [ -122.38018, 37.722113 ], [ -122.380318, 37.722015 ], [ -122.380423, 37.721921 ], [ -122.380505, 37.721834 ], [ -122.380574, 37.721798 ], [ -122.380658, 37.721771 ], [ -122.380746, 37.721759 ], [ -122.380829, 37.721761 ], [ -122.38091, 37.721776 ], [ -122.380969, 37.721795 ], [ -122.38121, 37.721933 ], [ -122.381606, 37.722145 ], [ -122.381715, 37.722182 ], [ -122.38183, 37.722202 ], [ -122.381948, 37.722207 ], [ -122.382019, 37.722201 ], [ -122.382053, 37.722202 ], [ -122.382176, 37.722246 ], [ -122.381425, 37.722834 ], [ -122.380787, 37.723388 ], [ -122.380149, 37.723959 ], [ -122.379511, 37.724677 ], [ -122.378951, 37.725304 ], [ -122.378392, 37.725932 ], [ -122.377833, 37.72656 ], [ -122.378817, 37.727119 ], [ -122.379697, 37.727618 ], [ -122.379599, 37.727732 ], [ -122.379175, 37.728232 ], [ -122.378542, 37.728942 ], [ -122.378278, 37.728964 ], [ -122.377681, 37.72863 ], [ -122.376681, 37.72853 ], [ -122.373766, 37.728005 ], [ -122.3737, 37.728057 ], [ -122.37364, 37.728106 ], [ -122.37344, 37.728326 ], [ -122.373158, 37.728639 ], [ -122.372775, 37.72905 ], [ -122.372584, 37.729255 ], [ -122.372235, 37.729628 ], [ -122.372006, 37.729874 ], [ -122.371444, 37.730493 ], [ -122.370978, 37.731009 ], [ -122.369945, 37.732476 ], [ -122.369849, 37.732612 ], [ -122.36989, 37.732639 ], [ -122.369929, 37.732672 ], [ -122.369991, 37.732714 ], [ -122.370077, 37.732788 ], [ -122.370232, 37.732868 ], [ -122.370445, 37.73295 ], [ -122.370511, 37.733006 ], [ -122.370604, 37.733035 ], [ -122.370713, 37.733112 ], [ -122.370734, 37.733167 ], [ -122.370742, 37.733209 ], [ -122.370739, 37.733237 ], [ -122.370763, 37.733251 ], [ -122.370812, 37.733242 ], [ -122.370855, 37.733256 ], [ -122.370907, 37.733349 ], [ -122.370946, 37.733385 ], [ -122.371009, 37.733463 ], [ -122.371041, 37.733514 ], [ -122.371069, 37.733544 ], [ -122.371119, 37.733565 ], [ -122.371143, 37.733604 ], [ -122.371182, 37.733631 ], [ -122.371248, 37.733663 ], [ -122.371306, 37.733699 ], [ -122.371345, 37.733757 ], [ -122.371366, 37.733789 ], [ -122.371413, 37.733822 ], [ -122.371452, 37.733867 ], [ -122.37159, 37.734007 ], [ -122.371757, 37.734099 ], [ -122.371784, 37.734123 ], [ -122.37185, 37.73417 ], [ -122.371893, 37.734188 ], [ -122.371913, 37.734209 ], [ -122.371977, 37.734199 ], [ -122.372024, 37.734213 ], [ -122.372066, 37.734218 ], [ -122.372135, 37.73422 ], [ -122.37223, 37.734198 ], [ -122.372264, 37.734164 ], [ -122.372338, 37.734074 ], [ -122.372391, 37.734046 ], [ -122.372467, 37.734021 ], [ -122.372516, 37.733999 ], [ -122.372547, 37.733954 ], [ -122.372571, 37.7339 ], [ -122.37266, 37.73379 ], [ -122.372787, 37.733675 ], [ -122.372843, 37.733616 ], [ -122.372988, 37.733444 ], [ -122.373026, 37.733416 ], [ -122.373056, 37.733385 ], [ -122.373133, 37.733342 ], [ -122.373184, 37.733313 ], [ -122.373217, 37.733255 ], [ -122.373255, 37.733221 ], [ -122.373292, 37.733199 ], [ -122.373327, 37.733186 ], [ -122.373372, 37.733155 ], [ -122.373412, 37.7331 ], [ -122.373436, 37.733106 ], [ -122.373481, 37.733087 ], [ -122.3735, 37.733071 ], [ -122.373501, 37.73298 ], [ -122.373512, 37.732949 ], [ -122.373568, 37.732909 ], [ -122.373637, 37.732893 ], [ -122.373694, 37.732895 ], [ -122.373725, 37.732885 ], [ -122.373747, 37.732855 ], [ -122.373761, 37.7328 ], [ -122.373799, 37.732775 ], [ -122.373883, 37.732773 ], [ -122.373893, 37.732737 ], [ -122.373912, 37.732712 ], [ -122.374003, 37.732674 ], [ -122.374113, 37.732657 ], [ -122.37412, 37.732621 ], [ -122.374177, 37.732586 ], [ -122.37423, 37.732576 ], [ -122.37431, 37.732548 ], [ -122.374394, 37.73254 ], [ -122.374676, 37.732639 ], [ -122.374823, 37.73253 ], [ -122.374905, 37.732605 ], [ -122.374558, 37.73282 ], [ -122.374609, 37.73288 ], [ -122.374805, 37.732756 ], [ -122.374833, 37.732786 ], [ -122.374867, 37.732773 ], [ -122.374891, 37.7328 ], [ -122.37497, 37.732753 ], [ -122.375009, 37.732774 ], [ -122.375034, 37.732799 ], [ -122.375197, 37.732959 ], [ -122.375476, 37.732779 ], [ -122.375574, 37.732716 ], [ -122.375617, 37.732755 ], [ -122.375554, 37.732823 ], [ -122.37554, 37.732845 ], [ -122.375645, 37.7329 ], [ -122.375685, 37.732896 ], [ -122.375652, 37.732934 ], [ -122.375507, 37.733106 ], [ -122.375523, 37.733139 ], [ -122.37551, 37.7332 ], [ -122.375464, 37.733228 ], [ -122.375382, 37.733312 ], [ -122.375376, 37.733376 ], [ -122.375362, 37.733424 ], [ -122.375289, 37.733553 ], [ -122.37525, 37.733599 ], [ -122.375229, 37.733624 ], [ -122.375171, 37.733765 ], [ -122.375172, 37.733795 ], [ -122.375154, 37.73382 ], [ -122.375123, 37.733826 ], [ -122.375013, 37.733843 ], [ -122.374982, 37.733862 ], [ -122.374964, 37.73389 ], [ -122.374957, 37.733926 ], [ -122.374952, 37.734015 ], [ -122.374927, 37.734073 ], [ -122.374868, 37.734171 ], [ -122.374869, 37.734207 ], [ -122.374882, 37.73428 ], [ -122.374903, 37.734347 ], [ -122.374893, 37.734398 ], [ -122.374893, 37.734423 ], [ -122.374913, 37.734435 ], [ -122.374939, 37.734419 ], [ -122.374981, 37.734427 ], [ -122.375036, 37.734454 ], [ -122.375129, 37.734522 ], [ -122.375146, 37.734562 ], [ -122.375116, 37.734586 ], [ -122.375105, 37.734629 ], [ -122.37503, 37.734682 ], [ -122.374988, 37.734704 ], [ -122.374947, 37.734741 ], [ -122.374914, 37.734808 ], [ -122.374871, 37.734924 ], [ -122.374877, 37.734976 ], [ -122.374908, 37.735003 ], [ -122.374966, 37.735029 ], [ -122.375008, 37.735029 ], [ -122.375058, 37.735043 ], [ -122.375037, 37.735098 ], [ -122.375042, 37.735165 ], [ -122.375075, 37.735265 ], [ -122.375126, 37.735291 ], [ -122.375165, 37.735324 ], [ -122.375254, 37.73538 ], [ -122.37532, 37.735394 ], [ -122.375373, 37.735397 ], [ -122.375461, 37.735359 ], [ -122.375502, 37.735331 ], [ -122.375572, 37.735239 ], [ -122.375629, 37.735207 ], [ -122.37573, 37.735121 ], [ -122.375783, 37.735099 ], [ -122.375368, 37.735556 ], [ -122.3735, 37.734495 ], [ -122.373001, 37.73504 ], [ -122.372813, 37.735051 ], [ -122.371302, 37.735138 ], [ -122.370031, 37.735212 ], [ -122.369792, 37.735226 ], [ -122.367391, 37.735366 ], [ -122.367157, 37.735628 ], [ -122.366716, 37.735396 ], [ -122.366959, 37.73494 ], [ -122.367505, 37.734412 ], [ -122.367991, 37.733764 ], [ -122.369529, 37.732396 ], [ -122.369523, 37.732368 ], [ -122.369528, 37.732253 ], [ -122.369515, 37.732201 ], [ -122.369458, 37.732156 ], [ -122.369306, 37.732064 ], [ -122.369205, 37.731993 ], [ -122.369145, 37.731997 ], [ -122.369079, 37.731986 ], [ -122.369004, 37.731952 ], [ -122.368927, 37.731935 ], [ -122.368847, 37.73193 ], [ -122.368762, 37.73194 ], [ -122.368694, 37.731961 ], [ -122.368655, 37.732 ], [ -122.36863, 37.732052 ], [ -122.368626, 37.732107 ], [ -122.368644, 37.732178 ], [ -122.368636, 37.732217 ], [ -122.368609, 37.732252 ], [ -122.368566, 37.732276 ], [ -122.368522, 37.732285 ], [ -122.368388, 37.732292 ], [ -122.368259, 37.732282 ], [ -122.368141, 37.732258 ], [ -122.367974, 37.732149 ], [ -122.367829, 37.732068 ], [ -122.367767, 37.732019 ], [ -122.367694, 37.731981 ], [ -122.367606, 37.731955 ], [ -122.367519, 37.731945 ], [ -122.367425, 37.731951 ], [ -122.367342, 37.731971 ], [ -122.367278, 37.731998 ], [ -122.36721, 37.732064 ], [ -122.367109, 37.732133 ], [ -122.367089, 37.732143 ], [ -122.367028, 37.732157 ], [ -122.366983, 37.732177 ], [ -122.366913, 37.732232 ], [ -122.366891, 37.732272 ], [ -122.366862, 37.732294 ], [ -122.366822, 37.732304 ], [ -122.366782, 37.732301 ], [ -122.366753, 37.732288 ], [ -122.366678, 37.732215 ], [ -122.365835, 37.73314 ], [ -122.365857, 37.733197 ], [ -122.365323, 37.733797 ], [ -122.365287, 37.733805 ], [ -122.365249, 37.733801 ], [ -122.365215, 37.733782 ], [ -122.365196, 37.733756 ], [ -122.365192, 37.73373 ], [ -122.365761, 37.733077 ], [ -122.366542, 37.732184 ], [ -122.366457, 37.732144 ], [ -122.366314, 37.732287 ], [ -122.36623, 37.732239 ], [ -122.365605, 37.732943 ], [ -122.36556, 37.732995 ], [ -122.365446, 37.733055 ], [ -122.36533, 37.732999 ], [ -122.365348, 37.732891 ], [ -122.365434, 37.732797 ], [ -122.366182, 37.731991 ], [ -122.36615, 37.731975 ], [ -122.36619, 37.731916 ], [ -122.366, 37.731828 ], [ -122.365263, 37.73265 ], [ -122.365157, 37.732769 ], [ -122.365013, 37.73283 ], [ -122.364938, 37.732756 ], [ -122.364967, 37.732665 ], [ -122.365104, 37.732514 ], [ -122.36578, 37.731773 ], [ -122.36581, 37.731715 ], [ -122.365651, 37.731626 ], [ -122.364962, 37.732392 ], [ -122.364828, 37.732543 ], [ -122.364733, 37.732486 ], [ -122.364879, 37.732321 ], [ -122.365108, 37.732066 ], [ -122.364736, 37.731859 ], [ -122.363795, 37.731336 ], [ -122.363701, 37.731284 ], [ -122.363686, 37.731299 ], [ -122.36299, 37.732074 ], [ -122.362876, 37.732143 ], [ -122.362623, 37.732006 ], [ -122.363404, 37.731115 ], [ -122.362853, 37.730801 ], [ -122.362061, 37.731675 ], [ -122.361908, 37.731602 ], [ -122.361776, 37.731539 ], [ -122.362458, 37.730761 ], [ -122.362568, 37.730643 ], [ -122.362164, 37.730429 ], [ -122.361976, 37.730329 ], [ -122.362086, 37.73021 ], [ -122.361907, 37.73009 ], [ -122.361786, 37.730069 ], [ -122.361662, 37.730061 ], [ -122.361508, 37.730071 ], [ -122.361389, 37.730087 ], [ -122.361278, 37.730086 ], [ -122.361158, 37.730068 ], [ -122.361054, 37.730035 ], [ -122.360991, 37.730007 ], [ -122.360879, 37.729906 ], [ -122.36075, 37.729963 ], [ -122.360796, 37.729999 ], [ -122.360823, 37.73004 ], [ -122.360835, 37.730087 ], [ -122.360829, 37.730136 ], [ -122.360805, 37.730181 ], [ -122.360766, 37.730218 ], [ -122.360741, 37.730233 ], [ -122.36055, 37.730279 ], [ -122.360314, 37.730315 ], [ -122.360115, 37.730331 ], [ -122.359915, 37.730332 ], [ -122.359236, 37.73001 ], [ -122.35879, 37.729783 ], [ -122.358957, 37.729712 ], [ -122.358844, 37.72966 ], [ -122.358969, 37.729518 ], [ -122.361421, 37.728953 ], [ -122.362004, 37.728798 ], [ -122.362109, 37.728751 ], [ -122.362212, 37.728684 ], [ -122.362274, 37.728627 ], [ -122.362293, 37.728588 ], [ -122.362292, 37.728543 ], [ -122.362283, 37.728521 ], [ -122.362182, 37.72848 ], [ -122.362074, 37.728454 ], [ -122.361951, 37.728443 ], [ -122.36185, 37.728448 ], [ -122.361449, 37.728524 ], [ -122.359254, 37.729046 ], [ -122.35887, 37.729172 ], [ -122.357731, 37.729443 ], [ -122.357479, 37.729245 ], [ -122.357875, 37.72895 ], [ -122.360082, 37.72844 ], [ -122.360179, 37.728404 ], [ -122.360273, 37.72835 ], [ -122.36039, 37.728259 ], [ -122.360407, 37.728225 ], [ -122.360404, 37.728188 ], [ -122.360385, 37.72816 ], [ -122.360263, 37.728141 ], [ -122.360122, 37.728137 ], [ -122.359963, 37.728153 ], [ -122.358524, 37.728497 ], [ -122.357158, 37.728825 ], [ -122.35712, 37.728661 ], [ -122.356967, 37.72871 ], [ -122.357212, 37.727898 ], [ -122.3577, 37.726282 ], [ -122.358014, 37.726039 ], [ -122.361641, 37.725219 ], [ -122.361256, 37.724165 ], [ -122.357962, 37.724944 ], [ -122.357838, 37.724624 ], [ -122.361349, 37.723815 ], [ -122.361524, 37.723775 ], [ -122.362006, 37.724061 ], [ -122.362085, 37.723987 ], [ -122.364139, 37.725245 ], [ -122.364913, 37.725704 ], [ -122.36499, 37.725722 ], [ -122.365056, 37.725725 ], [ -122.36513, 37.725713 ], [ -122.365201, 37.725684 ], [ -122.365257, 37.725643 ], [ -122.365295, 37.725596 ], [ -122.365318, 37.725544 ], [ -122.365324, 37.725484 ], [ -122.365309, 37.725421 ], [ -122.365291, 37.725388 ], [ -122.365053, 37.725226 ], [ -122.362367, 37.723679 ], [ -122.36275, 37.723259 ], [ -122.359976, 37.721629 ], [ -122.360235, 37.721358 ], [ -122.362998, 37.722979 ], [ -122.36381, 37.722102 ], [ -122.359221, 37.719407 ], [ -122.359186, 37.719399 ], [ -122.359152, 37.719368 ], [ -122.359131, 37.719326 ], [ -122.359132, 37.719277 ], [ -122.359154, 37.719235 ], [ -122.359832, 37.718506 ], [ -122.359882, 37.718481 ], [ -122.359935, 37.718472 ], [ -122.359986, 37.718478 ], [ -122.360032, 37.718496 ], [ -122.362714, 37.720071 ], [ -122.363046, 37.719698 ], [ -122.363091, 37.719677 ], [ -122.36313, 37.719673 ], [ -122.363153, 37.719675 ], [ -122.363173, 37.719648 ], [ -122.363156, 37.719614 ], [ -122.363159, 37.719578 ], [ -122.363177, 37.719551 ], [ -122.363232, 37.719494 ], [ -122.363657, 37.719055 ], [ -122.362529, 37.718416 ], [ -122.362484, 37.71837 ], [ -122.36246, 37.718317 ], [ -122.362457, 37.718258 ], [ -122.362479, 37.718198 ], [ -122.362515, 37.718155 ], [ -122.358584, 37.715883 ], [ -122.358644, 37.715817 ], [ -122.358723, 37.715731 ], [ -122.362646, 37.718021 ], [ -122.362786, 37.717866 ], [ -122.363866, 37.716727 ], [ -122.35992, 37.714426 ], [ -122.360037, 37.714298 ], [ -122.363975, 37.716581 ], [ -122.364264, 37.71629 ], [ -122.364304, 37.716275 ], [ -122.364348, 37.716274 ], [ -122.364371, 37.71628 ], [ -122.364396, 37.716278 ], [ -122.365216, 37.715352 ], [ -122.365238, 37.715301 ], [ -122.36524, 37.715235 ], [ -122.365193, 37.715177 ], [ -122.364773, 37.714933 ], [ -122.364736, 37.714971 ], [ -122.364579, 37.714864 ], [ -122.364553, 37.714804 ], [ -122.364269, 37.714639 ], [ -122.364189, 37.714637 ], [ -122.364014, 37.71455 ], [ -122.364049, 37.71451 ], [ -122.363306, 37.714078 ], [ -122.363269, 37.714116 ], [ -122.363112, 37.71401 ], [ -122.363086, 37.71395 ], [ -122.362802, 37.713784 ], [ -122.362722, 37.713782 ], [ -122.362547, 37.713695 ], [ -122.362582, 37.713656 ], [ -122.36185, 37.713229 ], [ -122.361812, 37.713267 ], [ -122.361656, 37.713161 ], [ -122.36163, 37.713101 ], [ -122.361345, 37.712935 ], [ -122.361265, 37.712933 ], [ -122.361141, 37.712876 ], [ -122.361091, 37.712847 ], [ -122.361171, 37.712752 ], [ -122.361344, 37.712845 ], [ -122.361366, 37.712893 ], [ -122.361675, 37.713073 ], [ -122.361738, 37.713075 ], [ -122.361918, 37.713159 ], [ -122.361884, 37.713194 ], [ -122.362613, 37.71362 ], [ -122.362645, 37.713583 ], [ -122.362801, 37.713694 ], [ -122.362822, 37.713741 ], [ -122.363131, 37.713921 ], [ -122.363194, 37.713924 ], [ -122.363375, 37.714008 ], [ -122.36334, 37.714043 ], [ -122.36408, 37.714474 ], [ -122.364112, 37.714438 ], [ -122.364268, 37.714549 ], [ -122.364289, 37.714596 ], [ -122.364598, 37.714776 ], [ -122.364661, 37.714778 ], [ -122.364842, 37.714863 ], [ -122.364807, 37.714898 ], [ -122.365388, 37.715237 ], [ -122.364416, 37.716312 ], [ -122.36443, 37.716345 ], [ -122.36443, 37.716365 ], [ -122.364568, 37.716433 ], [ -122.364646, 37.716476 ], [ -122.364698, 37.716485 ], [ -122.36475, 37.716479 ], [ -122.364813, 37.716451 ], [ -122.364874, 37.716406 ], [ -122.364916, 37.716358 ], [ -122.364931, 37.716299 ], [ -122.36496, 37.716248 ], [ -122.365007, 37.7162 ], [ -122.365066, 37.716163 ], [ -122.36511, 37.716143 ], [ -122.365127, 37.716093 ], [ -122.365163, 37.716049 ], [ -122.365227, 37.716008 ], [ -122.365301, 37.715981 ], [ -122.365381, 37.715969 ], [ -122.365462, 37.715973 ], [ -122.365534, 37.71599 ], [ -122.365604, 37.716023 ], [ -122.365659, 37.716064 ], [ -122.36584, 37.716279 ], [ -122.36606, 37.716501 ], [ -122.366137, 37.716613 ], [ -122.366231, 37.716716 ], [ -122.36634, 37.71681 ], [ -122.366462, 37.716893 ], [ -122.366755, 37.717076 ], [ -122.367368, 37.717432 ], [ -122.367773, 37.717673 ], [ -122.367916, 37.717734 ], [ -122.368039, 37.717754 ], [ -122.368509, 37.717803 ], [ -122.368651, 37.717806 ], [ -122.368994, 37.717779 ], [ -122.369171, 37.717776 ], [ -122.369203, 37.7178 ], [ -122.369235, 37.717778 ], [ -122.369369, 37.7178 ], [ -122.369481, 37.717831 ], [ -122.369603, 37.71788 ], [ -122.369715, 37.717941 ], [ -122.369816, 37.718014 ], [ -122.369912, 37.718109 ], [ -122.369967, 37.718181 ], [ -122.370002, 37.718307 ], [ -122.370056, 37.718427 ], [ -122.370098, 37.718498 ], [ -122.37018, 37.718569 ], [ -122.370273, 37.71863 ], [ -122.37039, 37.718686 ], [ -122.370502, 37.718723 ], [ -122.370619, 37.718747 ], [ -122.370739, 37.718758 ], [ -122.37086, 37.718756 ], [ -122.37096, 37.718734 ], [ -122.371032, 37.718734 ], [ -122.371094, 37.71875 ], [ -122.371147, 37.71878 ], [ -122.371214, 37.718833 ], [ -122.371287, 37.718866 ], [ -122.371363, 37.718881 ], [ -122.371435, 37.71888 ], [ -122.371481, 37.718864 ], [ -122.371539, 37.718864 ], [ -122.371581, 37.718878 ], [ -122.371676, 37.718967 ], [ -122.371714, 37.718993 ], [ -122.371799, 37.719007 ], [ -122.371886, 37.719009 ], [ -122.372002, 37.718991 ], [ -122.372079, 37.719005 ], [ -122.372162, 37.719007 ], [ -122.37227, 37.718992 ], [ -122.372364, 37.719012 ], [ -122.37246, 37.719018 ], [ -122.372567, 37.71901 ], [ -122.372716, 37.718973 ], [ -122.372784, 37.718973 ], [ -122.37285, 37.718983 ], [ -122.372905, 37.718977 ], [ -122.372957, 37.718957 ], [ -122.372998, 37.718924 ], [ -122.373325, 37.718832 ], [ -122.373465, 37.718808 ], [ -122.373609, 37.7188 ], [ -122.373753, 37.718808 ], [ -122.373829, 37.718824 ], [ -122.373917, 37.718858 ], [ -122.374002, 37.71891 ], [ -122.374066, 37.718969 ], [ -122.374119, 37.719043 ], [ -122.374151, 37.719124 ], [ -122.374161, 37.719202 ], [ -122.374149, 37.719328 ], [ -122.374164, 37.719398 ], [ -122.374192, 37.719455 ], [ -122.374246, 37.719518 ], [ -122.374337, 37.719585 ], [ -122.37442, 37.71967 ], [ -122.374434, 37.719718 ], [ -122.374464, 37.719763 ], [ -122.374517, 37.719805 ], [ -122.374573, 37.719829 ], [ -122.37463, 37.719848 ], [ -122.374674, 37.71988 ], [ -122.374701, 37.71992 ], [ -122.374766, 37.719984 ], [ -122.374865, 37.72006 ], [ -122.374974, 37.720126 ], [ -122.375093, 37.720181 ], [ -122.375173, 37.720213 ], [ -122.375228, 37.720225 ], [ -122.375337, 37.720268 ], [ -122.375433, 37.720327 ], [ -122.375507, 37.720393 ], [ -122.375557, 37.720454 ], [ -122.375656, 37.720753 ], [ -122.375752, 37.72112 ], [ -122.375792, 37.72116 ], [ -122.375842, 37.721191 ], [ -122.375871, 37.721227 ], [ -122.375883, 37.721269 ], [ -122.37588, 37.721287 ], [ -122.375843, 37.72139 ], [ -122.375822, 37.72152 ], [ -122.375825, 37.721636 ], [ -122.375882, 37.721919 ], [ -122.375897, 37.722075 ], [ -122.37592, 37.722154 ], [ -122.375921, 37.722241 ], [ -122.375902, 37.722355 ], [ -122.375899, 37.722453 ], [ -122.375911, 37.722566 ], [ -122.375941, 37.722678 ], [ -122.375988, 37.722786 ], [ -122.376092, 37.722956 ], [ -122.376181, 37.723063 ], [ -122.376269, 37.723147 ], [ -122.376385, 37.723236 ], [ -122.376514, 37.723312 ], [ -122.376616, 37.723364 ], [ -122.376678, 37.723415 ], [ -122.376721, 37.723475 ], [ -122.376708, 37.723524 ], [ -122.376677, 37.72357 ], [ -122.376656, 37.723588 ], [ -122.377081, 37.724241 ], [ -122.377131, 37.724205 ], [ -122.377204, 37.724174 ], [ -122.37728, 37.724161 ], [ -122.377383, 37.724166 ], [ -122.377477, 37.72417 ], [ -122.37763, 37.724163 ], [ -122.377824, 37.724132 ], [ -122.377861, 37.724092 ], [ -122.377904, 37.724109 ], [ -122.378102, 37.724054 ] ] ] } },
{ "type": "Feature", "properties": { "BlockGroup": 60759809001 }, "geometry": { "type": "Polygon", "coordinates": [ [ [ -122.406945, 37.738694 ], [ -122.406937, 37.739088 ], [ -122.406929, 37.739207 ], [ -122.406927, 37.739234 ], [ -122.406911, 37.73943 ], [ -122.406979, 37.739566 ], [ -122.407052, 37.739706 ], [ -122.407005, 37.740242 ], [ -122.406914, 37.740763 ], [ -122.406533, 37.741439 ], [ -122.405838, 37.742392 ], [ -122.405744, 37.742521 ], [ -122.405405, 37.742985 ], [ -122.405242, 37.743051 ], [ -122.405214, 37.743247 ], [ -122.404896, 37.743692 ], [ -122.40459, 37.744126 ], [ -122.404527, 37.744298 ], [ -122.404185, 37.745237 ], [ -122.404203, 37.745484 ], [ -122.404228, 37.745568 ], [ -122.404257, 37.745665 ], [ -122.404315, 37.74593 ], [ -122.40429, 37.745961 ], [ -122.404169, 37.74611 ], [ -122.404064, 37.746253 ], [ -122.403924, 37.746594 ], [ -122.403712, 37.747202 ], [ -122.403662, 37.747412 ], [ -122.403561, 37.747762 ], [ -122.403618, 37.748121 ], [ -122.403736, 37.748385 ], [ -122.403897, 37.748429 ], [ -122.403781, 37.748801 ], [ -122.403613, 37.749337 ], [ -122.403569, 37.749475 ], [ -122.403261, 37.74953 ], [ -122.403203, 37.749534 ], [ -122.403055, 37.749544 ], [ -122.402969, 37.74955 ], [ -122.402866, 37.749478 ], [ -122.40285, 37.749653 ], [ -122.402801, 37.750201 ], [ -122.402784, 37.750386 ], [ -122.402725, 37.750497 ], [ -122.402605, 37.750558 ], [ -122.402184, 37.750581 ], [ -122.401232, 37.750632 ], [ -122.400472, 37.750673 ], [ -122.400217, 37.750753 ], [ -122.399845, 37.750883 ], [ -122.399414, 37.75099 ], [ -122.398341, 37.751055 ], [ -122.396408, 37.751179 ], [ -122.396513, 37.752311 ], [ -122.395548, 37.752369 ], [ -122.394587, 37.752427 ], [ -122.393619, 37.752485 ], [ -122.393185, 37.752512 ], [ -122.392639, 37.752545 ], [ -122.391656, 37.752604 ], [ -122.391616, 37.752606 ], [ -122.39153, 37.752612 ], [ -122.391231, 37.75263 ], [ -122.390683, 37.752663 ], [ -122.38973, 37.752721 ], [ -122.388753, 37.752778 ], [ -122.387756, 37.752836 ], [ -122.386812, 37.75289 ], [ -122.385846, 37.752946 ], [ -122.38488, 37.753002 ], [ -122.383914, 37.753058 ], [ -122.382951, 37.753114 ], [ -122.381985, 37.75317 ], [ -122.381711, 37.753186 ], [ -122.380985, 37.753228 ], [ -122.380014, 37.753358 ], [ -122.380096, 37.75328 ], [ -122.380198, 37.753104 ], [ -122.380292, 37.752909 ], [ -122.380003, 37.752922 ], [ -122.379932, 37.752909 ], [ -122.37988, 37.752886 ], [ -122.379855, 37.752858 ], [ -122.379852, 37.752825 ], [ -122.379866, 37.752798 ], [ -122.379897, 37.752783 ], [ -122.379999, 37.752747 ], [ -122.380021, 37.752723 ], [ -122.380025, 37.752694 ], [ -122.380007, 37.752458 ], [ -122.37996, 37.75203 ], [ -122.376087, 37.752249 ], [ -122.375771, 37.748707 ], [ -122.384914, 37.748145 ], [ -122.384921, 37.748185 ], [ -122.384651, 37.748202 ], [ -122.384665, 37.748304 ], [ -122.384744, 37.748303 ], [ -122.38482, 37.748287 ], [ -122.384882, 37.74826 ], [ -122.384934, 37.748231 ], [ -122.385002, 37.748212 ], [ -122.385036, 37.748195 ], [ -122.385058, 37.748166 ], [ -122.385069, 37.748136 ], [ -122.385094, 37.748116 ], [ -122.385129, 37.748108 ], [ -122.385163, 37.748114 ], [ -122.385226, 37.748156 ], [ -122.385273, 37.748166 ], [ -122.385299, 37.748165 ], [ -122.385403, 37.748119 ], [ -122.385472, 37.748108 ], [ -122.385539, 37.748111 ], [ -122.38582, 37.748147 ], [ -122.385862, 37.748138 ], [ -122.385892, 37.748117 ], [ -122.385909, 37.748079 ], [ -122.38593, 37.748067 ], [ -122.385953, 37.748066 ], [ -122.385998, 37.748086 ], [ -122.386048, 37.748093 ], [ -122.386104, 37.748085 ], [ -122.386148, 37.748069 ], [ -122.386185, 37.748038 ], [ -122.386204, 37.748004 ], [ -122.386212, 37.74796 ], [ -122.386236, 37.747927 ], [ -122.386244, 37.747874 ], [ -122.386265, 37.747798 ], [ -122.386285, 37.74778 ], [ -122.386315, 37.747757 ], [ -122.386372, 37.747766 ], [ -122.386412, 37.747787 ], [ -122.386539, 37.747777 ], [ -122.386811, 37.747749 ], [ -122.386913, 37.747727 ], [ -122.387006, 37.747717 ], [ -122.387051, 37.747683 ], [ -122.387112, 37.747625 ], [ -122.387154, 37.747605 ], [ -122.387253, 37.747596 ], [ -122.38733, 37.747542 ], [ -122.387391, 37.747532 ], [ -122.390216, 37.747504 ], [ -122.390264, 37.747521 ], [ -122.392181, 37.74833 ], [ -122.392481, 37.74843 ], [ -122.392781, 37.74763 ], [ -122.392281, 37.74753 ], [ -122.390481, 37.74703 ], [ -122.388922, 37.747126 ], [ -122.387363, 37.747229 ], [ -122.387319, 37.747226 ], [ -122.387289, 37.747172 ], [ -122.38721, 37.747172 ], [ -122.386888, 37.747174 ], [ -122.386234, 37.74721 ], [ -122.376583, 37.747745 ], [ -122.376529, 37.747646 ], [ -122.37644, 37.747478 ], [ -122.376132, 37.747146 ], [ -122.374943, 37.745866 ], [ -122.374117, 37.744975 ], [ -122.376113, 37.741477 ], [ -122.376847, 37.740192 ], [ -122.37742, 37.739557 ], [ -122.377722, 37.739221 ], [ -122.37911, 37.73768 ], [ -122.379169, 37.737766 ], [ -122.38011, 37.738308 ], [ -122.380366, 37.738531 ], [ -122.380797, 37.738776 ], [ -122.380943, 37.738764 ], [ -122.381558, 37.738123 ], [ -122.38341, 37.739177 ], [ -122.385282, 37.74024 ], [ -122.387143, 37.741297 ], [ -122.386555, 37.74195 ], [ -122.386603, 37.742068 ], [ -122.387705, 37.742697 ], [ -122.387926, 37.742703 ], [ -122.38801, 37.742645 ], [ -122.388235, 37.741977 ], [ -122.3882, 37.741889 ], [ -122.388301, 37.741814 ], [ -122.388505, 37.741235 ], [ -122.388476, 37.741108 ], [ -122.388577, 37.741033 ], [ -122.388784, 37.740444 ], [ -122.388755, 37.740317 ], [ -122.388855, 37.740243 ], [ -122.388961, 37.73994 ], [ -122.38906, 37.73966 ], [ -122.389031, 37.739533 ], [ -122.389132, 37.739459 ], [ -122.38934, 37.738869 ], [ -122.38931, 37.738742 ], [ -122.391268, 37.739853 ], [ -122.391831, 37.739228 ], [ -122.391921, 37.739128 ], [ -122.392393, 37.738603 ], [ -122.392965, 37.737961 ], [ -122.393524, 37.737351 ], [ -122.394093, 37.736729 ], [ -122.395119, 37.737314 ], [ -122.395945, 37.737784 ], [ -122.39781, 37.738847 ], [ -122.399645, 37.73988 ], [ -122.399685, 37.739902 ], [ -122.399705, 37.73992 ], [ -122.399752, 37.739908 ], [ -122.400086, 37.739942 ], [ -122.400775, 37.739742 ], [ -122.400899, 37.739659 ], [ -122.401064, 37.739658 ], [ -122.402071, 37.739381 ], [ -122.403186, 37.739074 ], [ -122.403289, 37.739044 ], [ -122.404137, 37.738797 ], [ -122.404258, 37.738713 ], [ -122.404399, 37.738732 ], [ -122.404975, 37.738571 ], [ -122.405028, 37.738498 ], [ -122.40514, 37.738526 ], [ -122.405249, 37.738495 ], [ -122.405551, 37.738407 ], [ -122.405647, 37.738321 ], [ -122.405814, 37.738338 ], [ -122.406762, 37.738077 ], [ -122.406911, 37.737966 ], [ -122.406868, 37.738144 ], [ -122.406916, 37.738456 ], [ -122.406945, 37.738694 ] ] ] } }
]
}
