{"type":"FeatureCollection","features":[{"type":"Feature","properties":{"highway":"motorway","ref":"US 101","name":"James Lick Freeway"},"geometry":{"type":"LineString","coordinates":[[-122.398893,37.716892],[-122.398933,37.717019],[-122.398969,37.717146],[-122.399005,37.717277],[-122.399449,37.718949]]}},{"type":"Feature","properties":{"highway":"motorway_link","ref":null,"name":null},"geometry":{"type":"LineString","coordinates":[[-122.407184,37.736284],[-122.407165,37.736458]]}},{"type":"Feature","properties":{"highway":"motorway_link","ref":null,"name":null},"geometry":{"type":"LineString","coordinates":[[-122.402898,37.750614],[-122.402833,37.750867],[-122.402772,37.751154],[-122.402739,37.751336],[-122.402713,37.751503],[-122.402701,37.751767],[-122.402714,37.752081]]}},{"type":"Feature","properties":{"highway":"motorway_link","ref":null,"name":null},"geometry":{"type":"LineString","coordinates":[[-122.402971,37.749536],[-122.403065,37.749562],[-122.403124,37.749582]]}},{"type":"Feature","properties":{"highway":"motorway_link","ref":null,"name":null},"geometry":{"type":"LineString","coordinates":[[-122.403347,37.751466],[-122.403473,37.751091],[-122.403671,37.750517],[-122.40384,37.749989],[-122.40385,37.749959],[-122.403862,37.74993],[-122.403876,37.749896],[-122.403892,37.749864]]}},{"type":"Feature","properties":{"highway":"motorway_link","ref":null,"name":null},"geometry":{"type":"LineString","coordinates":[[-122.403048,37.752168],[-122.403221,37.751862],[-122.403254,37.751747],[-122.403275,37.751679],[-122.403308,37.751591],[-122.403347,37.751466]]}},{"type":"Feature","properties":{"highway":"motorway_link","ref":null,"name":null},"geometry":{"type":"LineString","coordinates":[[-122.397086,37.781814],[-122.397307,37.781567],[-122.397709,37.781247],[-122.398032,37.780983],[-122.39837,37.780704],[-122.399946,37.779415]]}},{"type":"Feature","properties":{"highway":"motorway_link","ref":null,"name":null},"geometry":{"type":"LineString","coordinates":[[-122.398552,37.716758],[-122.398667,37.717045],[-122.39891,37.717704],[-122.399008,37.717971],[-122.399449,37.718949]]}},{"type":"Feature","properties":{"highway":"motorway_link","ref":null,"name":null},"geometry":{"type":"LineString","coordinates":[[-122.408838,37.735784],[-122.409184,37.735446],[-122.409369,37.735288],[-122.40959,37.735114],[-122.409808,37.734955]]}},{"type":"Feature","properties":{"highway":"motorway_link","ref":null,"name":null},"geometry":{"type":"LineString","coordinates":[[-122.475302,37.80666],[-122.475278,37.80658],[-122.475274,37.806556],[-122.475275,37.806535],[-122.475279,37.806515],[-122.475286,37.806497],[-122.475299,37.806479],[-122.475314,37.806463]]}},{"type":"Feature","properties":{"highway":"motorway_link","ref":null,"name":null},"geometry":{"type":"LineString","coordinates":[[-122.475402,37.806349],[-122.475339,37.806374],[-122.475279,37.806386],[-122.475223,37.806396],[-122.4752,37.8064],[-122.475176,37.806403],[-122.475152,37.806405],[-122.475127,37.806406],[-122.475095,37.806407],[-122.475067,37.806407],[-122.47504,37.806405],[-122.475016,37.806403],[-122.474993,37.806399],[-122.474964,37.806393],[-122.474937,37.806385],[-122.474735,37.806322]]}},{"type":"Feature","properties":{"highway":"motorway_link","ref":null,"name":null},"geometry":{"type":"LineString","coordinates":[[-122.473979,37.807149],[-122.473886,37.807213]]}},{"type":"Feature","properties":{"highway":"motorway_link","ref":null,"name":null},"geometry":{"type":"LineString","coordinates":[[-122.406068,37.773907],[-122.405942,37.774001],[-122.405795,37.774088],[-122.405652,37.774161],[-122.40549,37.774226],[-122.405042,37.774356],[-122.404901,37.774397]]}},{"type":"Feature","properties":{"highway":"motorway_link","ref":null,"name":null},"geometry":{"type":"LineString","coordinates":[[-122.406576,37.773092],[-122.406463,37.773283],[-122.406402,37.773429],[-122.406331,37.773567],[-122.40625,37.773693],[-122.406162,37.773804],[-122.406068,37.773907]]}},{"type":"Feature","properties":{"highway":"motorway_link","ref":null,"name":null},"geometry":{"type":"LineString","coordinates":[[-122.406666,37.772781],[-122.406644,37.773105],[-122.406636,37.77337],[-122.406627,37.773564],[-122.406609,37.773724],[-122.406583,37.773839]]}},{"type":"Feature","properties":{"highway":"motorway_link","ref":null,"name":null},"geometry":{"type":"LineString","coordinates":[[-122.411253,37.733613],[-122.409717,37.734262],[-122.409358,37.734422],[-122.409161,37.734524],[-122.408978,37.734633],[-122.408846,37.734727],[-122.408721,37.734827],[-122.408597,37.734933],[-122.408483,37.735032],[-122.408369,37.735141],[-122.408253,37.735264],[-122.408155,37.735375],[-122.408051,37.7355],[-122.407964,37.735616],[-122.40788,37.735736],[-122.407804,37.735856],[-122.407734,37.73597],[-122.407667,37.736103],[-122.407592,37.736297],[-122.407552,37.736443],[-122.40752,37.73658],[-122.40749,37.736728],[-122.407475,37.736849],[-122.407467,37.736973],[-122.407462,37.737108],[-122.407466,37.737245],[-122.407475,37.737366],[-122.407491,37.737506],[-122.407517,37.737642],[-122.407599,37.737959],[-122.407768,37.73864]]}},{"type":"Feature","properties":{"highway":"motorway_link","ref":null,"name":null},"geometry":{"type":"LineString","coordinates":[[-122.399635,37.780791],[-122.399626,37.780662],[-122.399635,37.780579],[-122.399649,37.780467],[-122.399681,37.780359],[-122.399726,37.780249],[-122.399786,37.780141],[-122.39987,37.780029]]}},{"type":"Feature","properties":{"highway":"motorway_link","ref":null,"name":null},"geometry":{"type":"LineString","coordinates":[[-122.436652,37.731505],[-122.436452,37.731506]]}},{"type":"Feature","properties":{"highway":"trunk_link","ref":null,"name":null},"geometry":{"type":"LineString","coordinates":[[-122.469837,37.712738],[-122.470204,37.71287],[-122.470255,37.71289],[-122.470303,37.712914],[-122.470343,37.712936],[-122.470382,37.712962],[-122.470418,37.712987],[-122.470459,37.713018],[-122.471027,37.713451],[-122.471075,37.713488],[-122.471115,37.713522],[-122.471152,37.713557],[-122.471183,37.71359],[-122.471215,37.71363],[-122.471241,37.713666],[-122.471269,37.713713],[-122.471292,37.713756],[-122.471317,37.713807],[-122.471516,37.714228]]}},{"type":"Feature","properties":{"highway":"motorway_link","ref":null,"name":null},"geometry":{"type":"LineString","coordinates":[[-122.392499,37.751285],[-122.392466,37.751571],[-122.39243,37.751627],[-122.392342,37.751699],[-122.392278,37.751725],[-122.392196,37.751732],[-122.392123,37.751718],[-122.392019,37.751661]]}},{"type":"Feature","properties":{"highway":"motorway_link","ref":null,"name":null},"geometry":{"type":"LineString","coordinates":[[-122.392168,37.753847],[-122.392159,37.753754],[-122.392155,37.753627],[-122.39216,37.753499],[-122.392177,37.753434],[-122.392206,37.753382],[-122.392244,37.753348]]}},{"type":"Feature","properties":{"highway":"motorway_link","ref":null,"name":null},"geometry":{"type":"LineString","coordinates":[[-122.394533,37.766306],[-122.393976,37.765613],[-122.39384,37.765428],[-122.39373,37.765255],[-122.393624,37.765071],[-122.393523,37.764867],[-122.393408,37.764617],[-122.393303,37.764339],[-122.393243,37.764141],[-122.393158,37.763712]]}},{"type":"Feature","properties":{"highway":"motorway_link","ref":null,"name":null},"geometry":{"type":"LineString","coordinates":[[-122.393181,37.76407],[-122.393161,37.763939],[-122.393101,37.763535]]}},{"type":"Feature","properties":{"highway":"motorway_link","ref":null,"name":null},"geometry":{"type":"LineString","coordinates":[[-122.408097,37.769942],[-122.408286,37.770085],[-122.408337,37.770125],[-122.408389,37.770168],[-122.408437,37.770213],[-122.408482,37.770257],[-122.408525,37.770303],[-122.408566,37.770354],[-122.408601,37.770404],[-122.40863,37.770453],[-122.408652,37.770502],[-122.40867,37.770558],[-122.408683,37.770614],[-122.40869,37.770668]]}},{"type":"Feature","properties":{"highway":"motorway_link","ref":null,"name":null},"geometry":{"type":"LineString","coordinates":[[-122.409481,37.770312],[-122.409394,37.7703],[-122.409294,37.770282],[-122.409183,37.770258],[-122.409063,37.770223],[-122.40895,37.770181],[-122.408845,37.770137],[-122.408745,37.770087],[-122.408642,37.770031],[-122.408541,37.769969],[-122.408326,37.769835]]}},{"type":"Feature","properties":{"highway":"motorway_link","ref":null,"name":null},"geometry":{"type":"LineString","coordinates":[[-122.405952,37.770699],[-122.405942,37.770467],[-122.405928,37.770421],[-122.405905,37.770337],[-122.405885,37.770255],[-122.405868,37.770176],[-122.405853,37.77009]]}},{"type":"Feature","properties":{"highway":"motorway_link","ref":null,"name":null},"geometry":{"type":"LineString","coordinates":[[-122.405502,37.744111],[-122.405315,37.744239],[-122.405231,37.744375],[-122.40512,37.744575],[-122.405004,37.744814],[-122.404955,37.744931],[-122.404895,37.745076],[-122.404827,37.745236],[-122.404783,37.74533],[-122.404728,37.745426],[-122.404656,37.745543],[-122.404578,37.74566]]}},{"type":"Feature","properties":{"highway":"motorway","ref":"US 101","name":"Central Freeway"},"geometry":{"type":"LineString","coordinates":[[-122.40485,37.765368],[-122.404954,37.765558],[-122.404965,37.765666],[-122.404974,37.765738],[-122.405151,37.767149],[-122.40516,37.767213],[-122.405171,37.767276],[-122.405184,37.76734],[-122.405201,37.767405],[-122.405221,37.767472],[-122.405246,37.767537],[-122.405276,37.767602],[-122.405309,37.767665],[-122.405345,37.767727],[-122.405381,37.76778],[-122.405413,37.767825],[-122.405445,37.767865],[-122.405478,37.767903],[-122.405517,37.767945],[-122.405558,37.767986],[-122.405598,37.768023],[-122.405676,37.768091],[-122.405762,37.768159],[-122.406891,37.769019]]}},{"type":"Feature","properties":{"highway":"motorway_link","ref":null,"name":null},"geometry":{"type":"LineString","coordinates":[[-122.447432,37.724622],[-122.447517,37.724539],[-122.447578,37.724434],[-122.448053,37.723609],[-122.448116,37.723519],[-122.448196,37.723428],[-122.448274,37.723354],[-122.448367,37.723285],[-122.448474,37.723218],[-122.448589,37.72316],[-122.448709,37.72311],[-122.448791,37.723082],[-122.448831,37.723069],[-122.448932,37.723044],[-122.449023,37.723033]]}},{"type":"Feature","properties":{"highway":"motorway_link","ref":null,"name":null},"geometry":{"type":"LineString","coordinates":[[-122.447778,37.721203],[-122.447767,37.721277],[-122.447615,37.722356],[-122.447578,37.722564],[-122.447535,37.722757],[-122.447487,37.722943],[-122.447427,37.723137],[-122.447356,37.723333],[-122.447171,37.723778],[-122.447075,37.723991],[-122.446925,37.724291],[-122.446572,37.724981],[-122.446467,37.725182],[-122.446382,37.725355],[-122.446234,37.72565],[-122.446048,37.725992]]}},{"type":"Feature","properties":{"highway":"motorway_link","ref":null,"name":null},"geometry":{"type":"LineString","coordinates":[[-122.406386,37.748829],[-122.406198,37.748834],[-122.406061,37.748834],[-122.405592,37.74882],[-122.405424,37.748804],[-122.405276,37.748774]]}},{"type":"Feature","properties":{"highway":"motorway_link","ref":null,"name":null},"geometry":{"type":"LineString","coordinates":[[-122.453492,37.712733],[-122.453628,37.712658],[-122.453755,37.712595],[-122.453874,37.712544],[-122.453935,37.712521],[-122.454003,37.712496],[-122.454141,37.712455],[-122.454277,37.712411],[-122.454403,37.712362],[-122.454525,37.712301],[-122.454637,37.712234],[-122.454754,37.712153]]}},{"type":"Feature","properties":{"highway":"motorway_link","ref":null,"name":null},"geometry":{"type":"LineString","coordinates":[[-122.447432,37.724622],[-122.447527,37.724417],[-122.447611,37.724252],[-122.447706,37.724047],[-122.44779,37.723858],[-122.447866,37.723663],[-122.447948,37.723453],[-122.448024,37.723244]]}},{"type":"Feature","properties":{"highway":"trunk_link","ref":null,"name":null},"geometry":{"type":"LineString","coordinates":[[-122.472595,37.712797],[-122.472449,37.712719],[-122.472372,37.712675],[-122.472314,37.712641],[-122.472256,37.712603],[-122.4722,37.712565],[-122.472147,37.712527],[-122.472093,37.712485],[-122.472039,37.71244],[-122.471622,37.712082],[-122.47158,37.712045],[-122.47154,37.712007],[-122.471502,37.711966],[-122.471467,37.711922],[-122.471435,37.711875],[-122.471409,37.711826],[-122.471385,37.711773],[-122.471259,37.711458]]}},{"type":"Feature","properties":{"highway":"trunk_link","ref":null,"name":null},"geometry":{"type":"LineString","coordinates":[[-122.470633,37.712715],[-122.470488,37.71268],[-122.470457,37.712669],[-122.470432,37.712656],[-122.470414,37.712641],[-122.4704,37.712623],[-122.470389,37.712601],[-122.470384,37.712577],[-122.470385,37.712552],[-122.470393,37.712529],[-122.470409,37.712504],[-122.47043,37.712481],[-122.470454,37.712461],[-122.470485,37.712439],[-122.47053,37.712411],[-122.470583,37.712381],[-122.470737,37.712295],[-122.470782,37.712271],[-122.470815,37.712255],[-122.470849,37.712243],[-122.47088,37.712235],[-122.470911,37.712233],[-122.470944,37.712239],[-122.470975,37.712252],[-122.470997,37.71227],[-122.471049,37.712341],[-122.471166,37.712541]]}},{"type":"Feature","properties":{"highway":"trunk_link","ref":null,"name":null},"geometry":{"type":"LineString","coordinates":[[-122.471232,37.712979],[-122.471191,37.713228],[-122.471183,37.713255],[-122.47117,37.713277],[-122.471154,37.713297],[-122.471133,37.713314],[-122.471107,37.713325],[-122.471077,37.713333],[-122.471047,37.713335],[-122.471018,37.713333],[-122.47099,37.713326],[-122.470962,37.713315],[-122.470934,37.713299],[-122.4709,37.713278],[-122.470855,37.713247],[-122.4708,37.713207],[-122.47066,37.713098],[-122.47063,37.713075],[-122.470611,37.713058],[-122.470594,37.71304],[-122.470583,37.713025],[-122.470574,37.713008],[-122.470571,37.712991],[-122.47057,37.712974],[-122.470574,37.712956],[-122.47058,37.71294],[-122.470588,37.712927],[-122.470604,37.712912],[-122.470624,37.7129],[-122.470646,37.712891],[-122.47067,37.712882],[-122.470693,37.712876],[-122.470966,37.712818]]}},{"type":"Feature","properties":{"highway":"motorway_link","ref":null,"name":null},"geometry":{"type":"LineString","coordinates":[[-122.401613,37.777839],[-122.401167,37.778025],[-122.400968,37.778123],[-122.400778,37.778232],[-122.400508,37.778409],[-122.399541,37.779082]]}},{"type":"Feature","properties":{"highway":"motorway_link","ref":null,"name":null},"geometry":{"type":"LineString","coordinates":[[-122.40411,37.749678],[-122.404179,37.749587],[-122.404266,37.749497],[-122.404373,37.749426],[-122.404484,37.749368],[-122.404602,37.749317],[-122.404736,37.749274],[-122.404869,37.749236],[-122.405353,37.749126]]}},{"type":"Feature","properties":{"highway":"motorway_link","ref":null,"name":null},"geometry":{"type":"LineString","coordinates":[[-122.406863,37.734546],[-122.407112,37.73463],[-122.407399,37.734703],[-122.407687,37.734749],[-122.407939,37.734773],[-122.408226,37.73478],[-122.408474,37.73477],[-122.408747,37.734742],[-122.409003,37.734695],[-122.409247,37.734641],[-122.409486,37.73457]]}},{"type":"Feature","properties":{"highway":"motorway_link","ref":null,"name":null},"geometry":{"type":"LineString","coordinates":[[-122.456773,37.710303],[-122.456543,37.710363],[-122.456369,37.710412],[-122.45619,37.710464]]}},{"type":"Feature","properties":{"highway":"motorway_link","ref":null,"name":null},"geometry":{"type":"LineString","coordinates":[[-122.414505,37.732424],[-122.415674,37.732221],[-122.415937,37.732191],[-122.416218,37.732174],[-122.416476,37.732173],[-122.417261,37.732176],[-122.417573,37.732185],[-122.418261,37.732228]]}},{"type":"Feature","properties":{"highway":"motorway_link","ref":null,"name":null},"geometry":{"type":"LineString","coordinates":[[-122.417118,37.731691],[-122.416907,37.731701],[-122.416687,37.731719],[-122.416408,37.731755],[-122.416048,37.731802],[-122.415164,37.732041]]}},{"type":"Feature","properties":{"highway":"motorway_link","ref":null,"name":null},"geometry":{"type":"LineString","coordinates":[[-122.401564,37.72497],[-122.40161,37.725249],[-122.401689,37.725532],[-122.401935,37.726248],[-122.402474,37.727857]]}},{"type":"Feature","properties":{"highway":"motorway_link","ref":null,"name":null},"geometry":{"type":"LineString","coordinates":[[-122.406378,37.775464],[-122.406481,37.775287],[-122.406516,37.775215],[-122.406561,37.775114],[-122.406644,37.774887],[-122.40671,37.774675],[-122.406874,37.774109]]}},{"type":"Feature","properties":{"highway":"motorway_link","ref":null,"name":null},"geometry":{"type":"LineString","coordinates":[[-122.405602,37.762238],[-122.405408,37.762363]]}},{"type":"Feature","properties":{"highway":"motorway_link","ref":null,"name":null},"geometry":{"type":"LineString","coordinates":[[-122.405645,37.749857],[-122.405575,37.749683],[-122.405549,37.749626],[-122.405462,37.74946],[-122.405428,37.749399],[-122.40539,37.749333],[-122.405357,37.749274],[-122.405323,37.749214],[-122.405286,37.74915],[-122.405253,37.749093],[-122.405222,37.749044],[-122.405192,37.748999],[-122.405159,37.748954],[-122.405121,37.748906],[-122.405027,37.748826],[-122.404952,37.748755],[-122.404614,37.748485]]}},{"type":"Feature","properties":{"highway":"motorway_link","ref":null,"name":null},"geometry":{"type":"LineString","coordinates":[[-122.393081,37.763326],[-122.393077,37.763167],[-122.393081,37.763112],[-122.393103,37.763054]]}},{"type":"Feature","properties":{"highway":"motorway_link","ref":null,"name":null},"geometry":{"type":"LineString","coordinates":[[-122.392369,37.762827],[-122.392401,37.763137],[-122.392412,37.763213]]}},{"type":"Feature","properties":{"highway":"motorway_link","ref":null,"name":null},"geometry":{"type":"LineString","coordinates":[[-122.392244,37.753348],[-122.392323,37.753267],[-122.392397,37.75322],[-122.392496,37.753181],[-122.392595,37.753168],[-122.392734,37.753147]]}},{"type":"Feature","properties":{"highway":"motorway_link","ref":null,"name":null},"geometry":{"type":"LineString","coordinates":[[-122.392617,37.751953],[-122.392292,37.751865],[-122.392189,37.751826],[-122.392078,37.751762],[-122.392019,37.751661]]}},{"type":"Feature","properties":{"highway":"motorway_link","ref":"US 101","name":null},"geometry":{"type":"LineString","coordinates":[[-122.417872,37.769305],[-122.41797,37.769149],[-122.418027,37.769077],[-122.418092,37.769011],[-122.418171,37.768958],[-122.418258,37.76892]]}},{"type":"Feature","properties":{"highway":"motorway_link","ref":null,"name":null},"geometry":{"type":"LineString","coordinates":[[-122.433231,37.733321],[-122.433256,37.733264],[-122.433282,37.733204],[-122.433309,37.73316],[-122.433364,37.733092],[-122.433426,37.733025],[-122.433511,37.732946],[-122.433606,37.732863],[-122.433696,37.732792],[-122.433802,37.732717]]}},{"type":"Feature","properties":{"highway":"motorway_link","ref":null,"name":null},"geometry":{"type":"LineString","coordinates":[[-122.407503,37.773872],[-122.40761,37.773818],[-122.407708,37.773788],[-122.407829,37.773768]]}},{"type":"Feature","properties":{"highway":"motorway_link","ref":null,"name":null},"geometry":{"type":"LineString","coordinates":[[-122.44717,37.723042],[-122.447163,37.723101],[-122.44711,37.72352],[-122.447078,37.723735],[-122.44705,37.723856],[-122.447008,37.723972],[-122.446872,37.724279],[-122.446572,37.724981]]}},{"type":"Feature","properties":{"highway":"trunk_link","ref":null,"name":null},"geometry":{"type":"LineString","coordinates":[[-122.47134,37.712534],[-122.471404,37.712318],[-122.471413,37.712291],[-122.471424,37.712268],[-122.471439,37.712244],[-122.471464,37.712221],[-122.471493,37.712207],[-122.471525,37.712199],[-122.471558,37.712199],[-122.471593,37.712205],[-122.471626,37.712217],[-122.471659,37.712236],[-122.47169,37.712257],[-122.471727,37.712282],[-122.471772,37.712315],[-122.471895,37.712411],[-122.471921,37.712433],[-122.471944,37.712455],[-122.471966,37.71248],[-122.47198,37.712502],[-122.471987,37.712527],[-122.471985,37.712553],[-122.471977,37.712575],[-122.471961,37.712595],[-122.471941,37.712613],[-122.471917,37.712625],[-122.471876,37.712641],[-122.471829,37.712653],[-122.471629,37.712692]]}},{"type":"Feature","properties":{"highway":"trunk_link","ref":null,"name":null},"geometry":{"type":"LineString","coordinates":[[-122.471665,37.713471],[-122.471687,37.713432],[-122.471717,37.713395],[-122.47175,37.713363],[-122.471786,37.713333],[-122.472189,37.713025],[-122.472328,37.712919],[-122.472343,37.71291],[-122.472357,37.712904],[-122.472371,37.712899],[-122.472386,37.712896],[-122.472402,37.712894],[-122.472458,37.71289]]}},{"type":"Feature","properties":{"highway":"motorway_link","ref":null,"name":null},"geometry":{"type":"LineString","coordinates":[[-122.392359,37.761058],[-122.392298,37.761344],[-122.392298,37.762074],[-122.392302,37.762315],[-122.392325,37.762545]]}},{"type":"Feature","properties":{"highway":"trunk","ref":"US 101","name":"Richardson Avenue"},"geometry":{"type":"LineString","coordinates":[[-122.444669,37.798874],[-122.444745,37.798891],[-122.444824,37.798916],[-122.444905,37.798946],[-122.444966,37.798971],[-122.445023,37.798997],[-122.445078,37.799027],[-122.445133,37.799062],[-122.445273,37.799158],[-122.44566,37.799422],[-122.445823,37.799536],[-122.445905,37.799594]]}},{"type":"Feature","properties":{"highway":"motorway_link","ref":null,"name":null},"geometry":{"type":"LineString","coordinates":[[-122.40781,37.735933],[-122.40789,37.736128],[-122.407895,37.736171],[-122.407887,37.736226]]}},{"type":"Feature","properties":{"highway":"trunk","ref":"CA 1","name":"19th Avenue"},"geometry":{"type":"LineString","coordinates":[[-122.477391,37.765449],[-122.477381,37.765341],[-122.477366,37.765119],[-122.477357,37.764992],[-122.477283,37.763923],[-122.477271,37.763763],[-122.477264,37.763658],[-122.477258,37.763567]]}},{"type":"Feature","properties":{"highway":"trunk","ref":"CA 1","name":"19th Avenue"},"geometry":{"type":"LineString","coordinates":[[-122.475048,37.726865],[-122.475048,37.726781],[-122.475053,37.726654],[-122.475061,37.72652]]}},{"type":"Feature","properties":{"highway":"motorway","ref":"I 280","name":"Southern Embarcadero Freeway"},"geometry":{"type":"LineString","coordinates":[[-122.411209,37.733549],[-122.40965,37.734165],[-122.409214,37.734344],[-122.408764,37.734518],[-122.408335,37.734679],[-122.407875,37.734834],[-122.405696,37.735537]]}},{"type":"Feature","properties":{"highway":"motorway_link","ref":null,"name":null},"geometry":{"type":"LineString","coordinates":[[-122.401003,37.77482],[-122.400925,37.774684],[-122.40061,37.774305]]}},{"type":"Feature","properties":{"highway":"trunk","ref":"US 101","name":"South Van Ness Avenue"},"geometry":{"type":"LineString","coordinates":[[-122.418533,37.772961],[-122.418584,37.773176]]}},{"type":"Feature","properties":{"highway":"motorway_link","ref":null,"name":null},"geometry":{"type":"LineString","coordinates":[[-122.400153,37.720573],[-122.400194,37.720336],[-122.400135,37.720008],[-122.400077,37.719691],[-122.400029,37.719399],[-122.399991,37.7191],[-122.399963,37.718744],[-122.399947,37.718601],[-122.399927,37.718476],[-122.399903,37.71835],[-122.399822,37.718159]]}},{"type":"Feature","properties":{"highway":"trunk_link","ref":null,"name":null},"geometry":{"type":"LineString","coordinates":[[-122.475985,37.730079],[-122.475861,37.730072],[-122.475454,37.730055],[-122.475414,37.730053],[-122.475365,37.730047],[-122.475309,37.730036],[-122.475252,37.73001],[-122.475206,37.729974],[-122.475168,37.729927],[-122.475143,37.72988],[-122.475131,37.72982],[-122.475106,37.729381],[-122.475109,37.729107],[-122.475102,37.729064],[-122.475089,37.729034],[-122.475064,37.729005],[-122.475042,37.728986],[-122.474932,37.728906]]}},{"type":"Feature","properties":{"highway":"motorway_link","ref":null,"name":null},"geometry":{"type":"LineString","coordinates":[[-122.474635,37.80653],[-122.474628,37.80662],[-122.474621,37.80667],[-122.474613,37.806702],[-122.474609,37.80672],[-122.474602,37.806739],[-122.474594,37.806757],[-122.474582,37.806775]]}},{"type":"Feature","properties":{"highway":"motorway_link","ref":null,"name":null},"geometry":{"type":"LineString","coordinates":[[-122.395519,37.710213],[-122.395548,37.709837],[-122.395526,37.709674],[-122.395516,37.709589],[-122.395506,37.709513],[-122.395431,37.708883]]}},{"type":"Feature","properties":{"highway":"motorway_link","ref":null,"name":null},"geometry":{"type":"LineString","coordinates":[[-122.395288,37.707333],[-122.39534,37.707261],[-122.395409,37.707206],[-122.395499,37.707162],[-122.395599,37.707139],[-122.395855,37.7071],[-122.396023,37.707046]]}},{"type":"Feature","properties":{"highway":"motorway","ref":"CA 1","name":"Junipero Serra Boulevard"},"geometry":{"type":"LineString","coordinates":[[-122.471422,37.700611],[-122.471444,37.701069],[-122.471492,37.702109],[-122.471522,37.702766],[-122.471532,37.703031],[-122.471542,37.703279],[-122.471544,37.703547],[-122.471539,37.703808],[-122.47153,37.704065],[-122.471514,37.704325],[-122.471491,37.704589],[-122.471462,37.704851],[-122.471428,37.705132],[-122.471397,37.705376],[-122.471272,37.70639]]}},{"type":"Feature","properties":{"highway":"trunk","ref":"CA 1","name":"Junipero Serra Boulevard"},"geometry":{"type":"LineString","coordinates":[[-122.472593,37.71662],[-122.47257,37.716545],[-122.472547,37.716481],[-122.472524,37.716417],[-122.472501,37.716352],[-122.472477,37.71629],[-122.472453,37.716225],[-122.472429,37.716161],[-122.472405,37.716095],[-122.472189,37.715519],[-122.471956,37.714948],[-122.471908,37.714822],[-122.47186,37.714691],[-122.471814,37.714561],[-122.471771,37.714434],[-122.471758,37.714393]]}},{"type":"Feature","properties":{"highway":"motorway_link","ref":null,"name":null},"geometry":{"type":"LineString","coordinates":[[-122.470771,37.705154],[-122.47078,37.705198],[-122.470787,37.70525],[-122.47079,37.705302],[-122.470793,37.705478]]}},{"type":"Feature","properties":{"highway":"motorway","ref":"I 80","name":"Dwight D. Eisenhower Highway"},"geometry":{"type":"LineString","coordinates":[[-122.367291,37.808078],[-122.390401,37.786498],[-122.390731,37.786203]]}},{"type":"Feature","properties":{"highway":"motorway","ref":"US 101","name":"James Lick Freeway"},"geometry":{"type":"LineString","coordinates":[[-122.399891,37.720421],[-122.39999,37.720729],[-122.400056,37.720999],[-122.400271,37.721636],[-122.400482,37.72214],[-122.401045,37.723502]]}},{"type":"Feature","properties":{"highway":"trunk","ref":"US 101","name":"Lombard Street"},"geometry":{"type":"LineString","coordinates":[[-122.444714,37.798758],[-122.444625,37.798746],[-122.444559,37.79874],[-122.444489,37.798739],[-122.444433,37.798741],[-122.444324,37.79875]]}},{"type":"Feature","properties":{"highway":"motorway_link","ref":null,"name":null},"geometry":{"type":"LineString","coordinates":[[-122.471269,37.70882],[-122.471406,37.708401],[-122.471429,37.708318],[-122.471546,37.707802],[-122.471633,37.707387],[-122.471699,37.707062]]}},{"type":"Feature","properties":{"highway":"motorway","ref":null,"name":"Octavia Boulevard"},"geometry":{"type":"LineString","coordinates":[[-122.422171,37.770599],[-122.422301,37.770681],[-122.422418,37.770764],[-122.422532,37.770854],[-122.422636,37.770944],[-122.42273,37.771036],[-122.422825,37.771136],[-122.422909,37.771234]]}},{"type":"Feature","properties":{"highway":"motorway_link","ref":null,"name":null},"geometry":{"type":"LineString","coordinates":[[-122.47027,37.706108],[-122.470231,37.706193],[-122.470207,37.706241],[-122.470184,37.706286],[-122.470159,37.706332],[-122.470119,37.706399],[-122.470078,37.706466],[-122.470032,37.706536],[-122.469983,37.706604],[-122.469934,37.706669],[-122.469881,37.706735],[-122.469823,37.706804],[-122.469765,37.706872],[-122.469703,37.706944],[-122.4696,37.707063],[-122.469481,37.707199],[-122.469362,37.707333],[-122.469232,37.707474],[-122.469098,37.707615],[-122.468949,37.707767],[-122.468658,37.708064],[-122.468492,37.708236]]}},{"type":"Feature","properties":{"highway":"motorway_link","ref":null,"name":null},"geometry":{"type":"LineString","coordinates":[[-122.473428,37.704077],[-122.473206,37.703961],[-122.473039,37.703873],[-122.472987,37.703844],[-122.472931,37.703812],[-122.472887,37.703783],[-122.472843,37.703753],[-122.4728,37.703721],[-122.472756,37.703684],[-122.472715,37.703646],[-122.472676,37.703607],[-122.47264,37.703568],[-122.472607,37.703528],[-122.472577,37.703488],[-122.472549,37.703446],[-122.472525,37.703407],[-122.472502,37.703365],[-122.47248,37.70332],[-122.472459,37.703269],[-122.472442,37.703219],[-122.472429,37.703173],[-122.472411,37.703105],[-122.472308,37.702671]]}},{"type":"Feature","properties":{"highway":"motorway_link","ref":null,"name":null},"geometry":{"type":"LineString","coordinates":[[-122.39341,37.705587],[-122.393232,37.705238],[-122.393029,37.704833],[-122.392978,37.704731],[-122.392952,37.704641],[-122.392949,37.704561],[-122.392965,37.704484],[-122.393005,37.70441],[-122.393074,37.704338],[-122.39316,37.704283],[-122.393263,37.704246],[-122.393369,37.704232],[-122.393473,37.704235],[-122.39359,37.704265],[-122.393689,37.704317],[-122.393763,37.704379],[-122.393818,37.704448],[-122.393857,37.704536],[-122.393976,37.704944],[-122.394524,37.706871]]}},{"type":"Feature","properties":{"highway":"motorway","ref":"I 280","name":"Junipero Serra Freeway"},"geometry":{"type":"LineString","coordinates":[[-122.472015,37.704296],[-122.472027,37.704247],[-122.472054,37.704126],[-122.472081,37.703987],[-122.472102,37.703858],[-122.47212,37.703729],[-122.472133,37.7036],[-122.472143,37.703467],[-122.472148,37.703338],[-122.47215,37.703206],[-122.472147,37.703075],[-122.472142,37.702949],[-122.472133,37.702816],[-122.47212,37.702687],[-122.472022,37.701786],[-122.471968,37.701283],[-122.471845,37.699954]]}},{"type":"Feature","properties":{"highway":"motorway","ref":"I 80","name":"Dwight D. Eisenhower Highway"},"geometry":{"type":"LineString","coordinates":[[-122.365072,37.810156],[-122.366323,37.808983]]}},{"type":"Feature","properties":{"highway":"motorway_link","ref":null,"name":null},"geometry":{"type":"LineString","coordinates":[[-122.397021,37.769044],[-122.397154,37.769318],[-122.397206,37.769451],[-122.397249,37.769576],[-122.397296,37.769735],[-122.397332,37.769893],[-122.397356,37.770035],[-122.397369,37.770176],[-122.397422,37.770975],[-122.397436,37.771126],[-122.397465,37.771295],[-122.397512,37.771462],[-122.397589,37.771655]]}},{"type":"Feature","properties":{"highway":"motorway_link","ref":null,"name":null},"geometry":{"type":"LineString","coordinates":[[-122.396023,37.707046],[-122.395867,37.707033],[-122.395557,37.707001],[-122.395445,37.70698],[-122.395344,37.70694],[-122.395266,37.706887],[-122.395198,37.706815],[-122.395142,37.706724],[-122.394995,37.706333]]}},{"type":"Feature","properties":{"highway":"motorway_link","ref":null,"name":null},"geometry":{"type":"LineString","coordinates":[[-122.393259,37.701983],[-122.393296,37.702223],[-122.393348,37.702619],[-122.393359,37.702799],[-122.393358,37.702932],[-122.393342,37.703069],[-122.39331,37.703204],[-122.393191,37.703521],[-122.392853,37.704399],[-122.392824,37.704493],[-122.392814,37.704592],[-122.392822,37.70469],[-122.392853,37.704786],[-122.39292,37.704893],[-122.393137,37.705196],[-122.39341,37.705587]]}},{"type":"Feature","properties":{"highway":"motorway","ref":"CA 1","name":"Junipero Serra Boulevard"},"geometry":{"type":"LineString","coordinates":[[-122.471244,37.709943],[-122.471242,37.709522],[-122.471243,37.709401],[-122.471248,37.709265],[-122.47125,37.709169],[-122.471254,37.709039],[-122.47126,37.708932],[-122.471269,37.70882]]}},{"type":"Feature","properties":{"highway":"trunk","ref":"CA 1","name":"19th Avenue"},"geometry":{"type":"LineString","coordinates":[[-122.47467,37.728872],[-122.474669,37.728935],[-122.474668,37.729006],[-122.474669,37.729076],[-122.474673,37.729143],[-122.474678,37.729209],[-122.474682,37.729275],[-122.474703,37.729554],[-122.474713,37.729684],[-122.474732,37.729919],[-122.474754,37.730185],[-122.474763,37.730321],[-122.474776,37.730497],[-122.474811,37.730931],[-122.474816,37.730996],[-122.474822,37.731091]]}},{"type":"Feature","properties":{"highway":"motorway","ref":"CA 1","name":"General Douglas MacArthur Tunnel"},"geometry":{"type":"LineString","coordinates":[[-122.469574,37.792588],[-122.469507,37.796159]]}},{"type":"Feature","properties":{"highway":"motorway_link","ref":null,"name":null},"geometry":{"type":"LineString","coordinates":[[-122.419444,37.77023],[-122.419646,37.770238],[-122.41973,37.770232],[-122.419771,37.770228],[-122.419813,37.770224],[-122.41992,37.770202]]}},{"type":"Feature","properties":{"highway":"motorway","ref":"I 80","name":"Dwight D. Eisenhower Highway"},"geometry":{"type":"LineString","coordinates":[[-122.366323,37.808983],[-122.367291,37.808078]]}},{"type":"Feature","properties":{"highway":"motorway_link","ref":null,"name":null},"geometry":{"type":"LineString","coordinates":[[-122.439204,37.730067],[-122.438885,37.730084]]}},{"type":"Feature","properties":{"highway":"trunk","ref":"US 101","name":"Lombard Street"},"geometry":{"type":"LineString","coordinates":[[-122.424488,37.801349],[-122.424673,37.801346]]}},{"type":"Feature","properties":{"highway":"motorway_link","ref":null,"name":null},"geometry":{"type":"LineString","coordinates":[[-122.414189,37.732323],[-122.413764,37.732371],[-122.413671,37.732406],[-122.413528,37.732461],[-122.413379,37.73252],[-122.413087,37.732634],[-122.412915,37.732702],[-122.412763,37.732762],[-122.412611,37.732822],[-122.411117,37.733424]]}},{"type":"Feature","properties":{"highway":"motorway","ref":"I 280","name":"Southern Embarcadero Freeway"},"geometry":{"type":"LineString","coordinates":[[-122.402174,37.737493],[-122.402424,37.737349],[-122.402481,37.73731],[-122.402612,37.737223],[-122.402793,37.737105],[-122.403044,37.736944],[-122.403304,37.73678],[-122.403588,37.736615],[-122.403803,37.736498],[-122.404151,37.736312],[-122.404441,37.736166],[-122.404707,37.736036],[-122.405004,37.73591],[-122.405263,37.735803],[-122.405513,37.735704],[-122.405747,37.735621]]}},{"type":"Feature","properties":{"highway":"motorway_link","ref":null,"name":null},"geometry":{"type":"LineString","coordinates":[[-122.404103,37.731256],[-122.403809,37.730605]]}},{"type":"Feature","properties":{"highway":"motorway_link","ref":null,"name":null},"geometry":{"type":"LineString","coordinates":[[-122.405114,37.731923],[-122.40488,37.731479],[-122.404877,37.731433],[-122.404883,37.731408],[-122.404905,37.731373],[-122.404955,37.731341],[-122.405019,37.731315],[-122.405039,37.731298],[-122.405102,37.731244]]}},{"type":"Feature","properties":{"highway":"motorway_link","ref":null,"name":null},"geometry":{"type":"LineString","coordinates":[[-122.405102,37.731244],[-122.405012,37.731242],[-122.404957,37.73124],[-122.404871,37.731253],[-122.404808,37.731252],[-122.404746,37.731231],[-122.404694,37.731198],[-122.404648,37.731157],[-122.404606,37.731099],[-122.404522,37.730961],[-122.404395,37.730726],[-122.404297,37.73057],[-122.403995,37.730114]]}},{"type":"Feature","properties":{"highway":"motorway_link","ref":null,"name":null},"geometry":{"type":"LineString","coordinates":[[-122.395478,37.711104],[-122.395512,37.711515],[-122.395525,37.711619],[-122.395547,37.711725],[-122.395596,37.711898],[-122.395633,37.712029],[-122.395669,37.712143],[-122.395716,37.712289],[-122.395764,37.712425],[-122.395814,37.712561],[-122.395873,37.712699],[-122.395933,37.712834],[-122.396002,37.712965],[-122.39608,37.713098],[-122.396164,37.713224],[-122.39626,37.713353],[-122.396535,37.713714],[-122.397577,37.715082],[-122.39769,37.715243],[-122.397798,37.715411],[-122.397882,37.715558],[-122.397961,37.715719],[-122.398025,37.715882],[-122.398071,37.716046],[-122.398103,37.716198],[-122.398124,37.716353],[-122.398161,37.716764],[-122.398195,37.716826]]}},{"type":"Feature","properties":{"highway":"trunk","ref":"CA 1","name":"19th Avenue"},"geometry":{"type":"LineString","coordinates":[[-122.472688,37.717459],[-122.472714,37.717487],[-122.472742,37.717517],[-122.472837,37.717614],[-122.47291,37.717686],[-122.472961,37.717737],[-122.473016,37.717789],[-122.473084,37.717853],[-122.473172,37.717935],[-122.473276,37.718039],[-122.473336,37.718101],[-122.474722,37.719555],[-122.474822,37.719664],[-122.474889,37.719744],[-122.474966,37.71983],[-122.475015,37.719915],[-122.475067,37.720017],[-122.475103,37.720112],[-122.475128,37.720205],[-122.475146,37.72031],[-122.475152,37.720393]]}},{"type":"Feature","properties":{"highway":"motorway_link","ref":null,"name":null},"geometry":{"type":"LineString","coordinates":[[-122.407261,37.736531],[-122.407345,37.736592],[-122.407809,37.736912],[-122.407871,37.736957],[-122.407918,37.737005],[-122.407965,37.737072],[-122.408001,37.737145]]}},{"type":"Feature","properties":{"highway":"motorway","ref":"I 280","name":"Junipero Serra Freeway"},"geometry":{"type":"LineString","coordinates":[[-122.471101,37.706136],[-122.471288,37.705885],[-122.471438,37.705651],[-122.471558,37.70543],[-122.47168,37.705193],[-122.471792,37.704955],[-122.471894,37.704709],[-122.471969,37.704488],[-122.472015,37.704296]]}},{"type":"Feature","properties":{"highway":"motorway_link","ref":null,"name":null},"geometry":{"type":"LineString","coordinates":[[-122.471777,37.706545],[-122.471824,37.706389],[-122.471853,37.706299],[-122.472107,37.705544],[-122.472123,37.7055],[-122.472144,37.705453],[-122.472173,37.705403],[-122.472206,37.705356],[-122.472242,37.705311],[-122.472282,37.705266],[-122.472329,37.705219],[-122.472384,37.705175],[-122.472437,37.705138],[-122.472495,37.705102],[-122.472556,37.705069],[-122.47262,37.705039],[-122.472685,37.705013],[-122.47275,37.704992],[-122.473781,37.704708],[-122.473958,37.704655],[-122.474125,37.704602],[-122.474854,37.704387]]}},{"type":"Feature","properties":{"highway":"motorway_link","ref":null,"name":null},"geometry":{"type":"LineString","coordinates":[[-122.472166,37.704718],[-122.472298,37.704169],[-122.472351,37.703948],[-122.472366,37.703882],[-122.472377,37.70382],[-122.472387,37.703753],[-122.472394,37.703691],[-122.4724,37.703616],[-122.472404,37.703542],[-122.472406,37.70347],[-122.472405,37.703398],[-122.472401,37.703326],[-122.472394,37.703244],[-122.472387,37.703178],[-122.472377,37.703106],[-122.472308,37.702671]]}},{"type":"Feature","properties":{"highway":"motorway_link","ref":null,"name":null},"geometry":{"type":"LineString","coordinates":[[-122.470855,37.707047],[-122.470866,37.707203],[-122.470873,37.707285],[-122.470913,37.707675],[-122.470922,37.707771],[-122.470938,37.708079],[-122.470952,37.708321],[-122.470965,37.708404],[-122.471051,37.708656]]}},{"type":"Feature","properties":{"highway":"motorway_link","ref":null,"name":null},"geometry":{"type":"LineString","coordinates":[[-122.46553,37.710327],[-122.465865,37.710318],[-122.465927,37.710305],[-122.465964,37.710296],[-122.466011,37.710287],[-122.466067,37.710274],[-122.466173,37.710249],[-122.466272,37.710224],[-122.466369,37.710195],[-122.466462,37.710165],[-122.466562,37.71013],[-122.46667,37.710089],[-122.466767,37.710051],[-122.466865,37.710009],[-122.466988,37.709956],[-122.467114,37.709896],[-122.467236,37.709834],[-122.467365,37.709764],[-122.467499,37.709685],[-122.467623,37.709608],[-122.467738,37.709531],[-122.467864,37.70944],[-122.467978,37.709351],[-122.468085,37.70926],[-122.46818,37.709176],[-122.468294,37.70907],[-122.46843,37.708941],[-122.468582,37.7088],[-122.468764,37.708635],[-122.468937,37.708486],[-122.469088,37.708359],[-122.46924,37.708235]]}},{"type":"Feature","properties":{"highway":"motorway_link","ref":null,"name":null},"geometry":{"type":"LineString","coordinates":[[-122.470793,37.705478],[-122.4708,37.706094],[-122.470801,37.70616],[-122.470803,37.706229],[-122.470805,37.706261]]}},{"type":"Feature","properties":{"highway":"motorway_link","ref":"US 101","name":null},"geometry":{"type":"LineString","coordinates":[[-122.415725,37.769635],[-122.416173,37.769708],[-122.416396,37.769745],[-122.416619,37.769786],[-122.416837,37.769827],[-122.417058,37.769871],[-122.417276,37.769909],[-122.417555,37.769953],[-122.418386,37.770077]]}},{"type":"Feature","properties":{"highway":"motorway","ref":"US 101;CA 1","name":"Presidio Parkway"},"geometry":{"type":"LineString","coordinates":[[-122.473682,37.805636],[-122.473827,37.805768],[-122.473935,37.805868],[-122.474039,37.805964],[-122.474162,37.806077],[-122.474323,37.806223]]}},{"type":"Feature","properties":{"highway":"motorway","ref":"US 101;CA 1","name":"Presidio Parkway"},"geometry":{"type":"LineString","coordinates":[[-122.475329,37.806875],[-122.475177,37.806755],[-122.474959,37.806553],[-122.474848,37.806449],[-122.474798,37.8064],[-122.474764,37.806361],[-122.474735,37.806322]]}},{"type":"Feature","properties":{"highway":"motorway_link","ref":null,"name":null},"geometry":{"type":"LineString","coordinates":[[-122.405824,37.775595],[-122.406148,37.775388],[-122.40622,37.775314],[-122.406379,37.775151],[-122.406518,37.774999],[-122.406655,37.774837],[-122.406787,37.774666],[-122.407086,37.774262],[-122.407157,37.774175],[-122.407231,37.774094],[-122.407312,37.774022]]}},{"type":"Feature","properties":{"highway":"motorway_link","ref":null,"name":null},"geometry":{"type":"LineString","coordinates":[[-122.400335,37.778407],[-122.400346,37.778678],[-122.400342,37.778714],[-122.400333,37.778791],[-122.400303,37.778895],[-122.400241,37.779],[-122.400143,37.779115]]}},{"type":"Feature","properties":{"highway":"motorway_link","ref":null,"name":null},"geometry":{"type":"LineString","coordinates":[[-122.3997,37.717707],[-122.399629,37.717583],[-122.399575,37.717424],[-122.399502,37.71723],[-122.399315,37.716798],[-122.399237,37.716631],[-122.39915,37.716457],[-122.39881,37.715842],[-122.398703,37.715659],[-122.398577,37.715465],[-122.398448,37.715292],[-122.398296,37.715119],[-122.397982,37.714801]]}},{"type":"Feature","properties":{"highway":"trunk","ref":"US 101","name":"South Van Ness Avenue"},"geometry":{"type":"LineString","coordinates":[[-122.41934,37.775026],[-122.419323,37.774949],[-122.419242,37.774643],[-122.418891,37.773518]]}},{"type":"Feature","properties":{"highway":"trunk","ref":"US 101","name":"Mission Street"},"geometry":{"type":"LineString","coordinates":[[-122.419646,37.771015],[-122.41958,37.77118],[-122.419513,37.771339],[-122.419436,37.77151],[-122.419411,37.771563],[-122.41935,37.77169],[-122.419271,37.771848],[-122.419226,37.771934]]}},{"type":"Feature","properties":{"highway":"motorway","ref":"US 101","name":"James Lick Freeway"},"geometry":{"type":"LineString","coordinates":[[-122.405302,37.766661],[-122.405138,37.764812],[-122.405127,37.764682],[-122.405118,37.764551],[-122.405113,37.764428],[-122.405112,37.764387]]}},{"type":"Feature","properties":{"highway":"motorway_link","ref":null,"name":null},"geometry":{"type":"LineString","coordinates":[[-122.406839,37.76882],[-122.406353,37.768462],[-122.406227,37.768369],[-122.406092,37.768265],[-122.405972,37.76817],[-122.405887,37.768097],[-122.405822,37.768034],[-122.40576,37.767967],[-122.405701,37.767893],[-122.405647,37.767812],[-122.405601,37.767733],[-122.405565,37.767655],[-122.405535,37.767573],[-122.405512,37.767491],[-122.405497,37.767406],[-122.405491,37.767321]]}},{"type":"Feature","properties":{"highway":"motorway_link","ref":null,"name":null},"geometry":{"type":"LineString","coordinates":[[-122.474162,37.807308],[-122.474155,37.807257],[-122.474157,37.807212],[-122.474164,37.807173],[-122.474175,37.807141],[-122.474195,37.807102],[-122.474216,37.807072],[-122.474243,37.807047],[-122.47427,37.807029],[-122.474331,37.806993]]}},{"type":"Feature","properties":{"highway":"motorway_link","ref":null,"name":null},"geometry":{"type":"LineString","coordinates":[[-122.474211,37.807],[-122.474161,37.807013],[-122.474109,37.807022],[-122.474062,37.807029],[-122.47401,37.807033],[-122.473963,37.807033],[-122.473919,37.807025],[-122.473869,37.807009],[-122.473818,37.806986],[-122.473762,37.806954]]}},{"type":"Feature","properties":{"highway":"motorway","ref":"US 101","name":"Presidio Parkway"},"geometry":{"type":"LineString","coordinates":[[-122.476575,37.808061],[-122.476435,37.807919],[-122.476268,37.807755]]}},{"type":"Feature","properties":{"highway":"motorway","ref":"US 101","name":"Presidio Parkway"},"geometry":{"type":"LineString","coordinates":[[-122.476025,37.807805],[-122.476081,37.807842],[-122.476158,37.807892],[-122.47622,37.807931],[-122.476343,37.808021],[-122.476387,37.808056],[-122.476433,37.808093],[-122.476473,37.80813]]}},{"type":"Feature","properties":{"highway":"motorway_link","ref":null,"name":null},"geometry":{"type":"LineString","coordinates":[[-122.471828,37.708518],[-122.471826,37.708449],[-122.47182,37.708383],[-122.471809,37.70831],[-122.471796,37.708248],[-122.471779,37.708179],[-122.471761,37.708118],[-122.471742,37.708057],[-122.471726,37.707995],[-122.471712,37.707928],[-122.471701,37.707862],[-122.47169,37.707791],[-122.471682,37.70773],[-122.471677,37.707666],[-122.471673,37.70758],[-122.471673,37.707501],[-122.471676,37.707423],[-122.47168,37.707349],[-122.471699,37.707062]]}},{"type":"Feature","properties":{"highway":"motorway_link","ref":null,"name":null},"geometry":{"type":"LineString","coordinates":[[-122.470453,37.710154],[-122.470793,37.709981],[-122.470883,37.709935],[-122.470962,37.709891],[-122.471043,37.709842],[-122.471118,37.709792],[-122.471191,37.709739],[-122.471262,37.709683],[-122.471332,37.709622],[-122.471393,37.709562],[-122.47145,37.7095],[-122.471503,37.709439],[-122.471552,37.709374],[-122.471598,37.709307],[-122.47164,37.709237],[-122.471673,37.709173],[-122.47171,37.7091],[-122.47174,37.709027],[-122.471763,37.70896],[-122.471783,37.708889],[-122.471801,37.708817],[-122.471814,37.708748],[-122.471822,37.708678],[-122.471828,37.708604],[-122.471828,37.708518]]}},{"type":"Feature","properties":{"highway":"trunk","ref":"CA 1","name":"Junipero Serra Boulevard"},"geometry":{"type":"LineString","coordinates":[[-122.471083,37.710659],[-122.471085,37.710936],[-122.47109,37.711394],[-122.471093,37.711526],[-122.471098,37.711654],[-122.471103,37.711789],[-122.471112,37.711923],[-122.471121,37.712058],[-122.471132,37.712193],[-122.471144,37.712322],[-122.471157,37.712456],[-122.471166,37.712541]]}},{"type":"Feature","properties":{"highway":"motorway_link","ref":null,"name":null},"geometry":{"type":"LineString","coordinates":[[-122.470843,37.706743],[-122.470872,37.706687],[-122.4709,37.706625],[-122.470924,37.706563],[-122.470942,37.706501],[-122.470956,37.706432],[-122.470965,37.706367],[-122.470969,37.706304],[-122.470971,37.706238],[-122.470968,37.706171],[-122.470966,37.706109],[-122.470964,37.706044],[-122.470962,37.7059]]}},{"type":"Feature","properties":{"highway":"motorway_link","ref":null,"name":null},"geometry":{"type":"LineString","coordinates":[[-122.407503,37.773872],[-122.407736,37.77371],[-122.407792,37.773651],[-122.407832,37.773582],[-122.407859,37.773513],[-122.407872,37.773449],[-122.407863,37.773372],[-122.407849,37.773298],[-122.407792,37.773167]]}},{"type":"Feature","properties":{"highway":"motorway_link","ref":null,"name":null},"geometry":{"type":"LineString","coordinates":[[-122.406358,37.774407],[-122.406241,37.774592],[-122.406129,37.774755],[-122.406008,37.774918],[-122.405883,37.77507],[-122.405754,37.775215],[-122.405612,37.775358],[-122.405439,37.775523],[-122.405251,37.7757],[-122.405084,37.775847],[-122.40491,37.775985],[-122.404736,37.776111],[-122.404336,37.776381]]}},{"type":"Feature","properties":{"highway":"motorway_link","ref":null,"name":null},"geometry":{"type":"LineString","coordinates":[[-122.40869,37.770668],[-122.408691,37.770724],[-122.408687,37.770782],[-122.408678,37.770836],[-122.408663,37.770893],[-122.408651,37.770925]]}},{"type":"Feature","properties":{"highway":"motorway_link","ref":null,"name":null},"geometry":{"type":"LineString","coordinates":[[-122.403512,37.748611],[-122.403503,37.748651],[-122.403491,37.748698],[-122.403475,37.748758],[-122.403457,37.748818],[-122.403261,37.749444]]}},{"type":"Feature","properties":{"highway":"motorway_link","ref":"US 101","name":null},"geometry":{"type":"LineString","coordinates":[[-122.419001,37.769335],[-122.418988,37.769401],[-122.418963,37.769462],[-122.418928,37.769523],[-122.418881,37.769575],[-122.418826,37.769623],[-122.41876,37.769662],[-122.418689,37.769693],[-122.418606,37.769716],[-122.418528,37.769728],[-122.418446,37.769733],[-122.418343,37.76973]]}},{"type":"Feature","properties":{"highway":"motorway_link","ref":"US 101","name":null},"geometry":{"type":"LineString","coordinates":[[-122.419018,37.770171],[-122.419444,37.77023]]}},{"type":"Feature","properties":{"highway":"motorway_link","ref":null,"name":null},"geometry":{"type":"LineString","coordinates":[[-122.405853,37.77009],[-122.405842,37.770008],[-122.405835,37.769927],[-122.405832,37.769849],[-122.405837,37.769765],[-122.405847,37.769687],[-122.405865,37.769611],[-122.40589,37.769543],[-122.405934,37.769457],[-122.405985,37.769377],[-122.406034,37.769317],[-122.40609,37.769261],[-122.406152,37.769207],[-122.40622,37.769158],[-122.406285,37.769119],[-122.406386,37.769071],[-122.40649,37.769033],[-122.406575,37.769009],[-122.406668,37.768991],[-122.40679,37.768974],[-122.406918,37.768962],[-122.407031,37.768958],[-122.407131,37.768958],[-122.407224,37.76896],[-122.407447,37.768968],[-122.407608,37.768977]]}},{"type":"Feature","properties":{"highway":"motorway","ref":"US 101","name":"Central Freeway"},"geometry":{"type":"LineString","coordinates":[[-122.406891,37.769019],[-122.407018,37.769107],[-122.407129,37.769185],[-122.407272,37.76928],[-122.40741,37.769368],[-122.407815,37.769626],[-122.407937,37.769702],[-122.408051,37.769767],[-122.408121,37.769803],[-122.408193,37.769834],[-122.408274,37.769863],[-122.408353,37.769884],[-122.408434,37.7699],[-122.408517,37.769908],[-122.408588,37.769911],[-122.408659,37.769909],[-122.408737,37.769902],[-122.408807,37.76989],[-122.408879,37.769873],[-122.408945,37.769851],[-122.409025,37.769819],[-122.409108,37.769779],[-122.409187,37.769736]]}},{"type":"Feature","properties":{"highway":"motorway","ref":"US 101","name":"James Lick Freeway"},"geometry":{"type":"LineString","coordinates":[[-122.403685,37.749827],[-122.404197,37.748232]]}},{"type":"Feature","properties":{"highway":"motorway","ref":"US 101","name":"James Lick Freeway"},"geometry":{"type":"LineString","coordinates":[[-122.404044,37.748088],[-122.403496,37.749811]]}},{"type":"Feature","properties":{"highway":"motorway","ref":"US 101","name":"James Lick Freeway"},"geometry":{"type":"LineString","coordinates":[[-122.403496,37.749811],[-122.403161,37.750854],[-122.403122,37.750977],[-122.40308,37.751113],[-122.403042,37.751241],[-122.403007,37.751369],[-122.402975,37.751497],[-122.402947,37.751627],[-122.402921,37.75176],[-122.402898,37.75189],[-122.40288,37.752017],[-122.402863,37.752151],[-122.40285,37.752286],[-122.40284,37.752412],[-122.402833,37.752553],[-122.40283,37.752679],[-122.402829,37.752816],[-122.402832,37.752946],[-122.402839,37.753077],[-122.402861,37.753345],[-122.402949,37.754267]]}},{"type":"Feature","properties":{"highway":"motorway_link","ref":null,"name":null},"geometry":{"type":"LineString","coordinates":[[-122.404578,37.74566],[-122.404172,37.746127]]}},{"type":"Feature","properties":{"highway":"motorway_link","ref":null,"name":null},"geometry":{"type":"LineString","coordinates":[[-122.404172,37.746127],[-122.404092,37.74624],[-122.404034,37.746339],[-122.403987,37.746447],[-122.403943,37.746573],[-122.403879,37.746861]]}},{"type":"Feature","properties":{"highway":"motorway_link","ref":null,"name":null},"geometry":{"type":"LineString","coordinates":[[-122.406874,37.774109],[-122.406918,37.773935],[-122.406942,37.773788],[-122.406963,37.773583],[-122.406969,37.773378],[-122.406962,37.77317],[-122.406936,37.772974],[-122.406893,37.772773]]}},{"type":"Feature","properties":{"highway":"motorway_link","ref":null,"name":null},"geometry":{"type":"LineString","coordinates":[[-122.395798,37.787295],[-122.395574,37.787473],[-122.395161,37.787793],[-122.39502,37.787903]]}},{"type":"Feature","properties":{"highway":"motorway_link","ref":null,"name":null},"geometry":{"type":"LineString","coordinates":[[-122.406068,37.773907],[-122.405949,37.774008],[-122.405616,37.77426],[-122.405535,37.77433],[-122.405478,37.7744],[-122.40544,37.774471]]}},{"type":"Feature","properties":{"highway":"motorway_link","ref":null,"name":null},"geometry":{"type":"LineString","coordinates":[[-122.400078,37.773948],[-122.400206,37.774065],[-122.400335,37.774199],[-122.400493,37.774371]]}},{"type":"Feature","properties":{"highway":"motorway_link","ref":null,"name":null},"geometry":{"type":"LineString","coordinates":[[-122.397149,37.742674],[-122.396651,37.743153],[-122.396409,37.743345],[-122.395361,37.744159],[-122.395129,37.74435],[-122.394915,37.744539],[-122.394699,37.744731],[-122.394452,37.744951],[-122.393899,37.74545],[-122.393697,37.745662],[-122.393563,37.745833],[-122.393457,37.746009],[-122.393372,37.746205],[-122.393313,37.746414]]}},{"type":"Feature","properties":{"highway":"motorway","ref":"I 280","name":"John F Foran Freeway"},"geometry":{"type":"LineString","coordinates":[[-122.409572,37.73467],[-122.409753,37.734606],[-122.409903,37.734552],[-122.410044,37.734497],[-122.410192,37.734438],[-122.410338,37.734377],[-122.410509,37.734307],[-122.410627,37.734257],[-122.410773,37.734193],[-122.410918,37.734126],[-122.411063,37.734057],[-122.411209,37.733988],[-122.41135,37.733919],[-122.411492,37.733848],[-122.411637,37.733776],[-122.411774,37.733706],[-122.411915,37.733633],[-122.412335,37.733413]]}},{"type":"Feature","properties":{"highway":"motorway","ref":"I 280","name":"John F Foran Freeway"},"geometry":{"type":"LineString","coordinates":[[-122.405747,37.735621],[-122.406195,37.735488],[-122.40668,37.735355],[-122.407148,37.735246],[-122.407822,37.735104],[-122.408457,37.734971],[-122.408825,37.734884],[-122.409183,37.734787],[-122.409572,37.73467]]}},{"type":"Feature","properties":{"highway":"motorway_link","ref":null,"name":null},"geometry":{"type":"LineString","coordinates":[[-122.408042,37.736919],[-122.408115,37.737077],[-122.408157,37.737139],[-122.408224,37.737187],[-122.408304,37.737216],[-122.408384,37.737217],[-122.408466,37.737197],[-122.408537,37.73715],[-122.408583,37.737085],[-122.408595,37.737018],[-122.408587,37.736961],[-122.40856,37.736904],[-122.408474,37.736776],[-122.408391,37.736664]]}},{"type":"Feature","properties":{"highway":"motorway_link","ref":null,"name":null},"geometry":{"type":"LineString","coordinates":[[-122.406469,37.734866],[-122.406488,37.735049],[-122.406682,37.735488],[-122.406764,37.735685],[-122.406853,37.735883],[-122.406908,37.736026]]}},{"type":"Feature","properties":{"highway":"motorway_link","ref":null,"name":null},"geometry":{"type":"LineString","coordinates":[[-122.409754,37.734884],[-122.40978,37.734864],[-122.409903,37.734775],[-122.410027,37.734694],[-122.410161,37.734611],[-122.410301,37.734531],[-122.410434,37.73446],[-122.410711,37.734318],[-122.410851,37.734247],[-122.41099,37.734176],[-122.411124,37.734104],[-122.412335,37.733413]]}},{"type":"Feature","properties":{"highway":"motorway_link","ref":null,"name":null},"geometry":{"type":"LineString","coordinates":[[-122.409486,37.73457],[-122.409899,37.734417],[-122.4103,37.73426],[-122.410621,37.734122],[-122.410963,37.733973],[-122.411721,37.733633],[-122.41318,37.732979]]}},{"type":"Feature","properties":{"highway":"motorway_link","ref":null,"name":null},"geometry":{"type":"LineString","coordinates":[[-122.4104,37.734614],[-122.410464,37.734598],[-122.410534,37.734603],[-122.410601,37.734634],[-122.410661,37.734676],[-122.410742,37.734732]]}},{"type":"Feature","properties":{"highway":"motorway_link","ref":null,"name":null},"geometry":{"type":"LineString","coordinates":[[-122.407363,37.735854],[-122.407226,37.735665],[-122.407167,37.73558],[-122.407043,37.735545]]}},{"type":"Feature","properties":{"highway":"motorway","ref":"I 280","name":"Southern Embarcadero Freeway"},"geometry":{"type":"LineString","coordinates":[[-122.397077,37.742806],[-122.39718,37.742692],[-122.399753,37.73985],[-122.400148,37.73941],[-122.400415,37.739116],[-122.400639,37.738882],[-122.400864,37.738664],[-122.401083,37.738451],[-122.401322,37.738231],[-122.401641,37.737943],[-122.401934,37.737685],[-122.402174,37.737493]]}},{"type":"Feature","properties":{"highway":"motorway_link","ref":null,"name":null},"geometry":{"type":"LineString","coordinates":[[-122.402174,37.737493],[-122.40236,37.737302],[-122.402503,37.737198],[-122.402717,37.737049],[-122.402965,37.736883],[-122.403385,37.736611],[-122.403705,37.736401],[-122.403935,37.73623],[-122.40411,37.736072],[-122.404278,37.735894],[-122.40444,37.735717],[-122.404565,37.735553],[-122.404681,37.735372],[-122.404779,37.735194]]}},{"type":"Feature","properties":{"highway":"motorway_link","ref":null,"name":null},"geometry":{"type":"LineString","coordinates":[[-122.402474,37.727857],[-122.402529,37.728023]]}},{"type":"Feature","properties":{"highway":"motorway_link","ref":null,"name":null},"geometry":{"type":"LineString","coordinates":[[-122.403809,37.730605],[-122.403189,37.728656]]}},{"type":"Feature","properties":{"highway":"motorway_link","ref":null,"name":null},"geometry":{"type":"LineString","coordinates":[[-122.397589,37.771655],[-122.397689,37.771847],[-122.397805,37.772021],[-122.397964,37.772207],[-122.398133,37.772371],[-122.398324,37.772536]]}},{"type":"Feature","properties":{"highway":"motorway_link","ref":null,"name":null},"geometry":{"type":"LineString","coordinates":[[-122.40061,37.774305],[-122.400405,37.774054],[-122.400328,37.773982],[-122.400193,37.773856],[-122.398932,37.77285],[-122.398782,37.772708],[-122.398651,37.77257],[-122.39854,37.772431],[-122.398429,37.772264],[-122.398336,37.772099],[-122.398264,37.771931],[-122.398209,37.771772],[-122.398173,37.771621],[-122.398147,37.771455],[-122.398137,37.771293],[-122.398094,37.770393],[-122.398073,37.770177]]}},{"type":"Feature","properties":{"highway":"motorway_link","ref":null,"name":null},"geometry":{"type":"LineString","coordinates":[[-122.400493,37.774371],[-122.400753,37.774661],[-122.40083,37.774724],[-122.400907,37.774772],[-122.401003,37.77482]]}},{"type":"Feature","properties":{"highway":"motorway_link","ref":null,"name":null},"geometry":{"type":"LineString","coordinates":[[-122.392953,37.78517],[-122.392888,37.785174],[-122.39274,37.785192],[-122.392577,37.785222],[-122.392425,37.785255],[-122.392269,37.785298],[-122.392108,37.785347],[-122.391834,37.785458],[-122.3917,37.78552],[-122.39158,37.785582]]}},{"type":"Feature","properties":{"highway":"motorway","ref":"US 101","name":"James Lick Freeway"},"geometry":{"type":"LineString","coordinates":[[-122.408168,37.738726],[-122.408149,37.738459],[-122.408134,37.738328],[-122.408112,37.73817],[-122.40809,37.738038],[-122.408083,37.738001]]}},{"type":"Feature","properties":{"highway":"motorway","ref":"US 101","name":"James Lick Freeway"},"geometry":{"type":"LineString","coordinates":[[-122.408175,37.738929],[-122.408168,37.738726]]}},{"type":"Feature","properties":{"highway":"motorway","ref":"US 101","name":"James Lick Freeway"},"geometry":{"type":"LineString","coordinates":[[-122.408015,37.739466],[-122.408012,37.739503],[-122.408,37.739629],[-122.407984,37.739765],[-122.407977,37.739825]]}},{"type":"Feature","properties":{"highway":"motorway","ref":"US 101;CA 1","name":"Presidio Parkway"},"geometry":{"type":"LineString","coordinates":[[-122.474735,37.806322],[-122.47466,37.806252],[-122.474615,37.80621],[-122.474504,37.806104]]}},{"type":"Feature","properties":{"highway":"motorway","ref":"US 101;CA 1","name":"Presidio Parkway"},"geometry":{"type":"LineString","coordinates":[[-122.474323,37.806223],[-122.474393,37.806288],[-122.474465,37.806355],[-122.474508,37.806397],[-122.474552,37.806441]]}},{"type":"Feature","properties":{"highway":"motorway","ref":"CA 1","name":"Veterans Boulevard"},"geometry":{"type":"LineString","coordinates":[[-122.470304,37.790392],[-122.470248,37.79047],[-122.47017,37.790584],[-122.470097,37.7907],[-122.470039,37.790798]]}},{"type":"Feature","properties":{"highway":"motorway","ref":"US 101;CA 1","name":"Presidio Parkway"},"geometry":{"type":"LineString","coordinates":[[-122.472491,37.8044],[-122.472363,37.804313]]}},{"type":"Feature","properties":{"highway":"motorway","ref":null,"name":"Octavia Boulevard"},"geometry":{"type":"LineString","coordinates":[[-122.422909,37.771234],[-122.422959,37.771301],[-122.423006,37.771367],[-122.423052,37.771439],[-122.423261,37.771766],[-122.423275,37.771789],[-122.423325,37.771866]]}},{"type":"Feature","properties":{"highway":"motorway","ref":null,"name":"Octavia Boulevard"},"geometry":{"type":"LineString","coordinates":[[-122.423411,37.771803],[-122.423362,37.771725],[-122.423154,37.771397],[-122.423101,37.771317],[-122.423037,37.771226],[-122.422981,37.771154]]}},{"type":"Feature","properties":{"highway":"motorway_link","ref":null,"name":null},"geometry":{"type":"LineString","coordinates":[[-122.407768,37.73864],[-122.407795,37.738771],[-122.407823,37.738915],[-122.407845,37.739047],[-122.407861,37.739183],[-122.407871,37.739322],[-122.407874,37.739458]]}},{"type":"Feature","properties":{"highway":"motorway_link","ref":null,"name":null},"geometry":{"type":"LineString","coordinates":[[-122.408275,37.737021],[-122.408303,37.736883],[-122.408334,37.736762],[-122.408375,37.736632],[-122.408431,37.736485],[-122.408482,37.736368],[-122.408539,37.736254],[-122.408611,37.736123],[-122.408678,37.736014],[-122.408756,37.735898],[-122.408838,37.735784]]}},{"type":"Feature","properties":{"highway":"trunk_link","ref":null,"name":null},"geometry":{"type":"LineString","coordinates":[[-122.472296,37.716374],[-122.472269,37.716444],[-122.472259,37.716465],[-122.472247,37.716482],[-122.472232,37.716496],[-122.472212,37.71651],[-122.472193,37.71652],[-122.472171,37.716528],[-122.472146,37.716533],[-122.47212,37.716534],[-122.472049,37.716526]]}},{"type":"Feature","properties":{"highway":"trunk_link","ref":null,"name":null},"geometry":{"type":"LineString","coordinates":[[-122.475648,37.720026],[-122.475616,37.720044],[-122.475547,37.720058],[-122.475491,37.720058],[-122.475471,37.720052],[-122.475429,37.720039],[-122.475367,37.719999],[-122.475213,37.719828]]}},{"type":"Feature","properties":{"highway":"motorway_link","ref":null,"name":null},"geometry":{"type":"LineString","coordinates":[[-122.419826,37.732244],[-122.4202,37.732157],[-122.420521,37.732122],[-122.420813,37.732085],[-122.421452,37.731983]]}},{"type":"Feature","properties":{"highway":"motorway_link","ref":null,"name":null},"geometry":{"type":"LineString","coordinates":[[-122.423671,37.731371],[-122.423183,37.731317],[-122.422985,37.731326],[-122.422686,37.731347],[-122.422301,37.731375],[-122.421256,37.731503],[-122.420934,37.731538],[-122.420365,37.731617]]}},{"type":"Feature","properties":{"highway":"motorway_link","ref":null,"name":null},"geometry":{"type":"LineString","coordinates":[[-122.403892,37.749864],[-122.403956,37.749758],[-122.403991,37.749713],[-122.404021,37.749678],[-122.404285,37.749392],[-122.404316,37.749357],[-122.404343,37.749323],[-122.404364,37.74929],[-122.404381,37.749257],[-122.404394,37.749222],[-122.404401,37.749185],[-122.404403,37.749152],[-122.404401,37.749117],[-122.404396,37.749083],[-122.404385,37.749048],[-122.40437,37.749016],[-122.404351,37.748981]]}},{"type":"Feature","properties":{"highway":"motorway_link","ref":null,"name":null},"geometry":{"type":"LineString","coordinates":[[-122.403892,37.749864],[-122.403938,37.749814],[-122.403982,37.749775],[-122.404029,37.749739],[-122.404074,37.74971],[-122.404118,37.749686],[-122.404164,37.749665],[-122.404211,37.749647],[-122.40426,37.749629],[-122.40448,37.749558],[-122.40454,37.749538],[-122.404588,37.749519],[-122.404636,37.749498],[-122.404678,37.749474],[-122.404716,37.749445],[-122.404745,37.749418],[-122.404769,37.749389],[-122.404791,37.749361],[-122.404808,37.749333],[-122.404821,37.749302],[-122.404833,37.749268],[-122.40484,37.749237],[-122.404843,37.749207],[-122.404843,37.749172],[-122.404839,37.74914],[-122.404832,37.749108],[-122.40482,37.749075],[-122.404804,37.749046],[-122.404786,37.749017],[-122.404765,37.74899],[-122.404741,37.748964],[-122.404713,37.748939],[-122.404683,37.748914],[-122.404415,37.748711]]}},{"type":"Feature","properties":{"highway":"motorway_link","ref":null,"name":null},"geometry":{"type":"LineString","coordinates":[[-122.400426,37.779083],[-122.400474,37.779064],[-122.40062,37.779029],[-122.40077,37.779018],[-122.401027,37.779022]]}},{"type":"Feature","properties":{"highway":"motorway_link","ref":null,"name":null},"geometry":{"type":"LineString","coordinates":[[-122.399163,37.779922],[-122.398321,37.780599],[-122.396305,37.782185],[-122.395958,37.782449],[-122.395003,37.783217]]}},{"type":"Feature","properties":{"highway":"motorway_link","ref":null,"name":null},"geometry":{"type":"LineString","coordinates":[[-122.392001,37.751621],[-122.391979,37.751547],[-122.391964,37.751484],[-122.391951,37.751342],[-122.391971,37.751201],[-122.392052,37.750881],[-122.392074,37.750528]]}},{"type":"Feature","properties":{"highway":"motorway","ref":"I 280","name":"Southern Embarcadero Freeway"},"geometry":{"type":"LineString","coordinates":[[-122.405696,37.735537],[-122.40546,37.735616],[-122.405212,37.735717],[-122.40496,37.735823],[-122.404676,37.735965],[-122.404408,37.736109],[-122.404111,37.736269],[-122.403825,37.736425],[-122.403524,37.736594],[-122.403249,37.736759],[-122.402985,37.736923],[-122.402741,37.73708],[-122.40249,37.73725],[-122.402247,37.737428],[-122.402006,37.737609],[-122.401752,37.737815],[-122.40153,37.738]]}},{"type":"Feature","properties":{"highway":"trunk_link","ref":null,"name":null},"geometry":{"type":"LineString","coordinates":[[-122.47266,37.718046],[-122.472679,37.718013],[-122.472703,37.717982],[-122.472734,37.717955],[-122.472768,37.717931],[-122.472802,37.717913],[-122.472833,37.717901],[-122.472865,37.717892],[-122.472897,37.717886],[-122.472926,37.717883],[-122.472959,37.717884],[-122.472989,37.717888],[-122.47302,37.717895],[-122.473172,37.717935]]}},{"type":"Feature","properties":{"highway":"trunk","ref":"CA 1","name":"Junipero Serra Boulevard"},"geometry":{"type":"LineString","coordinates":[[-122.471407,37.712975],[-122.471392,37.712889],[-122.471377,37.712792],[-122.471359,37.71267],[-122.47134,37.712534]]}},{"type":"Feature","properties":{"highway":"trunk","ref":"CA 1","name":"Junipero Serra Boulevard"},"geometry":{"type":"LineString","coordinates":[[-122.47134,37.712534],[-122.471329,37.712442],[-122.471315,37.712318],[-122.4713,37.712185],[-122.471291,37.71206],[-122.471282,37.711928],[-122.471273,37.711791],[-122.471266,37.711659],[-122.471259,37.711458]]}},{"type":"Feature","properties":{"highway":"trunk","ref":"CA 1","name":"Junipero Serra Boulevard"},"geometry":{"type":"LineString","coordinates":[[-122.471166,37.712541],[-122.471172,37.712588],[-122.471192,37.712727],[-122.471213,37.712858],[-122.471232,37.712979]]}},{"type":"Feature","properties":{"highway":"trunk","ref":"CA 1","name":"Junipero Serra Boulevard"},"geometry":{"type":"LineString","coordinates":[[-122.471232,37.712979],[-122.471245,37.713051],[-122.47127,37.71318],[-122.471296,37.713312],[-122.471324,37.713443],[-122.471353,37.713571],[-122.471386,37.713706],[-122.471419,37.713836],[-122.471455,37.713964],[-122.471516,37.714228]]}},{"type":"Feature","properties":{"highway":"motorway_link","ref":null,"name":null},"geometry":{"type":"LineString","coordinates":[[-122.436452,37.731506],[-122.436334,37.731499],[-122.436239,37.731492],[-122.436146,37.731479],[-122.43606,37.731458],[-122.43598,37.731431],[-122.435902,37.731395],[-122.435634,37.731266],[-122.435543,37.731228],[-122.43545,37.731197],[-122.435354,37.731172],[-122.435248,37.731154],[-122.43514,37.731141],[-122.435035,37.731138],[-122.434931,37.731142],[-122.434834,37.731154],[-122.434729,37.731175],[-122.434633,37.731204],[-122.434082,37.731393]]}},{"type":"Feature","properties":{"highway":"motorway_link","ref":null,"name":null},"geometry":{"type":"LineString","coordinates":[[-122.434082,37.731393],[-122.433804,37.731484],[-122.433056,37.731733],[-122.432892,37.731784],[-122.432743,37.731828],[-122.432597,37.731867],[-122.432465,37.731905],[-122.432338,37.73195],[-122.432102,37.732058]]}},{"type":"Feature","properties":{"highway":"motorway","ref":"I 280","name":"John F Foran Freeway"},"geometry":{"type":"LineString","coordinates":[[-122.471128,37.704865],[-122.471078,37.705014],[-122.471025,37.705163],[-122.470967,37.70531],[-122.470908,37.705449],[-122.470851,37.705578],[-122.470785,37.705717],[-122.470719,37.705845],[-122.470652,37.705964],[-122.470582,37.70608],[-122.47051,37.706197],[-122.470435,37.706313],[-122.470362,37.706421],[-122.470278,37.70654],[-122.470196,37.706649],[-122.470112,37.706751],[-122.470023,37.706857],[-122.469934,37.70696],[-122.469835,37.707068],[-122.469733,37.707171],[-122.469624,37.707279],[-122.468646,37.708235]]}},{"type":"Feature","properties":{"highway":"motorway","ref":"I 280","name":"John F Foran Freeway"},"geometry":{"type":"LineString","coordinates":[[-122.396377,37.774644],[-122.3969,37.774232],[-122.397147,37.774038]]}},{"type":"Feature","properties":{"highway":"motorway","ref":"US 101","name":"James Lick Freeway"},"geometry":{"type":"LineString","coordinates":[[-122.394834,37.708252],[-122.394885,37.708481]]}},{"type":"Feature","properties":{"highway":"motorway","ref":"I 280","name":"John F Foran Freeway"},"geometry":{"type":"LineString","coordinates":[[-122.461271,37.710403],[-122.459987,37.710412]]}},{"type":"Feature","properties":{"highway":"motorway","ref":"I 280","name":"John F Foran Freeway"},"geometry":{"type":"LineString","coordinates":[[-122.461686,37.710593],[-122.463403,37.710578],[-122.463573,37.710577],[-122.463735,37.710574],[-122.463899,37.710569],[-122.464066,37.71056],[-122.464224,37.710549],[-122.464387,37.710533],[-122.464552,37.710514],[-122.46472,37.710491],[-122.464878,37.710466],[-122.465036,37.710437],[-122.46553,37.710327]]}},{"type":"Feature","properties":{"highway":"motorway","ref":"I 280","name":"John F Foran Freeway"},"geometry":{"type":"LineString","coordinates":[[-122.460406,37.710603],[-122.461686,37.710593]]}},{"type":"Feature","properties":{"highway":"motorway_link","ref":null,"name":null},"geometry":{"type":"LineString","coordinates":[[-122.391849,37.785461],[-122.391916,37.785326],[-122.39209,37.785218],[-122.392261,37.785121],[-122.392427,37.785022],[-122.392915,37.784729],[-122.393035,37.784653],[-122.3931,37.78461],[-122.393147,37.784574],[-122.393185,37.784534],[-122.393218,37.784492],[-122.393243,37.784444],[-122.39326,37.784392],[-122.393263,37.784341],[-122.393257,37.784287],[-122.393243,37.784229],[-122.393216,37.784174],[-122.393181,37.784129],[-122.393129,37.784082],[-122.393068,37.784039],[-122.393005,37.784009],[-122.392919,37.783985],[-122.392836,37.783975],[-122.392755,37.783978],[-122.392681,37.783989],[-122.392609,37.784007],[-122.39254,37.784038],[-122.392484,37.784075],[-122.392436,37.784115],[-122.391666,37.784827]]}},{"type":"Feature","properties":{"highway":"motorway","ref":"I 80","name":"Route 80"},"geometry":{"type":"LineString","coordinates":[[-122.405824,37.775595],[-122.40599,37.775419],[-122.406135,37.775262],[-122.406256,37.775098],[-122.40638,37.774918],[-122.40649,37.774733],[-122.406576,37.774552],[-122.406659,37.774359],[-122.406721,37.774168],[-122.406774,37.773966],[-122.406805,37.773776],[-122.406823,37.773575],[-122.406828,37.773378],[-122.406826,37.773187],[-122.406808,37.772987],[-122.406781,37.772789],[-122.406744,37.772593],[-122.406706,37.772424],[-122.406619,37.772057]]}},{"type":"Feature","properties":{"highway":"motorway_link","ref":"I 80","name":null},"geometry":{"type":"LineString","coordinates":[[-122.405099,37.768434],[-122.405212,37.769629],[-122.405235,37.769808],[-122.405282,37.770038],[-122.405354,37.770258],[-122.405428,37.770439],[-122.40551,37.770599],[-122.405622,37.770784],[-122.405725,37.77095]]}},{"type":"Feature","properties":{"highway":"motorway","ref":"I 80","name":"Route 80"},"geometry":{"type":"LineString","coordinates":[[-122.394274,37.783785],[-122.393795,37.784144]]}},{"type":"Feature","properties":{"highway":"motorway","ref":"I 280","name":"John F Foran Freeway"},"geometry":{"type":"LineString","coordinates":[[-122.432102,37.732058],[-122.431948,37.732082],[-122.431776,37.732106],[-122.431615,37.732126],[-122.431492,37.732138]]}},{"type":"Feature","properties":{"highway":"motorway","ref":"I 280","name":"John F Foran Freeway"},"geometry":{"type":"LineString","coordinates":[[-122.431492,37.732138],[-122.431448,37.732142],[-122.431273,37.732156],[-122.43111,37.732166],[-122.430944,37.732172]]}},{"type":"Feature","properties":{"highway":"motorway","ref":"I 280","name":"John F Foran Freeway"},"geometry":{"type":"LineString","coordinates":[[-122.431536,37.73233],[-122.431637,37.73232],[-122.431798,37.732302],[-122.43197,37.732277],[-122.432147,37.73225]]}},{"type":"Feature","properties":{"highway":"motorway","ref":"I 280","name":"John F Foran Freeway"},"geometry":{"type":"LineString","coordinates":[[-122.432147,37.73225],[-122.432288,37.732225],[-122.432448,37.732193],[-122.432605,37.732159],[-122.432758,37.732123],[-122.43292,37.732082],[-122.435264,37.73147],[-122.435419,37.731429],[-122.435574,37.731389],[-122.435733,37.731346],[-122.435889,37.731304],[-122.436041,37.73126],[-122.436201,37.731214],[-122.436353,37.731171],[-122.436508,37.731125],[-122.436661,37.731079],[-122.436814,37.731032],[-122.436972,37.730985],[-122.437126,37.730937],[-122.437275,37.73089],[-122.437432,37.73084],[-122.437588,37.73079],[-122.437739,37.730742],[-122.437891,37.730692],[-122.438034,37.730644],[-122.438193,37.73059],[-122.438346,37.730538],[-122.4385,37.730485],[-122.438648,37.730433],[-122.438793,37.730382],[-122.438948,37.730326],[-122.439098,37.730272],[-122.439247,37.73022],[-122.43941,37.730161],[-122.439557,37.730108],[-122.439696,37.730058],[-122.439851,37.730003],[-122.440005,37.729947],[-122.440146,37.729895],[-122.440285,37.729844],[-122.440422,37.729792],[-122.440574,37.729733]]}},{"type":"Feature","properties":{"highway":"motorway_link","ref":null,"name":null},"geometry":{"type":"LineString","coordinates":[[-122.432147,37.73225],[-122.432222,37.73227],[-122.432309,37.732284],[-122.432409,37.732285],[-122.432598,37.732255],[-122.432809,37.732219],[-122.433007,37.73218],[-122.43318,37.732144],[-122.433356,37.732104],[-122.433531,37.732061],[-122.433699,37.732019],[-122.434472,37.731816]]}},{"type":"Feature","properties":{"highway":"motorway_link","ref":null,"name":null},"geometry":{"type":"LineString","coordinates":[[-122.435303,37.731634],[-122.435463,37.731611],[-122.435645,37.731591],[-122.435812,37.731578],[-122.435979,37.731569],[-122.436129,37.731566],[-122.436337,37.731569]]}},{"type":"Feature","properties":{"highway":"motorway_link","ref":null,"name":null},"geometry":{"type":"LineString","coordinates":[[-122.436337,37.731569],[-122.436543,37.731578]]}},{"type":"Feature","properties":{"highway":"motorway_link","ref":null,"name":null},"geometry":{"type":"LineString","coordinates":[[-122.435334,37.73105],[-122.435145,37.731133],[-122.434971,37.731222]]}},{"type":"Feature","properties":{"highway":"motorway_link","ref":null,"name":null},"geometry":{"type":"LineString","coordinates":[[-122.435696,37.73093],[-122.435517,37.730983],[-122.435334,37.73105]]}},{"type":"Feature","properties":{"highway":"motorway_link","ref":null,"name":null},"geometry":{"type":"LineString","coordinates":[[-122.398978,37.779414],[-122.398842,37.779464],[-122.398697,37.779499]]}},{"type":"Feature","properties":{"highway":"motorway_link","ref":null,"name":null},"geometry":{"type":"LineString","coordinates":[[-122.39987,37.780029],[-122.399975,37.779903],[-122.400087,37.779782],[-122.400219,37.779645],[-122.40037,37.779501],[-122.400526,37.779359]]}},{"type":"Feature","properties":{"highway":"trunk_link","ref":null,"name":null},"geometry":{"type":"LineString","coordinates":[[-122.446136,37.799305],[-122.44612,37.79934],[-122.446106,37.799374],[-122.446081,37.799403],[-122.446052,37.799425],[-122.446021,37.799437],[-122.445976,37.799451],[-122.445933,37.799456],[-122.445884,37.799453]]}},{"type":"Feature","properties":{"highway":"motorway","ref":"I 280","name":"Southern Embarcadero Freeway"},"geometry":{"type":"LineString","coordinates":[[-122.396951,37.773884],[-122.396287,37.774411],[-122.396182,37.774498]]}},{"type":"Feature","properties":{"highway":"motorway","ref":"I 280","name":"John F Foran Freeway"},"geometry":{"type":"LineString","coordinates":[[-122.39785,37.770185],[-122.397816,37.769953],[-122.39778,37.769783],[-122.397733,37.769598],[-122.397667,37.769405],[-122.397599,37.769244],[-122.397508,37.76906],[-122.397408,37.768886],[-122.397296,37.768711],[-122.397168,37.768544],[-122.397002,37.768356],[-122.396828,37.768179],[-122.396648,37.768019],[-122.396091,37.767551],[-122.395292,37.766915]]}},{"type":"Feature","properties":{"highway":"motorway_link","ref":null,"name":null},"geometry":{"type":"LineString","coordinates":[[-122.404614,37.748485],[-122.404568,37.748441],[-122.404522,37.748388],[-122.40448,37.748327],[-122.40445,37.748263],[-122.404426,37.748191],[-122.404416,37.748132]]}},{"type":"Feature","properties":{"highway":"motorway","ref":"I 280","name":"Southern Embarcadero Freeway"},"geometry":{"type":"LineString","coordinates":[[-122.392205,37.7573],[-122.392204,37.75814],[-122.392218,37.758967]]}},{"type":"Feature","properties":{"highway":"motorway","ref":"US 101","name":"Central Freeway"},"geometry":{"type":"LineString","coordinates":[[-122.416413,37.769585],[-122.416184,37.769573],[-122.415954,37.769559],[-122.415729,37.769544],[-122.415564,37.769536],[-122.414702,37.769519],[-122.412331,37.769453],[-122.41216,37.769448],[-122.411989,37.769442],[-122.41182,37.769433],[-122.41165,37.769422],[-122.411474,37.769408],[-122.411309,37.769392],[-122.41115,37.769375],[-122.410991,37.769355],[-122.410771,37.769324]]}},{"type":"Feature","properties":{"highway":"motorway","ref":"US 101","name":"James Lick Freeway"},"geometry":{"type":"LineString","coordinates":[[-122.407977,37.739825],[-122.407968,37.739895],[-122.407948,37.740024],[-122.407923,37.740153],[-122.407894,37.740284],[-122.407862,37.740406],[-122.407824,37.740541],[-122.407787,37.740665],[-122.407745,37.740791],[-122.407699,37.740917]]}},{"type":"Feature","properties":{"highway":"motorway_link","ref":null,"name":null},"geometry":{"type":"LineString","coordinates":[[-122.407874,37.739458],[-122.407868,37.739579],[-122.407857,37.739715],[-122.407847,37.739817]]}},{"type":"Feature","properties":{"highway":"motorway_link","ref":null,"name":null},"geometry":{"type":"LineString","coordinates":[[-122.407847,37.739817],[-122.407845,37.739835],[-122.407828,37.739972],[-122.407811,37.740107],[-122.407699,37.740917]]}},{"type":"Feature","properties":{"highway":"motorway","ref":"CA 1","name":"Veterans Boulevard"},"geometry":{"type":"LineString","coordinates":[[-122.470039,37.790798],[-122.470028,37.790817],[-122.469963,37.790937],[-122.469904,37.791057],[-122.469849,37.79118],[-122.469799,37.791303],[-122.469755,37.791428],[-122.469714,37.791555],[-122.46968,37.791681],[-122.469649,37.791809],[-122.469624,37.791937],[-122.469604,37.792066],[-122.46959,37.792195],[-122.469581,37.792323],[-122.469577,37.792454],[-122.469574,37.792588]]}},{"type":"Feature","properties":{"highway":"motorway_link","ref":null,"name":null},"geometry":{"type":"LineString","coordinates":[[-122.403887,37.730256],[-122.403918,37.730486],[-122.40411,37.730916],[-122.404378,37.731518],[-122.404397,37.731589],[-122.404393,37.731633]]}},{"type":"Feature","properties":{"highway":"trunk","ref":"US 101","name":"South Van Ness Avenue"},"geometry":{"type":"LineString","coordinates":[[-122.418702,37.773506],[-122.419026,37.774531]]}},{"type":"Feature","properties":{"highway":"trunk_link","ref":null,"name":null},"geometry":{"type":"LineString","coordinates":[[-122.417941,37.771059],[-122.417994,37.77109],[-122.418032,37.771137],[-122.418068,37.771229],[-122.418091,37.771242],[-122.418112,37.771244],[-122.418146,37.771238]]}},{"type":"Feature","properties":{"highway":"motorway_link","ref":null,"name":null},"geometry":{"type":"LineString","coordinates":[[-122.364426,37.811938],[-122.36435,37.812012],[-122.364335,37.812032],[-122.364313,37.812076],[-122.364285,37.812122],[-122.364255,37.81216],[-122.364222,37.812192],[-122.364187,37.812218],[-122.364149,37.812239],[-122.364105,37.812258],[-122.36406,37.812272],[-122.364014,37.81228],[-122.36396,37.812284]]}},{"type":"Feature","properties":{"highway":"motorway","ref":null,"name":"Junipero Serra Freeway"},"geometry":{"type":"LineString","coordinates":[[-122.471422,37.700611],[-122.471318,37.701075],[-122.471302,37.703644],[-122.471299,37.703774],[-122.471294,37.703905],[-122.471285,37.704027],[-122.471271,37.704162],[-122.471255,37.704288],[-122.471234,37.704415],[-122.47121,37.70454],[-122.471182,37.704668],[-122.471149,37.704795],[-122.471128,37.704865]]}},{"type":"Feature","properties":{"highway":"motorway_link","ref":null,"name":null},"geometry":{"type":"LineString","coordinates":[[-122.393103,37.763054],[-122.39316,37.763],[-122.393225,37.762963],[-122.393305,37.762945],[-122.393396,37.762949],[-122.393468,37.762973],[-122.393524,37.763017],[-122.393569,37.763068],[-122.393594,37.763118],[-122.393673,37.763295]]}},{"type":"Feature","properties":{"highway":"trunk","ref":"CA 1","name":"Crossover Drive"},"geometry":{"type":"LineString","coordinates":[[-122.479256,37.770918],[-122.479299,37.770997]]}},{"type":"Feature","properties":{"highway":"trunk","ref":"CA 1","name":"Crossover Drive"},"geometry":{"type":"LineString","coordinates":[[-122.47909,37.770614],[-122.479256,37.770918]]}},{"type":"Feature","properties":{"highway":"motorway_link","ref":null,"name":null},"geometry":{"type":"LineString","coordinates":[[-122.404351,37.748981],[-122.404328,37.74895],[-122.404303,37.748921],[-122.40427,37.748893],[-122.404233,37.748867],[-122.40419,37.748843],[-122.404146,37.748824],[-122.404103,37.748809],[-122.404057,37.748797],[-122.404009,37.748787],[-122.403965,37.748782],[-122.403921,37.748781],[-122.403878,37.748785],[-122.403835,37.748793],[-122.403793,37.748807],[-122.403751,37.748825],[-122.403711,37.748846],[-122.40368,37.748865],[-122.403649,37.748888],[-122.403624,37.748913],[-122.403603,37.748939],[-122.403587,37.748964],[-122.403541,37.749009]]}},{"type":"Feature","properties":{"highway":"motorway_link","ref":null,"name":null},"geometry":{"type":"LineString","coordinates":[[-122.455042,37.710924],[-122.454895,37.711],[-122.454763,37.711075],[-122.454628,37.711155],[-122.454476,37.711253],[-122.454335,37.711349],[-122.454191,37.711449],[-122.454057,37.711546],[-122.453928,37.711645],[-122.453775,37.711773],[-122.45362,37.711919],[-122.453042,37.71251]]}},{"type":"Feature","properties":{"highway":"motorway_link","ref":null,"name":null},"geometry":{"type":"LineString","coordinates":[[-122.455494,37.71072],[-122.455338,37.710785],[-122.45519,37.710853],[-122.455042,37.710924]]}},{"type":"Feature","properties":{"highway":"motorway","ref":"I 280","name":"John F Foran Freeway"},"geometry":{"type":"LineString","coordinates":[[-122.455396,37.711182],[-122.45546,37.711157],[-122.455619,37.711094],[-122.455761,37.711043],[-122.455898,37.710996],[-122.456087,37.710935],[-122.456231,37.710893],[-122.456379,37.710853],[-122.456545,37.710813],[-122.456707,37.710778]]}},{"type":"Feature","properties":{"highway":"motorway","ref":"I 280","name":"John F Foran Freeway"},"geometry":{"type":"LineString","coordinates":[[-122.456707,37.710778],[-122.456867,37.710746],[-122.457036,37.710717],[-122.457197,37.710693],[-122.45736,37.710672],[-122.457526,37.710654],[-122.457689,37.71064],[-122.457856,37.710631],[-122.458021,37.710624],[-122.458187,37.71062],[-122.458349,37.710619],[-122.458516,37.710617],[-122.460406,37.710603]]}},{"type":"Feature","properties":{"highway":"motorway","ref":"I 280","name":"John F Foran Freeway"},"geometry":{"type":"LineString","coordinates":[[-122.456974,37.710529],[-122.456816,37.710555],[-122.456681,37.710583],[-122.456527,37.710617],[-122.456374,37.710653],[-122.456212,37.710694],[-122.456063,37.710736],[-122.455906,37.710783],[-122.455747,37.710836],[-122.455606,37.710884],[-122.455442,37.710947],[-122.4553,37.711004],[-122.455223,37.711037]]}},{"type":"Feature","properties":{"highway":"motorway_link","ref":null,"name":null},"geometry":{"type":"LineString","coordinates":[[-122.432753,37.733013],[-122.433371,37.73276],[-122.434443,37.732289],[-122.435068,37.731996]]}},{"type":"Feature","properties":{"highway":"motorway","ref":"US 101","name":"James Lick Freeway"},"geometry":{"type":"LineString","coordinates":[[-122.403995,37.730114],[-122.403801,37.729686],[-122.403632,37.729305],[-122.403483,37.728923],[-122.403279,37.728449]]}},{"type":"Feature","properties":{"highway":"motorway","ref":"US 101","name":"James Lick Freeway"},"geometry":{"type":"LineString","coordinates":[[-122.405674,37.733191],[-122.405523,37.732955]]}},{"type":"Feature","properties":{"highway":"motorway","ref":"US 101","name":"James Lick Freeway"},"geometry":{"type":"LineString","coordinates":[[-122.407935,37.738043],[-122.407959,37.738195],[-122.407977,37.738328],[-122.407992,37.738458],[-122.408005,37.738591],[-122.408016,37.738722],[-122.408026,37.738847],[-122.408029,37.738979],[-122.40803,37.739111]]}},{"type":"Feature","properties":{"highway":"motorway","ref":"US 101","name":"James Lick Freeway"},"geometry":{"type":"LineString","coordinates":[[-122.407256,37.735924],[-122.407155,37.735735],[-122.407043,37.735545]]}},{"type":"Feature","properties":{"highway":"motorway","ref":"US 101","name":"James Lick Freeway"},"geometry":{"type":"LineString","coordinates":[[-122.405606,37.733438],[-122.405977,37.73407],[-122.406469,37.734866]]}},{"type":"Feature","properties":{"highway":"motorway","ref":"US 101","name":"James Lick Freeway"},"geometry":{"type":"LineString","coordinates":[[-122.408083,37.738001],[-122.408064,37.737907],[-122.408036,37.737779],[-122.408006,37.737648],[-122.407928,37.737422],[-122.407822,37.737131],[-122.407731,37.736884],[-122.407631,37.73665],[-122.407526,37.736425],[-122.407405,37.736187],[-122.407256,37.735924]]}},{"type":"Feature","properties":{"highway":"motorway","ref":"US 101","name":"James Lick Freeway"},"geometry":{"type":"LineString","coordinates":[[-122.407156,37.73598],[-122.407274,37.736216],[-122.407423,37.736507],[-122.407517,37.736734],[-122.407585,37.736926],[-122.407675,37.737174],[-122.407774,37.737425],[-122.407856,37.737671],[-122.407885,37.737797],[-122.407914,37.737933],[-122.407935,37.738043]]}},{"type":"Feature","properties":{"highway":"motorway","ref":"US 101","name":"James Lick Freeway"},"geometry":{"type":"LineString","coordinates":[[-122.402967,37.727719],[-122.402483,37.726603]]}},{"type":"Feature","properties":{"highway":"motorway","ref":"US 101","name":"James Lick Freeway"},"geometry":{"type":"LineString","coordinates":[[-122.402708,37.727975],[-122.4028,37.728216],[-122.402895,37.728464],[-122.402947,37.728593],[-122.403,37.728715],[-122.40306,37.72884],[-122.403125,37.728963],[-122.403194,37.729083],[-122.403263,37.729202],[-122.403887,37.730256]]}},{"type":"Feature","properties":{"highway":"motorway","ref":"US 101","name":"James Lick Freeway"},"geometry":{"type":"LineString","coordinates":[[-122.401045,37.723502],[-122.401208,37.723917]]}},{"type":"Feature","properties":{"highway":"motorway","ref":"US 101","name":"James Lick Freeway"},"geometry":{"type":"LineString","coordinates":[[-122.399635,37.718759],[-122.399573,37.718527]]}},{"type":"Feature","properties":{"highway":"motorway","ref":"US 101","name":"James Lick Freeway"},"geometry":{"type":"LineString","coordinates":[[-122.401268,37.723492],[-122.400689,37.722088],[-122.400499,37.721584],[-122.400153,37.720573]]}},{"type":"Feature","properties":{"highway":"motorway","ref":"US 101","name":"James Lick Freeway"},"geometry":{"type":"LineString","coordinates":[[-122.399829,37.719482],[-122.399635,37.718759]]}},{"type":"Feature","properties":{"highway":"motorway","ref":"US 101","name":"James Lick Freeway"},"geometry":{"type":"LineString","coordinates":[[-122.399468,37.71902],[-122.399657,37.71972]]}},{"type":"Feature","properties":{"highway":"motorway","ref":"US 101","name":"James Lick Freeway"},"geometry":{"type":"LineString","coordinates":[[-122.399657,37.71972],[-122.399891,37.720421]]}},{"type":"Feature","properties":{"highway":"motorway_link","ref":null,"name":null},"geometry":{"type":"LineString","coordinates":[[-122.400881,37.722001],[-122.400852,37.72191],[-122.400844,37.721858],[-122.400857,37.721807],[-122.400884,37.721765],[-122.40094,37.721727],[-122.400988,37.721706],[-122.40103,37.721691],[-122.401047,37.721686],[-122.401141,37.721656]]}},{"type":"Feature","properties":{"highway":"motorway_link","ref":null,"name":null},"geometry":{"type":"LineString","coordinates":[[-122.407807,37.737992],[-122.407835,37.738085],[-122.407858,37.738174],[-122.407876,37.738272],[-122.40803,37.739111]]}},{"type":"Feature","properties":{"highway":"motorway_link","ref":null,"name":null},"geometry":{"type":"LineString","coordinates":[[-122.407335,37.737169],[-122.407618,37.737607],[-122.407675,37.7377],[-122.407724,37.737792],[-122.407768,37.737892],[-122.407807,37.737992]]}},{"type":"Feature","properties":{"highway":"motorway","ref":"US 101","name":"James Lick Freeway"},"geometry":{"type":"LineString","coordinates":[[-122.401208,37.723917],[-122.401222,37.723962]]}},{"type":"Feature","properties":{"highway":"motorway_link","ref":null,"name":null},"geometry":{"type":"LineString","coordinates":[[-122.401438,37.723897],[-122.401366,37.723398]]}},{"type":"Feature","properties":{"highway":"motorway","ref":"US 101","name":"James Lick Freeway"},"geometry":{"type":"LineString","coordinates":[[-122.401438,37.723897],[-122.401268,37.723492]]}},{"type":"Feature","properties":{"highway":"motorway_link","ref":null,"name":null},"geometry":{"type":"LineString","coordinates":[[-122.407887,37.736226],[-122.407855,37.736326],[-122.407847,37.736415],[-122.407857,37.736495],[-122.407888,37.736587]]}},{"type":"Feature","properties":{"highway":"motorway","ref":"I 280","name":"Southern Embarcadero Freeway"},"geometry":{"type":"LineString","coordinates":[[-122.392598,37.763189],[-122.392627,37.763413],[-122.392662,37.763627],[-122.392716,37.763886],[-122.39278,37.764132],[-122.392861,37.764374],[-122.392946,37.76461],[-122.393042,37.764837],[-122.393193,37.76512],[-122.393342,37.765352]]}},{"type":"Feature","properties":{"highway":"motorway_link","ref":null,"name":null},"geometry":{"type":"LineString","coordinates":[[-122.391083,37.753452],[-122.391168,37.753593],[-122.391237,37.753738],[-122.391302,37.753894],[-122.391742,37.755012],[-122.391832,37.75526],[-122.39191,37.755497],[-122.391971,37.755736],[-122.392018,37.755953],[-122.392139,37.756825],[-122.392205,37.7573]]}},{"type":"Feature","properties":{"highway":"motorway_link","ref":null,"name":null},"geometry":{"type":"LineString","coordinates":[[-122.392244,37.753348],[-122.392326,37.753315],[-122.392395,37.753313],[-122.392473,37.753322],[-122.392547,37.753344],[-122.392606,37.753379],[-122.39265,37.753428],[-122.39268,37.75348],[-122.392783,37.753718]]}},{"type":"Feature","properties":{"highway":"motorway","ref":"I 280","name":"John F Foran Freeway"},"geometry":{"type":"LineString","coordinates":[[-122.392457,37.758951],[-122.392472,37.758625],[-122.392476,37.758136],[-122.392476,37.757272],[-122.392488,37.757026],[-122.392492,37.75681],[-122.392485,37.756547],[-122.392463,37.756254]]}},{"type":"Feature","properties":{"highway":"motorway","ref":"I 280","name":"Southern Embarcadero Freeway"},"geometry":{"type":"LineString","coordinates":[[-122.392218,37.758967],[-122.392224,37.759234],[-122.392236,37.759521],[-122.392251,37.759798],[-122.392272,37.760068],[-122.392359,37.761058]]}},{"type":"Feature","properties":{"highway":"motorway","ref":"I 280","name":"John F Foran Freeway"},"geometry":{"type":"LineString","coordinates":[[-122.392855,37.763171],[-122.39257,37.760635],[-122.392538,37.760336],[-122.392509,37.760007],[-122.392493,37.759778],[-122.392478,37.759523],[-122.392465,37.759232],[-122.392457,37.758951]]}},{"type":"Feature","properties":{"highway":"motorway","ref":"US 101","name":"James Lick Freeway"},"geometry":{"type":"LineString","coordinates":[[-122.404537,37.731504],[-122.404716,37.731845],[-122.404893,37.73218],[-122.405052,37.732461],[-122.405258,37.732828],[-122.405384,37.733056]]}},{"type":"Feature","properties":{"highway":"motorway","ref":"US 101","name":"James Lick Freeway"},"geometry":{"type":"LineString","coordinates":[[-122.402648,37.727813],[-122.402708,37.727975]]}},{"type":"Feature","properties":{"highway":"motorway_link","ref":null,"name":null},"geometry":{"type":"LineString","coordinates":[[-122.402859,37.727755],[-122.402483,37.726603]]}},{"type":"Feature","properties":{"highway":"motorway","ref":"US 101","name":"James Lick Freeway"},"geometry":{"type":"LineString","coordinates":[[-122.403032,37.727876],[-122.402967,37.727719]]}},{"type":"Feature","properties":{"highway":"motorway_link","ref":null,"name":null},"geometry":{"type":"LineString","coordinates":[[-122.404779,37.735194],[-122.404866,37.735007],[-122.404936,37.734821],[-122.404996,37.734625],[-122.405035,37.734434],[-122.405066,37.734231],[-122.405078,37.734034],[-122.40507,37.733834],[-122.405051,37.733632],[-122.405018,37.733432],[-122.404943,37.733191],[-122.404851,37.732962],[-122.404772,37.732805]]}},{"type":"Feature","properties":{"highway":"motorway_link","ref":null,"name":null},"geometry":{"type":"LineString","coordinates":[[-122.40284,37.728799],[-122.40295,37.729059],[-122.403064,37.729307],[-122.403186,37.729559],[-122.40331,37.729807],[-122.403438,37.730055],[-122.403568,37.730306],[-122.403825,37.730831]]}},{"type":"Feature","properties":{"highway":"motorway","ref":"US 101","name":"Presidio Parkway"},"geometry":{"type":"LineString","coordinates":[[-122.472363,37.804313],[-122.471693,37.803916],[-122.471624,37.803875],[-122.471553,37.803834],[-122.471484,37.803795],[-122.471415,37.803756],[-122.471346,37.803719],[-122.471271,37.803681],[-122.471199,37.803646],[-122.471126,37.803611],[-122.471052,37.803578],[-122.470982,37.803546],[-122.470917,37.803517],[-122.470844,37.803484],[-122.470775,37.803455],[-122.470683,37.803414],[-122.470584,37.803373],[-122.470485,37.803332],[-122.470377,37.803288],[-122.47025,37.803238],[-122.470116,37.803187],[-122.469974,37.803134],[-122.469848,37.803089],[-122.469721,37.803046]]}},{"type":"Feature","properties":{"highway":"motorway","ref":"I 80","name":"Dwight D. Eisenhower Highway"},"geometry":{"type":"LineString","coordinates":[[-122.390902,37.786017],[-122.390695,37.786183],[-122.390371,37.786478]]}},{"type":"Feature","properties":{"highway":"motorway","ref":"I 80","name":"Dwight D. Eisenhower Highway"},"geometry":{"type":"LineString","coordinates":[[-122.366335,37.808927],[-122.366241,37.809019],[-122.365043,37.810136]]}},{"type":"Feature","properties":{"highway":"motorway_link","ref":null,"name":null},"geometry":{"type":"LineString","coordinates":[[-122.40355,37.748129],[-122.403555,37.748234],[-122.403554,37.748304],[-122.40355,37.748368],[-122.403544,37.748431],[-122.403534,37.748499],[-122.403521,37.748572],[-122.403512,37.748611]]}},{"type":"Feature","properties":{"highway":"motorway_link","ref":null,"name":null},"geometry":{"type":"LineString","coordinates":[[-122.392411,37.749593],[-122.392325,37.749671],[-122.392269,37.749744],[-122.392191,37.749861],[-122.392184,37.749871],[-122.392137,37.749927],[-122.392079,37.74997],[-122.392014,37.750028]]}},{"type":"Feature","properties":{"highway":"motorway","ref":"I 80","name":"Dwight D. Eisenhower Highway"},"geometry":{"type":"LineString","coordinates":[[-122.365043,37.810136],[-122.36469,37.810457]]}},{"type":"Feature","properties":{"highway":"motorway","ref":"I 80","name":"Dwight D. Eisenhower Highway"},"geometry":{"type":"LineString","coordinates":[[-122.367194,37.808121],[-122.366335,37.808927]]}},{"type":"Feature","properties":{"highway":"motorway","ref":"US 101","name":"James Lick Freeway"},"geometry":{"type":"LineString","coordinates":[[-122.405112,37.764387],[-122.405112,37.764303],[-122.405119,37.76411],[-122.40513,37.763983],[-122.405147,37.763848],[-122.405167,37.763726],[-122.405192,37.763601],[-122.405227,37.763463],[-122.405265,37.763336],[-122.405306,37.763213],[-122.405354,37.763091],[-122.405407,37.762965],[-122.405464,37.762844],[-122.405531,37.762715],[-122.405594,37.762603],[-122.405668,37.762479],[-122.405739,37.762365],[-122.405811,37.762251],[-122.405887,37.762134],[-122.405963,37.762015],[-122.406037,37.761896],[-122.406111,37.761769],[-122.406173,37.761657],[-122.406239,37.761528],[-122.406296,37.761408],[-122.406347,37.761282],[-122.406391,37.761153],[-122.406428,37.761023],[-122.406457,37.760892],[-122.406477,37.760759],[-122.406489,37.760624],[-122.406494,37.760489],[-122.40649,37.760359],[-122.406479,37.760227],[-122.406461,37.760093],[-122.406433,37.759957],[-122.406398,37.75983],[-122.406354,37.759696],[-122.406304,37.75957],[-122.406249,37.759452],[-122.406182,37.759324],[-122.406111,37.759206],[-122.406031,37.759086],[-122.405943,37.75897],[-122.405851,37.75886],[-122.405753,37.758755],[-122.405632,37.758638],[-122.405532,37.758549],[-122.405418,37.758454],[-122.4053,37.75836],[-122.40518,37.758268],[-122.405057,37.75818],[-122.404932,37.758091],[-122.404807,37.758003],[-122.404691,37.757921],[-122.404563,37.757829],[-122.404439,37.757735],[-122.404326,37.757644],[-122.404214,37.757549],[-122.404103,37.757449],[-122.403998,37.757347],[-122.403905,37.757246],[-122.403812,37.757134],[-122.403729,37.757022],[-122.403649,37.756901],[-122.403584,37.756787],[-122.403518,37.756657],[-122.403468,37.756543],[-122.403423,37.756422],[-122.403382,37.756293],[-122.403351,37.756164],[-122.403325,37.756036],[-122.403303,37.755905],[-122.403284,37.755777],[-122.40327,37.755646],[-122.403181,37.754709],[-122.403045,37.75328],[-122.403034,37.753147],[-122.403025,37.753016],[-122.40302,37.752883],[-122.403027,37.752524],[-122.403048,37.752168]]}},{"type":"Feature","properties":{"highway":"motorway_link","ref":"CA 1","name":null},"geometry":{"type":"LineString","coordinates":[[-122.469438,37.80012],[-122.469436,37.800308],[-122.469416,37.801249]]}},{"type":"Feature","properties":{"highway":"motorway","ref":"CA 1","name":"Veterans Boulevard"},"geometry":{"type":"LineString","coordinates":[[-122.469507,37.796159],[-122.469488,37.79731]]}},{"type":"Feature","properties":{"highway":"motorway","ref":"CA 1","name":"Veterans Boulevard"},"geometry":{"type":"LineString","coordinates":[[-122.469452,37.799251],[-122.469439,37.800028],[-122.469438,37.80012]]}},{"type":"Feature","properties":{"highway":"motorway_link","ref":"CA 1","name":null},"geometry":{"type":"LineString","coordinates":[[-122.469385,37.802856],[-122.469386,37.802898],[-122.469387,37.80294],[-122.469391,37.802986],[-122.469396,37.803031],[-122.469402,37.803079],[-122.469418,37.803149],[-122.469438,37.803218],[-122.469465,37.803291],[-122.469495,37.80336],[-122.46953,37.803431],[-122.469575,37.803504],[-122.469617,37.803565],[-122.469662,37.80362],[-122.46971,37.803673],[-122.469761,37.803723],[-122.469815,37.803771],[-122.46987,37.803819],[-122.469928,37.803864],[-122.46999,37.803907],[-122.470052,37.803947],[-122.470119,37.803986],[-122.470186,37.804021],[-122.470257,37.804055],[-122.470328,37.804086],[-122.470401,37.804113],[-122.470476,37.804138],[-122.470552,37.80416],[-122.470632,37.80418],[-122.470702,37.804196]]}},{"type":"Feature","properties":{"highway":"motorway","ref":"CA 1","name":"Veterans Boulevard"},"geometry":{"type":"LineString","coordinates":[[-122.469488,37.79731],[-122.469452,37.799251]]}},{"type":"Feature","properties":{"highway":"motorway","ref":"CA 1","name":"Veterans Boulevard"},"geometry":{"type":"LineString","coordinates":[[-122.472577,37.786323],[-122.472566,37.786433],[-122.472541,37.786587],[-122.472514,37.786716],[-122.472483,37.786845],[-122.472448,37.786973],[-122.47241,37.787099],[-122.472367,37.787226],[-122.472321,37.787352],[-122.472296,37.787417],[-122.472291,37.78743]]}},{"type":"Feature","properties":{"highway":"motorway","ref":"CA 1","name":"Veterans Boulevard"},"geometry":{"type":"LineString","coordinates":[[-122.470379,37.790424],[-122.470655,37.790054],[-122.470948,37.789666],[-122.471118,37.789441],[-122.471246,37.78927],[-122.471626,37.788762],[-122.47171,37.788651],[-122.471793,37.788538],[-122.471875,37.788425],[-122.471954,37.788309],[-122.472028,37.788193],[-122.472098,37.788075],[-122.472165,37.787956],[-122.472231,37.787836],[-122.472297,37.787712],[-122.472359,37.787592]]}},{"type":"Feature","properties":{"highway":"motorway","ref":"CA 1","name":"Veterans Boulevard"},"geometry":{"type":"LineString","coordinates":[[-122.470113,37.790826],[-122.470128,37.790802],[-122.470196,37.790689],[-122.470273,37.790573],[-122.470354,37.790458],[-122.470379,37.790424]]}},{"type":"Feature","properties":{"highway":"motorway","ref":"CA 1","name":"Veterans Boulevard"},"geometry":{"type":"LineString","coordinates":[[-122.469657,37.792589],[-122.469658,37.792538],[-122.46966,37.79247],[-122.469663,37.792339],[-122.469673,37.792208],[-122.469688,37.792076],[-122.469708,37.791945],[-122.469734,37.791814],[-122.469764,37.791683],[-122.4698,37.791556],[-122.469842,37.791429],[-122.469888,37.791304],[-122.46994,37.791177],[-122.469997,37.791051],[-122.470058,37.790929],[-122.470113,37.790826]]}},{"type":"Feature","properties":{"highway":"motorway","ref":"CA 1","name":"General Douglas MacArthur Tunnel"},"geometry":{"type":"LineString","coordinates":[[-122.469591,37.79616],[-122.469657,37.792589]]}},{"type":"Feature","properties":{"highway":"motorway","ref":"CA 1","name":"Veterans Boulevard"},"geometry":{"type":"LineString","coordinates":[[-122.469571,37.797311],[-122.469591,37.79616]]}},{"type":"Feature","properties":{"highway":"motorway","ref":"CA 1","name":"Veterans Boulevard"},"geometry":{"type":"LineString","coordinates":[[-122.469535,37.799252],[-122.469548,37.798566],[-122.469571,37.797311]]}},{"type":"Feature","properties":{"highway":"motorway","ref":"CA 1","name":"Veterans Boulevard"},"geometry":{"type":"LineString","coordinates":[[-122.469524,37.80012],[-122.469526,37.800046],[-122.469527,37.799991],[-122.469527,37.799919],[-122.469527,37.79985],[-122.469531,37.799471],[-122.469535,37.799252]]}},{"type":"Feature","properties":{"highway":"motorway","ref":"CA 1","name":"Veterans Boulevard"},"geometry":{"type":"LineString","coordinates":[[-122.469504,37.801249],[-122.469507,37.801041],[-122.469524,37.80012]]}},{"type":"Feature","properties":{"highway":"trunk","ref":"CA 1","name":"Park Presidio Bypass Drive"},"geometry":{"type":"LineString","coordinates":[[-122.471975,37.772655],[-122.472035,37.772598],[-122.472098,37.772552],[-122.472163,37.772513],[-122.472238,37.772479],[-122.472317,37.772452],[-122.472404,37.772433],[-122.472493,37.772422],[-122.47258,37.772419],[-122.472671,37.772422],[-122.473383,37.772474],[-122.473566,37.77249],[-122.47375,37.77251],[-122.473914,37.772529],[-122.474319,37.77258],[-122.474447,37.772595],[-122.47457,37.772606],[-122.474687,37.772613],[-122.474798,37.772617],[-122.474907,37.772616],[-122.475005,37.772612],[-122.475099,37.772606],[-122.475196,37.772597],[-122.475296,37.772585],[-122.475396,37.772571],[-122.475582,37.772546],[-122.475773,37.772522],[-122.475958,37.772502],[-122.476139,37.772487],[-122.476318,37.772473],[-122.476504,37.77246],[-122.476679,37.772452],[-122.478116,37.772383],[-122.478267,37.772376],[-122.478406,37.77237],[-122.478499,37.772364],[-122.478594,37.772357],[-122.478682,37.772344],[-122.478763,37.772325],[-122.478839,37.772302],[-122.478923,37.772271],[-122.478997,37.772237],[-122.479072,37.772197],[-122.47915,37.772148],[-122.479218,37.772098],[-122.479284,37.772041],[-122.479343,37.771983],[-122.479396,37.771917],[-122.479419,37.771884],[-122.479442,37.771853],[-122.479478,37.771786]]}},{"type":"Feature","properties":{"highway":"trunk","ref":"CA 1","name":"Park Presidio Bypass Drive"},"geometry":{"type":"LineString","coordinates":[[-122.479354,37.771101],[-122.479386,37.77118],[-122.479404,37.771241],[-122.479417,37.771305],[-122.479426,37.771373],[-122.479427,37.771444]]}},{"type":"Feature","properties":{"highway":"trunk_link","ref":null,"name":null},"geometry":{"type":"LineString","coordinates":[[-122.477514,37.766368],[-122.477514,37.766325],[-122.477518,37.766285],[-122.477528,37.766247],[-122.477547,37.766209],[-122.477569,37.766174],[-122.477612,37.766139],[-122.477658,37.766102],[-122.477707,37.766068],[-122.477766,37.766031]]}},{"type":"Feature","properties":{"highway":"trunk","ref":"CA 1","name":"Crossover Drive"},"geometry":{"type":"LineString","coordinates":[[-122.47937,37.770881],[-122.479203,37.770576]]}},{"type":"Feature","properties":{"highway":"trunk","ref":"CA 1","name":"Crossover Drive"},"geometry":{"type":"LineString","coordinates":[[-122.479471,37.771065],[-122.47937,37.770881]]}},{"type":"Feature","properties":{"highway":"motorway_link","ref":null,"name":null},"geometry":{"type":"LineString","coordinates":[[-122.391666,37.784827],[-122.3916,37.784887],[-122.391551,37.784938],[-122.391507,37.784989],[-122.391466,37.785045],[-122.391434,37.785104],[-122.39141,37.785166],[-122.391392,37.78523],[-122.391379,37.785296],[-122.391374,37.785355],[-122.391375,37.785419],[-122.391383,37.785488],[-122.391399,37.785552],[-122.391429,37.785626],[-122.391462,37.785688],[-122.391523,37.785791],[-122.391553,37.785847],[-122.391576,37.7859],[-122.391595,37.785962],[-122.391611,37.786022],[-122.391689,37.786298]]}},{"type":"Feature","properties":{"highway":"trunk_link","ref":null,"name":null},"geometry":{"type":"LineString","coordinates":[[-122.475329,37.726869],[-122.4753,37.726855],[-122.475272,37.726839],[-122.475244,37.726821],[-122.475218,37.726801],[-122.475194,37.726779],[-122.475169,37.72675],[-122.475148,37.726718],[-122.475129,37.726683],[-122.475108,37.726642],[-122.475091,37.726602],[-122.475075,37.726562],[-122.475061,37.72652]]}},{"type":"Feature","properties":{"highway":"trunk_link","ref":null,"name":null},"geometry":{"type":"LineString","coordinates":[[-122.475037,37.727293],[-122.475154,37.727123],[-122.475168,37.727102],[-122.475183,37.727086],[-122.475204,37.727067],[-122.475227,37.727052],[-122.475251,37.727041],[-122.475281,37.727029],[-122.475309,37.727021],[-122.475335,37.727015],[-122.47536,37.72701],[-122.47538,37.727008]]}},{"type":"Feature","properties":{"highway":"motorway_link","ref":null,"name":null},"geometry":{"type":"LineString","coordinates":[[-122.411117,37.733424],[-122.409525,37.734042],[-122.409267,37.734136],[-122.408955,37.734218],[-122.408662,37.734281],[-122.408334,37.734321],[-122.407999,37.734335],[-122.407694,37.734323],[-122.407368,37.734286],[-122.407068,37.734227],[-122.406761,37.734146],[-122.406459,37.734039],[-122.406144,37.733892],[-122.405861,37.733734],[-122.405599,37.73355],[-122.405421,37.733402],[-122.405237,37.733214],[-122.405066,37.733004],[-122.404945,37.732822]]}},{"type":"Feature","properties":{"highway":"motorway","ref":"I 280","name":"Southern Embarcadero Freeway"},"geometry":{"type":"LineString","coordinates":[[-122.413261,37.732706],[-122.412242,37.73311],[-122.41211,37.733164],[-122.411811,37.733294],[-122.41153,37.733415],[-122.411386,37.733476],[-122.411209,37.733549]]}},{"type":"Feature","properties":{"highway":"motorway_link","ref":null,"name":null},"geometry":{"type":"LineString","coordinates":[[-122.413261,37.732706],[-122.412168,37.733216],[-122.412027,37.733279],[-122.411886,37.73334],[-122.411751,37.733398],[-122.411614,37.733457],[-122.411467,37.733519],[-122.411339,37.733575],[-122.411253,37.733613]]}},{"type":"Feature","properties":{"highway":"motorway_link","ref":null,"name":null},"geometry":{"type":"LineString","coordinates":[[-122.405049,37.734032],[-122.405034,37.734237],[-122.405006,37.734433],[-122.404966,37.734619],[-122.404908,37.734815],[-122.404841,37.734998],[-122.40475,37.73519],[-122.404654,37.735364],[-122.404538,37.735541],[-122.404416,37.735703],[-122.404251,37.735884],[-122.404079,37.736049],[-122.403895,37.736208],[-122.403682,37.736365],[-122.402916,37.736874],[-122.402682,37.737028],[-122.402435,37.737196],[-122.402184,37.737381],[-122.401952,37.737582],[-122.401732,37.737794],[-122.40153,37.738]]}},{"type":"Feature","properties":{"highway":"trunk","ref":"US 101","name":"Van Ness Avenue"},"geometry":{"type":"LineString","coordinates":[[-122.41916,37.775175],[-122.419168,37.77521],[-122.419174,37.775237]]}},{"type":"Feature","properties":{"highway":"trunk","ref":"US 101","name":"Richardson Avenue"},"geometry":{"type":"LineString","coordinates":[[-122.447088,37.800403],[-122.447182,37.800473],[-122.447558,37.800729]]}},{"type":"Feature","properties":{"highway":"trunk","ref":"US 101","name":"Lombard Street"},"geometry":{"type":"LineString","coordinates":[[-122.42948,37.80064],[-122.429382,37.800652],[-122.428236,37.800798]]}},{"type":"Feature","properties":{"highway":"trunk","ref":"US 101","name":"Richardson Avenue"},"geometry":{"type":"LineString","coordinates":[[-122.445905,37.799594],[-122.446,37.799662],[-122.446217,37.799805]]}},{"type":"Feature","properties":{"highway":"trunk","ref":"US 101","name":"Richardson Avenue"},"geometry":{"type":"LineString","coordinates":[[-122.447239,37.800383],[-122.447144,37.800316],[-122.446345,37.799768]]}},{"type":"Feature","properties":{"highway":"trunk","ref":"US 101","name":"Lombard Street"},"geometry":{"type":"LineString","coordinates":[[-122.43772,37.799687],[-122.437821,37.799674],[-122.438253,37.799619],[-122.438575,37.799578]]}},{"type":"Feature","properties":{"highway":"trunk","ref":"US 101","name":"Lombard Street"},"geometry":{"type":"LineString","coordinates":[[-122.426193,37.801063],[-122.42609,37.801076],[-122.425419,37.801164]]}},{"type":"Feature","properties":{"highway":"trunk","ref":"US 101","name":"Lombard Street"},"geometry":{"type":"LineString","coordinates":[[-122.436056,37.799802],[-122.435964,37.799814],[-122.434512,37.799999],[-122.434412,37.800012]]}},{"type":"Feature","properties":{"highway":"trunk","ref":"US 101","name":"Lombard Street"},"geometry":{"type":"LineString","coordinates":[[-122.439363,37.799478],[-122.439458,37.799465],[-122.439671,37.799438],[-122.440908,37.799281],[-122.441009,37.799268]]}},{"type":"Feature","properties":{"highway":"trunk","ref":"US 101","name":"Lombard Street"},"geometry":{"type":"LineString","coordinates":[[-122.44099,37.799174],[-122.440889,37.799187],[-122.440363,37.799254],[-122.43994,37.799308]]}},{"type":"Feature","properties":{"highway":"trunk","ref":"US 101","name":"Richardson Avenue"},"geometry":{"type":"LineString","coordinates":[[-122.445962,37.799506],[-122.445884,37.799453]]}},{"type":"Feature","properties":{"highway":"trunk","ref":"US 101","name":"Lombard Street"},"geometry":{"type":"LineString","coordinates":[[-122.4295,37.800733],[-122.429588,37.800722],[-122.430328,37.800628],[-122.430805,37.800567],[-122.430973,37.800546],[-122.431047,37.800536],[-122.431141,37.800525]]}},{"type":"Feature","properties":{"highway":"trunk","ref":"US 101","name":"Lombard Street"},"geometry":{"type":"LineString","coordinates":[[-122.444324,37.79875],[-122.444235,37.798761],[-122.44411,37.798778],[-122.444039,37.798787],[-122.443909,37.798803],[-122.443637,37.798837],[-122.443096,37.798906]]}},{"type":"Feature","properties":{"highway":"trunk","ref":"US 101","name":"Lombard Street"},"geometry":{"type":"LineString","coordinates":[[-122.431141,37.800525],[-122.431232,37.800513],[-122.432686,37.800328],[-122.432786,37.800315]]}},{"type":"Feature","properties":{"highway":"trunk","ref":"US 101","name":"Lombard Street"},"geometry":{"type":"LineString","coordinates":[[-122.426211,37.801156],[-122.426316,37.801143],[-122.426749,37.801086],[-122.427307,37.801015]]}},{"type":"Feature","properties":{"highway":"trunk","ref":"US 101","name":"Lombard Street"},"geometry":{"type":"LineString","coordinates":[[-122.431122,37.800431],[-122.431027,37.800443],[-122.430321,37.800533],[-122.430145,37.800555],[-122.429568,37.800628],[-122.42948,37.80064]]}},{"type":"Feature","properties":{"highway":"trunk","ref":"US 101","name":"Lombard Street"},"geometry":{"type":"LineString","coordinates":[[-122.427834,37.800855],[-122.427747,37.800866],[-122.427483,37.800899],[-122.426695,37.801],[-122.426295,37.801049],[-122.426193,37.801063]]}},{"type":"Feature","properties":{"highway":"trunk","ref":"US 101","name":"Lombard Street"},"geometry":{"type":"LineString","coordinates":[[-122.444346,37.79886],[-122.444462,37.798858],[-122.444519,37.798859],[-122.4446,37.798864],[-122.444669,37.798874]]}},{"type":"Feature","properties":{"highway":"trunk","ref":"US 101","name":"Lombard Street"},"geometry":{"type":"LineString","coordinates":[[-122.441009,37.799268],[-122.441108,37.799255],[-122.442419,37.799089]]}},{"type":"Feature","properties":{"highway":"trunk","ref":"US 101","name":"Lombard Street"},"geometry":{"type":"LineString","coordinates":[[-122.442657,37.798962],[-122.442546,37.798977],[-122.441089,37.799161],[-122.44099,37.799174]]}},{"type":"Feature","properties":{"highway":"motorway","ref":"US 101","name":"Presidio Parkway"},"geometry":{"type":"LineString","coordinates":[[-122.448362,37.801162],[-122.448178,37.801036],[-122.44815,37.801017],[-122.448053,37.80095]]}},{"type":"Feature","properties":{"highway":"trunk","ref":"US 101","name":"Lombard Street"},"geometry":{"type":"LineString","coordinates":[[-122.432786,37.800315],[-122.432888,37.800302],[-122.43433,37.800118],[-122.434431,37.800106]]}},{"type":"Feature","properties":{"highway":"trunk","ref":"US 101","name":"Lombard Street"},"geometry":{"type":"LineString","coordinates":[[-122.437701,37.799593],[-122.437603,37.799605],[-122.437216,37.799655],[-122.436244,37.799778],[-122.436149,37.79979],[-122.436056,37.799802]]}},{"type":"Feature","properties":{"highway":"trunk","ref":"US 101","name":"Lombard Street"},"geometry":{"type":"LineString","coordinates":[[-122.434412,37.800012],[-122.434312,37.800024],[-122.433866,37.800081],[-122.432869,37.800208],[-122.432767,37.800221]]}},{"type":"Feature","properties":{"highway":"trunk","ref":"US 101","name":"Lombard Street"},"geometry":{"type":"LineString","coordinates":[[-122.435249,37.800001],[-122.435898,37.799919],[-122.435984,37.799908],[-122.436075,37.799896]]}},{"type":"Feature","properties":{"highway":"trunk","ref":"US 101","name":"Lombard Street"},"geometry":{"type":"LineString","coordinates":[[-122.427852,37.800946],[-122.42796,37.800932],[-122.428248,37.800893],[-122.428606,37.800847],[-122.429401,37.800746],[-122.4295,37.800733]]}},{"type":"Feature","properties":{"highway":"trunk","ref":"US 101","name":"Lombard Street"},"geometry":{"type":"LineString","coordinates":[[-122.439344,37.799383],[-122.43925,37.799395],[-122.439161,37.799407],[-122.439043,37.799422],[-122.438768,37.799457],[-122.437801,37.79958],[-122.437701,37.799593]]}},{"type":"Feature","properties":{"highway":"trunk","ref":"US 101","name":"Richardson Avenue"},"geometry":{"type":"LineString","coordinates":[[-122.444974,37.798843],[-122.444908,37.798813],[-122.444847,37.798791],[-122.444772,37.798771],[-122.444714,37.798758]]}},{"type":"Feature","properties":{"highway":"trunk","ref":"US 101","name":"Lombard Street"},"geometry":{"type":"LineString","coordinates":[[-122.432767,37.800221],[-122.432668,37.800234],[-122.431308,37.800407],[-122.431211,37.800419],[-122.431122,37.800431]]}},{"type":"Feature","properties":{"highway":"trunk","ref":"US 101","name":"Lombard Street"},"geometry":{"type":"LineString","coordinates":[[-122.436075,37.799896],[-122.436169,37.799884],[-122.43675,37.79981],[-122.436935,37.799787],[-122.437624,37.799699],[-122.43772,37.799687]]}},{"type":"Feature","properties":{"highway":"trunk","ref":"US 101","name":"Van Ness Avenue"},"geometry":{"type":"LineString","coordinates":[[-122.423742,37.796676],[-122.423734,37.796608],[-122.423724,37.796553],[-122.423643,37.796158]]}},{"type":"Feature","properties":{"highway":"trunk","ref":"US 101","name":"Van Ness Avenue"},"geometry":{"type":"LineString","coordinates":[[-122.4241,37.79951],[-122.424113,37.799579],[-122.424199,37.799996]]}},{"type":"Feature","properties":{"highway":"trunk","ref":"US 101","name":"Lombard Street"},"geometry":{"type":"LineString","coordinates":[[-122.424673,37.801346],[-122.424767,37.801338],[-122.424956,37.801315],[-122.425417,37.801256],[-122.426111,37.801167],[-122.426211,37.801156]]}},{"type":"Feature","properties":{"highway":"trunk","ref":"US 101","name":"Van Ness Avenue"},"geometry":{"type":"LineString","coordinates":[[-122.423344,37.794805],[-122.423332,37.794742],[-122.4233,37.794592],[-122.423286,37.794443],[-122.423278,37.794377],[-122.423204,37.793997],[-122.423179,37.793928]]}},{"type":"Feature","properties":{"highway":"trunk","ref":"US 101","name":"Van Ness Avenue"},"geometry":{"type":"LineString","coordinates":[[-122.42244,37.791316],[-122.422458,37.791394],[-122.422488,37.791524],[-122.422508,37.791753],[-122.422583,37.79213],[-122.422602,37.792195]]}},{"type":"Feature","properties":{"highway":"trunk","ref":"CA 1","name":"Park Presidio Boulevard"},"geometry":{"type":"LineString","coordinates":[[-122.472255,37.780606],[-122.472264,37.780728]]}},{"type":"Feature","properties":{"highway":"trunk","ref":"CA 1","name":"Park Presidio Boulevard"},"geometry":{"type":"LineString","coordinates":[[-122.471879,37.773414],[-122.471872,37.77331],[-122.47187,37.773281],[-122.471866,37.773243],[-122.471854,37.773135]]}},{"type":"Feature","properties":{"highway":"trunk","ref":"CA 1","name":"Park Presidio Boulevard"},"geometry":{"type":"LineString","coordinates":[[-122.472398,37.782591],[-122.472404,37.782691],[-122.472525,37.784363],[-122.472532,37.784458]]}},{"type":"Feature","properties":{"highway":"trunk","ref":"CA 1","name":"Park Presidio Boulevard"},"geometry":{"type":"LineString","coordinates":[[-122.472673,37.784451],[-122.472666,37.784359],[-122.472647,37.784094],[-122.472642,37.784018]]}},{"type":"Feature","properties":{"highway":"trunk","ref":"CA 1","name":"Park Presidio Boulevard"},"geometry":{"type":"LineString","coordinates":[[-122.47272,37.786317],[-122.47273,37.786219],[-122.472743,37.78609],[-122.472752,37.785972],[-122.472759,37.785827],[-122.472758,37.785684],[-122.472751,37.785534],[-122.472742,37.785387],[-122.472729,37.785231]]}},{"type":"Feature","properties":{"highway":"trunk","ref":"CA 1","name":"Park Presidio Boulevard"},"geometry":{"type":"LineString","coordinates":[[-122.472127,37.776866],[-122.472121,37.776775],[-122.472102,37.776512],[-122.472101,37.776494]]}},{"type":"Feature","properties":{"highway":"trunk","ref":"CA 1","name":"Park Presidio Boulevard"},"geometry":{"type":"LineString","coordinates":[[-122.472155,37.779221],[-122.472247,37.78051],[-122.472255,37.780606]]}},{"type":"Feature","properties":{"highway":"trunk","ref":"CA 1","name":"Park Presidio Boulevard"},"geometry":{"type":"LineString","coordinates":[[-122.472539,37.782585],[-122.472531,37.782491],[-122.472449,37.781341],[-122.472411,37.780826],[-122.472405,37.780721]]}},{"type":"Feature","properties":{"highway":"trunk","ref":"CA 1","name":"Park Presidio Boulevard"},"geometry":{"type":"LineString","coordinates":[[-122.471987,37.776873],[-122.471994,37.776981],[-122.472013,37.777244],[-122.472018,37.777309]]}},{"type":"Feature","properties":{"highway":"trunk","ref":"CA 1","name":"Park Presidio Boulevard"},"geometry":{"type":"LineString","coordinates":[[-122.47172,37.773142],[-122.471725,37.773248],[-122.471742,37.773467],[-122.471744,37.773498]]}},{"type":"Feature","properties":{"highway":"trunk","ref":"CA 1","name":"Park Presidio Boulevard"},"geometry":{"type":"LineString","coordinates":[[-122.472552,37.784745],[-122.472557,37.784813],[-122.472588,37.785245],[-122.4726,37.785393],[-122.47261,37.785539],[-122.472616,37.785686],[-122.472617,37.785825],[-122.47261,37.785966],[-122.4726,37.786107],[-122.472589,37.786226],[-122.472577,37.786323]]}},{"type":"Feature","properties":{"highway":"trunk","ref":"CA 1","name":"Park Presidio Boulevard"},"geometry":{"type":"LineString","coordinates":[[-122.471853,37.775009],[-122.47186,37.775115],[-122.47198,37.77678],[-122.471987,37.776873]]}},{"type":"Feature","properties":{"highway":"trunk","ref":"CA 1","name":"Park Presidio Boulevard"},"geometry":{"type":"LineString","coordinates":[[-122.472396,37.780599],[-122.472388,37.780503],[-122.47237,37.780244]]}},{"type":"Feature","properties":{"highway":"trunk","ref":"CA 1","name":"Park Presidio Boulevard"},"geometry":{"type":"LineString","coordinates":[[-122.472405,37.780721],[-122.472396,37.780599]]}},{"type":"Feature","properties":{"highway":"trunk","ref":"CA 1","name":"Park Presidio Boulevard"},"geometry":{"type":"LineString","coordinates":[[-122.472264,37.780728],[-122.47227,37.780832],[-122.472291,37.781095]]}},{"type":"Feature","properties":{"highway":"trunk","ref":"CA 1","name":"Crossover Drive"},"geometry":{"type":"LineString","coordinates":[[-122.477266,37.765455],[-122.477273,37.765555]]}},{"type":"Feature","properties":{"highway":"trunk","ref":"CA 1","name":"Park Presidio Boulevard"},"geometry":{"type":"LineString","coordinates":[[-122.472262,37.778736],[-122.472254,37.778644],[-122.472135,37.776978],[-122.472127,37.776866]]}},{"type":"Feature","properties":{"highway":"trunk","ref":"CA 1","name":"19th Avenue"},"geometry":{"type":"LineString","coordinates":[[-122.476973,37.761654],[-122.476977,37.761694],[-122.476979,37.76171]]}},{"type":"Feature","properties":{"highway":"trunk","ref":"CA 1","name":"Crossover Drive"},"geometry":{"type":"LineString","coordinates":[[-122.477365,37.766318],[-122.477392,37.766396],[-122.47742,37.766465],[-122.47745,37.766532],[-122.477488,37.766602],[-122.477529,37.766668],[-122.477572,37.766735],[-122.47762,37.7668],[-122.477838,37.767103],[-122.477886,37.767174],[-122.477933,37.76725],[-122.477972,37.767317],[-122.478008,37.767385],[-122.478041,37.767452],[-122.478075,37.767527],[-122.478105,37.7676],[-122.478132,37.767672],[-122.478157,37.76775],[-122.478181,37.767828],[-122.478201,37.767909],[-122.478217,37.767982],[-122.47823,37.768052],[-122.478241,37.76813],[-122.478248,37.768202],[-122.478293,37.768693],[-122.478303,37.76879],[-122.478313,37.768889],[-122.478328,37.768989],[-122.478346,37.769075],[-122.478367,37.769161],[-122.47839,37.769244],[-122.478415,37.769321],[-122.478443,37.769399],[-122.478476,37.769483],[-122.478509,37.769556],[-122.478545,37.76963],[-122.478583,37.769703],[-122.478737,37.769976]]}},{"type":"Feature","properties":{"highway":"trunk","ref":"CA 1","name":"Crossover Drive"},"geometry":{"type":"LineString","coordinates":[[-122.477438,37.766053],[-122.477429,37.765963],[-122.477428,37.765937]]}},{"type":"Feature","properties":{"highway":"trunk","ref":"CA 1","name":"19th Avenue"},"geometry":{"type":"LineString","coordinates":[[-122.477087,37.761646],[-122.477082,37.761601],[-122.477077,37.761536],[-122.477071,37.761463],[-122.47706,37.761371],[-122.476943,37.760298],[-122.476928,37.760164],[-122.476915,37.760036],[-122.476907,37.759937],[-122.4769,37.759841]]}},{"type":"Feature","properties":{"highway":"trunk","ref":"CA 1","name":"19th Avenue"},"geometry":{"type":"LineString","coordinates":[[-122.477136,37.763572],[-122.477144,37.763662],[-122.477159,37.763897],[-122.477237,37.765022],[-122.477252,37.765246],[-122.477259,37.765347]]}},{"type":"Feature","properties":{"highway":"trunk","ref":"CA 1","name":"19th Avenue"},"geometry":{"type":"LineString","coordinates":[[-122.477258,37.763567],[-122.477258,37.763478],[-122.477251,37.763359],[-122.477199,37.762628],[-122.477188,37.762498],[-122.477174,37.762365],[-122.477116,37.761852],[-122.47711,37.761804],[-122.477104,37.761753]]}},{"type":"Feature","properties":{"highway":"trunk","ref":"CA 1","name":"Crossover Drive"},"geometry":{"type":"LineString","coordinates":[[-122.479558,37.771338],[-122.479539,37.771248],[-122.479512,37.771163],[-122.479471,37.771065]]}},{"type":"Feature","properties":{"highway":"trunk","ref":"CA 1","name":"19th Avenue"},"geometry":{"type":"LineString","coordinates":[[-122.476985,37.761762],[-122.47699,37.761809],[-122.477054,37.762378],[-122.477068,37.762507],[-122.477079,37.762637],[-122.47711,37.763089],[-122.47713,37.763389],[-122.477133,37.76345]]}},{"type":"Feature","properties":{"highway":"trunk","ref":"CA 1","name":"19th Avenue"},"geometry":{"type":"LineString","coordinates":[[-122.476519,37.756114],[-122.476526,37.756209],[-122.476644,37.757861],[-122.476646,37.757892],[-122.476654,37.757985]]}},{"type":"Feature","properties":{"highway":"trunk","ref":"CA 1","name":"19th Avenue"},"geometry":{"type":"LineString","coordinates":[[-122.476118,37.74865],[-122.476112,37.748564],[-122.476097,37.748343],[-122.47608,37.748106],[-122.476058,37.747813],[-122.476036,37.747516],[-122.475994,37.746882],[-122.475988,37.746787]]}},{"type":"Feature","properties":{"highway":"trunk","ref":"CA 1","name":"19th Avenue"},"geometry":{"type":"LineString","coordinates":[[-122.4769,37.759841],[-122.476894,37.759738],[-122.476887,37.759638],[-122.476877,37.759505],[-122.476845,37.75905],[-122.476807,37.758508],[-122.476794,37.758313],[-122.476777,37.758068],[-122.476769,37.757981]]}},{"type":"Feature","properties":{"highway":"trunk","ref":"CA 1","name":"19th Avenue"},"geometry":{"type":"LineString","coordinates":[[-122.475999,37.748655],[-122.476006,37.748747],[-122.476119,37.750402],[-122.476122,37.750433],[-122.47613,37.750522]]}},{"type":"Feature","properties":{"highway":"trunk","ref":"CA 1","name":"19th Avenue"},"geometry":{"type":"LineString","coordinates":[[-122.475988,37.746787],[-122.475982,37.746698],[-122.475967,37.746487],[-122.475869,37.745081],[-122.475863,37.745011],[-122.475855,37.744918]]}},{"type":"Feature","properties":{"highway":"trunk","ref":"CA 1","name":"19th Avenue"},"geometry":{"type":"LineString","coordinates":[[-122.475855,37.744918],[-122.475849,37.744834],[-122.475845,37.744776],[-122.475833,37.744583],[-122.475763,37.743582],[-122.475761,37.743543],[-122.475747,37.743345],[-122.475741,37.743258],[-122.475734,37.743155],[-122.47573,37.743127]]}},{"type":"Feature","properties":{"highway":"trunk","ref":"CA 1","name":"19th Avenue"},"geometry":{"type":"LineString","coordinates":[[-122.476506,37.754243],[-122.4765,37.754156],[-122.476486,37.753944],[-122.476479,37.753834],[-122.476384,37.752479],[-122.476377,37.752378]]}},{"type":"Feature","properties":{"highway":"trunk","ref":"CA 1","name":"19th Avenue"},"geometry":{"type":"LineString","coordinates":[[-122.476769,37.757981],[-122.476763,37.757888],[-122.476749,37.757695],[-122.476702,37.757046],[-122.476687,37.75684],[-122.47668,37.756747],[-122.476649,37.756236],[-122.476647,37.756204],[-122.47664,37.75611]]}},{"type":"Feature","properties":{"highway":"trunk","ref":"CA 1","name":"19th Avenue"},"geometry":{"type":"LineString","coordinates":[[-122.475868,37.746792],[-122.475875,37.746885],[-122.47599,37.748502],[-122.475994,37.748568],[-122.475999,37.748655]]}},{"type":"Feature","properties":{"highway":"trunk","ref":"CA 1","name":"19th Avenue"},"geometry":{"type":"LineString","coordinates":[[-122.47574,37.744923],[-122.475747,37.745016],[-122.475761,37.745225],[-122.475859,37.746665],[-122.475861,37.746702],[-122.475868,37.746792]]}},{"type":"Feature","properties":{"highway":"trunk","ref":"CA 1","name":"19th Avenue"},"geometry":{"type":"LineString","coordinates":[[-122.476391,37.754249],[-122.476397,37.754343],[-122.476513,37.756006],[-122.476514,37.756025],[-122.476519,37.756114]]}},{"type":"Feature","properties":{"highway":"trunk","ref":"CA 1","name":"19th Avenue"},"geometry":{"type":"LineString","coordinates":[[-122.476377,37.752378],[-122.47637,37.752291],[-122.476357,37.752092],[-122.476323,37.751658],[-122.476252,37.750602],[-122.476246,37.750517]]}},{"type":"Feature","properties":{"highway":"trunk","ref":"CA 1","name":"19th Avenue"},"geometry":{"type":"LineString","coordinates":[[-122.476654,37.757985],[-122.476655,37.758071],[-122.476742,37.759316],[-122.476771,37.759744],[-122.476777,37.759845]]}},{"type":"Feature","properties":{"highway":"trunk","ref":"CA 1","name":"19th Avenue"},"geometry":{"type":"LineString","coordinates":[[-122.476246,37.750517],[-122.47624,37.750425],[-122.476226,37.750215],[-122.476134,37.748912],[-122.476124,37.748744],[-122.476118,37.74865]]}},{"type":"Feature","properties":{"highway":"trunk","ref":"CA 1","name":"19th Avenue"},"geometry":{"type":"LineString","coordinates":[[-122.47613,37.750522],[-122.476136,37.750608],[-122.476254,37.752292],[-122.476254,37.7523],[-122.47626,37.752384]]}},{"type":"Feature","properties":{"highway":"trunk","ref":"CA 1","name":"19th Avenue"},"geometry":{"type":"LineString","coordinates":[[-122.476777,37.759845],[-122.476785,37.759943],[-122.476818,37.76028],[-122.476945,37.761403],[-122.476965,37.761585],[-122.476968,37.76161],[-122.476973,37.761654]]}},{"type":"Feature","properties":{"highway":"trunk","ref":"CA 1","name":"19th Avenue"},"geometry":{"type":"LineString","coordinates":[[-122.47626,37.752384],[-122.476267,37.752482],[-122.476274,37.752588],[-122.47628,37.752687],[-122.476288,37.752783],[-122.476379,37.75412],[-122.476383,37.754164],[-122.476391,37.754249]]}},{"type":"Feature","properties":{"highway":"trunk","ref":"CA 1","name":"19th Avenue"},"geometry":{"type":"LineString","coordinates":[[-122.47664,37.75611],[-122.476634,37.756022],[-122.476525,37.754499],[-122.476513,37.754338],[-122.476506,37.754243]]}},{"type":"Feature","properties":{"highway":"trunk","ref":"CA 1","name":"19th Avenue"},"geometry":{"type":"LineString","coordinates":[[-122.474822,37.731091],[-122.474827,37.731184],[-122.474895,37.732142],[-122.474895,37.732155]]}},{"type":"Feature","properties":{"highway":"trunk","ref":"CA 1","name":"19th Avenue"},"geometry":{"type":"LineString","coordinates":[[-122.475719,37.742997],[-122.475716,37.742956],[-122.475697,37.74261],[-122.475688,37.742457],[-122.475685,37.742384],[-122.475679,37.742249],[-122.475644,37.741454],[-122.475639,37.741347],[-122.475635,37.741285],[-122.475628,37.741188]]}},{"type":"Feature","properties":{"highway":"trunk","ref":"CA 1","name":"19th Avenue"},"geometry":{"type":"LineString","coordinates":[[-122.475628,37.741188],[-122.475621,37.741101],[-122.475521,37.739652],[-122.475505,37.739416],[-122.475499,37.739324]]}},{"type":"Feature","properties":{"highway":"trunk","ref":"CA 1","name":"19th Avenue"},"geometry":{"type":"LineString","coordinates":[[-122.475613,37.743131],[-122.475615,37.74316],[-122.475625,37.743313],[-122.475734,37.744839],[-122.47574,37.744923]]}},{"type":"Feature","properties":{"highway":"trunk","ref":"CA 1","name":"19th Avenue"},"geometry":{"type":"LineString","coordinates":[[-122.475508,37.741193],[-122.475516,37.741289],[-122.475531,37.741513],[-122.47556,37.74225],[-122.475566,37.742388],[-122.475574,37.742523],[-122.475601,37.742962],[-122.475604,37.743008]]}},{"type":"Feature","properties":{"highway":"trunk","ref":"CA 1","name":"19th Avenue"},"geometry":{"type":"LineString","coordinates":[[-122.475229,37.73473],[-122.475199,37.734558]]}},{"type":"Feature","properties":{"highway":"trunk","ref":"CA 1","name":"19th Avenue"},"geometry":{"type":"LineString","coordinates":[[-122.475379,37.739328],[-122.475385,37.739421],[-122.4755,37.741106],[-122.475508,37.741193]]}},{"type":"Feature","properties":{"highway":"trunk","ref":"CA 1","name":"19th Avenue"},"geometry":{"type":"LineString","coordinates":[[-122.475036,37.732492],[-122.475037,37.732383],[-122.474959,37.731268],[-122.474955,37.731184],[-122.474947,37.731083]]}},{"type":"Feature","properties":{"highway":"trunk","ref":"CA 1","name":"19th Avenue"},"geometry":{"type":"LineString","coordinates":[[-122.475003,37.733676],[-122.475049,37.734337],[-122.475056,37.734457],[-122.475057,37.734477],[-122.475063,37.734559]]}},{"type":"Feature","properties":{"highway":"trunk","ref":"CA 1","name":"19th Avenue"},"geometry":{"type":"LineString","coordinates":[[-122.475383,37.737464],[-122.475381,37.737373],[-122.475378,37.737188],[-122.475377,37.73712],[-122.475375,37.737054],[-122.475373,37.736988],[-122.475371,37.73692],[-122.475368,37.736851],[-122.475364,37.736785],[-122.475357,37.736665]]}},{"type":"Feature","properties":{"highway":"trunk","ref":"CA 1","name":"19th Avenue"},"geometry":{"type":"LineString","coordinates":[[-122.475077,37.734727],[-122.475083,37.734818],[-122.475099,37.735037],[-122.475133,37.735616],[-122.475158,37.736018],[-122.475195,37.736627],[-122.475237,37.737334],[-122.47524,37.73738],[-122.475246,37.73747]]}},{"type":"Feature","properties":{"highway":"trunk","ref":"CA 1","name":"19th Avenue"},"geometry":{"type":"LineString","coordinates":[[-122.475246,37.73747],[-122.475255,37.73758],[-122.47537,37.739209],[-122.475372,37.739245],[-122.475379,37.739328]]}},{"type":"Feature","properties":{"highway":"trunk","ref":"CA 1","name":"19th Avenue"},"geometry":{"type":"LineString","coordinates":[[-122.474947,37.731083],[-122.474938,37.730974],[-122.474897,37.730419],[-122.474887,37.730284],[-122.474883,37.730218],[-122.474879,37.73015],[-122.474876,37.730087],[-122.474875,37.73002],[-122.474876,37.729954],[-122.47488,37.72989],[-122.474886,37.729758],[-122.474894,37.729621],[-122.474927,37.729041],[-122.474929,37.728986]]}},{"type":"Feature","properties":{"highway":"trunk","ref":"CA 1","name":"19th Avenue"},"geometry":{"type":"LineString","coordinates":[[-122.47537,37.720943],[-122.475372,37.72085],[-122.475386,37.720515],[-122.475388,37.720433],[-122.475383,37.720351]]}},{"type":"Feature","properties":{"highway":"trunk","ref":"CA 1","name":"19th Avenue"},"geometry":{"type":"LineString","coordinates":[[-122.475087,37.721596],[-122.475055,37.722144],[-122.474953,37.724114],[-122.47491,37.724914],[-122.474886,37.72536],[-122.474876,37.72549],[-122.474864,37.725629],[-122.474853,37.725757],[-122.47484,37.72589],[-122.474829,37.726007],[-122.474822,37.7261]]}},{"type":"Feature","properties":{"highway":"trunk","ref":"CA 1","name":"19th Avenue"},"geometry":{"type":"LineString","coordinates":[[-122.47537,37.720263],[-122.475354,37.720187],[-122.47533,37.720101],[-122.475305,37.720027],[-122.475269,37.719935],[-122.475213,37.719828],[-122.475133,37.719704],[-122.475045,37.719597],[-122.474905,37.719444],[-122.474244,37.718749],[-122.474101,37.718596],[-122.473715,37.718167],[-122.473617,37.718056],[-122.473537,37.71797],[-122.473444,37.717872]]}},{"type":"Feature","properties":{"highway":"motorway","ref":"US 101;CA 1","name":"Presidio Parkway"},"geometry":{"type":"LineString","coordinates":[[-122.475005,37.806945],[-122.475025,37.806967],[-122.475047,37.806989],[-122.475149,37.80709],[-122.475255,37.80719],[-122.475274,37.807208]]}},{"type":"Feature","properties":{"highway":"motorway_link","ref":null,"name":null},"geometry":{"type":"LineString","coordinates":[[-122.474331,37.806993],[-122.47458,37.806876],[-122.474596,37.806869],[-122.474611,37.806863],[-122.474626,37.806857],[-122.474641,37.806852],[-122.474656,37.806847],[-122.47467,37.806844],[-122.474684,37.806843],[-122.474698,37.806842],[-122.474712,37.806843],[-122.474724,37.806844],[-122.474738,37.806846],[-122.474752,37.80685],[-122.474766,37.806854],[-122.474779,37.806858],[-122.475005,37.806945]]}},{"type":"Feature","properties":{"highway":"motorway_link","ref":null,"name":null},"geometry":{"type":"LineString","coordinates":[[-122.392962,37.785116],[-122.3931,37.785097],[-122.393235,37.785084],[-122.393371,37.785079],[-122.393502,37.78508],[-122.393626,37.785087],[-122.393759,37.785101],[-122.39389,37.785122],[-122.394016,37.78515],[-122.394137,37.785182],[-122.394256,37.78522],[-122.39437,37.785262],[-122.394474,37.785308],[-122.394571,37.785358],[-122.394664,37.78541],[-122.394767,37.785477],[-122.394852,37.785538],[-122.394933,37.785602],[-122.395372,37.785952]]}},{"type":"Feature","properties":{"highway":"motorway_link","ref":null,"name":null},"geometry":{"type":"LineString","coordinates":[[-122.395758,37.78626],[-122.395817,37.786311],[-122.395874,37.786365],[-122.395926,37.786421],[-122.39597,37.786481],[-122.396005,37.786547],[-122.396033,37.786612],[-122.396052,37.786679],[-122.396064,37.786749],[-122.396068,37.786818],[-122.396062,37.786882],[-122.396048,37.786945],[-122.396032,37.787004],[-122.396009,37.787063],[-122.395978,37.787113],[-122.395943,37.787161],[-122.395902,37.787205],[-122.395851,37.787252],[-122.395798,37.787295]]}},{"type":"Feature","properties":{"highway":"motorway","ref":"US 101","name":"Central Freeway"},"geometry":{"type":"LineString","coordinates":[[-122.410677,37.769432],[-122.411333,37.769505],[-122.411792,37.769541],[-122.411986,37.769548],[-122.412326,37.769559],[-122.415387,37.769622],[-122.415725,37.769635]]}},{"type":"Feature","properties":{"highway":"motorway_link","ref":"US 101","name":null},"geometry":{"type":"LineString","coordinates":[[-122.419444,37.77023],[-122.419542,37.770264],[-122.419605,37.770293],[-122.41965,37.770328],[-122.419717,37.770422],[-122.419735,37.770466],[-122.419746,37.770499],[-122.419752,37.770518],[-122.419772,37.770638]]}},{"type":"Feature","properties":{"highway":"motorway","ref":"US 101","name":null},"geometry":{"type":"LineString","coordinates":[[-122.409408,37.769096],[-122.409157,37.768996],[-122.408985,37.768952],[-122.40886,37.768924],[-122.408736,37.7689],[-122.40861,37.768877],[-122.408471,37.768853],[-122.408291,37.768829],[-122.408174,37.768816]]}},{"type":"Feature","properties":{"highway":"trunk_link","ref":null,"name":null},"geometry":{"type":"LineString","coordinates":[[-122.472189,37.713025],[-122.472213,37.713011],[-122.472236,37.712999],[-122.47226,37.712989],[-122.472282,37.712982],[-122.472305,37.712976],[-122.472327,37.712971],[-122.472349,37.712969],[-122.472369,37.712968],[-122.47239,37.712969],[-122.472411,37.71297],[-122.472431,37.712974],[-122.472452,37.712979],[-122.472471,37.712985],[-122.472488,37.712992],[-122.472505,37.713],[-122.472521,37.713009],[-122.472789,37.713165]]}},{"type":"Feature","properties":{"highway":"motorway","ref":"I 80","name":"Route 80"},"geometry":{"type":"LineString","coordinates":[[-122.39183,37.785473],[-122.391849,37.785461]]}},{"type":"Feature","properties":{"highway":"motorway","ref":"CA 1","name":"Junipero Serra Boulevard"},"geometry":{"type":"LineString","coordinates":[[-122.471833,37.703134],[-122.471828,37.703013],[-122.471812,37.702686],[-122.471791,37.702073],[-122.471752,37.701051],[-122.471717,37.700245],[-122.471699,37.699852],[-122.47169,37.699722],[-122.471679,37.699588],[-122.471667,37.699457],[-122.471655,37.699326],[-122.471642,37.699196],[-122.471619,37.698987],[-122.471601,37.698783],[-122.471536,37.697607]]}},{"type":"Feature","properties":{"highway":"motorway","ref":"I 280;CA 1","name":"Junipero Serra Freeway"},"geometry":{"type":"LineString","coordinates":[[-122.471093,37.697215],[-122.471127,37.697326],[-122.471156,37.697427],[-122.471191,37.697559],[-122.471219,37.697685],[-122.471244,37.697816],[-122.471264,37.697943],[-122.471278,37.698072],[-122.471288,37.698202],[-122.471294,37.698332],[-122.4713,37.698464],[-122.471422,37.700611]]}},{"type":"Feature","properties":{"highway":"motorway","ref":"US 101","name":"James Lick Freeway"},"geometry":{"type":"LineString","coordinates":[[-122.404749,37.746409],[-122.405025,37.745512],[-122.405064,37.745388],[-122.405108,37.74526],[-122.405151,37.745136],[-122.405202,37.745008],[-122.405255,37.744889],[-122.405311,37.744768],[-122.405372,37.744642],[-122.405438,37.74452],[-122.405507,37.7444],[-122.405578,37.744283],[-122.405655,37.744165],[-122.405733,37.74405],[-122.405816,37.743934],[-122.405899,37.743825],[-122.405989,37.743713],[-122.406081,37.743602],[-122.406915,37.742612],[-122.406957,37.742561],[-122.407004,37.742503],[-122.407091,37.742391],[-122.407173,37.742277],[-122.407255,37.742158],[-122.407334,37.742039],[-122.407407,37.74192],[-122.407477,37.741801],[-122.407563,37.741679],[-122.407654,37.741548],[-122.407748,37.741357],[-122.407988,37.740553]]}},{"type":"Feature","properties":{"highway":"motorway","ref":"US 101","name":"James Lick Freeway"},"geometry":{"type":"LineString","coordinates":[[-122.396043,37.712618],[-122.396111,37.712739],[-122.396181,37.712857],[-122.396255,37.712979],[-122.396331,37.713096],[-122.39641,37.713213],[-122.396492,37.713325],[-122.396577,37.713439],[-122.396661,37.713549],[-122.396751,37.713661],[-122.396837,37.713766]]}},{"type":"Feature","properties":{"highway":"motorway","ref":"US 101","name":"James Lick Freeway"},"geometry":{"type":"LineString","coordinates":[[-122.407699,37.740917],[-122.407654,37.741043],[-122.407606,37.741166],[-122.407554,37.741293],[-122.407501,37.741412],[-122.407442,37.741536],[-122.407379,37.741658],[-122.407314,37.741776],[-122.407246,37.741893],[-122.407169,37.742013],[-122.407095,37.742124],[-122.407009,37.742245],[-122.406927,37.742354],[-122.406835,37.742467],[-122.406746,37.742575],[-122.406658,37.742682],[-122.406561,37.742797],[-122.406109,37.743334],[-122.406015,37.743447],[-122.405925,37.743553],[-122.405835,37.743663],[-122.405744,37.743776],[-122.405657,37.743892],[-122.405572,37.744009],[-122.405502,37.744111]]}},{"type":"Feature","properties":{"highway":"motorway","ref":"US 101","name":"James Lick Freeway"},"geometry":{"type":"LineString","coordinates":[[-122.399573,37.718527],[-122.399194,37.71711],[-122.399155,37.716974],[-122.399118,37.716853],[-122.399076,37.716729],[-122.399028,37.716597],[-122.398979,37.716471],[-122.398925,37.71634],[-122.398871,37.716219],[-122.398813,37.716096],[-122.398752,37.715972],[-122.398689,37.715854],[-122.398624,37.715737],[-122.398552,37.715611],[-122.398478,37.715489],[-122.398401,37.715371],[-122.398325,37.715257],[-122.398241,37.715139],[-122.398158,37.715026],[-122.398072,37.714913],[-122.397982,37.714801],[-122.397612,37.714359]]}},{"type":"Feature","properties":{"highway":"motorway","ref":"I 80","name":"Route 80"},"geometry":{"type":"LineString","coordinates":[[-122.392784,37.784844],[-122.39158,37.785582]]}},{"type":"Feature","properties":{"highway":"motorway","ref":"I 80","name":"Route 80"},"geometry":{"type":"LineString","coordinates":[[-122.406576,37.773092],[-122.406561,37.773286],[-122.406528,37.773455],[-122.406478,37.773658],[-122.406412,37.773844],[-122.406334,37.774028],[-122.406232,37.774237],[-122.406128,37.77443],[-122.406013,37.774625],[-122.405882,37.77482],[-122.405731,37.775023],[-122.405554,37.775247],[-122.405356,37.775473],[-122.405139,37.775694],[-122.404931,37.775888],[-122.404754,37.776047],[-122.404542,37.77622],[-122.404336,37.776381]]}},{"type":"Feature","properties":{"highway":"motorway","ref":"US 101","name":"James Lick Freeway"},"geometry":{"type":"LineString","coordinates":[[-122.402483,37.726603],[-122.402029,37.72542],[-122.401475,37.723991]]}},{"type":"Feature","properties":{"highway":"motorway","ref":"US 101","name":"James Lick Freeway"},"geometry":{"type":"LineString","coordinates":[[-122.401564,37.72497],[-122.401794,37.72553],[-122.401829,37.725634],[-122.402648,37.727813]]}},{"type":"Feature","properties":{"highway":"motorway","ref":"I 80","name":"Route 80"},"geometry":{"type":"LineString","coordinates":[[-122.406259,37.771684],[-122.406331,37.771834],[-122.406392,37.771978],[-122.406449,37.772123],[-122.406498,37.772284],[-122.406546,37.772495],[-122.40657,37.772803],[-122.406576,37.773092]]}},{"type":"Feature","properties":{"highway":"motorway","ref":"I 280","name":"John F Foran Freeway"},"geometry":{"type":"LineString","coordinates":[[-122.394533,37.766306],[-122.394305,37.766094],[-122.394091,37.765873],[-122.3939,37.765655],[-122.393758,37.765474],[-122.393626,37.765292],[-122.393508,37.765111],[-122.393394,37.764914],[-122.393294,37.764727],[-122.393207,37.764538],[-122.393121,37.76432],[-122.393044,37.764089],[-122.39298,37.763831],[-122.392921,37.76356],[-122.392882,37.763358],[-122.392855,37.763171]]}},{"type":"Feature","properties":{"highway":"motorway","ref":"I 280","name":"John F Foran Freeway"},"geometry":{"type":"LineString","coordinates":[[-122.412335,37.733413],[-122.412442,37.733356],[-122.412755,37.733193],[-122.412892,37.733123],[-122.413038,37.733048],[-122.41318,37.732979]]}},{"type":"Feature","properties":{"highway":"motorway","ref":"I 280","name":"John F Foran Freeway"},"geometry":{"type":"LineString","coordinates":[[-122.395292,37.766915],[-122.394719,37.76646],[-122.394533,37.766306]]}},{"type":"Feature","properties":{"highway":"motorway","ref":"I 280","name":"John F Foran Freeway"},"geometry":{"type":"LineString","coordinates":[[-122.414505,37.732424],[-122.414661,37.732376],[-122.414819,37.732329],[-122.414978,37.732287],[-122.415136,37.732247],[-122.4153,37.73221],[-122.415459,37.732178],[-122.41564,37.732146],[-122.415787,37.732122],[-122.415952,37.732099],[-122.41612,37.73208],[-122.416279,37.732064],[-122.416447,37.732051],[-122.416616,37.732042],[-122.41678,37.732036],[-122.416946,37.732032],[-122.417139,37.732034],[-122.417302,37.732036],[-122.417468,37.732037],[-122.418612,37.732051],[-122.418768,37.732053],[-122.418944,37.732054],[-122.419106,37.732056],[-122.419273,37.732056],[-122.419436,37.732055],[-122.4196,37.73205],[-122.419767,37.732043],[-122.419926,37.732034],[-122.420092,37.732022],[-122.420254,37.732007],[-122.420418,37.731991],[-122.42058,37.731973],[-122.42074,37.731953],[-122.420903,37.731929],[-122.421062,37.731904],[-122.421225,37.731879],[-122.421384,37.731853],[-122.421548,37.731828],[-122.421712,37.731803],[-122.421872,37.731778],[-122.422029,37.731753],[-122.422195,37.731728],[-122.422357,37.731703],[-122.422516,37.731679],[-122.42268,37.731656],[-122.422844,37.731636],[-122.423008,37.731617],[-122.42317,37.731601],[-122.423334,37.731588],[-122.423498,37.731575],[-122.423666,37.731565],[-122.423828,37.731556],[-122.423994,37.73155],[-122.424159,37.731547],[-122.424325,37.731544],[-122.424487,37.731544],[-122.424652,37.731546],[-122.424817,37.73155],[-122.424981,37.731555],[-122.425136,37.731563],[-122.425309,37.731574],[-122.425473,37.731586],[-122.425641,37.731601],[-122.425802,37.731616],[-122.425967,37.731634],[-122.426128,37.731655],[-122.426288,37.731677],[-122.42646,37.731702],[-122.426609,37.731726],[-122.426777,37.731755],[-122.426932,37.731784],[-122.4271,37.731818],[-122.428844,37.732174],[-122.429001,37.732206],[-122.429169,37.732238],[-122.429327,37.732264],[-122.429481,37.732287],[-122.429646,37.732307],[-122.429811,37.732325],[-122.429971,37.732341],[-122.430132,37.732352],[-122.430299,37.732361],[-122.430464,37.732367],[-122.430628,37.73237],[-122.43079,37.73237],[-122.430948,37.732366],[-122.431117,37.732359],[-122.431274,37.732351],[-122.431436,37.732339],[-122.431536,37.73233]]}},{"type":"Feature","properties":{"highway":"motorway","ref":"I 280","name":"John F Foran Freeway"},"geometry":{"type":"LineString","coordinates":[[-122.440574,37.729733],[-122.44072,37.729675],[-122.440868,37.729614],[-122.44101,37.729557],[-122.441158,37.729496],[-122.441301,37.729436],[-122.441447,37.729375],[-122.441595,37.729311],[-122.441735,37.729252],[-122.441882,37.729187],[-122.442025,37.729124],[-122.442166,37.729061],[-122.442313,37.728996],[-122.442456,37.728931],[-122.442599,37.728865],[-122.442737,37.7288],[-122.442881,37.728732],[-122.443017,37.728666],[-122.443158,37.728596],[-122.443293,37.728526],[-122.443434,37.72845],[-122.443564,37.728377],[-122.4437,37.728297],[-122.443829,37.728219],[-122.443956,37.728139],[-122.444084,37.728056],[-122.444209,37.727971],[-122.44433,37.727886],[-122.444454,37.727795],[-122.44457,37.727706],[-122.444684,37.727617],[-122.444802,37.727521],[-122.444917,37.727427],[-122.445027,37.727333],[-122.445139,37.727235],[-122.445246,37.727136],[-122.445353,37.727037],[-122.445454,37.726939],[-122.445557,37.726836],[-122.445657,37.726734],[-122.445763,37.726621],[-122.446154,37.726158]]}},{"type":"Feature","properties":{"highway":"motorway","ref":"I 280","name":"John F Foran Freeway"},"geometry":{"type":"LineString","coordinates":[[-122.41318,37.732979],[-122.413323,37.73291],[-122.413464,37.732843],[-122.413613,37.732775],[-122.413755,37.732711],[-122.413904,37.732647],[-122.414056,37.732586],[-122.414201,37.73253],[-122.414358,37.732474],[-122.414505,37.732424]]}},{"type":"Feature","properties":{"highway":"motorway","ref":"I 280","name":"John F Foran Freeway"},"geometry":{"type":"LineString","coordinates":[[-122.452867,37.71293],[-122.453559,37.712343],[-122.453672,37.712248],[-122.453787,37.712151],[-122.453905,37.712056],[-122.454016,37.711968],[-122.45414,37.711875],[-122.454257,37.71179],[-122.454377,37.711709],[-122.454514,37.711624],[-122.454652,37.711543],[-122.454782,37.711472],[-122.454923,37.711398],[-122.45506,37.71133],[-122.455203,37.711264],[-122.455344,37.711204],[-122.455396,37.711182]]}},{"type":"Feature","properties":{"highway":"motorway","ref":"I 280","name":"Southern Embarcadero Freeway"},"geometry":{"type":"LineString","coordinates":[[-122.395091,37.767074],[-122.395902,37.767702],[-122.396651,37.768303],[-122.396844,37.768477],[-122.397007,37.768631],[-122.397149,37.76878],[-122.397276,37.768942],[-122.397374,37.769099],[-122.397451,37.769249],[-122.39753,37.76943],[-122.397604,37.769624],[-122.397659,37.769814],[-122.397695,37.769968],[-122.397726,37.770192]]}},{"type":"Feature","properties":{"highway":"motorway","ref":"I 280","name":"Southern Embarcadero Freeway"},"geometry":{"type":"LineString","coordinates":[[-122.40153,37.738],[-122.401292,37.738204],[-122.401049,37.738423],[-122.400822,37.738638],[-122.400599,37.738861],[-122.40038,37.739094],[-122.400115,37.739389],[-122.399725,37.739823],[-122.397149,37.742674]]}},{"type":"Feature","properties":{"highway":"motorway","ref":"I 280","name":"Southern Embarcadero Freeway"},"geometry":{"type":"LineString","coordinates":[[-122.393342,37.765352],[-122.393496,37.76557],[-122.393664,37.765781],[-122.393852,37.766001],[-122.394082,37.76624],[-122.394324,37.766459],[-122.394599,37.76669],[-122.395091,37.767074]]}},{"type":"Feature","properties":{"highway":"motorway","ref":"US 101","name":"James Lick Freeway"},"geometry":{"type":"LineString","coordinates":[[-122.39499,37.708947],[-122.395095,37.709423],[-122.395284,37.710258],[-122.395402,37.710772]]}},{"type":"Feature","properties":{"highway":"motorway_link","ref":null,"name":null},"geometry":{"type":"LineString","coordinates":[[-122.395431,37.708883],[-122.395404,37.70866],[-122.39537,37.708407]]}},{"type":"Feature","properties":{"highway":"motorway_link","ref":null,"name":null},"geometry":{"type":"LineString","coordinates":[[-122.395288,37.707333],[-122.395343,37.707272],[-122.395425,37.707223],[-122.395517,37.707186],[-122.395624,37.707165],[-122.395726,37.707164],[-122.395795,37.707177],[-122.395867,37.707214],[-122.395921,37.707256],[-122.396029,37.7073]]}},{"type":"Feature","properties":{"highway":"motorway","ref":"US 101","name":"James Lick Freeway"},"geometry":{"type":"LineString","coordinates":[[-122.395228,37.708914],[-122.395124,37.708441]]}},{"type":"Feature","properties":{"highway":"motorway","ref":"US 101","name":"James Lick Freeway"},"geometry":{"type":"LineString","coordinates":[[-122.395124,37.708441],[-122.395085,37.708256]]}},{"type":"Feature","properties":{"highway":"motorway","ref":"US 101","name":"James Lick Freeway"},"geometry":{"type":"LineString","coordinates":[[-122.394885,37.708481],[-122.39499,37.708947]]}},{"type":"Feature","properties":{"highway":"motorway","ref":"US 101","name":"James Lick Freeway"},"geometry":{"type":"LineString","coordinates":[[-122.395478,37.711104],[-122.395507,37.711224],[-122.395544,37.711358],[-122.395583,37.711491],[-122.395621,37.711611],[-122.395668,37.711745],[-122.395715,37.711875],[-122.395763,37.712002],[-122.39581,37.712121],[-122.395862,37.712244],[-122.395917,37.712365],[-122.395978,37.712493],[-122.396043,37.712618]]}},{"type":"Feature","properties":{"highway":"motorway","ref":"US 101","name":"James Lick Freeway"},"geometry":{"type":"LineString","coordinates":[[-122.395642,37.710737],[-122.395519,37.710213]]}},{"type":"Feature","properties":{"highway":"motorway","ref":"US 101","name":"James Lick Freeway"},"geometry":{"type":"LineString","coordinates":[[-122.395402,37.710772],[-122.395478,37.711104]]}},{"type":"Feature","properties":{"highway":"motorway","ref":"US 101","name":"James Lick Freeway"},"geometry":{"type":"LineString","coordinates":[[-122.395719,37.711075],[-122.395642,37.710737]]}},{"type":"Feature","properties":{"highway":"motorway_link","ref":null,"name":null},"geometry":{"type":"LineString","coordinates":[[-122.403124,37.749582],[-122.403163,37.749599],[-122.403196,37.74962],[-122.403228,37.749652],[-122.403246,37.74968],[-122.403255,37.74971],[-122.403257,37.749739],[-122.403252,37.749774],[-122.403165,37.750067],[-122.403131,37.750189],[-122.403091,37.750345],[-122.40292,37.751002],[-122.402865,37.751203],[-122.40283,37.751335],[-122.402795,37.751476],[-122.402727,37.751779],[-122.402714,37.752081]]}},{"type":"Feature","properties":{"highway":"motorway_link","ref":null,"name":null},"geometry":{"type":"LineString","coordinates":[[-122.469438,37.80012],[-122.469417,37.800384],[-122.469408,37.800464],[-122.469361,37.800788],[-122.469335,37.800987],[-122.469302,37.801247]]}},{"type":"Feature","properties":{"highway":"trunk","ref":"US 101","name":"Mission Street"},"geometry":{"type":"LineString","coordinates":[[-122.418627,37.77283],[-122.418533,37.772961]]}},{"type":"Feature","properties":{"highway":"trunk","ref":"US 101","name":"South Van Ness Avenue"},"geometry":{"type":"LineString","coordinates":[[-122.418033,37.770901],[-122.417948,37.770702],[-122.41788,37.7706],[-122.417802,37.770512],[-122.417751,37.770437],[-122.417729,37.770386]]}},{"type":"Feature","properties":{"highway":"trunk","ref":"US 101","name":"South Van Ness Avenue"},"geometry":{"type":"LineString","coordinates":[[-122.418725,37.773055],[-122.418627,37.77283]]}},{"type":"Feature","properties":{"highway":"trunk_link","ref":null,"name":null},"geometry":{"type":"LineString","coordinates":[[-122.447663,37.800801],[-122.447685,37.800918],[-122.447731,37.801179],[-122.447747,37.801243],[-122.447773,37.801312],[-122.447812,37.801388]]}},{"type":"Feature","properties":{"highway":"motorway_link","ref":"I 80","name":null},"geometry":{"type":"LineString","coordinates":[[-122.405952,37.770699],[-122.405843,37.770458],[-122.405805,37.770355],[-122.405758,37.770225],[-122.405724,37.770132],[-122.405692,37.770036],[-122.40567,37.769952],[-122.405649,37.769868],[-122.40563,37.769784],[-122.405609,37.76969],[-122.405592,37.769598],[-122.405578,37.769517],[-122.405565,37.769433],[-122.405552,37.76933],[-122.405541,37.769228],[-122.405302,37.766661]]}},{"type":"Feature","properties":{"highway":"motorway_link","ref":null,"name":null},"geometry":{"type":"LineString","coordinates":[[-122.470688,37.803757],[-122.470715,37.803737],[-122.470739,37.803716],[-122.470761,37.803693],[-122.47078,37.80367],[-122.470798,37.803644]]}},{"type":"Feature","properties":{"highway":"motorway","ref":"US 101;CA 1","name":"Presidio Parkway"},"geometry":{"type":"LineString","coordinates":[[-122.473967,37.8056],[-122.473918,37.805555],[-122.473814,37.805461],[-122.473698,37.805357],[-122.473591,37.805263],[-122.473479,37.805168],[-122.473367,37.805073],[-122.473256,37.80498],[-122.473142,37.804887],[-122.473027,37.804795],[-122.472911,37.804704],[-122.472793,37.804616],[-122.472674,37.804529],[-122.472551,37.804442],[-122.472491,37.8044]]}},{"type":"Feature","properties":{"highway":"motorway","ref":"US 101","name":"Presidio Parkway"},"geometry":{"type":"LineString","coordinates":[[-122.461517,37.801505],[-122.461339,37.801519]]}},{"type":"Feature","properties":{"highway":"motorway","ref":"US 101","name":"Presidio Parkway"},"geometry":{"type":"LineString","coordinates":[[-122.465272,37.80206],[-122.464734,37.801953]]}},{"type":"Feature","properties":{"highway":"motorway_link","ref":"CA 1","name":null},"geometry":{"type":"LineString","coordinates":[[-122.472363,37.804313],[-122.471953,37.804007],[-122.471887,37.803959],[-122.471819,37.803911],[-122.47175,37.803866],[-122.471683,37.803822],[-122.471615,37.803777],[-122.471545,37.803734],[-122.471486,37.803698],[-122.471415,37.803655],[-122.471346,37.803614],[-122.471274,37.803573],[-122.471203,37.803532],[-122.471131,37.803492],[-122.471059,37.803453],[-122.470979,37.80341],[-122.470908,37.803372],[-122.470834,37.803333],[-122.470735,37.803283],[-122.470634,37.803232],[-122.470518,37.803176],[-122.470396,37.803118],[-122.470325,37.803085],[-122.470254,37.80305],[-122.470189,37.803016],[-122.470122,37.802978],[-122.470056,37.802936],[-122.469987,37.802885],[-122.469932,37.802841],[-122.46988,37.802794],[-122.46983,37.802745],[-122.469782,37.802694],[-122.469738,37.802639],[-122.469701,37.802588],[-122.46966,37.802525],[-122.46963,37.80247],[-122.469597,37.802403],[-122.469573,37.802343],[-122.469552,37.802277],[-122.469537,37.802214],[-122.469525,37.802149],[-122.469516,37.802083],[-122.469512,37.802015],[-122.46951,37.801947],[-122.469506,37.801444],[-122.469504,37.801249]]}},{"type":"Feature","properties":{"highway":"motorway","ref":"US 101","name":"Presidio Parkway"},"geometry":{"type":"LineString","coordinates":[[-122.469721,37.803046],[-122.469603,37.803007],[-122.469478,37.802966],[-122.469351,37.802927],[-122.469224,37.802889],[-122.46911,37.802857],[-122.468987,37.802822],[-122.468851,37.802786],[-122.468715,37.802752],[-122.468577,37.80272],[-122.468431,37.802687],[-122.468292,37.802657],[-122.46816,37.80263],[-122.468034,37.802605],[-122.467909,37.80258]]}},{"type":"Feature","properties":{"highway":"motorway_link","ref":null,"name":null},"geometry":{"type":"LineString","coordinates":[[-122.449676,37.802299],[-122.449854,37.802565],[-122.450078,37.802816],[-122.450126,37.802866],[-122.450176,37.802914],[-122.450227,37.80296],[-122.450283,37.803007],[-122.450337,37.803048],[-122.450395,37.803089],[-122.450455,37.803127],[-122.450518,37.803165],[-122.45058,37.803201],[-122.450643,37.803234],[-122.450703,37.803263],[-122.450766,37.803293],[-122.450915,37.80336]]}},{"type":"Feature","properties":{"highway":"motorway_link","ref":null,"name":null},"geometry":{"type":"LineString","coordinates":[[-122.452216,37.803645],[-122.452264,37.803645],[-122.452346,37.803644],[-122.452382,37.803644]]}},{"type":"Feature","properties":{"highway":"motorway","ref":"US 101","name":"Presidio Parkway"},"geometry":{"type":"LineString","coordinates":[[-122.457672,37.802547],[-122.457172,37.802682],[-122.456845,37.802753],[-122.456479,37.802829],[-122.455941,37.802915],[-122.455445,37.802972]]}},{"type":"Feature","properties":{"highway":"motorway","ref":"US 101","name":"Presidio Parkway"},"geometry":{"type":"LineString","coordinates":[[-122.45731,37.802808],[-122.457439,37.802772]]}},{"type":"Feature","properties":{"highway":"motorway","ref":"US 101","name":"Presidio Parkway"},"geometry":{"type":"LineString","coordinates":[[-122.454206,37.803335],[-122.455368,37.803179],[-122.455925,37.803099],[-122.456428,37.803015],[-122.456798,37.802943],[-122.45731,37.802808]]}},{"type":"Feature","properties":{"highway":"motorway_link","ref":null,"name":null},"geometry":{"type":"LineString","coordinates":[[-122.467108,37.802616],[-122.467746,37.802804]]}},{"type":"Feature","properties":{"highway":"motorway","ref":"US 101","name":"Presidio Parkway"},"geometry":{"type":"LineString","coordinates":[[-122.449676,37.802299],[-122.449858,37.802475]]}},{"type":"Feature","properties":{"highway":"motorway_link","ref":null,"name":null},"geometry":{"type":"LineString","coordinates":[[-122.455445,37.802972],[-122.454534,37.80296],[-122.454262,37.802958]]}},{"type":"Feature","properties":{"highway":"motorway","ref":"US 101","name":"Presidio Parkway"},"geometry":{"type":"LineString","coordinates":[[-122.461553,37.801734],[-122.461823,37.801733],[-122.462027,37.801727],[-122.462279,37.801733],[-122.462531,37.801744],[-122.462713,37.801766],[-122.463021,37.801801],[-122.463456,37.801879],[-122.464133,37.802004]]}},{"type":"Feature","properties":{"highway":"motorway","ref":"US 101","name":"Presidio Parkway"},"geometry":{"type":"LineString","coordinates":[[-122.467108,37.802616],[-122.467765,37.802751]]}},{"type":"Feature","properties":{"highway":"motorway","ref":"US 101","name":"Presidio Parkway"},"geometry":{"type":"LineString","coordinates":[[-122.455445,37.802972],[-122.454954,37.803031],[-122.454548,37.803066],[-122.454263,37.80308]]}},{"type":"Feature","properties":{"highway":"motorway_link","ref":null,"name":null},"geometry":{"type":"LineString","coordinates":[[-122.46981,37.803586],[-122.469836,37.803609],[-122.469859,37.803631],[-122.469883,37.803653],[-122.469905,37.803674],[-122.469931,37.8037],[-122.469959,37.803723],[-122.469987,37.803745],[-122.470015,37.803764],[-122.470048,37.803782],[-122.470081,37.803798],[-122.470118,37.803813],[-122.470157,37.803826],[-122.470194,37.803837],[-122.470234,37.803846],[-122.470272,37.803852],[-122.470313,37.803857],[-122.470351,37.803859],[-122.470388,37.803859],[-122.470429,37.803856],[-122.47047,37.803849],[-122.470507,37.803841],[-122.470547,37.803829],[-122.470586,37.803815],[-122.470624,37.803798],[-122.470659,37.803777],[-122.470688,37.803757]]}},{"type":"Feature","properties":{"highway":"motorway","ref":"US 101","name":"Presidio Parkway"},"geometry":{"type":"LineString","coordinates":[[-122.469773,37.8033],[-122.469912,37.80335],[-122.47006,37.803406],[-122.470206,37.803463],[-122.47035,37.803521],[-122.470494,37.80358],[-122.470639,37.803642],[-122.47078,37.803705],[-122.470909,37.803765]]}},{"type":"Feature","properties":{"highway":"motorway_link","ref":null,"name":null},"geometry":{"type":"LineString","coordinates":[[-122.393108,37.78393],[-122.393156,37.783986],[-122.39319,37.784043],[-122.393206,37.784101],[-122.393207,37.784171],[-122.393197,37.784242],[-122.393179,37.784306]]}},{"type":"Feature","properties":{"highway":"motorway","ref":"I 80","name":"Dwight D. Eisenhower Highway"},"geometry":{"type":"LineString","coordinates":[[-122.367261,37.808058],[-122.367194,37.808121]]}},{"type":"Feature","properties":{"highway":"motorway_link","ref":null,"name":null},"geometry":{"type":"LineString","coordinates":[[-122.408677,37.768983],[-122.40844,37.768953],[-122.408203,37.768928],[-122.40808,37.768916]]}},{"type":"Feature","properties":{"highway":"motorway_link","ref":null,"name":null},"geometry":{"type":"LineString","coordinates":[[-122.391341,37.78557],[-122.39128,37.785631],[-122.391008,37.785918],[-122.390956,37.785967],[-122.390902,37.786017]]}},{"type":"Feature","properties":{"highway":"motorway_link","ref":null,"name":null},"geometry":{"type":"LineString","coordinates":[[-122.469316,37.71068],[-122.469431,37.710631],[-122.469544,37.710583],[-122.469783,37.710472]]}},{"type":"Feature","properties":{"highway":"motorway_link","ref":null,"name":null},"geometry":{"type":"LineString","coordinates":[[-122.404416,37.748132],[-122.404415,37.748071],[-122.404427,37.747993],[-122.404453,37.747896],[-122.404588,37.747406],[-122.404613,37.747285],[-122.404749,37.746409]]}},{"type":"Feature","properties":{"highway":"motorway_link","ref":null,"name":null},"geometry":{"type":"LineString","coordinates":[[-122.404415,37.748711],[-122.404125,37.748488],[-122.404051,37.748414]]}},{"type":"Feature","properties":{"highway":"motorway","ref":"I 280","name":"Southern Embarcadero Freeway"},"geometry":{"type":"LineString","coordinates":[[-122.39449,37.745427],[-122.394314,37.745653],[-122.394142,37.745884],[-122.39398,37.746114],[-122.393823,37.746348],[-122.393674,37.746586],[-122.393535,37.746826],[-122.391825,37.749856],[-122.391712,37.750087],[-122.391613,37.750327],[-122.391523,37.750575],[-122.391442,37.750826],[-122.391371,37.751087],[-122.391315,37.751347],[-122.391272,37.751617],[-122.391247,37.751875],[-122.391231,37.752145],[-122.391235,37.752409],[-122.391251,37.752668],[-122.39128,37.752911],[-122.391327,37.753173],[-122.391378,37.753416],[-122.391451,37.753681],[-122.391531,37.753923],[-122.391908,37.754965],[-122.391992,37.755232],[-122.392059,37.75549],[-122.392122,37.755751],[-122.392172,37.756019],[-122.39221,37.756266],[-122.392237,37.756491],[-122.392232,37.75679],[-122.392205,37.7573]]}},{"type":"Feature","properties":{"highway":"motorway_link","ref":null,"name":null},"geometry":{"type":"LineString","coordinates":[[-122.407165,37.736458],[-122.407156,37.736551],[-122.407151,37.736652],[-122.407155,37.736728],[-122.407167,37.736838],[-122.407197,37.736946],[-122.407241,37.737041],[-122.407335,37.737169]]}},{"type":"Feature","properties":{"highway":"motorway_link","ref":null,"name":null},"geometry":{"type":"LineString","coordinates":[[-122.408155,37.735885],[-122.407949,37.736148],[-122.407887,37.736226]]}},{"type":"Feature","properties":{"highway":"motorway","ref":"CA 1","name":"Junipero Serra Boulevard"},"geometry":{"type":"LineString","coordinates":[[-122.471269,37.70882],[-122.471288,37.708678],[-122.471306,37.708546],[-122.471338,37.708286]]}},{"type":"Feature","properties":{"highway":"trunk_link","ref":null,"name":null},"geometry":{"type":"LineString","coordinates":[[-122.471065,37.709214],[-122.470935,37.709433],[-122.470882,37.709505],[-122.470831,37.709573],[-122.470773,37.709637],[-122.470698,37.70971],[-122.470598,37.709797],[-122.470432,37.709934]]}},{"type":"Feature","properties":{"highway":"motorway","ref":"CA 1","name":"Junipero Serra Boulevard"},"geometry":{"type":"LineString","coordinates":[[-122.471052,37.708271],[-122.471049,37.708406],[-122.471049,37.708537],[-122.471051,37.708656]]}},{"type":"Feature","properties":{"highway":"motorway","ref":"CA 1","name":"Junipero Serra Boulevard"},"geometry":{"type":"LineString","coordinates":[[-122.471338,37.708286],[-122.471378,37.707964],[-122.471415,37.707671],[-122.471566,37.706412],[-122.47171,37.70523],[-122.471718,37.705169]]}},{"type":"Feature","properties":{"highway":"motorway_link","ref":null,"name":null},"geometry":{"type":"LineString","coordinates":[[-122.41992,37.770202],[-122.420176,37.770121]]}},{"type":"Feature","properties":{"highway":"motorway_link","ref":null,"name":null},"geometry":{"type":"LineString","coordinates":[[-122.397809,37.714926],[-122.397845,37.715163],[-122.397976,37.71537],[-122.398043,37.715491],[-122.398103,37.715606],[-122.398166,37.715728],[-122.39823,37.71586],[-122.398308,37.716063],[-122.39836,37.716226],[-122.398395,37.71638],[-122.398419,37.71651],[-122.398433,37.716644],[-122.398448,37.716928],[-122.398481,37.717402],[-122.3985,37.717565],[-122.398527,37.717708],[-122.398564,37.717849],[-122.398617,37.718],[-122.398788,37.718421],[-122.398848,37.718579],[-122.398942,37.718843]]}},{"type":"Feature","properties":{"highway":"motorway","ref":"US 101","name":"Presidio Parkway"},"geometry":{"type":"LineString","coordinates":[[-122.45124,37.803178],[-122.451192,37.803163],[-122.451133,37.803143]]}},{"type":"Feature","properties":{"highway":"trunk_link","ref":null,"name":null},"geometry":{"type":"LineString","coordinates":[[-122.417737,37.770204],[-122.417839,37.770108],[-122.417902,37.770042],[-122.417937,37.770022],[-122.418046,37.769959],[-122.418149,37.76992]]}},{"type":"Feature","properties":{"highway":"trunk","ref":"US 101","name":"South Van Ness Avenue"},"geometry":{"type":"LineString","coordinates":[[-122.417802,37.769864],[-122.417821,37.769742]]}},{"type":"Feature","properties":{"highway":"trunk","ref":"US 101","name":"South Van Ness Avenue"},"geometry":{"type":"LineString","coordinates":[[-122.417737,37.770204],[-122.417774,37.770025],[-122.417789,37.769941],[-122.417802,37.769864]]}},{"type":"Feature","properties":{"highway":"trunk","ref":"US 101","name":"South Van Ness Avenue"},"geometry":{"type":"LineString","coordinates":[[-122.417821,37.769742],[-122.417834,37.769664],[-122.417847,37.769581],[-122.41786,37.769447],[-122.417872,37.769305]]}},{"type":"Feature","properties":{"highway":"motorway_link","ref":"US 101","name":null},"geometry":{"type":"LineString","coordinates":[[-122.418343,37.76973],[-122.418236,37.769719],[-122.418098,37.769697],[-122.417955,37.769673],[-122.417797,37.769647],[-122.417635,37.769625],[-122.417494,37.769607],[-122.41735,37.76959],[-122.41712,37.769567],[-122.416887,37.769554],[-122.416655,37.769557],[-122.416413,37.769585]]}},{"type":"Feature","properties":{"highway":"trunk","ref":"CA 1","name":"19th Avenue"},"geometry":{"type":"LineString","coordinates":[[-122.475037,37.727293],[-122.475049,37.727061],[-122.47505,37.727049],[-122.475052,37.726988]]}},{"type":"Feature","properties":{"highway":"motorway","ref":"I 80","name":"Route 80"},"geometry":{"type":"LineString","coordinates":[[-122.391849,37.785461],[-122.392672,37.785033],[-122.392885,37.784926],[-122.393092,37.784814],[-122.393302,37.784691],[-122.3935,37.784572],[-122.393692,37.784448],[-122.393895,37.784308],[-122.395361,37.783173]]}},{"type":"Feature","properties":{"highway":"motorway","ref":"US 101","name":"Bayshore Freeway"},"geometry":{"type":"LineString","coordinates":[[-122.395085,37.708256],[-122.395015,37.707934],[-122.394979,37.707767]]}},{"type":"Feature","properties":{"highway":"motorway","ref":null,"name":"Octavia Boulevard"},"geometry":{"type":"LineString","coordinates":[[-122.415725,37.769635],[-122.415961,37.769649],[-122.41618,37.769662],[-122.416403,37.76968],[-122.416632,37.769702],[-122.416854,37.769725],[-122.41708,37.769752],[-122.417303,37.769782],[-122.417588,37.769823],[-122.417908,37.769872],[-122.418418,37.76995],[-122.418751,37.769998],[-122.418926,37.770024],[-122.419091,37.770047],[-122.419262,37.770067],[-122.419431,37.770082],[-122.4196,37.770092],[-122.41977,37.7701],[-122.420362,37.770119],[-122.420525,37.770126],[-122.420695,37.770139],[-122.420858,37.770155],[-122.421008,37.770178],[-122.421162,37.770208],[-122.421319,37.770247],[-122.421477,37.770292],[-122.421625,37.770343],[-122.421768,37.770399],[-122.421906,37.770461],[-122.422042,37.770529],[-122.422171,37.770599]]}},{"type":"Feature","properties":{"highway":"motorway","ref":null,"name":"Octavia Boulevard"},"geometry":{"type":"LineString","coordinates":[[-122.422981,37.771154],[-122.422906,37.771068],[-122.422816,37.77097],[-122.422725,37.770883],[-122.422617,37.77079],[-122.422499,37.770697],[-122.422377,37.77061],[-122.422245,37.770527]]}},{"type":"Feature","properties":{"highway":"motorway","ref":null,"name":"Octavia Boulevard"},"geometry":{"type":"LineString","coordinates":[[-122.422245,37.770527],[-122.42211,37.77045],[-122.421969,37.770378],[-122.421825,37.770315],[-122.421676,37.770256],[-122.421522,37.770203],[-122.421358,37.770156],[-122.421195,37.770116],[-122.421034,37.770084],[-122.420877,37.770061],[-122.420708,37.770043],[-122.420534,37.770031],[-122.420368,37.770023],[-122.419776,37.770004],[-122.419608,37.769996],[-122.419442,37.769986],[-122.419278,37.769971],[-122.419111,37.769952],[-122.418949,37.769929],[-122.418778,37.769902],[-122.418442,37.769844],[-122.417935,37.769762],[-122.417614,37.76971],[-122.417328,37.769668],[-122.417101,37.769638],[-122.416875,37.769613],[-122.416645,37.769597],[-122.416413,37.769585]]}},{"type":"Feature","properties":{"highway":"motorway_link","ref":null,"name":null},"geometry":{"type":"LineString","coordinates":[[-122.448521,37.720719],[-122.448531,37.720563],[-122.448538,37.720405],[-122.448546,37.719962],[-122.448548,37.719825],[-122.448554,37.719706],[-122.448561,37.719583],[-122.44856,37.719463],[-122.448536,37.718838]]}},{"type":"Feature","properties":{"highway":"motorway_link","ref":null,"name":null},"geometry":{"type":"LineString","coordinates":[[-122.44828,37.722357],[-122.448329,37.722107],[-122.448371,37.721842],[-122.448417,37.721516],[-122.448426,37.721453]]}},{"type":"Feature","properties":{"highway":"trunk","ref":"CA 1","name":"19th Avenue"},"geometry":{"type":"LineString","coordinates":[[-122.475383,37.720351],[-122.47537,37.720263]]}},{"type":"Feature","properties":{"highway":"trunk","ref":"CA 1","name":"19th Avenue"},"geometry":{"type":"LineString","coordinates":[[-122.475152,37.720393],[-122.47515,37.720507],[-122.475122,37.720903],[-122.475118,37.720956],[-122.475116,37.721037]]}},{"type":"Feature","properties":{"highway":"trunk","ref":"CA 1","name":"19th Avenue"},"geometry":{"type":"LineString","coordinates":[[-122.475061,37.72652],[-122.475074,37.726295],[-122.475096,37.725883]]}},{"type":"Feature","properties":{"highway":"trunk","ref":"CA 1","name":"19th Avenue"},"geometry":{"type":"LineString","coordinates":[[-122.475105,37.725697],[-122.475147,37.724919],[-122.475189,37.724125],[-122.475247,37.723063],[-122.475302,37.722245],[-122.475322,37.721835]]}},{"type":"Feature","properties":{"highway":"motorway","ref":"I 80","name":"Dwight D. Eisenhower Highway"},"geometry":{"type":"LineString","coordinates":[[-122.360446,37.814388],[-122.360592,37.814299],[-122.360721,37.814218],[-122.360846,37.814138],[-122.360971,37.814054],[-122.361317,37.813815]]}},{"type":"Feature","properties":{"highway":"motorway","ref":"I 80","name":"Dwight D. Eisenhower Highway"},"geometry":{"type":"LineString","coordinates":[[-122.327757,37.822189],[-122.328175,37.822157],[-122.328504,37.82213],[-122.328835,37.822103],[-122.329161,37.822075],[-122.329489,37.822045],[-122.329817,37.822015],[-122.330144,37.821981],[-122.330473,37.821948],[-122.330798,37.821914],[-122.331127,37.821877],[-122.331454,37.821839],[-122.331781,37.821801],[-122.332105,37.821761],[-122.33243,37.82172],[-122.332754,37.821678],[-122.33308,37.821635],[-122.333408,37.821589],[-122.333686,37.82155],[-122.341524,37.820404],[-122.349796,37.819194],[-122.349956,37.81917],[-122.350118,37.819146],[-122.350281,37.81912],[-122.350443,37.819094],[-122.350605,37.819066],[-122.350764,37.819035],[-122.350923,37.819003],[-122.351083,37.818968],[-122.351242,37.818933],[-122.351399,37.818896],[-122.351558,37.818857],[-122.351717,37.818816],[-122.351873,37.818774],[-122.352026,37.818732],[-122.352181,37.818687],[-122.352337,37.818639],[-122.352494,37.818589],[-122.352644,37.81854],[-122.352797,37.818488],[-122.352947,37.818436],[-122.353088,37.818384],[-122.353245,37.818324],[-122.353394,37.818265],[-122.353542,37.818205],[-122.353689,37.818144],[-122.353834,37.818081],[-122.353977,37.818018],[-122.354123,37.81795],[-122.354262,37.817885],[-122.354404,37.817816],[-122.354544,37.817746],[-122.354682,37.817674],[-122.354819,37.817601],[-122.354958,37.817525],[-122.355092,37.817449],[-122.355225,37.817375],[-122.360312,37.814466],[-122.360378,37.814428],[-122.360446,37.814388]]}},{"type":"Feature","properties":{"highway":"motorway","ref":"I 80","name":"Dwight D. Eisenhower Highway"},"geometry":{"type":"LineString","coordinates":[[-122.363778,37.811311],[-122.363621,37.811464],[-122.363465,37.811613],[-122.363126,37.81194],[-122.362978,37.812074],[-122.362835,37.812202],[-122.362716,37.812303],[-122.362609,37.812396],[-122.362498,37.812488],[-122.362386,37.812579],[-122.362268,37.812672],[-122.362153,37.812763],[-122.362036,37.812852],[-122.361918,37.812941],[-122.361802,37.813028],[-122.361681,37.813116],[-122.361426,37.813295],[-122.361316,37.813371],[-122.361192,37.813454],[-122.36107,37.813534],[-122.360943,37.813617],[-122.360817,37.813697],[-122.360688,37.813777],[-122.360557,37.813857],[-122.360432,37.813932],[-122.360301,37.814008],[-122.360101,37.814122],[-122.354804,37.81715],[-122.354667,37.817225],[-122.35453,37.8173],[-122.354394,37.817371],[-122.354254,37.817444],[-122.354115,37.817513],[-122.353976,37.81758],[-122.353832,37.817648],[-122.353673,37.817718],[-122.353528,37.817782],[-122.353383,37.817843],[-122.353237,37.817904],[-122.353088,37.817964],[-122.352944,37.818019],[-122.352794,37.818075],[-122.352644,37.818128],[-122.352486,37.818182],[-122.352336,37.818232],[-122.352187,37.81828],[-122.35203,37.818327],[-122.351874,37.818373],[-122.35172,37.818416],[-122.351563,37.818458],[-122.351408,37.818498],[-122.35125,37.818537],[-122.351087,37.818575],[-122.350932,37.81861],[-122.350773,37.818643],[-122.350611,37.818675],[-122.350458,37.818704],[-122.350297,37.818733],[-122.350155,37.818756],[-122.34999,37.818781],[-122.341501,37.820023],[-122.333602,37.821178],[-122.333261,37.821226],[-122.332932,37.821272],[-122.332609,37.821317],[-122.332283,37.82136],[-122.331956,37.821402],[-122.331631,37.821443],[-122.331307,37.821482],[-122.330986,37.82152],[-122.330629,37.821561],[-122.330317,37.821594],[-122.329997,37.821626],[-122.329673,37.821659],[-122.329342,37.821691],[-122.329012,37.821722],[-122.328688,37.821751],[-122.32835,37.82178],[-122.328027,37.821806],[-122.327715,37.821831]]}},{"type":"Feature","properties":{"highway":"motorway_link","ref":null,"name":null},"geometry":{"type":"LineString","coordinates":[[-122.453149,37.802923],[-122.45309,37.802919],[-122.453022,37.802914],[-122.452928,37.802906],[-122.452832,37.802896],[-122.452682,37.802876]]}},{"type":"Feature","properties":{"highway":"motorway","ref":"US 101","name":"Presidio Parkway"},"geometry":{"type":"LineString","coordinates":[[-122.464734,37.801953],[-122.463052,37.801615],[-122.462803,37.801574],[-122.462541,37.801539],[-122.462283,37.801514],[-122.462033,37.801501],[-122.461788,37.801497],[-122.461517,37.801505]]}},{"type":"Feature","properties":{"highway":"motorway_link","ref":null,"name":null},"geometry":{"type":"LineString","coordinates":[[-122.470617,37.803104],[-122.470595,37.803091],[-122.470571,37.803078],[-122.470544,37.803065],[-122.470519,37.803052],[-122.470337,37.802967],[-122.470266,37.802932],[-122.4702,37.802896],[-122.470134,37.802856],[-122.470079,37.802819],[-122.470026,37.802778],[-122.469974,37.802734],[-122.469928,37.80269],[-122.469881,37.802642],[-122.469836,37.802591],[-122.469797,37.80254],[-122.469762,37.802491],[-122.469725,37.802434],[-122.469696,37.802381],[-122.469664,37.802317],[-122.469639,37.802257],[-122.469618,37.802196],[-122.469602,37.802136],[-122.469589,37.802076],[-122.469579,37.802017],[-122.469504,37.801249]]}},{"type":"Feature","properties":{"highway":"motorway","ref":"I 80","name":"Route 80"},"geometry":{"type":"LineString","coordinates":[[-122.406619,37.772057],[-122.406546,37.771851],[-122.406381,37.771521]]}},{"type":"Feature","properties":{"highway":"motorway","ref":"US 101","name":"James Lick Freeway"},"geometry":{"type":"LineString","coordinates":[[-122.40803,37.739111],[-122.408028,37.739243],[-122.408021,37.739372],[-122.408015,37.739466]]}},{"type":"Feature","properties":{"highway":"motorway","ref":"I 280","name":"John F Foran Freeway"},"geometry":{"type":"LineString","coordinates":[[-122.415164,37.732041],[-122.41501,37.732077],[-122.41457,37.732195]]}},{"type":"Feature","properties":{"highway":"motorway_link","ref":null,"name":null},"geometry":{"type":"LineString","coordinates":[[-122.408838,37.735784],[-122.40897,37.735597],[-122.409118,37.735418],[-122.409293,37.735242],[-122.409509,37.735053],[-122.409754,37.734884]]}},{"type":"Feature","properties":{"highway":"motorway","ref":"US 101","name":"James Lick Freeway"},"geometry":{"type":"LineString","coordinates":[[-122.399449,37.718949],[-122.399468,37.71902]]}},{"type":"Feature","properties":{"highway":"motorway","ref":"US 101","name":"James Lick Freeway"},"geometry":{"type":"LineString","coordinates":[[-122.400153,37.720573],[-122.400108,37.720447],[-122.40009,37.720391],[-122.399829,37.719482]]}},{"type":"Feature","properties":{"highway":"trunk","ref":"US 101","name":"South Van Ness Avenue"},"geometry":{"type":"LineString","coordinates":[[-122.417729,37.770386],[-122.417721,37.770308],[-122.417733,37.770224],[-122.417737,37.770204]]}},{"type":"Feature","properties":{"highway":"trunk","ref":"CA 1","name":"19th Avenue"},"geometry":{"type":"LineString","coordinates":[[-122.475116,37.721037],[-122.475112,37.721091]]}},{"type":"Feature","properties":{"highway":"trunk","ref":"CA 1","name":"19th Avenue"},"geometry":{"type":"LineString","coordinates":[[-122.475368,37.720993],[-122.47537,37.720943]]}},{"type":"Feature","properties":{"highway":"trunk","ref":"CA 1","name":"Junipero Serra Boulevard"},"geometry":{"type":"LineString","coordinates":[[-122.471065,37.709214],[-122.471071,37.709677],[-122.471074,37.70995]]}},{"type":"Feature","properties":{"highway":"motorway","ref":"US 101","name":"James Lick Freeway"},"geometry":{"type":"LineString","coordinates":[[-122.405455,37.767084],[-122.405302,37.766661]]}},{"type":"Feature","properties":{"highway":"trunk_link","ref":null,"name":null},"geometry":{"type":"LineString","coordinates":[[-122.41808,37.771023],[-122.418035,37.771013],[-122.417995,37.770987],[-122.417968,37.770921],[-122.417955,37.770911],[-122.417934,37.770905],[-122.417896,37.77091]]}},{"type":"Feature","properties":{"highway":"trunk","ref":"CA 1","name":"Crossover Drive"},"geometry":{"type":"LineString","coordinates":[[-122.477731,37.76675],[-122.477685,37.766686],[-122.477643,37.766623],[-122.477604,37.766559],[-122.477569,37.766495],[-122.477541,37.766433],[-122.477514,37.766368]]}},{"type":"Feature","properties":{"highway":"trunk","ref":"CA 1","name":"19th Avenue"},"geometry":{"type":"LineString","coordinates":[[-122.474965,37.728308],[-122.474972,37.728178],[-122.474979,37.728049],[-122.474992,37.727921],[-122.475009,37.72776],[-122.475021,37.727627]]}},{"type":"Feature","properties":{"highway":"motorway_link","ref":null,"name":null},"geometry":{"type":"LineString","coordinates":[[-122.472166,37.704718],[-122.472304,37.704271],[-122.472322,37.704225],[-122.472343,37.70418],[-122.472368,37.704134],[-122.472399,37.704093],[-122.472429,37.704059],[-122.472464,37.704031],[-122.472506,37.704002],[-122.472547,37.703981],[-122.47259,37.703963],[-122.472633,37.70395],[-122.47268,37.703942],[-122.472728,37.703938],[-122.472779,37.703937],[-122.472833,37.703944],[-122.472886,37.703956],[-122.472931,37.70397],[-122.47298,37.703991],[-122.473029,37.704015],[-122.473085,37.704045]]}},{"type":"Feature","properties":{"highway":"motorway_link","ref":null,"name":null},"geometry":{"type":"LineString","coordinates":[[-122.434971,37.731222],[-122.434805,37.731324],[-122.434653,37.731435],[-122.433875,37.73207]]}},{"type":"Feature","properties":{"highway":"motorway_link","ref":null,"name":null},"geometry":{"type":"LineString","coordinates":[[-122.433875,37.73207],[-122.433794,37.732136],[-122.433669,37.732235],[-122.433534,37.732328],[-122.433393,37.732422],[-122.433263,37.732503],[-122.433126,37.732583],[-122.432978,37.732666],[-122.432561,37.732886]]}},{"type":"Feature","properties":{"highway":"motorway_link","ref":null,"name":null},"geometry":{"type":"LineString","coordinates":[[-122.40411,37.749678],[-122.4042,37.749605],[-122.404314,37.749536],[-122.40444,37.749482],[-122.404565,37.749446],[-122.404685,37.749422],[-122.404813,37.749405],[-122.404915,37.749411],[-122.405018,37.74943]]}},{"type":"Feature","properties":{"highway":"motorway_link","ref":null,"name":null},"geometry":{"type":"LineString","coordinates":[[-122.403347,37.751466],[-122.403506,37.7511],[-122.403728,37.75053],[-122.403838,37.75027],[-122.403974,37.749931],[-122.403995,37.74988],[-122.404024,37.749822],[-122.404059,37.74976],[-122.40411,37.749678]]}},{"type":"Feature","properties":{"highway":"motorway_link","ref":null,"name":null},"geometry":{"type":"LineString","coordinates":[[-122.361317,37.813815],[-122.361686,37.813672],[-122.361879,37.813531],[-122.361931,37.813485],[-122.361975,37.813453],[-122.362038,37.813405],[-122.362111,37.81335],[-122.36216,37.813313],[-122.362296,37.813204],[-122.362434,37.813092],[-122.362559,37.812983],[-122.362682,37.812873],[-122.362803,37.812762],[-122.362915,37.812654],[-122.362972,37.812602],[-122.363019,37.812562],[-122.363067,37.812528],[-122.363119,37.812497],[-122.36317,37.812469],[-122.363232,37.812441],[-122.363294,37.812417],[-122.363365,37.812394],[-122.363433,37.812377],[-122.363497,37.812368],[-122.363565,37.812363],[-122.363649,37.812365],[-122.363733,37.812374],[-122.363832,37.812389],[-122.363904,37.812397],[-122.36397,37.812398],[-122.364039,37.81239],[-122.364095,37.812378],[-122.364147,37.812363],[-122.3642,37.812341],[-122.364249,37.812315],[-122.364298,37.812284],[-122.364343,37.812245],[-122.364378,37.812207],[-122.364411,37.812165]]}},{"type":"Feature","properties":{"highway":"motorway_link","ref":null,"name":null},"geometry":{"type":"LineString","coordinates":[[-122.363535,37.81099],[-122.363528,37.811042],[-122.363513,37.811095],[-122.363492,37.811148],[-122.363456,37.811206],[-122.363409,37.811261],[-122.362406,37.812341],[-122.362339,37.812408],[-122.362259,37.812486],[-122.362176,37.812564],[-122.362092,37.812643],[-122.361992,37.812742],[-122.361558,37.813183],[-122.361526,37.813213],[-122.361492,37.813242],[-122.361426,37.813295]]}},{"type":"Feature","properties":{"highway":"trunk_link","ref":null,"name":null},"geometry":{"type":"LineString","coordinates":[[-122.418865,37.772492],[-122.418765,37.772509],[-122.418752,37.772507],[-122.418677,37.772492],[-122.418589,37.772458],[-122.418498,37.772399]]}},{"type":"Feature","properties":{"highway":"motorway","ref":"US 101","name":"Presidio Parkway"},"geometry":{"type":"LineString","coordinates":[[-122.453589,37.803403],[-122.453717,37.803387],[-122.454057,37.803344]]}},{"type":"Feature","properties":{"highway":"motorway","ref":"US 101","name":"Presidio Parkway"},"geometry":{"type":"LineString","coordinates":[[-122.453451,37.803137],[-122.453381,37.803148],[-122.452565,37.803277],[-122.452481,37.803288],[-122.452396,37.803296],[-122.452314,37.803302],[-122.452233,37.803306],[-122.452148,37.803308],[-122.452061,37.803307],[-122.451972,37.803304],[-122.45189,37.803299],[-122.451809,37.803292],[-122.451733,37.803283],[-122.451651,37.803271],[-122.451571,37.803258],[-122.451481,37.80324],[-122.451403,37.803222],[-122.451326,37.803202],[-122.45124,37.803178]]}},{"type":"Feature","properties":{"highway":"motorway","ref":"US 101","name":"Presidio Parkway"},"geometry":{"type":"LineString","coordinates":[[-122.451085,37.803272],[-122.451179,37.803303],[-122.451257,37.803325],[-122.451335,37.803346],[-122.451413,37.803365],[-122.451492,37.803382],[-122.451572,37.803398],[-122.451651,37.803411],[-122.451732,37.803422],[-122.451813,37.803432],[-122.451896,37.803441],[-122.451976,37.803449],[-122.452058,37.803458],[-122.452138,37.803464],[-122.45222,37.803469],[-122.452301,37.803473],[-122.452383,37.803477],[-122.452467,37.803479],[-122.452549,37.80348],[-122.452672,37.803479],[-122.452837,37.803475],[-122.453001,37.803467],[-122.453165,37.803454],[-122.453326,37.803437],[-122.453589,37.803403]]}},{"type":"Feature","properties":{"highway":"motorway_link","ref":null,"name":null},"geometry":{"type":"LineString","coordinates":[[-122.453606,37.803463],[-122.45377,37.803435],[-122.454066,37.803384]]}},{"type":"Feature","properties":{"highway":"motorway_link","ref":null,"name":null},"geometry":{"type":"LineString","coordinates":[[-122.453699,37.802942],[-122.453497,37.802935],[-122.453335,37.802931],[-122.453241,37.802927],[-122.453149,37.802923]]}},{"type":"Feature","properties":{"highway":"motorway_link","ref":null,"name":null},"geometry":{"type":"LineString","coordinates":[[-122.450974,37.803692],[-122.451151,37.803633],[-122.45122,37.803614],[-122.451265,37.803603],[-122.45133,37.803591],[-122.451358,37.803587]]}},{"type":"Feature","properties":{"highway":"motorway_link","ref":null,"name":null},"geometry":{"type":"LineString","coordinates":[[-122.451418,37.803444],[-122.451452,37.803487],[-122.451489,37.80352],[-122.451537,37.803548],[-122.45162,37.803587]]}},{"type":"Feature","properties":{"highway":"motorway","ref":"US 101","name":"Presidio Parkway"},"geometry":{"type":"LineString","coordinates":[[-122.454263,37.80308],[-122.454132,37.803085]]}},{"type":"Feature","properties":{"highway":"motorway_link","ref":null,"name":null},"geometry":{"type":"LineString","coordinates":[[-122.454262,37.802958],[-122.454127,37.802954]]}},{"type":"Feature","properties":{"highway":"motorway_link","ref":null,"name":null},"geometry":{"type":"LineString","coordinates":[[-122.451182,37.803446],[-122.451229,37.80345],[-122.451262,37.803452],[-122.451325,37.803451],[-122.451418,37.803444]]}},{"type":"Feature","properties":{"highway":"trunk_link","ref":null,"name":null},"geometry":{"type":"LineString","coordinates":[[-122.446298,37.800168],[-122.446311,37.800123],[-122.446332,37.80009],[-122.446363,37.800061],[-122.446405,37.80004],[-122.446457,37.800025],[-122.446521,37.800013]]}},{"type":"Feature","properties":{"highway":"motorway_link","ref":"US 101","name":null},"geometry":{"type":"LineString","coordinates":[[-122.418258,37.76892],[-122.418366,37.768893],[-122.418479,37.768885],[-122.418584,37.768895],[-122.418684,37.768921],[-122.418771,37.768959],[-122.418844,37.769009],[-122.418909,37.76907],[-122.418954,37.769137],[-122.418984,37.769207]]}},{"type":"Feature","properties":{"highway":"motorway","ref":"I 80","name":"Route 80"},"geometry":{"type":"LineString","coordinates":[[-122.400917,37.778247],[-122.400663,37.778417],[-122.40042,37.778595],[-122.400165,37.778792],[-122.399928,37.778988],[-122.399674,37.77921],[-122.399327,37.779502],[-122.398096,37.78054],[-122.39665,37.781778],[-122.395927,37.782402]]}},{"type":"Feature","properties":{"highway":"motorway","ref":"I 80","name":"Route 80"},"geometry":{"type":"LineString","coordinates":[[-122.404336,37.776381],[-122.404114,37.776529],[-122.403907,37.776647],[-122.403797,37.776706]]}},{"type":"Feature","properties":{"highway":"motorway","ref":"I 80","name":"Route 80"},"geometry":{"type":"LineString","coordinates":[[-122.395927,37.782402],[-122.395003,37.783217]]}},{"type":"Feature","properties":{"highway":"motorway","ref":"I 80","name":"Route 80"},"geometry":{"type":"LineString","coordinates":[[-122.403797,37.776706],[-122.401613,37.777839]]}},{"type":"Feature","properties":{"highway":"motorway_link","ref":null,"name":null},"geometry":{"type":"LineString","coordinates":[[-122.401027,37.779022],[-122.401596,37.779031],[-122.401857,37.779035]]}},{"type":"Feature","properties":{"highway":"motorway_link","ref":null,"name":null},"geometry":{"type":"LineString","coordinates":[[-122.398324,37.772536],[-122.399714,37.773654],[-122.399931,37.773829]]}},{"type":"Feature","properties":{"highway":"motorway_link","ref":null,"name":null},"geometry":{"type":"LineString","coordinates":[[-122.407312,37.774022],[-122.407407,37.773944],[-122.407503,37.773872]]}},{"type":"Feature","properties":{"highway":"motorway_link","ref":null,"name":null},"geometry":{"type":"LineString","coordinates":[[-122.400319,37.777809],[-122.400322,37.778082],[-122.400324,37.778127],[-122.400335,37.778407]]}},{"type":"Feature","properties":{"highway":"motorway_link","ref":null,"name":null},"geometry":{"type":"LineString","coordinates":[[-122.399583,37.779581],[-122.399163,37.779922]]}},{"type":"Feature","properties":{"highway":"motorway_link","ref":null,"name":null},"geometry":{"type":"LineString","coordinates":[[-122.391689,37.786298],[-122.391723,37.786398],[-122.391746,37.786453],[-122.391772,37.786497],[-122.391809,37.786545],[-122.391859,37.786597]]}},{"type":"Feature","properties":{"highway":"motorway_link","ref":null,"name":null},"geometry":{"type":"LineString","coordinates":[[-122.407829,37.773768],[-122.408292,37.77373],[-122.408464,37.773704]]}},{"type":"Feature","properties":{"highway":"motorway_link","ref":null,"name":null},"geometry":{"type":"LineString","coordinates":[[-122.406893,37.772773],[-122.40685,37.772601],[-122.406791,37.772418],[-122.406723,37.772254],[-122.406619,37.772057]]}},{"type":"Feature","properties":{"highway":"motorway_link","ref":null,"name":null},"geometry":{"type":"LineString","coordinates":[[-122.406891,37.769019],[-122.407366,37.769406],[-122.407924,37.769832],[-122.40799,37.769875]]}},{"type":"Feature","properties":{"highway":"motorway_link","ref":null,"name":null},"geometry":{"type":"LineString","coordinates":[[-122.392342,37.762693],[-122.392453,37.763543],[-122.392481,37.763798]]}},{"type":"Feature","properties":{"highway":"motorway_link","ref":null,"name":null},"geometry":{"type":"LineString","coordinates":[[-122.404737,37.76336],[-122.404527,37.763374],[-122.404387,37.763393]]}},{"type":"Feature","properties":{"highway":"motorway_link","ref":null,"name":null},"geometry":{"type":"LineString","coordinates":[[-122.393081,37.763326],[-122.393031,37.763149],[-122.392959,37.762792]]}},{"type":"Feature","properties":{"highway":"motorway_link","ref":null,"name":null},"geometry":{"type":"LineString","coordinates":[[-122.393158,37.763712],[-122.393081,37.763326]]}},{"type":"Feature","properties":{"highway":"motorway_link","ref":null,"name":null},"geometry":{"type":"LineString","coordinates":[[-122.408326,37.769835],[-122.407759,37.769472],[-122.407603,37.769372],[-122.407461,37.769276],[-122.407325,37.76918],[-122.407089,37.769008],[-122.406839,37.76882]]}},{"type":"Feature","properties":{"highway":"motorway_link","ref":null,"name":null},"geometry":{"type":"LineString","coordinates":[[-122.392463,37.756254],[-122.392415,37.755486],[-122.392378,37.755109],[-122.39226,37.754532]]}},{"type":"Feature","properties":{"highway":"motorway_link","ref":null,"name":null},"geometry":{"type":"LineString","coordinates":[[-122.402714,37.752081],[-122.402711,37.752187],[-122.40271,37.752305],[-122.40271,37.752417],[-122.402711,37.752533],[-122.402714,37.752665],[-122.402721,37.752759],[-122.402736,37.75285],[-122.402861,37.753345]]}},{"type":"Feature","properties":{"highway":"motorway_link","ref":null,"name":null},"geometry":{"type":"LineString","coordinates":[[-122.404387,37.731786],[-122.404103,37.731256]]}},{"type":"Feature","properties":{"highway":"motorway_link","ref":null,"name":null},"geometry":{"type":"LineString","coordinates":[[-122.405674,37.733191],[-122.405659,37.733041],[-122.405441,37.732619],[-122.405114,37.731923]]}},{"type":"Feature","properties":{"highway":"motorway_link","ref":null,"name":null},"geometry":{"type":"LineString","coordinates":[[-122.402529,37.728023],[-122.402618,37.728285],[-122.402664,37.728411],[-122.402723,37.728546],[-122.402784,37.72867],[-122.40284,37.728799]]}},{"type":"Feature","properties":{"highway":"motorway_link","ref":null,"name":null},"geometry":{"type":"LineString","coordinates":[[-122.406977,37.736217],[-122.407004,37.736286],[-122.407054,37.736351],[-122.407098,37.736405]]}},{"type":"Feature","properties":{"highway":"motorway_link","ref":null,"name":null},"geometry":{"type":"LineString","coordinates":[[-122.401366,37.723398],[-122.401129,37.722605],[-122.400881,37.722001]]}},{"type":"Feature","properties":{"highway":"motorway_link","ref":null,"name":null},"geometry":{"type":"LineString","coordinates":[[-122.394995,37.706333],[-122.394768,37.705643],[-122.394625,37.705221],[-122.394541,37.704948],[-122.394447,37.70467],[-122.394094,37.703666]]}},{"type":"Feature","properties":{"highway":"motorway_link","ref":"US 101","name":null},"geometry":{"type":"LineString","coordinates":[[-122.418386,37.770077],[-122.419018,37.770171]]}},{"type":"Feature","properties":{"highway":"motorway_link","ref":null,"name":null},"geometry":{"type":"LineString","coordinates":[[-122.409808,37.734955],[-122.410235,37.734705]]}},{"type":"Feature","properties":{"highway":"motorway_link","ref":null,"name":null},"geometry":{"type":"LineString","coordinates":[[-122.410235,37.734705],[-122.410322,37.73465],[-122.4104,37.734614]]}},{"type":"Feature","properties":{"highway":"motorway_link","ref":null,"name":null},"geometry":{"type":"LineString","coordinates":[[-122.419447,37.731678],[-122.419179,37.731724]]}},{"type":"Feature","properties":{"highway":"motorway_link","ref":null,"name":null},"geometry":{"type":"LineString","coordinates":[[-122.435068,37.731996],[-122.435418,37.73183],[-122.435772,37.731661],[-122.436439,37.731359]]}},{"type":"Feature","properties":{"highway":"motorway_link","ref":null,"name":null},"geometry":{"type":"LineString","coordinates":[[-122.436439,37.731359],[-122.436727,37.731242],[-122.437046,37.731124],[-122.437593,37.730929],[-122.438291,37.73069],[-122.438809,37.730513],[-122.439072,37.730413],[-122.439333,37.730308]]}},{"type":"Feature","properties":{"highway":"motorway_link","ref":null,"name":null},"geometry":{"type":"LineString","coordinates":[[-122.434472,37.731816],[-122.434721,37.731753],[-122.434861,37.731719],[-122.435003,37.73169],[-122.435149,37.731661],[-122.435303,37.731634]]}},{"type":"Feature","properties":{"highway":"motorway_link","ref":null,"name":null},"geometry":{"type":"LineString","coordinates":[[-122.447785,37.721122],[-122.447778,37.721203]]}},{"type":"Feature","properties":{"highway":"motorway_link","ref":null,"name":null},"geometry":{"type":"LineString","coordinates":[[-122.448426,37.721453],[-122.448441,37.721364]]}},{"type":"Feature","properties":{"highway":"motorway_link","ref":null,"name":null},"geometry":{"type":"LineString","coordinates":[[-122.447892,37.720462],[-122.447857,37.720624],[-122.44783,37.720778],[-122.447794,37.721049],[-122.447785,37.721122]]}},{"type":"Feature","properties":{"highway":"motorway_link","ref":null,"name":null},"geometry":{"type":"LineString","coordinates":[[-122.448306,37.718824],[-122.44807,37.719716],[-122.448004,37.71999]]}},{"type":"Feature","properties":{"highway":"motorway_link","ref":null,"name":null},"geometry":{"type":"LineString","coordinates":[[-122.451623,37.713989],[-122.452005,37.713816],[-122.45221,37.713662],[-122.45235,37.713561],[-122.452471,37.713469],[-122.452577,37.71339],[-122.452658,37.713326],[-122.453289,37.712862],[-122.453383,37.7128],[-122.453492,37.712733]]}},{"type":"Feature","properties":{"highway":"motorway_link","ref":null,"name":null},"geometry":{"type":"LineString","coordinates":[[-122.472148,37.701781],[-122.472077,37.701281],[-122.471845,37.699954]]}},{"type":"Feature","properties":{"highway":"motorway_link","ref":null,"name":null},"geometry":{"type":"LineString","coordinates":[[-122.470962,37.7059],[-122.470939,37.705147]]}},{"type":"Feature","properties":{"highway":"motorway_link","ref":null,"name":null},"geometry":{"type":"LineString","coordinates":[[-122.47072,37.706915],[-122.470763,37.706862],[-122.470807,37.7068],[-122.470843,37.706743]]}},{"type":"Feature","properties":{"highway":"motorway_link","ref":null,"name":null},"geometry":{"type":"LineString","coordinates":[[-122.472308,37.702671],[-122.472258,37.702422],[-122.472231,37.702286],[-122.472204,37.702139]]}},{"type":"Feature","properties":{"highway":"motorway_link","ref":null,"name":null},"geometry":{"type":"LineString","coordinates":[[-122.473861,37.704452],[-122.473854,37.704426],[-122.473843,37.7044],[-122.473829,37.704373],[-122.473808,37.704342],[-122.473784,37.704312],[-122.473754,37.704279],[-122.473721,37.704249],[-122.473685,37.704222],[-122.473639,37.704191],[-122.473585,37.70416],[-122.473497,37.704112],[-122.473428,37.704077]]}},{"type":"Feature","properties":{"highway":"motorway_link","ref":null,"name":null},"geometry":{"type":"LineString","coordinates":[[-122.473501,37.704288],[-122.473521,37.704301],[-122.473539,37.704316],[-122.473554,37.704336],[-122.473564,37.704358],[-122.473568,37.704382],[-122.473568,37.704406],[-122.473562,37.70443],[-122.473548,37.704453],[-122.473528,37.704475],[-122.473503,37.704495],[-122.473475,37.704512],[-122.473445,37.704524]]}},{"type":"Feature","properties":{"highway":"trunk","ref":"CA 1","name":"19th Avenue"},"geometry":{"type":"LineString","coordinates":[[-122.47535,37.721445],[-122.475368,37.721115],[-122.475368,37.720993]]}},{"type":"Feature","properties":{"highway":"trunk","ref":"US 101","name":"Richardson Avenue"},"geometry":{"type":"LineString","coordinates":[[-122.447971,37.800894],[-122.447879,37.800836],[-122.447863,37.800825],[-122.447771,37.800755],[-122.447648,37.800666],[-122.447522,37.800578],[-122.447459,37.800535],[-122.447339,37.800455],[-122.447239,37.800383]]}},{"type":"Feature","properties":{"highway":"motorway","ref":"US 101","name":"Presidio Parkway"},"geometry":{"type":"LineString","coordinates":[[-122.448076,37.801083],[-122.448317,37.801248]]}},{"type":"Feature","properties":{"highway":"motorway","ref":"US 101;CA 1","name":"Presidio Parkway"},"geometry":{"type":"LineString","coordinates":[[-122.474635,37.80653],[-122.474665,37.806561],[-122.474762,37.806671],[-122.474854,37.806777],[-122.474948,37.806884],[-122.474975,37.806914],[-122.475005,37.806945]]}},{"type":"Feature","properties":{"highway":"motorway","ref":"US 101;CA 1","name":"Presidio Parkway"},"geometry":{"type":"LineString","coordinates":[[-122.475513,37.80704],[-122.475329,37.806875]]}},{"type":"Feature","properties":{"highway":"motorway_link","ref":null,"name":null},"geometry":{"type":"LineString","coordinates":[[-122.392918,37.784551],[-122.392641,37.784704],[-122.392283,37.784906]]}},{"type":"Feature","properties":{"highway":"motorway_link","ref":null,"name":null},"geometry":{"type":"LineString","coordinates":[[-122.392283,37.784906],[-122.392021,37.785055],[-122.391908,37.785123],[-122.391814,37.785183],[-122.391729,37.785242],[-122.391648,37.785302],[-122.391581,37.785356]]}},{"type":"Feature","properties":{"highway":"motorway_link","ref":null,"name":"Sterling Street"},"geometry":{"type":"LineString","coordinates":[[-122.39281,37.783721],[-122.392914,37.783794],[-122.393108,37.78393]]}},{"type":"Feature","properties":{"highway":"motorway_link","ref":null,"name":null},"geometry":{"type":"LineString","coordinates":[[-122.394412,37.78838],[-122.394351,37.788397],[-122.394309,37.788407],[-122.394266,37.788412],[-122.394229,37.788411],[-122.394191,37.788407],[-122.394104,37.788375]]}},{"type":"Feature","properties":{"highway":"motorway_link","ref":null,"name":null},"geometry":{"type":"LineString","coordinates":[[-122.473085,37.704045],[-122.473501,37.704288]]}},{"type":"Feature","properties":{"highway":"motorway_link","ref":null,"name":null},"geometry":{"type":"LineString","coordinates":[[-122.47358,37.704669],[-122.473799,37.704557],[-122.473823,37.704543],[-122.47384,37.704529],[-122.473853,37.704512],[-122.473861,37.704491],[-122.473862,37.704471],[-122.473861,37.704452]]}},{"type":"Feature","properties":{"highway":"trunk","ref":"US 101","name":"Van Ness Avenue"},"geometry":{"type":"LineString","coordinates":[[-122.419192,37.775316],[-122.419214,37.775408],[-122.41925,37.775567],[-122.419278,37.775714],[-122.419341,37.775964],[-122.41941,37.776307],[-122.419425,37.776388]]}},{"type":"Feature","properties":{"highway":"trunk","ref":"CA 1","name":"Junipero Serra Boulevard"},"geometry":{"type":"LineString","coordinates":[[-122.472296,37.716374],[-122.472314,37.716432],[-122.472329,37.716484],[-122.472345,37.716543],[-122.47236,37.716599],[-122.472379,37.716675],[-122.472399,37.716762],[-122.472434,37.716913]]}},{"type":"Feature","properties":{"highway":"trunk","ref":"CA 1","name":"19th Avenue"},"geometry":{"type":"LineString","coordinates":[[-122.472497,37.717176],[-122.472572,37.717299],[-122.472602,37.717347],[-122.47263,37.717388],[-122.472656,37.717421],[-122.472688,37.717459]]}},{"type":"Feature","properties":{"highway":"motorway_link","ref":null,"name":null},"geometry":{"type":"LineString","coordinates":[[-122.392019,37.751661],[-122.392001,37.751621]]}},{"type":"Feature","properties":{"highway":"motorway","ref":"US 101","name":"James Lick Freeway"},"geometry":{"type":"LineString","coordinates":[[-122.404197,37.748232],[-122.404426,37.747438],[-122.404749,37.746409]]}},{"type":"Feature","properties":{"highway":"motorway_link","ref":null,"name":null},"geometry":{"type":"LineString","coordinates":[[-122.408001,37.737145],[-122.408044,37.737308],[-122.408069,37.737459],[-122.408091,37.737529],[-122.408138,37.737615],[-122.40819,37.737666]]}},{"type":"Feature","properties":{"highway":"motorway_link","ref":null,"name":null},"geometry":{"type":"LineString","coordinates":[[-122.403879,37.746861],[-122.403799,37.747088],[-122.40367,37.747293]]}},{"type":"Feature","properties":{"highway":"motorway_link","ref":null,"name":null},"geometry":{"type":"LineString","coordinates":[[-122.408391,37.736664],[-122.408319,37.73658],[-122.408252,37.73651],[-122.408178,37.73645],[-122.408099,37.736398],[-122.407833,37.736244],[-122.407704,37.736159],[-122.407605,37.736087],[-122.407515,37.736013],[-122.407442,37.735942],[-122.407363,37.735854]]}},{"type":"Feature","properties":{"highway":"trunk","ref":"US 101","name":"Lombard Street"},"geometry":{"type":"LineString","coordinates":[[-122.442677,37.799056],[-122.442801,37.799041],[-122.44302,37.799012],[-122.443481,37.798953],[-122.443989,37.798889],[-122.444055,37.79888],[-122.444151,37.79887],[-122.444203,37.798867],[-122.444255,37.798863],[-122.444346,37.79886]]}},{"type":"Feature","properties":{"highway":"trunk","ref":"CA 1","name":"Park Presidio Boulevard"},"geometry":{"type":"LineString","coordinates":[[-122.472729,37.785231],[-122.47268,37.784551],[-122.472673,37.784451]]}},{"type":"Feature","properties":{"highway":"trunk","ref":"CA 1","name":"Park Presidio Bypass Drive"},"geometry":{"type":"LineString","coordinates":[[-122.479427,37.771444],[-122.479422,37.7715],[-122.479411,37.771556],[-122.479395,37.77162],[-122.479373,37.771683],[-122.479344,37.771744],[-122.479312,37.771803],[-122.479273,37.771858],[-122.479225,37.771916],[-122.479175,37.771967],[-122.479115,37.772017],[-122.479055,37.772062],[-122.478987,37.772105],[-122.478921,37.77214],[-122.478857,37.772169],[-122.478782,37.772197],[-122.478717,37.772217],[-122.478642,37.772235],[-122.478572,37.772248],[-122.478487,37.772261],[-122.478397,37.772271],[-122.47826,37.77228],[-122.478109,37.772286],[-122.476671,37.772355],[-122.476495,37.772363],[-122.476307,37.772376],[-122.476126,37.77239],[-122.475943,37.772406],[-122.475755,37.772426],[-122.475562,37.77245],[-122.475375,37.772476],[-122.475277,37.772489],[-122.475179,37.772501],[-122.475087,37.77251],[-122.474997,37.772515],[-122.474903,37.772518],[-122.4748,37.77252],[-122.474694,37.772517],[-122.474582,37.772509],[-122.474463,37.772499],[-122.474338,37.772484],[-122.473931,37.772432],[-122.473768,37.772413],[-122.473579,37.772392],[-122.473394,37.772375],[-122.472683,37.772325],[-122.47258,37.772319],[-122.472481,37.772317],[-122.472377,37.772324],[-122.472269,37.772345],[-122.472176,37.772374],[-122.472087,37.772414],[-122.472007,37.772462],[-122.471933,37.772515],[-122.471863,37.772583]]}},{"type":"Feature","properties":{"highway":"trunk","ref":"CA 1","name":"Crossover Drive"},"geometry":{"type":"LineString","coordinates":[[-122.479203,37.770576],[-122.478701,37.769664],[-122.478664,37.769592],[-122.478629,37.769521],[-122.478598,37.769451],[-122.478566,37.76937],[-122.478539,37.769295],[-122.478514,37.769221],[-122.478492,37.76914],[-122.478472,37.769058],[-122.478455,37.768975],[-122.478441,37.768879],[-122.478431,37.768781],[-122.47842,37.768685],[-122.478376,37.768194],[-122.478368,37.768121],[-122.478357,37.768039],[-122.478343,37.767966],[-122.478327,37.767891],[-122.478306,37.767806],[-122.478281,37.767725],[-122.478255,37.767645],[-122.478227,37.76757],[-122.478196,37.767494],[-122.478161,37.767417],[-122.478126,37.767347],[-122.478089,37.767276],[-122.478048,37.767206],[-122.478,37.767128],[-122.47795,37.767055],[-122.477829,37.766888],[-122.477731,37.76675]]}},{"type":"Feature","properties":{"highway":"trunk_link","ref":null,"name":null},"geometry":{"type":"LineString","coordinates":[[-122.476916,37.766117],[-122.476986,37.766125],[-122.47704,37.766132],[-122.477092,37.766142],[-122.477142,37.766154],[-122.477188,37.766169],[-122.47721,37.766179],[-122.477258,37.766204],[-122.477287,37.766225],[-122.477312,37.76625],[-122.477335,37.766276],[-122.477365,37.766318]]}},{"type":"Feature","properties":{"highway":"trunk","ref":"CA 1","name":"Junipero Serra Boulevard"},"geometry":{"type":"LineString","coordinates":[[-122.471446,37.713185],[-122.471407,37.712975]]}},{"type":"Feature","properties":{"highway":"motorway_link","ref":null,"name":null},"geometry":{"type":"LineString","coordinates":[[-122.406908,37.736026],[-122.406977,37.736217]]}},{"type":"Feature","properties":{"highway":"trunk","ref":"CA 1","name":"19th Avenue"},"geometry":{"type":"LineString","coordinates":[[-122.475199,37.734558],[-122.475186,37.734474],[-122.47518,37.734429],[-122.475174,37.734361],[-122.475163,37.734203],[-122.475128,37.733699]]}},{"type":"Feature","properties":{"highway":"trunk","ref":"CA 1","name":"19th Avenue"},"geometry":{"type":"LineString","coordinates":[[-122.473444,37.717872],[-122.472953,37.717381],[-122.472945,37.717373],[-122.47283,37.717257],[-122.472784,37.717211],[-122.472739,37.717168],[-122.472692,37.717127]]}},{"type":"Feature","properties":{"highway":"trunk","ref":"US 101","name":"Van Ness Avenue"},"geometry":{"type":"LineString","coordinates":[[-122.422461,37.790403],[-122.422445,37.790323]]}},{"type":"Feature","properties":{"highway":"trunk","ref":"US 101","name":"Mission Street"},"geometry":{"type":"LineString","coordinates":[[-122.419226,37.771934],[-122.419208,37.771968],[-122.419165,37.772037],[-122.419127,37.772101],[-122.419015,37.772268],[-122.41898,37.77232]]}},{"type":"Feature","properties":{"highway":"trunk","ref":"US 101","name":"Mission Street"},"geometry":{"type":"LineString","coordinates":[[-122.41898,37.77232],[-122.418865,37.772492],[-122.418727,37.7727],[-122.418627,37.77283]]}},{"type":"Feature","properties":{"highway":"trunk","ref":"US 101","name":"South Van Ness Avenue"},"geometry":{"type":"LineString","coordinates":[[-122.418627,37.77283],[-122.418597,37.772731],[-122.418498,37.772399],[-122.41845,37.772238]]}},{"type":"Feature","properties":{"highway":"trunk","ref":"US 101","name":"South Van Ness Avenue"},"geometry":{"type":"LineString","coordinates":[[-122.418146,37.771238],[-122.41808,37.771023]]}},{"type":"Feature","properties":{"highway":"trunk","ref":"US 101","name":"Van Ness Avenue"},"geometry":{"type":"LineString","coordinates":[[-122.41943,37.775427],[-122.419407,37.775329],[-122.419394,37.775268],[-122.419374,37.775174]]}},{"type":"Feature","properties":{"highway":"trunk","ref":"US 101","name":"Van Ness Avenue"},"geometry":{"type":"LineString","coordinates":[[-122.419629,37.776363],[-122.419612,37.776281],[-122.419533,37.775893],[-122.419498,37.775756],[-122.41943,37.775427]]}},{"type":"Feature","properties":{"highway":"trunk","ref":"US 101","name":"Lombard Street"},"geometry":{"type":"LineString","coordinates":[[-122.425419,37.801164],[-122.425202,37.801191],[-122.425093,37.801204],[-122.425043,37.80121],[-122.424745,37.801248],[-122.424663,37.801259]]}},{"type":"Feature","properties":{"highway":"trunk","ref":"US 101","name":"Van Ness Avenue"},"geometry":{"type":"LineString","coordinates":[[-122.424341,37.800623],[-122.424351,37.80067],[-122.424393,37.800871],[-122.424473,37.801261],[-122.424488,37.801349]]}},{"type":"Feature","properties":{"highway":"motorway","ref":"US 101","name":"Presidio Parkway"},"geometry":{"type":"LineString","coordinates":[[-122.447957,37.801003],[-122.448076,37.801083]]}},{"type":"Feature","properties":{"highway":"trunk","ref":"CA 1","name":"19th Avenue"},"geometry":{"type":"LineString","coordinates":[[-122.475357,37.736665],[-122.475316,37.73601],[-122.475244,37.734839],[-122.475243,37.734817],[-122.475237,37.734772],[-122.475229,37.73473]]}},{"type":"Feature","properties":{"highway":"trunk","ref":"CA 1","name":"Junipero Serra Boulevard"},"geometry":{"type":"LineString","coordinates":[[-122.471074,37.70995],[-122.471077,37.710173]]}},{"type":"Feature","properties":{"highway":"trunk","ref":"CA 1","name":"Junipero Serra Boulevard"},"geometry":{"type":"LineString","coordinates":[[-122.471077,37.710173],[-122.471078,37.710235],[-122.471083,37.710659]]}},{"type":"Feature","properties":{"highway":"motorway_link","ref":null,"name":null},"geometry":{"type":"LineString","coordinates":[[-122.395372,37.785952],[-122.395758,37.78626]]}},{"type":"Feature","properties":{"highway":"motorway_link","ref":null,"name":null},"geometry":{"type":"LineString","coordinates":[[-122.399946,37.779415],[-122.400228,37.779179]]}},{"type":"Feature","properties":{"highway":"motorway_link","ref":null,"name":null},"geometry":{"type":"LineString","coordinates":[[-122.454754,37.712153],[-122.454852,37.712081],[-122.455103,37.711909],[-122.45522,37.71182]]}},{"type":"Feature","properties":{"highway":"motorway_link","ref":null,"name":null},"geometry":{"type":"LineString","coordinates":[[-122.419179,37.731724],[-122.41806,37.731704]]}},{"type":"Feature","properties":{"highway":"motorway_link","ref":null,"name":null},"geometry":{"type":"LineString","coordinates":[[-122.41806,37.731704],[-122.417118,37.731691]]}},{"type":"Feature","properties":{"highway":"trunk","ref":"CA 1","name":"19th Avenue"},"geometry":{"type":"LineString","coordinates":[[-122.475322,37.721835],[-122.47535,37.721445]]}},{"type":"Feature","properties":{"highway":"motorway_link","ref":null,"name":null},"geometry":{"type":"LineString","coordinates":[[-122.393179,37.784306],[-122.393145,37.784362],[-122.393099,37.784415],[-122.393046,37.784465],[-122.392987,37.784508],[-122.392918,37.784551]]}},{"type":"Feature","properties":{"highway":"motorway_link","ref":null,"name":null},"geometry":{"type":"LineString","coordinates":[[-122.452682,37.802876],[-122.452581,37.802798]]}},{"type":"Feature","properties":{"highway":"trunk","ref":"US 101","name":"Richardson Avenue"},"geometry":{"type":"LineString","coordinates":[[-122.446217,37.799805],[-122.446521,37.800013]]}},{"type":"Feature","properties":{"highway":"trunk","ref":"US 101","name":"Richardson Avenue"},"geometry":{"type":"LineString","coordinates":[[-122.446521,37.800013],[-122.446773,37.800187],[-122.446831,37.800227],[-122.447003,37.800345]]}},{"type":"Feature","properties":{"highway":"trunk","ref":"CA 1","name":"Crossover Drive"},"geometry":{"type":"LineString","coordinates":[[-122.477298,37.765935],[-122.477301,37.765973],[-122.477311,37.766063]]}},{"type":"Feature","properties":{"highway":"trunk","ref":"CA 1","name":"Crossover Drive"},"geometry":{"type":"LineString","coordinates":[[-122.477428,37.765937],[-122.477402,37.765549],[-122.477391,37.765449]]}},{"type":"Feature","properties":{"highway":"trunk","ref":"CA 1","name":"19th Avenue"},"geometry":{"type":"LineString","coordinates":[[-122.477133,37.76345],[-122.477135,37.763481],[-122.477136,37.763572]]}},{"type":"Feature","properties":{"highway":"motorway_link","ref":null,"name":null},"geometry":{"type":"LineString","coordinates":[[-122.363467,37.809585],[-122.363422,37.809713],[-122.363381,37.810271],[-122.363396,37.810451],[-122.363435,37.810625],[-122.363518,37.810856],[-122.36353,37.810902],[-122.363536,37.810947],[-122.363535,37.81099]]}},{"type":"Feature","properties":{"highway":"motorway_link","ref":null,"name":null},"geometry":{"type":"LineString","coordinates":[[-122.392848,37.785767],[-122.392816,37.785721],[-122.392786,37.785676],[-122.392759,37.785643],[-122.392728,37.785608],[-122.392689,37.78557],[-122.392644,37.785531],[-122.39259,37.785493],[-122.392526,37.785455],[-122.392461,37.785426],[-122.392385,37.785403],[-122.392325,37.785394],[-122.392259,37.785387],[-122.392179,37.785389],[-122.392105,37.785399],[-122.392024,37.785418],[-122.391945,37.785439],[-122.391758,37.785505],[-122.391668,37.785542],[-122.39158,37.785582]]}},{"type":"Feature","properties":{"highway":"trunk","ref":"US 101","name":"Richardson Avenue"},"geometry":{"type":"LineString","coordinates":[[-122.448053,37.80095],[-122.447971,37.800894]]}},{"type":"Feature","properties":{"highway":"trunk","ref":"CA 1","name":"Park Presidio Boulevard"},"geometry":{"type":"LineString","coordinates":[[-122.472532,37.784458],[-122.472539,37.784556],[-122.472552,37.784745]]}},{"type":"Feature","properties":{"highway":"trunk","ref":"CA 1","name":"Park Presidio Boulevard"},"geometry":{"type":"LineString","coordinates":[[-122.472018,37.777309],[-122.472114,37.77865],[-122.472121,37.778742]]}},{"type":"Feature","properties":{"highway":"trunk","ref":"CA 1","name":"Park Presidio Boulevard"},"geometry":{"type":"LineString","coordinates":[[-122.472291,37.781095],[-122.47239,37.782496],[-122.472398,37.782591]]}},{"type":"Feature","properties":{"highway":"trunk","ref":"CA 1","name":"Park Presidio Boulevard"},"geometry":{"type":"LineString","coordinates":[[-122.471993,37.775002],[-122.471986,37.774911],[-122.471923,37.774021],[-122.471879,37.773414]]}},{"type":"Feature","properties":{"highway":"trunk","ref":"CA 1","name":"Park Presidio Boulevard"},"geometry":{"type":"LineString","coordinates":[[-122.471744,37.773498],[-122.471846,37.774919],[-122.471853,37.775009]]}},{"type":"Feature","properties":{"highway":"trunk","ref":"CA 1","name":"Park Presidio Boulevard"},"geometry":{"type":"LineString","coordinates":[[-122.472642,37.784018],[-122.472545,37.782685],[-122.472539,37.782585]]}},{"type":"Feature","properties":{"highway":"trunk","ref":"CA 1","name":"Park Presidio Boulevard"},"geometry":{"type":"LineString","coordinates":[[-122.47237,37.780244],[-122.472296,37.779215]]}},{"type":"Feature","properties":{"highway":"trunk","ref":"CA 1","name":"Park Presidio Boulevard"},"geometry":{"type":"LineString","coordinates":[[-122.472101,37.776494],[-122.472,37.775106],[-122.471993,37.775002]]}},{"type":"Feature","properties":{"highway":"trunk","ref":"US 101","name":"Van Ness Avenue"},"geometry":{"type":"LineString","coordinates":[[-122.422808,37.792167],[-122.422798,37.792102],[-122.422774,37.791954],[-122.422753,37.791756],[-122.422672,37.791367],[-122.422651,37.791289],[-122.422633,37.791226],[-122.422584,37.791014],[-122.422476,37.790471],[-122.422461,37.790403]]}},{"type":"Feature","properties":{"highway":"motorway","ref":"US 101","name":"James Lick Freeway"},"geometry":{"type":"LineString","coordinates":[[-122.405023,37.763501],[-122.404994,37.76363],[-122.404986,37.763671],[-122.40497,37.763763],[-122.404949,37.763894],[-122.404931,37.764026],[-122.404916,37.764164],[-122.404888,37.764392]]}},{"type":"Feature","properties":{"highway":"motorway_link","ref":null,"name":null},"geometry":{"type":"LineString","coordinates":[[-122.405018,37.74943],[-122.405025,37.749433],[-122.405167,37.749488],[-122.405365,37.749577]]}},{"type":"Feature","properties":{"highway":"motorway_link","ref":null,"name":null},"geometry":{"type":"LineString","coordinates":[[-122.408247,37.737982],[-122.408239,37.737754],[-122.408236,37.73767],[-122.408233,37.737556],[-122.408233,37.737418],[-122.40824,37.737287],[-122.408254,37.73715],[-122.408275,37.737021]]}},{"type":"Feature","properties":{"highway":"motorway_link","ref":null,"name":null},"geometry":{"type":"LineString","coordinates":[[-122.403997,37.731178],[-122.404573,37.732478],[-122.404823,37.732977],[-122.404911,37.73319],[-122.404988,37.733438],[-122.405018,37.733627],[-122.405042,37.733832],[-122.405049,37.734032]]}},{"type":"Feature","properties":{"highway":"motorway","ref":"I 280","name":"Southern Embarcadero Freeway"},"geometry":{"type":"LineString","coordinates":[[-122.392758,37.749102],[-122.393099,37.748365],[-122.393788,37.746997]]}},{"type":"Feature","properties":{"highway":"motorway_link","ref":null,"name":null},"geometry":{"type":"LineString","coordinates":[[-122.393313,37.746414],[-122.39329,37.746614],[-122.393288,37.746809],[-122.393304,37.747308],[-122.393296,37.747446],[-122.393278,37.747592],[-122.393144,37.748511],[-122.393123,37.748642],[-122.393115,37.748687]]}},{"type":"Feature","properties":{"highway":"motorway","ref":"I 80","name":"Dwight D. Eisenhower Highway"},"geometry":{"type":"LineString","coordinates":[[-122.364471,37.810711],[-122.364722,37.810474],[-122.365072,37.810156]]}},{"type":"Feature","properties":{"highway":"trunk","ref":"US 101","name":"Richardson Avenue"},"geometry":{"type":"LineString","coordinates":[[-122.446061,37.799574],[-122.445962,37.799506]]}},{"type":"Feature","properties":{"highway":"trunk","ref":"US 101","name":"Van Ness Avenue"},"geometry":{"type":"LineString","coordinates":[[-122.419808,37.778284],[-122.419836,37.778422],[-122.420034,37.779392],[-122.420048,37.77957],[-122.420128,37.779956],[-122.420156,37.780088]]}},{"type":"Feature","properties":{"highway":"trunk","ref":"US 101","name":"Van Ness Avenue"},"geometry":{"type":"LineString","coordinates":[[-122.422264,37.790442],[-122.422275,37.790497],[-122.422428,37.791252],[-122.42244,37.791316]]}},{"type":"Feature","properties":{"highway":"trunk","ref":"US 101","name":"Van Ness Avenue"},"geometry":{"type":"LineString","coordinates":[[-122.420548,37.781976],[-122.420565,37.782059],[-122.420614,37.782319],[-122.420633,37.782507],[-122.4207,37.782836],[-122.420721,37.782911]]}},{"type":"Feature","properties":{"highway":"trunk","ref":"US 101","name":"Van Ness Avenue"},"geometry":{"type":"LineString","coordinates":[[-122.420156,37.780088],[-122.420185,37.780196],[-122.420263,37.780582],[-122.42034,37.780969],[-122.420357,37.781046],[-122.420377,37.781134],[-122.420453,37.781514],[-122.420534,37.7819],[-122.420548,37.781976]]}},{"type":"Feature","properties":{"highway":"motorway_link","ref":null,"name":null},"geometry":{"type":"LineString","coordinates":[[-122.433802,37.732717],[-122.43391,37.732646],[-122.434031,37.732573],[-122.434162,37.732502],[-122.434356,37.732402],[-122.434542,37.732304],[-122.434715,37.732207],[-122.435068,37.731996]]}},{"type":"Feature","properties":{"highway":"trunk","ref":"US 101","name":"Van Ness Avenue"},"geometry":{"type":"LineString","coordinates":[[-122.419374,37.775174],[-122.41936,37.775113],[-122.419355,37.775093]]}},{"type":"Feature","properties":{"highway":"motorway_link","ref":null,"name":null},"geometry":{"type":"LineString","coordinates":[[-122.395091,37.767074],[-122.396015,37.767882],[-122.396201,37.768056],[-122.396376,37.768222],[-122.396535,37.768383],[-122.396673,37.768538],[-122.396812,37.768715],[-122.39692,37.768874],[-122.397021,37.769044]]}},{"type":"Feature","properties":{"highway":"motorway","ref":"I 80","name":"Route 80"},"geometry":{"type":"LineString","coordinates":[[-122.397086,37.781814],[-122.397356,37.781622],[-122.397922,37.781207],[-122.398241,37.780973],[-122.399223,37.78021],[-122.39975,37.779815],[-122.400042,37.779592],[-122.400327,37.779374],[-122.401955,37.778094]]}},{"type":"Feature","properties":{"highway":"motorway_link","ref":null,"name":null},"geometry":{"type":"LineString","coordinates":[[-122.452682,37.802876],[-122.4526,37.802864],[-122.45252,37.80285],[-122.452439,37.802836],[-122.452377,37.802824],[-122.452368,37.802823],[-122.452351,37.802819],[-122.452289,37.802802]]}},{"type":"Feature","properties":{"highway":"motorway_link","ref":null,"name":null},"geometry":{"type":"LineString","coordinates":[[-122.450915,37.80336],[-122.450973,37.803384],[-122.45103,37.803405],[-122.451056,37.803415],[-122.451082,37.803424]]}},{"type":"Feature","properties":{"highway":"trunk","ref":"US 101","name":"South Van Ness Avenue"},"geometry":{"type":"LineString","coordinates":[[-122.41808,37.771023],[-122.418033,37.770901]]}},{"type":"Feature","properties":{"highway":"trunk","ref":"US 101","name":"South Van Ness Avenue"},"geometry":{"type":"LineString","coordinates":[[-122.41845,37.772238],[-122.418146,37.771238]]}},{"type":"Feature","properties":{"highway":"motorway","ref":"I 280","name":"John F Foran Freeway"},"geometry":{"type":"LineString","coordinates":[[-122.452305,37.713404],[-122.452867,37.71293]]}},{"type":"Feature","properties":{"highway":"motorway","ref":"I 280","name":"John F Foran Freeway"},"geometry":{"type":"LineString","coordinates":[[-122.466043,37.710169],[-122.466123,37.71014],[-122.466273,37.710085],[-122.466421,37.710028],[-122.466564,37.709967],[-122.466711,37.709901],[-122.466851,37.709834],[-122.466992,37.709763],[-122.467126,37.709691],[-122.467259,37.709616],[-122.467393,37.709536],[-122.46752,37.709456],[-122.467644,37.709373]]}},{"type":"Feature","properties":{"highway":"motorway","ref":"I 280","name":"John F Foran Freeway"},"geometry":{"type":"LineString","coordinates":[[-122.467644,37.709373],[-122.467767,37.709286],[-122.467888,37.709197],[-122.468005,37.709105],[-122.468121,37.709009],[-122.46823,37.708916],[-122.468335,37.708819],[-122.468445,37.708715],[-122.468944,37.708245]]}},{"type":"Feature","properties":{"highway":"trunk","ref":"CA 1","name":"Junipero Serra Boulevard"},"geometry":{"type":"LineString","coordinates":[[-122.47228,37.716324],[-122.472296,37.716374]]}},{"type":"Feature","properties":{"highway":"motorway","ref":"CA 1","name":"Junipero Serra Boulevard"},"geometry":{"type":"LineString","coordinates":[[-122.471808,37.704324],[-122.471818,37.704197],[-122.471824,37.704066],[-122.47183,37.703935],[-122.471834,37.703804],[-122.471837,37.703674],[-122.471838,37.703537],[-122.471837,37.703405],[-122.471836,37.703275],[-122.471833,37.703134]]}},{"type":"Feature","properties":{"highway":"motorway_link","ref":null,"name":null},"geometry":{"type":"LineString","coordinates":[[-122.470805,37.706261],[-122.47082,37.706487],[-122.470844,37.706897]]}},{"type":"Feature","properties":{"highway":"motorway_link","ref":null,"name":null},"geometry":{"type":"LineString","coordinates":[[-122.470844,37.706897],[-122.470855,37.707047]]}},{"type":"Feature","properties":{"highway":"motorway_link","ref":null,"name":null},"geometry":{"type":"LineString","coordinates":[[-122.403261,37.749444],[-122.402898,37.750614]]}},{"type":"Feature","properties":{"highway":"motorway_link","ref":null,"name":null},"geometry":{"type":"LineString","coordinates":[[-122.448161,37.722843],[-122.448224,37.722596],[-122.44828,37.722357]]}},{"type":"Feature","properties":{"highway":"motorway_link","ref":null,"name":null},"geometry":{"type":"LineString","coordinates":[[-122.392325,37.762545],[-122.392342,37.762693]]}},{"type":"Feature","properties":{"highway":"motorway_link","ref":null,"name":null},"geometry":{"type":"LineString","coordinates":[[-122.405717,37.733879],[-122.40581,37.733961],[-122.405987,37.734096],[-122.406185,37.734226],[-122.406391,37.73434],[-122.406609,37.734444],[-122.406863,37.734546]]}},{"type":"Feature","properties":{"highway":"motorway_link","ref":null,"name":null},"geometry":{"type":"LineString","coordinates":[[-122.403997,37.731178],[-122.405224,37.733255],[-122.405359,37.733459],[-122.405499,37.733651],[-122.40565,37.733816],[-122.405717,37.733879]]}},{"type":"Feature","properties":{"highway":"motorway_link","ref":null,"name":null},"geometry":{"type":"LineString","coordinates":[[-122.404945,37.732822],[-122.40473,37.732448],[-122.404387,37.731786]]}},{"type":"Feature","properties":{"highway":"motorway_link","ref":null,"name":null},"geometry":{"type":"LineString","coordinates":[[-122.404515,37.732279],[-122.404304,37.731822],[-122.404103,37.731256]]}},{"type":"Feature","properties":{"highway":"motorway_link","ref":null,"name":null},"geometry":{"type":"LineString","coordinates":[[-122.404772,37.732805],[-122.404601,37.732467],[-122.404515,37.732279]]}},{"type":"Feature","properties":{"highway":"motorway_link","ref":null,"name":null},"geometry":{"type":"LineString","coordinates":[[-122.393267,37.701337],[-122.393214,37.701668],[-122.393259,37.701983]]}},{"type":"Feature","properties":{"highway":"motorway","ref":"US 101","name":"Bayshore Freeway"},"geometry":{"type":"LineString","coordinates":[[-122.391787,37.694766],[-122.392515,37.697977],[-122.393201,37.70104]]}},{"type":"Feature","properties":{"highway":"motorway","ref":"US 101","name":"Bayshore Freeway"},"geometry":{"type":"LineString","coordinates":[[-122.393267,37.701337],[-122.393822,37.703776],[-122.394171,37.705323],[-122.394289,37.705841],[-122.394406,37.706355],[-122.394524,37.706871],[-122.39464,37.707388],[-122.394714,37.707725]]}},{"type":"Feature","properties":{"highway":"motorway_link","ref":null,"name":null},"geometry":{"type":"LineString","coordinates":[[-122.40544,37.774471],[-122.405421,37.774556],[-122.405418,37.774641],[-122.40542,37.774654],[-122.405447,37.774833]]}},{"type":"Feature","properties":{"highway":"motorway","ref":"I 80","name":"Route 80"},"geometry":{"type":"LineString","coordinates":[[-122.395003,37.783217],[-122.394274,37.783785]]}},{"type":"Feature","properties":{"highway":"motorway_link","ref":null,"name":null},"geometry":{"type":"LineString","coordinates":[[-122.391859,37.786597],[-122.391981,37.7867],[-122.392077,37.786771]]}},{"type":"Feature","properties":{"highway":"trunk","ref":"US 101","name":"Van Ness Avenue"},"geometry":{"type":"LineString","coordinates":[[-122.421325,37.78475],[-122.42131,37.784672],[-122.421284,37.784551]]}},{"type":"Feature","properties":{"highway":"trunk","ref":"US 101","name":"South Van Ness Avenue"},"geometry":{"type":"LineString","coordinates":[[-122.419108,37.774926],[-122.419127,37.775019],[-122.419141,37.775089],[-122.41916,37.775175]]}},{"type":"Feature","properties":{"highway":"motorway_link","ref":null,"name":null},"geometry":{"type":"LineString","coordinates":[[-122.469783,37.710472],[-122.470434,37.710164],[-122.470453,37.710154]]}},{"type":"Feature","properties":{"highway":"motorway","ref":"US 101","name":"James Lick Freeway"},"geometry":{"type":"LineString","coordinates":[[-122.397612,37.714359],[-122.397058,37.713699]]}},{"type":"Feature","properties":{"highway":"motorway","ref":"US 101","name":"James Lick Freeway"},"geometry":{"type":"LineString","coordinates":[[-122.396879,37.713481],[-122.396788,37.713363],[-122.396702,37.713247],[-122.396623,37.713129],[-122.396545,37.713012],[-122.396471,37.712893],[-122.396399,37.712773],[-122.396331,37.712655],[-122.396263,37.71253],[-122.396202,37.712412],[-122.396142,37.712287],[-122.396084,37.712164],[-122.396031,37.71204],[-122.395979,37.711913],[-122.395932,37.711788],[-122.395886,37.711656],[-122.395843,37.711529],[-122.395805,37.711405],[-122.395768,37.711268],[-122.395735,37.711141],[-122.395719,37.711075]]}},{"type":"Feature","properties":{"highway":"trunk","ref":"CA 1","name":"19th Avenue"},"geometry":{"type":"LineString","coordinates":[[-122.474908,37.732436],[-122.474917,37.73255],[-122.474948,37.732881],[-122.475003,37.733676]]}},{"type":"Feature","properties":{"highway":"trunk","ref":"CA 1","name":"19th Avenue"},"geometry":{"type":"LineString","coordinates":[[-122.475128,37.733699],[-122.475083,37.733031],[-122.475065,37.732792],[-122.475064,37.732781]]}},{"type":"Feature","properties":{"highway":"trunk","ref":"CA 1","name":"19th Avenue"},"geometry":{"type":"LineString","coordinates":[[-122.475063,37.734559],[-122.475077,37.734727]]}},{"type":"Feature","properties":{"highway":"motorway_link","ref":null,"name":null},"geometry":{"type":"LineString","coordinates":[[-122.451437,37.803293],[-122.451407,37.80334],[-122.451401,37.803393],[-122.451418,37.803444]]}},{"type":"Feature","properties":{"highway":"trunk","ref":"CA 1","name":"19th Avenue"},"geometry":{"type":"LineString","coordinates":[[-122.477095,37.761706],[-122.477092,37.761689],[-122.477087,37.761646]]}},{"type":"Feature","properties":{"highway":"trunk","ref":"CA 1","name":"19th Avenue"},"geometry":{"type":"LineString","coordinates":[[-122.477104,37.761753],[-122.477097,37.761716],[-122.477095,37.761706]]}},{"type":"Feature","properties":{"highway":"trunk","ref":"CA 1","name":"Park Presidio Bypass Drive"},"geometry":{"type":"LineString","coordinates":[[-122.471854,37.773135],[-122.471845,37.773043],[-122.471843,37.773007],[-122.471841,37.77298],[-122.471847,37.772916],[-122.471863,37.77285],[-122.47189,37.772781],[-122.471929,37.772716],[-122.471975,37.772655]]}},{"type":"Feature","properties":{"highway":"trunk","ref":"CA 1","name":"Park Presidio Bypass Drive"},"geometry":{"type":"LineString","coordinates":[[-122.479478,37.771786],[-122.479511,37.771718],[-122.479536,37.771645],[-122.479552,37.771573],[-122.479562,37.771503],[-122.479566,37.771439],[-122.479564,37.771386],[-122.479558,37.771338]]}},{"type":"Feature","properties":{"highway":"trunk","ref":"CA 1","name":"Park Presidio Bypass Drive"},"geometry":{"type":"LineString","coordinates":[[-122.471863,37.772583],[-122.471803,37.77266],[-122.471762,37.772734],[-122.471732,37.772822],[-122.471718,37.772902],[-122.471714,37.772977],[-122.471715,37.773022],[-122.471715,37.77304],[-122.471716,37.77305],[-122.47172,37.773142]]}},{"type":"Feature","properties":{"highway":"motorway_link","ref":null,"name":null},"geometry":{"type":"LineString","coordinates":[[-122.39537,37.708407],[-122.395345,37.708263],[-122.395311,37.708098],[-122.395242,37.707804],[-122.395222,37.707714],[-122.395209,37.707653],[-122.395202,37.707594],[-122.395202,37.707538],[-122.395211,37.707486],[-122.395229,37.707431],[-122.395255,37.70738],[-122.395288,37.707333]]}},{"type":"Feature","properties":{"highway":"trunk","ref":"US 101","name":"Richardson Avenue"},"geometry":{"type":"LineString","coordinates":[[-122.447003,37.800345],[-122.447088,37.800403]]}},{"type":"Feature","properties":{"highway":"motorway_link","ref":null,"name":null},"geometry":{"type":"LineString","coordinates":[[-122.403825,37.730831],[-122.403997,37.731178]]}},{"type":"Feature","properties":{"highway":"trunk","ref":"US 101","name":"Lombard Street"},"geometry":{"type":"LineString","coordinates":[[-122.43994,37.799308],[-122.43952,37.799361],[-122.439438,37.799371],[-122.439344,37.799383]]}},{"type":"Feature","properties":{"highway":"trunk","ref":"US 101","name":"Lombard Street"},"geometry":{"type":"LineString","coordinates":[[-122.438575,37.799578],[-122.439192,37.7995],[-122.439269,37.79949],[-122.439363,37.799478]]}},{"type":"Feature","properties":{"highway":"trunk","ref":"CA 1","name":"Crossover Drive"},"geometry":{"type":"LineString","coordinates":[[-122.477311,37.766063],[-122.477326,37.766153],[-122.477344,37.766244],[-122.477365,37.766318]]}},{"type":"Feature","properties":{"highway":"motorway_link","ref":null,"name":null},"geometry":{"type":"LineString","coordinates":[[-122.407165,37.736458],[-122.407261,37.736531]]}},{"type":"Feature","properties":{"highway":"motorway_link","ref":null,"name":null},"geometry":{"type":"LineString","coordinates":[[-122.407098,37.736405],[-122.407165,37.736458]]}},{"type":"Feature","properties":{"highway":"trunk","ref":"CA 1","name":"Crossover Drive"},"geometry":{"type":"LineString","coordinates":[[-122.477514,37.766368],[-122.477489,37.766295],[-122.477469,37.766224],[-122.477456,37.76617],[-122.477451,37.766148],[-122.477445,37.766099],[-122.477438,37.766053]]}},{"type":"Feature","properties":{"highway":"trunk","ref":"CA 1","name":"19th Avenue"},"geometry":{"type":"LineString","coordinates":[[-122.474929,37.728986],[-122.474932,37.728906],[-122.474965,37.728308]]}},{"type":"Feature","properties":{"highway":"trunk","ref":"CA 1","name":"19th Avenue"},"geometry":{"type":"LineString","coordinates":[[-122.474776,37.72692],[-122.474771,37.727025],[-122.474762,37.727187],[-122.474738,37.72768],[-122.474704,37.728341],[-122.474688,37.728602],[-122.474677,37.728738],[-122.474673,37.728804],[-122.47467,37.728872]]}},{"type":"Feature","properties":{"highway":"trunk","ref":"CA 1","name":"Park Presidio Boulevard"},"geometry":{"type":"LineString","coordinates":[[-122.472296,37.779215],[-122.472268,37.778833],[-122.472262,37.778736]]}},{"type":"Feature","properties":{"highway":"trunk","ref":"CA 1","name":"Park Presidio Boulevard"},"geometry":{"type":"LineString","coordinates":[[-122.472121,37.778742],[-122.472128,37.77884],[-122.472155,37.779221]]}},{"type":"Feature","properties":{"highway":"motorway_link","ref":null,"name":null},"geometry":{"type":"LineString","coordinates":[[-122.408651,37.770925],[-122.40857,37.771104],[-122.408548,37.77115],[-122.408536,37.77119],[-122.408533,37.771229],[-122.408533,37.771262],[-122.408536,37.771301]]}},{"type":"Feature","properties":{"highway":"trunk","ref":"CA 1","name":"Junipero Serra Boulevard"},"geometry":{"type":"LineString","coordinates":[[-122.472692,37.717127],[-122.472688,37.717064],[-122.472681,37.716999],[-122.472672,37.716943],[-122.472657,37.716868],[-122.472641,37.7168],[-122.472626,37.716737],[-122.47261,37.716675],[-122.472593,37.71662]]}},{"type":"Feature","properties":{"highway":"trunk","ref":"US 101","name":"Richardson Avenue"},"geometry":{"type":"LineString","coordinates":[[-122.447663,37.800801],[-122.44779,37.800888],[-122.447811,37.800905],[-122.447827,37.800915],[-122.447957,37.801003]]}},{"type":"Feature","properties":{"highway":"motorway_link","ref":null,"name":null},"geometry":{"type":"LineString","coordinates":[[-122.39226,37.754532],[-122.392196,37.754143],[-122.392168,37.753847]]}},{"type":"Feature","properties":{"highway":"motorway_link","ref":null,"name":null},"geometry":{"type":"LineString","coordinates":[[-122.408464,37.773704],[-122.408632,37.773684]]}},{"type":"Feature","properties":{"highway":"trunk","ref":"US 101","name":"Van Ness Avenue"},"geometry":{"type":"LineString","coordinates":[[-122.420001,37.778235],[-122.419983,37.778146],[-122.419828,37.777375],[-122.419811,37.777292]]}},{"type":"Feature","properties":{"highway":"trunk","ref":"US 101","name":"Van Ness Avenue"},"geometry":{"type":"LineString","coordinates":[[-122.420398,37.780076],[-122.420347,37.779928],[-122.420035,37.778396],[-122.420001,37.778235]]}},{"type":"Feature","properties":{"highway":"trunk","ref":"US 101","name":"Van Ness Avenue"},"geometry":{"type":"LineString","coordinates":[[-122.420574,37.781019],[-122.420557,37.780942],[-122.420516,37.780745],[-122.4205,37.78057],[-122.420424,37.780166],[-122.420398,37.780076]]}},{"type":"Feature","properties":{"highway":"trunk","ref":"US 101","name":"Van Ness Avenue"},"geometry":{"type":"LineString","coordinates":[[-122.420953,37.782882],[-122.420933,37.782805],[-122.420906,37.782681],[-122.420853,37.782418],[-122.420775,37.782033],[-122.420759,37.781949],[-122.420744,37.781874],[-122.420594,37.781107],[-122.420574,37.781019]]}},{"type":"Feature","properties":{"highway":"trunk","ref":"US 101","name":"Van Ness Avenue"},"geometry":{"type":"LineString","coordinates":[[-122.421699,37.78661],[-122.421683,37.786534],[-122.421527,37.785763],[-122.421514,37.785685]]}},{"type":"Feature","properties":{"highway":"trunk","ref":"US 101","name":"Van Ness Avenue"},"geometry":{"type":"LineString","coordinates":[[-122.422078,37.788474],[-122.422062,37.788396],[-122.422024,37.788181],[-122.422005,37.788008],[-122.421927,37.787624],[-122.4219,37.787543]]}},{"type":"Feature","properties":{"highway":"trunk","ref":"US 101","name":"Van Ness Avenue"},"geometry":{"type":"LineString","coordinates":[[-122.422445,37.790323],[-122.422435,37.790271],[-122.422383,37.790012],[-122.422326,37.789753],[-122.422302,37.789651]]}},{"type":"Feature","properties":{"highway":"trunk","ref":"US 101","name":"Van Ness Avenue"},"geometry":{"type":"LineString","coordinates":[[-122.422057,37.789433],[-122.422075,37.789518],[-122.422234,37.790297],[-122.422243,37.790343]]}},{"type":"Feature","properties":{"highway":"trunk","ref":"US 101","name":"Van Ness Avenue"},"geometry":{"type":"LineString","coordinates":[[-122.422988,37.793049],[-122.422974,37.792984],[-122.422881,37.792545],[-122.422823,37.792256],[-122.422808,37.792167]]}},{"type":"Feature","properties":{"highway":"trunk","ref":"US 101","name":"Van Ness Avenue"},"geometry":{"type":"LineString","coordinates":[[-122.423179,37.793928],[-122.423156,37.793862],[-122.423003,37.793123],[-122.422988,37.793049]]}},{"type":"Feature","properties":{"highway":"trunk","ref":"US 101","name":"Van Ness Avenue"},"geometry":{"type":"LineString","coordinates":[[-122.423138,37.794832],[-122.423167,37.794908],[-122.423236,37.795257],[-122.4233,37.795662],[-122.423316,37.79576]]}},{"type":"Feature","properties":{"highway":"trunk","ref":"US 101","name":"Van Ness Avenue"},"geometry":{"type":"LineString","coordinates":[[-122.423911,37.797614],[-122.423896,37.797545],[-122.423827,37.797208],[-122.423807,37.797031],[-122.423755,37.796769],[-122.423742,37.796676]]}},{"type":"Feature","properties":{"highway":"trunk","ref":"US 101","name":"Van Ness Avenue"},"geometry":{"type":"LineString","coordinates":[[-122.424106,37.798544],[-122.424085,37.798471],[-122.423929,37.797698],[-122.423911,37.797614]]}},{"type":"Feature","properties":{"highway":"trunk","ref":"US 101","name":"Van Ness Avenue"},"geometry":{"type":"LineString","coordinates":[[-122.424288,37.799481],[-122.424272,37.799407],[-122.424249,37.79929],[-122.424225,37.799163],[-122.424204,37.799011],[-122.42415,37.798739],[-122.424128,37.798629],[-122.424106,37.798544]]}},{"type":"Feature","properties":{"highway":"trunk","ref":"US 101","name":"Van Ness Avenue"},"geometry":{"type":"LineString","coordinates":[[-122.424484,37.80041],[-122.424464,37.800336],[-122.424314,37.799606],[-122.424303,37.799555],[-122.424288,37.799481]]}},{"type":"Feature","properties":{"highway":"trunk","ref":"US 101","name":"Van Ness Avenue"},"geometry":{"type":"LineString","coordinates":[[-122.424663,37.801259],[-122.42465,37.801174],[-122.424516,37.800535],[-122.424504,37.800483],[-122.424484,37.80041]]}},{"type":"Feature","properties":{"highway":"trunk","ref":"US 101","name":"Van Ness Avenue"},"geometry":{"type":"LineString","coordinates":[[-122.423896,37.798571],[-122.423925,37.798656],[-122.423998,37.798978],[-122.424075,37.799386],[-122.424083,37.79943],[-122.4241,37.79951]]}},{"type":"Feature","properties":{"highway":"trunk","ref":"US 101","name":"Van Ness Avenue"},"geometry":{"type":"LineString","coordinates":[[-122.423718,37.797638],[-122.423736,37.797721],[-122.423756,37.797818],[-122.423777,37.798015],[-122.423853,37.798392],[-122.423876,37.798497],[-122.423896,37.798571]]}},{"type":"Feature","properties":{"highway":"trunk","ref":"US 101","name":"Van Ness Avenue"},"geometry":{"type":"LineString","coordinates":[[-122.423508,37.796707],[-122.423523,37.796796],[-122.423625,37.797278],[-122.423682,37.79746],[-122.423703,37.797568],[-122.423718,37.797638]]}},{"type":"Feature","properties":{"highway":"trunk","ref":"US 101","name":"Van Ness Avenue"},"geometry":{"type":"LineString","coordinates":[[-122.423316,37.79576],[-122.423334,37.795856],[-122.423414,37.796253],[-122.423421,37.796291],[-122.423495,37.796637],[-122.423508,37.796707]]}},{"type":"Feature","properties":{"highway":"trunk","ref":"US 101","name":"Van Ness Avenue"},"geometry":{"type":"LineString","coordinates":[[-122.423553,37.79573],[-122.423528,37.795633],[-122.423482,37.795491],[-122.423448,37.79531],[-122.423361,37.794885],[-122.423344,37.794805]]}},{"type":"Feature","properties":{"highway":"trunk","ref":"US 101","name":"Van Ness Avenue"},"geometry":{"type":"LineString","coordinates":[[-122.422974,37.793953],[-122.422989,37.794024],[-122.423015,37.794272],[-122.423115,37.794769],[-122.423138,37.794832]]}},{"type":"Feature","properties":{"highway":"trunk","ref":"US 101","name":"Van Ness Avenue"},"geometry":{"type":"LineString","coordinates":[[-122.422795,37.793073],[-122.42281,37.793147],[-122.422959,37.793887],[-122.422974,37.793953]]}},{"type":"Feature","properties":{"highway":"trunk","ref":"US 101","name":"Van Ness Avenue"},"geometry":{"type":"LineString","coordinates":[[-122.421678,37.787571],[-122.421693,37.787654],[-122.421731,37.787857],[-122.421752,37.788038],[-122.42183,37.788425],[-122.421853,37.788503]]}},{"type":"Feature","properties":{"highway":"trunk","ref":"US 101","name":"Van Ness Avenue"},"geometry":{"type":"LineString","coordinates":[[-122.421585,37.787102],[-122.421663,37.787496],[-122.421678,37.787571]]}},{"type":"Feature","properties":{"highway":"trunk","ref":"US 101","name":"Van Ness Avenue"},"geometry":{"type":"LineString","coordinates":[[-122.420921,37.783841],[-122.420939,37.783925],[-122.421018,37.78431],[-122.421063,37.784536]]}},{"type":"Feature","properties":{"highway":"trunk","ref":"US 101","name":"Van Ness Avenue"},"geometry":{"type":"LineString","coordinates":[[-122.420721,37.782911],[-122.420746,37.782995],[-122.420782,37.783134],[-122.420829,37.783379],[-122.420906,37.783769],[-122.420921,37.783841]]}},{"type":"Feature","properties":{"highway":"trunk","ref":"US 101","name":"Van Ness Avenue"},"geometry":{"type":"LineString","coordinates":[[-122.419613,37.777317],[-122.41963,37.7774],[-122.419708,37.777783],[-122.419785,37.778171],[-122.419808,37.778284]]}},{"type":"Feature","properties":{"highway":"motorway_link","ref":null,"name":null},"geometry":{"type":"LineString","coordinates":[[-122.446154,37.726158],[-122.446417,37.726025],[-122.446545,37.725894],[-122.446626,37.725803],[-122.446768,37.725626],[-122.446896,37.725461],[-122.447034,37.725275],[-122.447149,37.725108],[-122.447432,37.724622]]}},{"type":"Feature","properties":{"highway":"motorway_link","ref":null,"name":null},"geometry":{"type":"LineString","coordinates":[[-122.448441,37.721364],[-122.448449,37.721304],[-122.448521,37.720719]]}},{"type":"Feature","properties":{"highway":"motorway_link","ref":null,"name":null},"geometry":{"type":"LineString","coordinates":[[-122.471777,37.706545],[-122.471795,37.70638],[-122.471806,37.7063],[-122.47184,37.706119],[-122.471884,37.705922],[-122.471919,37.705753],[-122.471962,37.705563],[-122.472019,37.705319],[-122.472063,37.705142],[-122.472166,37.704718]]}},{"type":"Feature","properties":{"highway":"motorway","ref":"US 101","name":"Golden Gate Bridge"},"geometry":{"type":"LineString","coordinates":[[-122.480652,37.832117],[-122.480611,37.832077],[-122.480514,37.831969],[-122.480428,37.831862],[-122.480339,37.831743],[-122.480249,37.83161],[-122.480178,37.831491],[-122.480113,37.831362],[-122.480058,37.831237],[-122.480007,37.831107],[-122.479965,37.83098],[-122.47993,37.830843],[-122.479903,37.830715],[-122.479883,37.830581],[-122.479863,37.830422],[-122.479844,37.830273],[-122.477429,37.809631],[-122.477413,37.809525],[-122.477391,37.809417],[-122.477363,37.809308],[-122.477331,37.809206],[-122.477293,37.809103],[-122.477242,37.808988],[-122.477179,37.808863],[-122.477115,37.808749],[-122.477042,37.808634],[-122.476964,37.808527],[-122.47688,37.80842],[-122.476779,37.808303],[-122.476683,37.808189],[-122.476575,37.808061]]}},{"type":"Feature","properties":{"highway":"motorway_link","ref":null,"name":null},"geometry":{"type":"LineString","coordinates":[[-122.393115,37.748687],[-122.39309,37.748775],[-122.393037,37.748896],[-122.392974,37.749012],[-122.392888,37.749135],[-122.392781,37.749256],[-122.392659,37.749372]]}},{"type":"Feature","properties":{"highway":"motorway_link","ref":null,"name":null},"geometry":{"type":"LineString","coordinates":[[-122.392411,37.749593],[-122.39235,37.749795],[-122.392358,37.749854],[-122.392374,37.74999]]}},{"type":"Feature","properties":{"highway":"motorway_link","ref":null,"name":null},"geometry":{"type":"LineString","coordinates":[[-122.474211,37.807],[-122.474001,37.807102],[-122.473979,37.807149]]}},{"type":"Feature","properties":{"highway":"motorway_link","ref":null,"name":null},"geometry":{"type":"LineString","coordinates":[[-122.451358,37.803587],[-122.451402,37.803582],[-122.451444,37.80358],[-122.4515,37.803581],[-122.451565,37.803583],[-122.45162,37.803587]]}},{"type":"Feature","properties":{"highway":"motorway_link","ref":null,"name":null},"geometry":{"type":"LineString","coordinates":[[-122.451734,37.803605],[-122.451952,37.80363],[-122.452033,37.803637],[-122.452101,37.803641],[-122.452183,37.803644],[-122.452216,37.803645]]}},{"type":"Feature","properties":{"highway":"motorway_link","ref":null,"name":null},"geometry":{"type":"LineString","coordinates":[[-122.447298,37.722911],[-122.447222,37.722962],[-122.447206,37.722975],[-122.447185,37.722999],[-122.447174,37.723019],[-122.44717,37.723042]]}},{"type":"Feature","properties":{"highway":"trunk","ref":"CA 1","name":"Junipero Serra Boulevard"},"geometry":{"type":"LineString","coordinates":[[-122.472434,37.716913],[-122.472447,37.716969]]}},{"type":"Feature","properties":{"highway":"trunk_link","ref":null,"name":null},"geometry":{"type":"LineString","coordinates":[[-122.472291,37.716963],[-122.472318,37.716973],[-122.472345,37.716977],[-122.472374,37.716979],[-122.472405,37.716977],[-122.472432,37.716972],[-122.472447,37.716969]]}},{"type":"Feature","properties":{"highway":"trunk_link","ref":null,"name":null},"geometry":{"type":"LineString","coordinates":[[-122.472479,37.716959],[-122.472513,37.716944],[-122.472543,37.716926],[-122.472566,37.716907],[-122.47259,37.716882],[-122.472608,37.716857],[-122.472625,37.71683],[-122.472641,37.7168]]}},{"type":"Feature","properties":{"highway":"motorway_link","ref":null,"name":null},"geometry":{"type":"LineString","coordinates":[[-122.452504,37.802716],[-122.452499,37.802694],[-122.452496,37.802669],[-122.452499,37.802638],[-122.452506,37.802612],[-122.452516,37.802589],[-122.452528,37.802567]]}},{"type":"Feature","properties":{"highway":"trunk","ref":"CA 1","name":"Crossover Drive"},"geometry":{"type":"LineString","coordinates":[[-122.477273,37.765555],[-122.477295,37.765888],[-122.477298,37.765935]]}},{"type":"Feature","properties":{"highway":"motorway","ref":"US 101","name":"Golden Gate Bridge"},"geometry":{"type":"LineString","coordinates":[[-122.476473,37.80813],[-122.476584,37.808243],[-122.476684,37.808352],[-122.476786,37.808468],[-122.47687,37.808575],[-122.476947,37.808682],[-122.47702,37.808797],[-122.477085,37.808911],[-122.477148,37.809036],[-122.477199,37.809151],[-122.477236,37.809255],[-122.477269,37.809356],[-122.477296,37.809465],[-122.477318,37.809574],[-122.477334,37.80968],[-122.47975,37.830321],[-122.479768,37.83047],[-122.479788,37.830629],[-122.479808,37.830764],[-122.479835,37.830892],[-122.47987,37.831028],[-122.479913,37.831155],[-122.479963,37.831285],[-122.480018,37.83141],[-122.480084,37.831539],[-122.480154,37.831658],[-122.480207,37.831736],[-122.480244,37.831792],[-122.480333,37.83191],[-122.480419,37.832017],[-122.480516,37.832125],[-122.480626,37.832235],[-122.480721,37.83233]]}},{"type":"Feature","properties":{"highway":"motorway","ref":"I 80","name":"Route 80"},"geometry":{"type":"LineString","coordinates":[[-122.395641,37.782955],[-122.397086,37.781814]]}},{"type":"Feature","properties":{"highway":"motorway","ref":"I 80","name":"Route 80"},"geometry":{"type":"LineString","coordinates":[[-122.405725,37.77095],[-122.40617,37.771533],[-122.406259,37.771684]]}},{"type":"Feature","properties":{"highway":"motorway","ref":"US 101","name":"Central Freeway"},"geometry":{"type":"LineString","coordinates":[[-122.409187,37.769736],[-122.409276,37.76968],[-122.409364,37.769624],[-122.40945,37.769571],[-122.409546,37.769518],[-122.40966,37.769468],[-122.409764,37.769435],[-122.409866,37.769416],[-122.409968,37.769406],[-122.410072,37.769406],[-122.410186,37.769412],[-122.410399,37.76943],[-122.410508,37.76944],[-122.410559,37.769445],[-122.410677,37.769432]]}},{"type":"Feature","properties":{"highway":"motorway_link","ref":null,"name":null},"geometry":{"type":"LineString","coordinates":[[-122.409408,37.769096],[-122.409252,37.769074],[-122.408912,37.769018],[-122.408677,37.768983]]}},{"type":"Feature","properties":{"highway":"motorway_link","ref":null,"name":null},"geometry":{"type":"LineString","coordinates":[[-122.408658,37.769077],[-122.408889,37.769111],[-122.409229,37.769168],[-122.410571,37.769393],[-122.410677,37.769432]]}},{"type":"Feature","properties":{"highway":"motorway","ref":"I 280","name":"Southern Embarcadero Freeway"},"geometry":{"type":"LineString","coordinates":[[-122.397726,37.770192],[-122.397908,37.771693],[-122.39794,37.771964],[-122.397943,37.772192],[-122.397921,37.772425],[-122.397875,37.77261],[-122.397809,37.772799],[-122.397728,37.772981],[-122.397627,37.773164],[-122.397509,37.773334],[-122.397376,37.773496],[-122.39723,37.773646],[-122.397094,37.773769],[-122.396951,37.773884]]}},{"type":"Feature","properties":{"highway":"motorway","ref":"I 280","name":"John F Foran Freeway"},"geometry":{"type":"LineString","coordinates":[[-122.397147,37.774038],[-122.397465,37.773785],[-122.39764,37.773635],[-122.3978,37.773463],[-122.397929,37.773277],[-122.398025,37.773089],[-122.398082,37.772927],[-122.398114,37.772776],[-122.398126,37.772624],[-122.398122,37.772469],[-122.398106,37.772279],[-122.398028,37.77168],[-122.39785,37.770185]]}},{"type":"Feature","properties":{"highway":"motorway_link","ref":null,"name":null},"geometry":{"type":"LineString","coordinates":[[-122.398073,37.770177],[-122.398044,37.770002],[-122.398004,37.769822],[-122.397957,37.769659],[-122.397879,37.76944],[-122.397804,37.769276],[-122.397723,37.769121],[-122.397635,37.768973],[-122.397543,37.768832],[-122.39747,37.768729],[-122.397347,37.768578],[-122.397212,37.768425],[-122.397065,37.768274],[-122.396901,37.768126],[-122.396703,37.767958],[-122.396488,37.767792],[-122.395292,37.766915]]}},{"type":"Feature","properties":{"highway":"motorway_link","ref":null,"name":null},"geometry":{"type":"LineString","coordinates":[[-122.364452,37.8119],[-122.364441,37.811918],[-122.364426,37.811938]]}},{"type":"Feature","properties":{"highway":"motorway_link","ref":null,"name":null},"geometry":{"type":"LineString","coordinates":[[-122.364453,37.811944],[-122.364451,37.811921],[-122.364452,37.8119]]}},{"type":"Feature","properties":{"highway":"motorway_link","ref":"I 80","name":null},"geometry":{"type":"LineString","coordinates":[[-122.40485,37.765368],[-122.404858,37.765691],[-122.404864,37.765814],[-122.40487,37.765985],[-122.404875,37.766075],[-122.404889,37.76624],[-122.404917,37.766539],[-122.404931,37.766693],[-122.404946,37.766849],[-122.404961,37.767004],[-122.404977,37.767159],[-122.405099,37.768434]]}},{"type":"Feature","properties":{"highway":"motorway_link","ref":null,"name":null},"geometry":{"type":"LineString","coordinates":[[-122.39183,37.785473],[-122.392164,37.785405],[-122.3927,37.78519],[-122.392819,37.78515],[-122.392962,37.785116]]}},{"type":"Feature","properties":{"highway":"motorway","ref":"I 280","name":"John F Foran Freeway"},"geometry":{"type":"LineString","coordinates":[[-122.455223,37.711037],[-122.455153,37.711068],[-122.455007,37.711134],[-122.454868,37.711202],[-122.454728,37.711274],[-122.454593,37.711348],[-122.454464,37.711422],[-122.45433,37.711503],[-122.454202,37.711585],[-122.454074,37.711672],[-122.453953,37.711758],[-122.453834,37.711849],[-122.453721,37.711937],[-122.453605,37.712033],[-122.453042,37.71251]]}},{"type":"Feature","properties":{"highway":"trunk","ref":"CA 1","name":"Junipero Serra Boulevard"},"geometry":{"type":"LineString","coordinates":[[-122.471516,37.714228],[-122.47156,37.714359],[-122.4716,37.714484],[-122.471644,37.714612],[-122.47169,37.714739],[-122.471738,37.714866],[-122.471785,37.714995],[-122.471833,37.715122],[-122.472172,37.716026],[-122.472216,37.716139],[-122.472262,37.716271],[-122.472269,37.716295],[-122.47228,37.716324]]}},{"type":"Feature","properties":{"highway":"trunk","ref":"CA 1","name":"Junipero Serra Boulevard"},"geometry":{"type":"LineString","coordinates":[[-122.471259,37.711458],[-122.471257,37.711394],[-122.471254,37.711261],[-122.471253,37.711134],[-122.471251,37.710734],[-122.471249,37.710659]]}},{"type":"Feature","properties":{"highway":"trunk","ref":"CA 1","name":"19th Avenue"},"geometry":{"type":"LineString","coordinates":[[-122.475096,37.725883],[-122.475105,37.725697]]}},{"type":"Feature","properties":{"highway":"trunk","ref":"CA 1","name":"19th Avenue"},"geometry":{"type":"LineString","coordinates":[[-122.475112,37.721091],[-122.475104,37.721209],[-122.475097,37.721282]]}},{"type":"Feature","properties":{"highway":"motorway","ref":"US 101","name":"Presidio Parkway"},"geometry":{"type":"LineString","coordinates":[[-122.465708,37.802144],[-122.465272,37.80206]]}},{"type":"Feature","properties":{"highway":"motorway","ref":"US 101","name":"Presidio Parkway"},"geometry":{"type":"LineString","coordinates":[[-122.464133,37.802004],[-122.464277,37.802032],[-122.465176,37.802218]]}},{"type":"Feature","properties":{"highway":"motorway","ref":"US 101","name":"Presidio Parkway"},"geometry":{"type":"LineString","coordinates":[[-122.475825,37.807331],[-122.475721,37.807231],[-122.475654,37.807169],[-122.475602,37.807121],[-122.475513,37.80704]]}},{"type":"Feature","properties":{"highway":"motorway","ref":"US 101","name":"Presidio Parkway"},"geometry":{"type":"LineString","coordinates":[[-122.475274,37.807208],[-122.475402,37.807326],[-122.475476,37.807394],[-122.475578,37.807483],[-122.475588,37.807492]]}},{"type":"Feature","properties":{"highway":"motorway","ref":"US 101","name":"Central Freeway"},"geometry":{"type":"LineString","coordinates":[[-122.410771,37.769324],[-122.41044,37.769271],[-122.409408,37.769096]]}},{"type":"Feature","properties":{"highway":"motorway","ref":"CA 1","name":"Junipero Serra Boulevard"},"geometry":{"type":"LineString","coordinates":[[-122.471272,37.70639],[-122.47112,37.707608],[-122.471104,37.70774],[-122.471088,37.707869],[-122.471073,37.708002],[-122.47106,37.708137],[-122.471052,37.708271]]}},{"type":"Feature","properties":{"highway":"motorway_link","ref":null,"name":null},"geometry":{"type":"LineString","coordinates":[[-122.470831,37.803575],[-122.470842,37.803537],[-122.470847,37.803498],[-122.470848,37.803453],[-122.470843,37.803411],[-122.470831,37.80337],[-122.470815,37.803329],[-122.470794,37.803285],[-122.470764,37.80324],[-122.470731,37.803199],[-122.470697,37.803166],[-122.470657,37.803133],[-122.470617,37.803104]]}},{"type":"Feature","properties":{"highway":"motorway_link","ref":null,"name":null},"geometry":{"type":"LineString","coordinates":[[-122.470798,37.803644],[-122.470808,37.803626],[-122.470817,37.803609],[-122.470825,37.803592],[-122.470831,37.803575]]}},{"type":"Feature","properties":{"highway":"motorway_link","ref":null,"name":null},"geometry":{"type":"LineString","coordinates":[[-122.392481,37.763798],[-122.392489,37.763993],[-122.392488,37.764117]]}},{"type":"Feature","properties":{"highway":"motorway","ref":"I 80","name":"Dwight D. Eisenhower Highway"},"geometry":{"type":"LineString","coordinates":[[-122.39158,37.785582],[-122.391456,37.785649],[-122.391334,37.785718]]}},{"type":"Feature","properties":{"highway":"motorway_link","ref":null,"name":null},"geometry":{"type":"LineString","coordinates":[[-122.3915,37.785424],[-122.391341,37.78557]]}},{"type":"Feature","properties":{"highway":"motorway","ref":"I 80","name":"Dwight D. Eisenhower Highway"},"geometry":{"type":"LineString","coordinates":[[-122.390371,37.786478],[-122.367261,37.808058]]}},{"type":"Feature","properties":{"highway":"motorway_link","ref":null,"name":null},"geometry":{"type":"LineString","coordinates":[[-122.394412,37.78838],[-122.394383,37.788422],[-122.394365,37.788458],[-122.394351,37.788495],[-122.394348,37.788527],[-122.394352,37.788559],[-122.394363,37.788598]]}},{"type":"Feature","properties":{"highway":"motorway","ref":"US 101","name":"Bayshore Freeway"},"geometry":{"type":"LineString","coordinates":[[-122.394714,37.707725],[-122.394754,37.7079],[-122.394834,37.708252]]}},{"type":"Feature","properties":{"highway":"motorway","ref":"US 101","name":"James Lick Freeway"},"geometry":{"type":"LineString","coordinates":[[-122.405384,37.733056],[-122.405445,37.733162],[-122.405606,37.733438]]}},{"type":"Feature","properties":{"highway":"motorway","ref":"US 101","name":"James Lick Freeway"},"geometry":{"type":"LineString","coordinates":[[-122.405523,37.732955],[-122.405198,37.732444],[-122.405023,37.732142],[-122.404853,37.731834],[-122.404651,37.731453],[-122.404499,37.731155],[-122.40433,37.730814],[-122.404089,37.730311],[-122.403995,37.730114]]}},{"type":"Feature","properties":{"highway":"trunk","ref":"CA 1","name":"Junipero Serra Boulevard"},"geometry":{"type":"LineString","coordinates":[[-122.472447,37.716969],[-122.472453,37.716993],[-122.472475,37.717085],[-122.472497,37.717176]]}},{"type":"Feature","properties":{"highway":"trunk_link","ref":null,"name":null},"geometry":{"type":"LineString","coordinates":[[-122.472447,37.716969],[-122.472479,37.716959]]}},{"type":"Feature","properties":{"highway":"motorway","ref":"US 101","name":"Bayshore Freeway"},"geometry":{"type":"LineString","coordinates":[[-122.394979,37.707767],[-122.394905,37.707411],[-122.394802,37.706894],[-122.394697,37.70638],[-122.394588,37.705862],[-122.394473,37.705343],[-122.394094,37.703666]]}},{"type":"Feature","properties":{"highway":"motorway_link","ref":null,"name":null},"geometry":{"type":"LineString","coordinates":[[-122.390724,37.752879],[-122.390783,37.752978],[-122.391083,37.753452]]}},{"type":"Feature","properties":{"highway":"motorway","ref":"I 280","name":"Southern Embarcadero Freeway"},"geometry":{"type":"LineString","coordinates":[[-122.392359,37.761058],[-122.392503,37.762184],[-122.392598,37.763189]]}},{"type":"Feature","properties":{"highway":"trunk","ref":"CA 1","name":"19th Avenue"},"geometry":{"type":"LineString","coordinates":[[-122.476979,37.76171],[-122.47698,37.761722],[-122.476985,37.761762]]}},{"type":"Feature","properties":{"highway":"motorway","ref":"I 280","name":"John F Foran Freeway"},"geometry":{"type":"LineString","coordinates":[[-122.468646,37.708235],[-122.46828,37.708593],[-122.468178,37.708692],[-122.46807,37.708792],[-122.467957,37.70889],[-122.467843,37.708984],[-122.467725,37.709075],[-122.467602,37.709161],[-122.467473,37.709247],[-122.46734,37.709329],[-122.467206,37.709406]]}},{"type":"Feature","properties":{"highway":"motorway","ref":"I 280","name":"John F Foran Freeway"},"geometry":{"type":"LineString","coordinates":[[-122.459987,37.710412],[-122.458193,37.710426],[-122.458031,37.710429],[-122.457864,37.710435],[-122.457709,37.710443],[-122.457538,37.710457],[-122.457375,37.710474],[-122.457212,37.710494],[-122.457056,37.710516],[-122.456974,37.710529]]}},{"type":"Feature","properties":{"highway":"motorway","ref":"I 280","name":"John F Foran Freeway"},"geometry":{"type":"LineString","coordinates":[[-122.452137,37.71328],[-122.451577,37.713754],[-122.451012,37.714235],[-122.450111,37.715],[-122.450002,37.715095],[-122.449894,37.715193],[-122.449787,37.715295],[-122.449686,37.715398],[-122.449591,37.715498],[-122.449494,37.715606],[-122.4494,37.715719],[-122.449312,37.71583],[-122.449228,37.715942],[-122.449151,37.716051],[-122.449072,37.71617],[-122.448999,37.716287],[-122.448929,37.716407],[-122.448864,37.716527],[-122.448805,37.716645],[-122.448747,37.716772],[-122.448694,37.716895],[-122.448644,37.717021],[-122.448599,37.717146],[-122.448558,37.717275],[-122.448521,37.717402],[-122.44849,37.717523],[-122.44846,37.717655],[-122.448437,37.717783],[-122.448417,37.717914],[-122.448401,37.718044],[-122.448385,37.718174],[-122.44837,37.718301],[-122.448352,37.718442],[-122.448306,37.718824]]}},{"type":"Feature","properties":{"highway":"motorway","ref":"I 280","name":"John F Foran Freeway"},"geometry":{"type":"LineString","coordinates":[[-122.468944,37.708245],[-122.469209,37.707998],[-122.47037,37.706915],[-122.470473,37.706818],[-122.470578,37.706718],[-122.470677,37.706619],[-122.470783,37.706508],[-122.470879,37.706401],[-122.470988,37.706271],[-122.471101,37.706136]]}},{"type":"Feature","properties":{"highway":"motorway_link","ref":null,"name":null},"geometry":{"type":"LineString","coordinates":[[-122.468492,37.708236],[-122.468339,37.708392],[-122.468193,37.708541],[-122.468118,37.708615],[-122.468053,37.708678],[-122.467993,37.708737],[-122.46794,37.708786],[-122.467885,37.708837],[-122.467813,37.7089],[-122.467727,37.708972],[-122.467635,37.709046],[-122.467525,37.709138],[-122.467206,37.709406]]}},{"type":"Feature","properties":{"highway":"motorway_link","ref":null,"name":null},"geometry":{"type":"LineString","coordinates":[[-122.46924,37.708235],[-122.469331,37.708162],[-122.469413,37.708095],[-122.469514,37.708011],[-122.469616,37.707926],[-122.469721,37.707836],[-122.469827,37.707743],[-122.469926,37.707656],[-122.47001,37.707579],[-122.470327,37.707284],[-122.470402,37.707215],[-122.470495,37.707131],[-122.470556,37.707077],[-122.470613,37.707024],[-122.470667,37.706972],[-122.47072,37.706915]]}},{"type":"Feature","properties":{"highway":"motorway","ref":"I 280","name":"John F Foran Freeway"},"geometry":{"type":"LineString","coordinates":[[-122.448306,37.718824],[-122.44799,37.721439],[-122.447974,37.721567],[-122.447958,37.7217],[-122.447939,37.721829],[-122.447918,37.72196],[-122.447895,37.722085],[-122.447871,37.722215],[-122.447842,37.722351],[-122.447813,37.722476],[-122.44778,37.722606],[-122.447748,37.72273],[-122.44771,37.722867],[-122.447673,37.722988],[-122.447634,37.723109],[-122.44759,37.723244],[-122.447545,37.72337],[-122.447497,37.723497],[-122.447451,37.723617],[-122.447397,37.723749],[-122.447345,37.72387],[-122.44729,37.723994],[-122.447233,37.724113],[-122.447172,37.724238],[-122.447111,37.724363],[-122.447051,37.724476],[-122.446982,37.724602],[-122.446916,37.724719],[-122.446848,37.724837],[-122.446777,37.724954],[-122.4467,37.725076],[-122.446624,37.725193],[-122.446547,37.725308],[-122.446467,37.725424],[-122.446387,37.725539],[-122.446306,37.725653],[-122.446224,37.725764],[-122.446138,37.725877],[-122.446048,37.725992]]}},{"type":"Feature","properties":{"highway":"motorway","ref":"I 280","name":"John F Foran Freeway"},"geometry":{"type":"LineString","coordinates":[[-122.423671,37.731371],[-122.42357,37.731378],[-122.423466,37.731383],[-122.423302,37.731395],[-122.42314,37.73141],[-122.422978,37.731426],[-122.422816,37.731444],[-122.422651,37.731464],[-122.422489,37.731487],[-122.422324,37.731511],[-122.422165,37.731535],[-122.422001,37.731561],[-122.421838,37.731586],[-122.421677,37.731611],[-122.421032,37.731712],[-122.42087,37.731736],[-122.420711,37.731759],[-122.420547,37.73178],[-122.420379,37.7318],[-122.420211,37.731817],[-122.420049,37.731831],[-122.419889,37.731842],[-122.419724,37.731851],[-122.419561,37.731857],[-122.419397,37.731861],[-122.419231,37.731863],[-122.419065,37.731863],[-122.418902,37.73186],[-122.418728,37.731858],[-122.418567,37.731856],[-122.418076,37.731852],[-122.417247,37.731842],[-122.417056,37.73184],[-122.416909,37.731839],[-122.416739,37.731843],[-122.416583,37.731849],[-122.416419,37.731858],[-122.416262,37.731871],[-122.416103,37.731886],[-122.415938,37.731906],[-122.415784,37.731927],[-122.41563,37.731952],[-122.415471,37.73198],[-122.415314,37.73201],[-122.415164,37.732041]]}},{"type":"Feature","properties":{"highway":"motorway","ref":"I 280","name":"John F Foran Freeway"},"geometry":{"type":"LineString","coordinates":[[-122.467206,37.709406],[-122.467073,37.709484],[-122.466939,37.709558],[-122.466801,37.709631],[-122.466662,37.709699],[-122.46652,37.709765],[-122.466372,37.709829],[-122.466226,37.709889],[-122.466081,37.709944],[-122.465929,37.709997],[-122.465777,37.710046],[-122.465622,37.710093],[-122.465467,37.710137],[-122.465311,37.710177],[-122.465152,37.710214],[-122.464994,37.710246],[-122.464832,37.710275],[-122.464668,37.710302],[-122.464511,37.710323],[-122.464344,37.710342],[-122.464183,37.710357],[-122.464014,37.710369],[-122.463852,37.710378],[-122.463686,37.710383],[-122.463525,37.710383],[-122.463362,37.710385],[-122.461271,37.710403]]}},{"type":"Feature","properties":{"highway":"motorway_link","ref":null,"name":null},"geometry":{"type":"LineString","coordinates":[[-122.45619,37.710464],[-122.456011,37.710522],[-122.455822,37.71059],[-122.455653,37.710655],[-122.455494,37.71072]]}},{"type":"Feature","properties":{"highway":"motorway_link","ref":"US 101","name":null},"geometry":{"type":"LineString","coordinates":[[-122.418984,37.769207],[-122.419,37.769277],[-122.419001,37.769335]]}},{"type":"Feature","properties":{"highway":"motorway","ref":"I 280","name":"John F Foran Freeway"},"geometry":{"type":"LineString","coordinates":[[-122.453042,37.71251],[-122.452137,37.71328]]}},{"type":"Feature","properties":{"highway":"motorway_link","ref":null,"name":null},"geometry":{"type":"LineString","coordinates":[[-122.39502,37.787903],[-122.394412,37.78838]]}},{"type":"Feature","properties":{"highway":"motorway_link","ref":null,"name":null},"geometry":{"type":"LineString","coordinates":[[-122.405276,37.748774],[-122.405181,37.74875],[-122.40508,37.748714],[-122.404952,37.74866],[-122.404829,37.7486],[-122.404614,37.748485]]}},{"type":"Feature","properties":{"highway":"motorway","ref":"US 101","name":"James Lick Freeway"},"geometry":{"type":"LineString","coordinates":[[-122.405502,37.744111],[-122.405358,37.744322],[-122.405278,37.744457],[-122.405199,37.74461],[-122.405121,37.744778],[-122.40504,37.74498],[-122.40499,37.745106],[-122.404943,37.745235],[-122.404901,37.745368],[-122.404862,37.745494],[-122.404824,37.745619],[-122.404785,37.745747],[-122.404745,37.745877],[-122.404423,37.746901],[-122.404044,37.748088]]}},{"type":"Feature","properties":{"highway":"motorway","ref":"US 101","name":"Golden Gate Bridge"},"geometry":{"type":"LineString","coordinates":[[-122.475588,37.807492],[-122.475696,37.807576],[-122.475701,37.80758]]}},{"type":"Feature","properties":{"highway":"motorway","ref":"CA 1","name":"Veterans Boulevard"},"geometry":{"type":"LineString","coordinates":[[-122.472291,37.78743],[-122.472271,37.787482],[-122.472221,37.787608],[-122.472167,37.787732],[-122.472111,37.787855],[-122.472073,37.787928],[-122.472006,37.788046],[-122.471941,37.788157],[-122.471861,37.788282],[-122.471783,37.788395],[-122.471703,37.788508],[-122.471621,37.788618],[-122.471535,37.788732],[-122.471161,37.789231],[-122.470865,37.789628],[-122.470578,37.790017],[-122.470304,37.790392]]}},{"type":"Feature","properties":{"highway":"motorway","ref":"CA 1","name":"Veterans Boulevard"},"geometry":{"type":"LineString","coordinates":[[-122.472359,37.787592],[-122.472416,37.787478],[-122.472455,37.787385],[-122.47247,37.787346],[-122.472515,37.787219],[-122.472563,37.787068],[-122.472601,37.786941],[-122.472636,37.786814],[-122.472664,37.786685],[-122.472691,37.786555],[-122.472712,37.786427],[-122.47272,37.786317]]}},{"type":"Feature","properties":{"highway":"trunk","ref":"CA 1","name":"19th Avenue"},"geometry":{"type":"LineString","coordinates":[[-122.475052,37.726988],[-122.475048,37.726865]]}},{"type":"Feature","properties":{"highway":"motorway","ref":"I 80","name":"Dwight D. Eisenhower Highway"},"geometry":{"type":"LineString","coordinates":[[-122.391334,37.785718],[-122.39122,37.78579],[-122.39111,37.785864],[-122.390902,37.786017]]}},{"type":"Feature","properties":{"highway":"trunk","ref":"US 101","name":"Van Ness Avenue"},"geometry":{"type":"LineString","coordinates":[[-122.419174,37.775237],[-122.419178,37.775255],[-122.419192,37.775316]]}},{"type":"Feature","properties":{"highway":"motorway_link","ref":null,"name":null},"geometry":{"type":"LineString","coordinates":[[-122.398697,37.779499],[-122.398547,37.779528],[-122.398396,37.779543],[-122.398265,37.779553],[-122.398188,37.779561]]}},{"type":"Feature","properties":{"highway":"motorway_link","ref":null,"name":null},"geometry":{"type":"LineString","coordinates":[[-122.399063,37.779372],[-122.398978,37.779414]]}},{"type":"Feature","properties":{"highway":"motorway_link","ref":null,"name":null},"geometry":{"type":"LineString","coordinates":[[-122.399541,37.779082],[-122.399342,37.779218],[-122.399149,37.779329],[-122.399063,37.779372]]}},{"type":"Feature","properties":{"highway":"trunk","ref":"CA 1","name":"Crossover Drive"},"geometry":{"type":"LineString","coordinates":[[-122.478737,37.769976],[-122.47909,37.770614]]}},{"type":"Feature","properties":{"highway":"motorway","ref":"US 101","name":null},"geometry":{"type":"LineString","coordinates":[[-122.407696,37.76877],[-122.407672,37.768767],[-122.407633,37.768762]]}},{"type":"Feature","properties":{"highway":"motorway","ref":"US 101","name":null},"geometry":{"type":"LineString","coordinates":[[-122.408057,37.768804],[-122.407885,37.768789],[-122.407779,37.76878],[-122.407696,37.76877]]}},{"type":"Feature","properties":{"highway":"motorway_link","ref":null,"name":null},"geometry":{"type":"LineString","coordinates":[[-122.407754,37.768986],[-122.407906,37.768997],[-122.408061,37.769011]]}},{"type":"Feature","properties":{"highway":"motorway_link","ref":null,"name":null},"geometry":{"type":"LineString","coordinates":[[-122.408061,37.769011],[-122.408125,37.769016]]}},{"type":"Feature","properties":{"highway":"motorway_link","ref":null,"name":null},"geometry":{"type":"LineString","coordinates":[[-122.40776,37.768891],[-122.407682,37.768886],[-122.407603,37.768881]]}},{"type":"Feature","properties":{"highway":"motorway_link","ref":null,"name":null},"geometry":{"type":"LineString","coordinates":[[-122.408003,37.768909],[-122.407918,37.768902],[-122.40776,37.768891]]}},{"type":"Feature","properties":{"highway":"motorway_link","ref":null,"name":null},"geometry":{"type":"LineString","coordinates":[[-122.407608,37.768977],[-122.407672,37.76898],[-122.407754,37.768986]]}},{"type":"Feature","properties":{"highway":"motorway_link","ref":null,"name":null},"geometry":{"type":"LineString","coordinates":[[-122.407603,37.768881],[-122.407457,37.768874],[-122.407233,37.768866],[-122.407028,37.768863],[-122.406786,37.768864],[-122.406671,37.768865],[-122.406555,37.76887],[-122.406451,37.768878],[-122.406342,37.768892],[-122.406239,37.768909],[-122.406142,37.768931],[-122.406033,37.768966],[-122.405936,37.769008],[-122.405852,37.769054],[-122.405773,37.769104],[-122.405699,37.769164],[-122.405638,37.769224],[-122.405591,37.769279],[-122.405542,37.769347],[-122.405504,37.769415],[-122.405469,37.769503],[-122.405443,37.769599],[-122.405432,37.769659],[-122.405424,37.769725],[-122.405418,37.76979],[-122.405414,37.769867],[-122.405415,37.769947],[-122.405422,37.770022],[-122.405433,37.770101],[-122.405448,37.770176],[-122.405469,37.770254],[-122.405497,37.770337],[-122.405533,37.770425],[-122.405567,37.770503],[-122.405606,37.770592],[-122.405664,37.770704],[-122.405749,37.77086],[-122.405725,37.77095]]}},{"type":"Feature","properties":{"highway":"motorway_link","ref":null,"name":null},"geometry":{"type":"LineString","coordinates":[[-122.40808,37.768916],[-122.408003,37.768909]]}},{"type":"Feature","properties":{"highway":"motorway_link","ref":null,"name":null},"geometry":{"type":"LineString","coordinates":[[-122.408125,37.769016],[-122.408188,37.769022],[-122.408422,37.769047],[-122.408658,37.769077]]}},{"type":"Feature","properties":{"highway":"motorway","ref":"US 101","name":null},"geometry":{"type":"LineString","coordinates":[[-122.408174,37.768816],[-122.408096,37.768807],[-122.408057,37.768804]]}},{"type":"Feature","properties":{"highway":"motorway","ref":"US 101","name":null},"geometry":{"type":"LineString","coordinates":[[-122.407633,37.768762],[-122.40757,37.768753],[-122.407461,37.768734],[-122.407363,37.768715],[-122.407265,37.768692],[-122.407157,37.768664],[-122.407054,37.768635],[-122.406961,37.768604],[-122.406873,37.768573],[-122.406777,37.768537],[-122.406683,37.768499],[-122.406604,37.768464],[-122.406521,37.768425],[-122.406441,37.768383],[-122.406348,37.76833],[-122.406251,37.768275],[-122.406148,37.768209],[-122.406036,37.768131],[-122.405942,37.768059],[-122.405874,37.768001],[-122.405806,37.767936],[-122.405747,37.767869],[-122.405693,37.767801],[-122.405642,37.767721],[-122.405599,37.767645],[-122.405559,37.767564],[-122.405531,37.767481],[-122.405509,37.767403],[-122.405491,37.767321]]}},{"type":"Feature","properties":{"highway":"trunk","ref":"US 101","name":"Van Ness Avenue"},"geometry":{"type":"LineString","coordinates":[[-122.421284,37.784551],[-122.421231,37.784283],[-122.421153,37.783898],[-122.421137,37.783813]]}},{"type":"Feature","properties":{"highway":"trunk","ref":"US 101","name":"Van Ness Avenue"},"geometry":{"type":"LineString","coordinates":[[-122.421063,37.784536],[-122.42108,37.784702],[-122.42109,37.78478]]}},{"type":"Feature","properties":{"highway":"trunk","ref":"US 101","name":"Van Ness Avenue"},"geometry":{"type":"LineString","coordinates":[[-122.421376,37.784995],[-122.421342,37.784827],[-122.421325,37.78475]]}},{"type":"Feature","properties":{"highway":"trunk","ref":"US 101","name":"Van Ness Avenue"},"geometry":{"type":"LineString","coordinates":[[-122.421139,37.785036],[-122.421181,37.785245],[-122.42126,37.785633],[-122.421283,37.78571]]}},{"type":"Feature","properties":{"highway":"trunk","ref":"US 101","name":"Van Ness Avenue"},"geometry":{"type":"LineString","coordinates":[[-122.419355,37.775093],[-122.41935,37.775067],[-122.41934,37.775026]]}},{"type":"Feature","properties":{"highway":"trunk","ref":"US 101","name":"Van Ness Avenue"},"geometry":{"type":"LineString","coordinates":[[-122.42109,37.78478],[-122.421104,37.784858],[-122.421139,37.785036]]}},{"type":"Feature","properties":{"highway":"trunk","ref":"US 101","name":"Van Ness Avenue"},"geometry":{"type":"LineString","coordinates":[[-122.421853,37.788503],[-122.421878,37.788587],[-122.421908,37.78871],[-122.421959,37.788968],[-122.42204,37.789356],[-122.422057,37.789433]]}},{"type":"Feature","properties":{"highway":"trunk","ref":"US 101","name":"Van Ness Avenue"},"geometry":{"type":"LineString","coordinates":[[-122.4219,37.787543],[-122.421877,37.787469],[-122.421857,37.787398],[-122.421793,37.787076],[-122.421718,37.786701],[-122.421699,37.78661]]}},{"type":"Feature","properties":{"highway":"trunk","ref":"US 101","name":"Van Ness Avenue"},"geometry":{"type":"LineString","coordinates":[[-122.421137,37.783813],[-122.421123,37.783741],[-122.421113,37.783686],[-122.421104,37.783611],[-122.421086,37.783503],[-122.421053,37.78335],[-122.421031,37.783239],[-122.420998,37.783071],[-122.420976,37.782965],[-122.420953,37.782882]]}},{"type":"Feature","properties":{"highway":"trunk","ref":"US 101","name":"Van Ness Avenue"},"geometry":{"type":"LineString","coordinates":[[-122.421514,37.785685],[-122.4215,37.785604],[-122.42142,37.785215],[-122.421376,37.784995]]}},{"type":"Feature","properties":{"highway":"trunk","ref":"US 101","name":"Van Ness Avenue"},"geometry":{"type":"LineString","coordinates":[[-122.422258,37.789407],[-122.422246,37.78933],[-122.422171,37.788948]]}},{"type":"Feature","properties":{"highway":"trunk","ref":"US 101","name":"Van Ness Avenue"},"geometry":{"type":"LineString","coordinates":[[-122.419811,37.777292],[-122.419796,37.777218],[-122.419646,37.776448],[-122.419629,37.776363]]}},{"type":"Feature","properties":{"highway":"trunk","ref":"CA 1","name":"19th Avenue"},"geometry":{"type":"LineString","coordinates":[[-122.474895,37.732155],[-122.474906,37.732323],[-122.474908,37.732436]]}},{"type":"Feature","properties":{"highway":"motorway_link","ref":null,"name":null},"geometry":{"type":"LineString","coordinates":[[-122.438885,37.730084],[-122.438696,37.730142],[-122.438409,37.730227],[-122.438117,37.730307],[-122.437816,37.730395],[-122.437511,37.73048],[-122.437071,37.7306],[-122.436835,37.730669],[-122.436594,37.730734],[-122.436356,37.730788],[-122.435905,37.730879],[-122.435696,37.73093]]}},{"type":"Feature","properties":{"highway":"motorway_link","ref":null,"name":null},"geometry":{"type":"LineString","coordinates":[[-122.439333,37.730308],[-122.439698,37.730152],[-122.440082,37.729973],[-122.440574,37.729733]]}},{"type":"Feature","properties":{"highway":"motorway","ref":"US 101","name":"Presidio Parkway"},"geometry":{"type":"LineString","coordinates":[[-122.467909,37.80258],[-122.467873,37.802573]]}},{"type":"Feature","properties":{"highway":"motorway_link","ref":null,"name":null},"geometry":{"type":"LineString","coordinates":[[-122.454127,37.802954],[-122.453699,37.802942]]}},{"type":"Feature","properties":{"highway":"motorway","ref":"US 101","name":"Presidio Parkway"},"geometry":{"type":"LineString","coordinates":[[-122.465176,37.802218],[-122.467108,37.802616]]}},{"type":"Feature","properties":{"highway":"motorway","ref":"US 101","name":"Presidio Parkway"},"geometry":{"type":"LineString","coordinates":[[-122.467807,37.80276],[-122.467964,37.802792],[-122.468123,37.802827],[-122.468239,37.802853],[-122.468346,37.802878],[-122.468462,37.802906],[-122.468574,37.802934],[-122.468672,37.802959],[-122.468767,37.802985],[-122.468852,37.803008],[-122.468937,37.803032],[-122.469035,37.803061],[-122.469122,37.803086],[-122.469229,37.803118],[-122.469334,37.803152],[-122.469438,37.803186],[-122.469547,37.803221],[-122.469656,37.803259],[-122.469773,37.8033]]}},{"type":"Feature","properties":{"highway":"motorway","ref":"US 101","name":"Presidio Parkway"},"geometry":{"type":"LineString","coordinates":[[-122.45111,37.803135],[-122.451051,37.803113],[-122.450976,37.803083],[-122.4509,37.80305],[-122.45083,37.803018],[-122.450764,37.802984],[-122.450699,37.802948],[-122.450628,37.802908],[-122.450565,37.802868],[-122.450502,37.802825],[-122.450442,37.802783],[-122.450386,37.80274],[-122.450331,37.802695],[-122.450273,37.802647],[-122.449946,37.802363],[-122.449669,37.802121],[-122.449561,37.802027],[-122.449452,37.801938],[-122.449336,37.801845],[-122.44922,37.801757],[-122.4491,37.801672],[-122.448362,37.801162]]}},{"type":"Feature","properties":{"highway":"motorway","ref":"US 101","name":"Presidio Parkway"},"geometry":{"type":"LineString","coordinates":[[-122.45099,37.803238],[-122.451043,37.803257],[-122.451085,37.803272]]}},{"type":"Feature","properties":{"highway":"motorway_link","ref":null,"name":null},"geometry":{"type":"LineString","coordinates":[[-122.469302,37.801247],[-122.469279,37.801445],[-122.469256,37.801609],[-122.469239,37.801726]]}},{"type":"Feature","properties":{"highway":"motorway","ref":"US 101","name":"Presidio Parkway"},"geometry":{"type":"LineString","coordinates":[[-122.454057,37.803344],[-122.454206,37.803335]]}},{"type":"Feature","properties":{"highway":"motorway","ref":"US 101","name":"Presidio Parkway"},"geometry":{"type":"LineString","coordinates":[[-122.454132,37.803085],[-122.454068,37.803087],[-122.453986,37.803089],[-122.453905,37.803093],[-122.453834,37.803097],[-122.453759,37.803103],[-122.453671,37.803111],[-122.453584,37.80312],[-122.453521,37.803128],[-122.453451,37.803137]]}},{"type":"Feature","properties":{"highway":"motorway","ref":"US 101","name":"Presidio Parkway"},"geometry":{"type":"LineString","coordinates":[[-122.461339,37.801519],[-122.461252,37.801527],[-122.461089,37.801544],[-122.460928,37.801565],[-122.460765,37.80159],[-122.460609,37.80162],[-122.460448,37.801654],[-122.460317,37.801686],[-122.460194,37.801719],[-122.460042,37.801764],[-122.459894,37.801811],[-122.459737,37.801862],[-122.458546,37.802258],[-122.458181,37.80238],[-122.457812,37.802503]]}},{"type":"Feature","properties":{"highway":"motorway","ref":"US 101","name":"Presidio Parkway"},"geometry":{"type":"LineString","coordinates":[[-122.467765,37.802751],[-122.467807,37.80276]]}},{"type":"Feature","properties":{"highway":"motorway","ref":"US 101","name":"Presidio Parkway"},"geometry":{"type":"LineString","coordinates":[[-122.467873,37.802573],[-122.466176,37.802247],[-122.466045,37.80222],[-122.465708,37.802144]]}},{"type":"Feature","properties":{"highway":"motorway","ref":"US 101","name":"Presidio Parkway"},"geometry":{"type":"LineString","coordinates":[[-122.457439,37.802772],[-122.457611,37.802723],[-122.457765,37.802678],[-122.460046,37.80201],[-122.460196,37.801967],[-122.460356,37.801924],[-122.46051,37.801887],[-122.46067,37.801853],[-122.460819,37.801825],[-122.460988,37.801797],[-122.461148,37.801775],[-122.461302,37.801757],[-122.461393,37.801748]]}},{"type":"Feature","properties":{"highway":"motorway","ref":"US 101","name":"Presidio Parkway"},"geometry":{"type":"LineString","coordinates":[[-122.451133,37.803143],[-122.45111,37.803135]]}},{"type":"Feature","properties":{"highway":"motorway_link","ref":null,"name":null},"geometry":{"type":"LineString","coordinates":[[-122.46791,37.802444],[-122.467586,37.802397],[-122.467068,37.802322],[-122.466921,37.802301],[-122.466795,37.802282],[-122.466663,37.802262],[-122.466545,37.802244],[-122.466413,37.802223],[-122.466278,37.802201],[-122.46619,37.802186],[-122.466086,37.802172],[-122.465976,37.802162],[-122.465708,37.802144]]}},{"type":"Feature","properties":{"highway":"motorway","ref":"US 101","name":"Presidio Parkway"},"geometry":{"type":"LineString","coordinates":[[-122.450969,37.80323],[-122.45099,37.803238]]}},{"type":"Feature","properties":{"highway":"motorway_link","ref":null,"name":null},"geometry":{"type":"LineString","coordinates":[[-122.46912,37.803214],[-122.469176,37.803234],[-122.469228,37.803253],[-122.469283,37.803273],[-122.469329,37.803292],[-122.469373,37.803311],[-122.469416,37.803331],[-122.46946,37.803352],[-122.469502,37.803374],[-122.469542,37.803396],[-122.469579,37.803417],[-122.469619,37.803442],[-122.469657,37.803467],[-122.469695,37.803495],[-122.469733,37.803524],[-122.469773,37.803555],[-122.46981,37.803586]]}},{"type":"Feature","properties":{"highway":"motorway","ref":"US 101","name":"Presidio Parkway"},"geometry":{"type":"LineString","coordinates":[[-122.457812,37.802503],[-122.457672,37.802547]]}},{"type":"Feature","properties":{"highway":"motorway","ref":"US 101","name":"Presidio Parkway"},"geometry":{"type":"LineString","coordinates":[[-122.47212,37.804414],[-122.472249,37.804494],[-122.472375,37.804575],[-122.4725,37.804657],[-122.472624,37.804739],[-122.472746,37.804824],[-122.47287,37.80491],[-122.472991,37.804997],[-122.473103,37.805081],[-122.473238,37.805193],[-122.473351,37.805295],[-122.473452,37.805394],[-122.473682,37.805636]]}},{"type":"Feature","properties":{"highway":"motorway_link","ref":null,"name":null},"geometry":{"type":"LineString","coordinates":[[-122.467746,37.802804],[-122.467854,37.802835]]}},{"type":"Feature","properties":{"highway":"motorway_link","ref":null,"name":null},"geometry":{"type":"LineString","coordinates":[[-122.467943,37.802448],[-122.46791,37.802444]]}},{"type":"Feature","properties":{"highway":"motorway","ref":"US 101","name":"Presidio Parkway"},"geometry":{"type":"LineString","coordinates":[[-122.461393,37.801748],[-122.461553,37.801734]]}},{"type":"Feature","properties":{"highway":"motorway_link","ref":null,"name":null},"geometry":{"type":"LineString","coordinates":[[-122.469239,37.801726],[-122.469229,37.801776],[-122.469215,37.801844],[-122.469206,37.801874],[-122.469195,37.801909],[-122.469183,37.80194],[-122.469169,37.801973],[-122.469154,37.802003],[-122.469135,37.802037],[-122.469117,37.802065],[-122.469095,37.802095],[-122.469072,37.802125],[-122.469048,37.802152],[-122.469024,37.802178],[-122.468996,37.802205],[-122.46897,37.802229],[-122.468942,37.802252],[-122.468911,37.802276],[-122.468876,37.8023],[-122.468843,37.802321],[-122.468808,37.80234],[-122.468774,37.802358],[-122.468736,37.802377],[-122.4687,37.802393],[-122.46866,37.802409],[-122.468622,37.802422],[-122.468582,37.802434],[-122.468543,37.802444],[-122.468501,37.802454],[-122.468458,37.802462],[-122.468415,37.80247],[-122.468379,37.802474],[-122.468343,37.802477],[-122.468298,37.802479],[-122.468251,37.80248],[-122.468209,37.80248],[-122.468167,37.802479],[-122.468123,37.802475],[-122.468078,37.80247],[-122.468039,37.802464],[-122.468,37.802458],[-122.467943,37.802448]]}},{"type":"Feature","properties":{"highway":"motorway_link","ref":null,"name":null},"geometry":{"type":"LineString","coordinates":[[-122.454066,37.803384],[-122.454206,37.803335]]}},{"type":"Feature","properties":{"highway":"motorway_link","ref":null,"name":null},"geometry":{"type":"LineString","coordinates":[[-122.473979,37.807149],[-122.474031,37.807138],[-122.474331,37.806993]]}},{"type":"Feature","properties":{"highway":"motorway_link","ref":null,"name":null},"geometry":{"type":"LineString","coordinates":[[-122.474582,37.806775],[-122.474562,37.806799],[-122.474536,37.806822],[-122.474514,37.806841],[-122.474487,37.806861],[-122.474464,37.806877],[-122.474437,37.806892],[-122.474211,37.807]]}},{"type":"Feature","properties":{"highway":"motorway","ref":"US 101","name":"Presidio Parkway"},"geometry":{"type":"LineString","coordinates":[[-122.470909,37.803765],[-122.471056,37.803836],[-122.471198,37.803905],[-122.471336,37.803974],[-122.471471,37.804045],[-122.471608,37.804118],[-122.471739,37.804192],[-122.471861,37.804261],[-122.471993,37.804338],[-122.47212,37.804414]]}},{"type":"Feature","properties":{"highway":"motorway_link","ref":"CA 1","name":null},"geometry":{"type":"LineString","coordinates":[[-122.470702,37.804196],[-122.470787,37.804214],[-122.47086,37.804228],[-122.470947,37.804245],[-122.471024,37.804259],[-122.471105,37.804275],[-122.471184,37.804289],[-122.471264,37.804305],[-122.471349,37.804324],[-122.471423,37.804341],[-122.471504,37.804361],[-122.471577,37.804382],[-122.471651,37.804404],[-122.471728,37.804428],[-122.471812,37.804456],[-122.471883,37.804483],[-122.471951,37.804509],[-122.472026,37.80454],[-122.472097,37.804571],[-122.472168,37.804605],[-122.472236,37.804638],[-122.472308,37.804675],[-122.472373,37.804709],[-122.472437,37.804745],[-122.472508,37.804785],[-122.472578,37.804827],[-122.472642,37.804866],[-122.472703,37.804904],[-122.472769,37.804948],[-122.472832,37.80499],[-122.472895,37.805033],[-122.472954,37.805075],[-122.473016,37.805121],[-122.473125,37.805204],[-122.47323,37.805287],[-122.473682,37.805636]]}},{"type":"Feature","properties":{"highway":"motorway_link","ref":"CA 1","name":null},"geometry":{"type":"LineString","coordinates":[[-122.469416,37.801249],[-122.469405,37.801873],[-122.469386,37.802761],[-122.469385,37.802856]]}},{"type":"Feature","properties":{"highway":"motorway_link","ref":null,"name":null},"geometry":{"type":"LineString","coordinates":[[-122.467854,37.802835],[-122.468053,37.802887],[-122.468234,37.802936],[-122.468377,37.802977],[-122.468516,37.803018],[-122.468659,37.803062],[-122.468806,37.803109],[-122.468948,37.803156],[-122.46912,37.803214]]}},{"type":"Feature","properties":{"highway":"motorway_link","ref":null,"name":null},"geometry":{"type":"LineString","coordinates":[[-122.475314,37.806463],[-122.475339,37.806442],[-122.475373,37.806415],[-122.475402,37.806349]]}},{"type":"Feature","properties":{"highway":"motorway","ref":"US 101;CA 1","name":"Presidio Parkway"},"geometry":{"type":"LineString","coordinates":[[-122.474504,37.806104],[-122.474435,37.806038],[-122.474333,37.80594],[-122.474245,37.805857],[-122.474126,37.805745],[-122.474025,37.805652],[-122.473967,37.8056]]}},{"type":"Feature","properties":{"highway":"motorway_link","ref":null,"name":null},"geometry":{"type":"LineString","coordinates":[[-122.451082,37.803424],[-122.451125,37.803437],[-122.451182,37.803446]]}},{"type":"Feature","properties":{"highway":"motorway_link","ref":null,"name":null},"geometry":{"type":"LineString","coordinates":[[-122.450915,37.80336],[-122.450945,37.80341],[-122.450954,37.803432],[-122.450958,37.803452],[-122.450959,37.803474],[-122.450956,37.803494],[-122.450949,37.803518],[-122.450936,37.803542],[-122.450917,37.803571],[-122.450898,37.803592],[-122.450873,37.803612]]}},{"type":"Feature","properties":{"highway":"motorway","ref":"US 101","name":"Presidio Parkway"},"geometry":{"type":"LineString","coordinates":[[-122.448317,37.801248],[-122.449022,37.801733],[-122.449085,37.801778],[-122.449154,37.801828],[-122.449232,37.801888],[-122.449312,37.801955],[-122.449676,37.802299]]}},{"type":"Feature","properties":{"highway":"trunk","ref":"US 101","name":"Van Ness Avenue"},"geometry":{"type":"LineString","coordinates":[[-122.419425,37.776388],[-122.419444,37.776474],[-122.419599,37.777243],[-122.419613,37.777317]]}},{"type":"Feature","properties":{"highway":"trunk","ref":"CA 1","name":"19th Avenue"},"geometry":{"type":"LineString","coordinates":[[-122.475499,37.739324],[-122.475493,37.739239],[-122.47548,37.739045],[-122.475478,37.739023],[-122.475465,37.738839],[-122.475446,37.738568],[-122.475401,37.737923],[-122.475397,37.737859],[-122.475392,37.73779],[-122.47539,37.737724],[-122.475388,37.737657],[-122.475387,37.737621],[-122.475385,37.737577],[-122.475383,37.737464]]}},{"type":"Feature","properties":{"highway":"motorway","ref":"US 101","name":"Bayshore Freeway"},"geometry":{"type":"LineString","coordinates":[[-122.394094,37.703666],[-122.393451,37.700826],[-122.392812,37.697986],[-122.392084,37.694764],[-122.391756,37.693285]]}},{"type":"Feature","properties":{"highway":"motorway","ref":"US 101","name":"James Lick Freeway"},"geometry":{"type":"LineString","coordinates":[[-122.402949,37.754267],[-122.403086,37.755702],[-122.4031,37.75583],[-122.40312,37.755964],[-122.403143,37.756091],[-122.403174,37.756233],[-122.403207,37.756357],[-122.403249,37.756486],[-122.403297,37.756611],[-122.403351,37.756733],[-122.403414,37.756855],[-122.403484,37.756974],[-122.403564,37.757095],[-122.403648,37.75721],[-122.403738,37.757319],[-122.403837,37.757428],[-122.403941,37.757532],[-122.404062,37.757641],[-122.404173,37.757735],[-122.404289,37.757828],[-122.404408,37.757919],[-122.404532,37.758009],[-122.404654,37.758096],[-122.404779,37.758184],[-122.4049,37.75827],[-122.405027,37.758361],[-122.405145,37.75845],[-122.405265,37.758544],[-122.40538,37.75864],[-122.405487,37.758735],[-122.405588,37.758833],[-122.405687,37.758938],[-122.405781,37.75905],[-122.405866,37.759161],[-122.405943,37.759277],[-122.406011,37.75939],[-122.406077,37.759516],[-122.406132,37.759637],[-122.40618,37.759761],[-122.40622,37.759888],[-122.406252,37.760013],[-122.406277,37.760141],[-122.406294,37.760271],[-122.406302,37.760404],[-122.406303,37.760535],[-122.406296,37.760659],[-122.406282,37.760793],[-122.406259,37.760921],[-122.406228,37.761047],[-122.406187,37.76118],[-122.406141,37.761303],[-122.406087,37.761426],[-122.406026,37.761547],[-122.405961,37.761668],[-122.405602,37.762238]]}},{"type":"Feature","properties":{"highway":"motorway","ref":"US 101","name":"James Lick Freeway"},"geometry":{"type":"LineString","coordinates":[[-122.405602,37.762238],[-122.405519,37.762377],[-122.405446,37.762497],[-122.405378,37.762617],[-122.405312,37.76274],[-122.405252,37.762862],[-122.405193,37.762995],[-122.405146,37.763111],[-122.405099,37.763243],[-122.405059,37.763371],[-122.405023,37.763501]]}},{"type":"Feature","properties":{"highway":"motorway","ref":"US 101","name":"James Lick Freeway"},"geometry":{"type":"LineString","coordinates":[[-122.403048,37.752168],[-122.403072,37.751998],[-122.403084,37.751925],[-122.403092,37.751876],[-122.403108,37.75179],[-122.403132,37.751657],[-122.403148,37.751589],[-122.40316,37.751526],[-122.403205,37.75135],[-122.403223,37.751289],[-122.40325,37.751193],[-122.403288,37.751067],[-122.403685,37.749827]]}},{"type":"Feature","properties":{"highway":"motorway","ref":"I 280","name":"John F Foran Freeway"},"geometry":{"type":"LineString","coordinates":[[-122.414189,37.732323],[-122.414121,37.732347],[-122.413976,37.732402],[-122.413832,37.732461],[-122.413688,37.73252],[-122.413544,37.732582],[-122.413404,37.732645],[-122.413261,37.732706]]}},{"type":"Feature","properties":{"highway":"motorway","ref":"US 101","name":"James Lick Freeway"},"geometry":{"type":"LineString","coordinates":[[-122.397809,37.714926],[-122.397937,37.71509],[-122.398024,37.715206],[-122.398103,37.715316],[-122.39818,37.715431],[-122.398256,37.715548],[-122.398328,37.715664],[-122.398399,37.715785],[-122.398471,37.715913],[-122.398534,37.716037],[-122.398592,37.716153],[-122.39865,37.716275],[-122.398708,37.716403],[-122.398753,37.716512],[-122.398803,37.716639],[-122.398848,37.716764],[-122.398893,37.716892]]}},{"type":"Feature","properties":{"highway":"motorway","ref":"US 101","name":"James Lick Freeway"},"geometry":{"type":"LineString","coordinates":[[-122.397058,37.713699],[-122.396966,37.713588],[-122.396879,37.713481]]}},{"type":"Feature","properties":{"highway":"motorway","ref":"US 101","name":"James Lick Freeway"},"geometry":{"type":"LineString","coordinates":[[-122.401475,37.723991],[-122.401438,37.723897]]}},{"type":"Feature","properties":{"highway":"motorway","ref":"US 101","name":"James Lick Freeway"},"geometry":{"type":"LineString","coordinates":[[-122.401222,37.723962],[-122.401564,37.72497]]}},{"type":"Feature","properties":{"highway":"motorway","ref":"US 101","name":"James Lick Freeway"},"geometry":{"type":"LineString","coordinates":[[-122.403279,37.728449],[-122.403032,37.727876]]}},{"type":"Feature","properties":{"highway":"motorway_link","ref":null,"name":null},"geometry":{"type":"LineString","coordinates":[[-122.403189,37.728656],[-122.402859,37.727755]]}},{"type":"Feature","properties":{"highway":"motorway_link","ref":null,"name":null},"geometry":{"type":"LineString","coordinates":[[-122.405408,37.762363],[-122.405278,37.762538],[-122.405238,37.762595],[-122.405201,37.762654],[-122.405165,37.762714],[-122.405134,37.762773],[-122.405107,37.762828],[-122.40508,37.762893],[-122.405052,37.762963],[-122.405026,37.763036],[-122.404971,37.763199],[-122.404961,37.763222],[-122.404949,37.763244],[-122.404935,37.763265],[-122.404919,37.763286],[-122.404899,37.763304],[-122.404875,37.76332],[-122.404848,37.763334],[-122.404815,37.763346],[-122.404778,37.763354],[-122.404737,37.76336]]}},{"type":"Feature","properties":{"highway":"motorway_link","ref":null,"name":null},"geometry":{"type":"LineString","coordinates":[[-122.400143,37.779115],[-122.399863,37.779354]]}},{"type":"Feature","properties":{"highway":"motorway_link","ref":null,"name":null},"geometry":{"type":"LineString","coordinates":[[-122.400228,37.779179],[-122.400352,37.779111],[-122.400426,37.779083]]}},{"type":"Feature","properties":{"highway":"motorway","ref":"I 80","name":"Route 80"},"geometry":{"type":"LineString","coordinates":[[-122.393795,37.784144],[-122.393642,37.784267],[-122.393389,37.784448],[-122.393116,37.784633],[-122.392784,37.784844]]}},{"type":"Feature","properties":{"highway":"motorway_link","ref":null,"name":null},"geometry":{"type":"LineString","coordinates":[[-122.391581,37.785356],[-122.3915,37.785424]]}},{"type":"Feature","properties":{"highway":"motorway_link","ref":null,"name":null},"geometry":{"type":"LineString","coordinates":[[-122.36396,37.812284],[-122.363924,37.812282],[-122.363882,37.812277],[-122.363822,37.812261],[-122.363762,37.812238],[-122.363713,37.812214],[-122.363664,37.812181],[-122.363622,37.812142],[-122.363589,37.812094],[-122.36357,37.812046],[-122.363561,37.811994],[-122.363562,37.811947],[-122.363572,37.811898],[-122.363588,37.811858],[-122.363614,37.811815],[-122.36365,37.811753],[-122.363691,37.811697],[-122.363781,37.811581],[-122.363869,37.811475],[-122.363977,37.811356],[-122.364096,37.811221],[-122.364177,37.811121],[-122.364238,37.811031],[-122.3643,37.810932],[-122.364338,37.810873],[-122.364382,37.810815],[-122.364471,37.810711]]}},{"type":"Feature","properties":{"highway":"motorway","ref":"I 80","name":"Route 80"},"geometry":{"type":"LineString","coordinates":[[-122.401955,37.778094],[-122.402207,37.777904],[-122.402476,37.777712],[-122.402737,37.777533],[-122.402995,37.777365],[-122.403259,37.777202],[-122.404512,37.776482],[-122.405049,37.776163],[-122.405503,37.775852],[-122.405824,37.775595]]}},{"type":"Feature","properties":{"highway":"motorway","ref":"I 80","name":"Route 80"},"geometry":{"type":"LineString","coordinates":[[-122.401613,37.777839],[-122.401384,37.777963],[-122.401155,37.778098],[-122.400917,37.778247]]}},{"type":"Feature","properties":{"highway":"motorway","ref":"US 101","name":"Presidio Parkway"},"geometry":{"type":"LineString","coordinates":[[-122.476268,37.807755],[-122.475825,37.807331]]}},{"type":"Feature","properties":{"highway":"motorway","ref":"US 101","name":"Presidio Parkway"},"geometry":{"type":"LineString","coordinates":[[-122.475816,37.807661],[-122.476025,37.807805]]}},{"type":"Feature","properties":{"highway":"motorway_link","ref":null,"name":null},"geometry":{"type":"LineString","coordinates":[[-122.400526,37.779359],[-122.400997,37.77897],[-122.401107,37.778874],[-122.401291,37.778717],[-122.401955,37.778094]]}},{"type":"Feature","properties":{"highway":"motorway_link","ref":null,"name":null},"geometry":{"type":"LineString","coordinates":[[-122.471699,37.707062],[-122.471777,37.706545]]}},{"type":"Feature","properties":{"highway":"motorway","ref":null,"name":null},"geometry":{"type":"LineString","coordinates":[[-122.476575,37.808061],[-122.476523,37.807978],[-122.476393,37.807769],[-122.476317,37.807654],[-122.47626,37.80757],[-122.476206,37.807496],[-122.476135,37.80741],[-122.47607,37.807332],[-122.476003,37.807256],[-122.47594,37.807188],[-122.475875,37.807123],[-122.47581,37.807063],[-122.475754,37.807012]]}},{"type":"Feature","properties":{"highway":"motorway","ref":null,"name":null},"geometry":{"type":"LineString","coordinates":[[-122.476575,37.808061],[-122.476176,37.807757],[-122.476069,37.807669],[-122.475962,37.807578],[-122.475851,37.807474],[-122.475646,37.80728],[-122.47558,37.807219],[-122.475528,37.807171],[-122.4749,37.806571],[-122.474867,37.806534],[-122.474834,37.806492],[-122.474807,37.806452],[-122.474783,37.806412],[-122.474759,37.80637],[-122.474735,37.806322]]}},{"type":"Feature","properties":{"highway":"motorway","ref":null,"name":null},"geometry":{"type":"LineString","coordinates":[[-122.476575,37.808061],[-122.475998,37.807553],[-122.475887,37.80745],[-122.475684,37.807255],[-122.475617,37.807193],[-122.475565,37.807146],[-122.475475,37.807061],[-122.475377,37.806964],[-122.475177,37.806755]]}},{"type":"Feature","properties":{"highway":"motorway","ref":null,"name":null},"geometry":{"type":"LineString","coordinates":[[-122.476266,37.807686],[-122.476134,37.807567],[-122.476043,37.807482],[-122.47582,37.807267],[-122.475759,37.807206],[-122.475691,37.807144],[-122.475639,37.807097],[-122.475227,37.806715]]}},{"type":"Feature","properties":{"highway":"motorway","ref":null,"name":null},"geometry":{"type":"LineString","coordinates":[[-122.476575,37.808061],[-122.476158,37.807776],[-122.47604,37.80769],[-122.475927,37.807601],[-122.475808,37.807499],[-122.475601,37.807309],[-122.475536,37.807249],[-122.475482,37.8072],[-122.47537,37.807095],[-122.475269,37.806997],[-122.475172,37.806892],[-122.475078,37.806784],[-122.4749,37.806571]]}},{"type":"Feature","properties":{"highway":"motorway","ref":null,"name":null},"geometry":{"type":"LineString","coordinates":[[-122.476523,37.807978],[-122.47648,37.807923],[-122.476437,37.807873],[-122.476356,37.807784],[-122.476266,37.807686],[-122.476157,37.807553],[-122.476075,37.807462],[-122.475992,37.807376],[-122.47592,37.807304],[-122.475856,37.807243],[-122.475795,37.807181],[-122.475728,37.807119],[-122.475677,37.807072],[-122.475603,37.807013],[-122.475539,37.80696],[-122.475227,37.806715],[-122.474965,37.806491],[-122.474901,37.806438],[-122.474821,37.806378],[-122.474735,37.806322]]}},{"type":"Feature","properties":{"highway":"motorway","ref":null,"name":null},"geometry":{"type":"LineString","coordinates":[[-122.476317,37.807654],[-122.476177,37.807513],[-122.476108,37.80744],[-122.47603,37.807355],[-122.47596,37.80728],[-122.475895,37.807214],[-122.475834,37.807154],[-122.475767,37.807092],[-122.475716,37.807045],[-122.475644,37.806987],[-122.475573,37.806929],[-122.475006,37.806455]]}},{"type":"Feature","properties":{"highway":"motorway_link","ref":null,"name":null},"geometry":{"type":"LineString","coordinates":[[-122.452382,37.803644],[-122.452466,37.803639],[-122.452551,37.803632],[-122.452635,37.803623],[-122.45272,37.803613],[-122.452808,37.803601],[-122.452907,37.803584],[-122.45312,37.803548],[-122.453606,37.803463]]}},{"type":"Feature","properties":{"highway":"motorway","ref":"US 101","name":"James Lick Freeway"},"geometry":{"type":"LineString","coordinates":[[-122.407043,37.735545],[-122.406149,37.734013],[-122.405674,37.733191]]}},{"type":"Feature","properties":{"highway":"motorway","ref":"I 80","name":"Dwight D. Eisenhower Highway"},"geometry":{"type":"LineString","coordinates":[[-122.361317,37.813815],[-122.361396,37.813751],[-122.361446,37.813711],[-122.361563,37.81362],[-122.361675,37.813529],[-122.361787,37.813436],[-122.361897,37.81334],[-122.362003,37.813247],[-122.36211,37.81315],[-122.362215,37.81305],[-122.362315,37.812951],[-122.362415,37.812851],[-122.362513,37.812749],[-122.36261,37.812646],[-122.362705,37.812541],[-122.36355,37.811618],[-122.363652,37.81151],[-122.363821,37.811341],[-122.363962,37.811202],[-122.364167,37.811002],[-122.364471,37.810711]]}},{"type":"Feature","properties":{"highway":"motorway","ref":"I 280","name":"John F Foran Freeway"},"geometry":{"type":"LineString","coordinates":[[-122.430944,37.732172],[-122.430776,37.732175],[-122.430613,37.732175],[-122.430448,37.732173],[-122.430284,37.732166],[-122.430114,37.732157],[-122.429951,37.732144],[-122.429787,37.732129],[-122.429624,37.732109],[-122.429461,37.732087],[-122.429301,37.732061],[-122.42914,37.732033],[-122.428976,37.732001],[-122.42882,37.731969],[-122.427222,37.731643],[-122.42706,37.73161],[-122.426898,37.731578],[-122.426745,37.731551],[-122.426585,37.731524],[-122.426417,37.731498],[-122.42625,37.731475],[-122.426091,37.731454],[-122.425928,37.731434],[-122.425764,37.731417],[-122.425602,37.731402],[-122.425439,37.731389],[-122.425259,37.731377],[-122.425108,37.731368],[-122.42495,37.73136],[-122.424779,37.731355],[-122.424613,37.731352],[-122.424453,37.731351],[-122.424292,37.731351],[-122.424124,37.731353]]}},{"type":"Feature","properties":{"highway":"motorway","ref":"I 280","name":"John F Foran Freeway"},"geometry":{"type":"LineString","coordinates":[[-122.392463,37.756254],[-122.392435,37.755994],[-122.392389,37.755768],[-122.392329,37.755488],[-122.39226,37.75524],[-122.392176,37.754986],[-122.391979,37.754463],[-122.391898,37.754244],[-122.391811,37.753948],[-122.391746,37.753689],[-122.391689,37.753428],[-122.391638,37.753151],[-122.391601,37.752862],[-122.391589,37.752633],[-122.391589,37.752406],[-122.391603,37.75219],[-122.391636,37.751926],[-122.391681,37.751662],[-122.391739,37.75141],[-122.391813,37.75115],[-122.391908,37.750901],[-122.392074,37.750528],[-122.392758,37.749102]]}},{"type":"Feature","properties":{"highway":"motorway","ref":"US 101","name":"James Lick Freeway"},"geometry":{"type":"LineString","coordinates":[[-122.406469,37.734866],[-122.406802,37.735405],[-122.407035,37.735783],[-122.407156,37.73598]]}},{"type":"Feature","properties":{"highway":"motorway","ref":"US 101","name":"James Lick Freeway"},"geometry":{"type":"LineString","coordinates":[[-122.403887,37.730256],[-122.404053,37.730545],[-122.404094,37.730616],[-122.40413,37.730681],[-122.404158,37.730732],[-122.404183,37.730779],[-122.404537,37.731504]]}},{"type":"Feature","properties":{"highway":"motorway","ref":"I 280","name":"John F Foran Freeway"},"geometry":{"type":"LineString","coordinates":[[-122.439204,37.730067],[-122.439079,37.730113],[-122.438924,37.730167],[-122.438775,37.730219],[-122.438622,37.730271],[-122.438471,37.730322],[-122.438322,37.730372],[-122.438164,37.730422],[-122.438017,37.730469],[-122.437862,37.730518],[-122.437711,37.730565],[-122.437557,37.730613],[-122.437399,37.730661],[-122.437254,37.730706],[-122.437095,37.730754],[-122.436941,37.7308],[-122.436789,37.730846],[-122.436632,37.730891],[-122.436479,37.730935],[-122.436321,37.730979],[-122.436171,37.731021],[-122.436014,37.731065],[-122.43586,37.731107],[-122.435701,37.731148],[-122.435504,37.731201],[-122.435326,37.731249],[-122.435166,37.731291],[-122.432967,37.731867],[-122.432808,37.731908],[-122.432646,37.731948],[-122.43249,37.731984],[-122.432327,37.732017],[-122.43217,37.732046],[-122.432102,37.732058]]}},{"type":"Feature","properties":{"highway":"motorway","ref":"I 280","name":"John F Foran Freeway"},"geometry":{"type":"LineString","coordinates":[[-122.446048,37.725992],[-122.445957,37.726104],[-122.445871,37.726207],[-122.445777,37.726317],[-122.445683,37.726423],[-122.445583,37.726532],[-122.445485,37.726636],[-122.445383,37.72674],[-122.44528,37.726843],[-122.445176,37.726945],[-122.445073,37.727041],[-122.444965,37.727142],[-122.444854,37.727241],[-122.444743,37.727337],[-122.444629,37.727433],[-122.44451,37.727531],[-122.4444,37.727619],[-122.444276,37.727712],[-122.444154,37.7278],[-122.444032,37.727886],[-122.443905,37.727972],[-122.443778,37.728054],[-122.443646,37.728136],[-122.443518,37.728212],[-122.44338,37.728292],[-122.443249,37.728363],[-122.443108,37.728437],[-122.442965,37.72851],[-122.442829,37.728576],[-122.442687,37.728644],[-122.442545,37.728712],[-122.442398,37.728778],[-122.442258,37.728841],[-122.442114,37.728906],[-122.441966,37.728972],[-122.441822,37.729035],[-122.441674,37.729099],[-122.441536,37.729158],[-122.441388,37.729221],[-122.440833,37.72945]]}},{"type":"Feature","properties":{"highway":"motorway","ref":"US 101","name":"James Lick Freeway"},"geometry":{"type":"LineString","coordinates":[[-122.395519,37.710213],[-122.395349,37.70945],[-122.395228,37.708914]]}},{"type":"Feature","properties":{"highway":"motorway","ref":null,"name":null},"geometry":{"type":"LineString","coordinates":[[-122.475754,37.807012],[-122.475689,37.806957],[-122.475625,37.806905],[-122.47555,37.806846],[-122.475467,37.806783],[-122.475389,37.806726],[-122.475302,37.80666]]}},{"type":"Feature","properties":{"highway":"motorway","ref":null,"name":null},"geometry":{"type":"LineString","coordinates":[[-122.475302,37.80666],[-122.475243,37.806617],[-122.475184,37.806574],[-122.475099,37.806515],[-122.475006,37.806455]]}},{"type":"Feature","properties":{"highway":"motorway","ref":null,"name":null},"geometry":{"type":"LineString","coordinates":[[-122.475006,37.806455],[-122.474964,37.806425],[-122.474917,37.806397],[-122.474875,37.806375],[-122.47483,37.806356],[-122.474784,37.806339],[-122.474735,37.806322]]}},{"type":"Feature","properties":{"highway":"motorway","ref":"I 280","name":"John F Foran Freeway"},"geometry":{"type":"LineString","coordinates":[[-122.446154,37.726158],[-122.446305,37.725978],[-122.4464,37.725867],[-122.446492,37.725755],[-122.446576,37.725643],[-122.446657,37.72553],[-122.446735,37.725418],[-122.446812,37.725303],[-122.446888,37.725186],[-122.446963,37.725068],[-122.447035,37.724949],[-122.447104,37.724832],[-122.447172,37.724712],[-122.447239,37.724591],[-122.447302,37.724473],[-122.447365,37.724351],[-122.447423,37.72423],[-122.447481,37.724108],[-122.447537,37.723987],[-122.447592,37.723861],[-122.447643,37.723739],[-122.447692,37.723616],[-122.447742,37.723486],[-122.447786,37.723362],[-122.447829,37.723236],[-122.44787,37.723113],[-122.44791,37.722984],[-122.447949,37.722851],[-122.447985,37.722727],[-122.448016,37.722601],[-122.448046,37.722472],[-122.448076,37.722343],[-122.448103,37.722217],[-122.448127,37.722085],[-122.448151,37.721953],[-122.44817,37.721828],[-122.448188,37.721696],[-122.448205,37.721565],[-122.448536,37.718838]]}},{"type":"Feature","properties":{"highway":"motorway","ref":"I 280","name":"John F Foran Freeway"},"geometry":{"type":"LineString","coordinates":[[-122.46553,37.710327],[-122.465691,37.710279],[-122.465764,37.710258],[-122.465816,37.710241],[-122.465904,37.710215],[-122.465972,37.710194],[-122.466043,37.710169]]}},{"type":"Feature","properties":{"highway":"motorway","ref":"I 280","name":"John F Foran Freeway"},"geometry":{"type":"LineString","coordinates":[[-122.451623,37.713989],[-122.452305,37.713404]]}},{"type":"Feature","properties":{"highway":"motorway","ref":"I 280","name":"John F Foran Freeway"},"geometry":{"type":"LineString","coordinates":[[-122.448536,37.718838],[-122.448614,37.718187],[-122.44863,37.718057],[-122.448648,37.717925],[-122.448668,37.717796],[-122.448693,37.717669],[-122.448723,37.717539],[-122.448756,37.717411],[-122.448794,37.717281],[-122.448835,37.717158],[-122.448883,37.717031],[-122.448934,37.716906],[-122.448988,37.716785],[-122.449048,37.716661],[-122.449108,37.716543],[-122.449177,37.716421],[-122.449249,37.716301],[-122.449323,37.716186],[-122.449404,37.716068],[-122.449487,37.715955],[-122.449573,37.715844],[-122.449665,37.715733],[-122.44976,37.715626],[-122.449858,37.715521],[-122.449959,37.715418],[-122.450064,37.715317],[-122.450172,37.715218],[-122.450283,37.715123],[-122.450396,37.715025],[-122.451623,37.713989]]}},{"type":"Feature","properties":{"highway":"motorway","ref":"US 101","name":"Presidio Parkway"},"geometry":{"type":"LineString","coordinates":[[-122.450287,37.802853],[-122.450358,37.802905],[-122.450424,37.802949],[-122.4505,37.802998],[-122.450576,37.803042],[-122.450645,37.80308],[-122.450725,37.803122],[-122.450791,37.803154],[-122.450861,37.803185],[-122.45093,37.803215],[-122.450969,37.80323]]}},{"type":"Feature","properties":{"highway":"motorway_link","ref":null,"name":null},"geometry":{"type":"LineString","coordinates":[[-122.421452,37.731983],[-122.422142,37.731846],[-122.422803,37.731736],[-122.423207,37.73168],[-122.423585,37.731637],[-122.424817,37.73155]]}},{"type":"Feature","properties":{"highway":"motorway_link","ref":null,"name":null},"geometry":{"type":"LineString","coordinates":[[-122.393079,37.763389],[-122.392977,37.762704],[-122.392897,37.762331],[-122.392847,37.762076],[-122.392804,37.761806],[-122.392756,37.761501],[-122.39257,37.760635]]}},{"type":"Feature","properties":{"highway":"motorway","ref":"I 280","name":"Southern Embarcadero Freeway"},"geometry":{"type":"LineString","coordinates":[[-122.397149,37.742674],[-122.39645,37.743445],[-122.39624,37.743652],[-122.396042,37.743841],[-122.39579,37.744065],[-122.395576,37.744262],[-122.395364,37.744464],[-122.395112,37.74472],[-122.394884,37.744961],[-122.394672,37.745203],[-122.39449,37.745427]]}},{"type":"Feature","properties":{"highway":"motorway_link","ref":null,"name":null},"geometry":{"type":"LineString","coordinates":[[-122.392412,37.763213],[-122.392424,37.763288],[-122.392477,37.763542],[-122.392541,37.763796],[-122.39261,37.76401],[-122.392684,37.764203],[-122.392846,37.764579],[-122.392961,37.764804],[-122.393087,37.765021],[-122.393205,37.765187],[-122.393342,37.765352]]}},{"type":"Feature","properties":{"highway":"trunk","ref":"US 101","name":"Van Ness Avenue"},"geometry":{"type":"LineString","coordinates":[[-122.422243,37.790343],[-122.422264,37.790442]]}},{"type":"Feature","properties":{"highway":"trunk","ref":"CA 1","name":"19th Avenue"},"geometry":{"type":"LineString","coordinates":[[-122.475064,37.732781],[-122.475052,37.732608],[-122.475036,37.732492]]}},{"type":"Feature","properties":{"highway":"trunk","ref":"CA 1","name":"Junipero Serra Boulevard"},"geometry":{"type":"LineString","coordinates":[[-122.471249,37.710659],[-122.471244,37.709943]]}},{"type":"Feature","properties":{"highway":"trunk","ref":"CA 1","name":"Crossover Drive"},"geometry":{"type":"LineString","coordinates":[[-122.479299,37.770997],[-122.479354,37.771101]]}},{"type":"Feature","properties":{"highway":"motorway","ref":"I 280","name":"Southern Embarcadero Freeway"},"geometry":{"type":"LineString","coordinates":[[-122.393788,37.746997],[-122.393945,37.746685],[-122.394138,37.746331],[-122.394351,37.745978],[-122.394586,37.745637],[-122.394815,37.74534],[-122.395088,37.745015],[-122.396313,37.743651],[-122.397077,37.742806]]}},{"type":"Feature","properties":{"highway":"trunk","ref":"CA 1","name":"Junipero Serra Boulevard"},"geometry":{"type":"LineString","coordinates":[[-122.471628,37.713947],[-122.471588,37.713824],[-122.471579,37.713788],[-122.471546,37.713656],[-122.471516,37.713524],[-122.471488,37.713396],[-122.471461,37.713262],[-122.471446,37.713185]]}},{"type":"Feature","properties":{"highway":"motorway_link","ref":null,"name":null},"geometry":{"type":"LineString","coordinates":[[-122.392659,37.749372],[-122.392411,37.749593]]}},{"type":"Feature","properties":{"highway":"trunk","ref":"CA 1","name":"Junipero Serra Boulevard"},"geometry":{"type":"LineString","coordinates":[[-122.471051,37.708656],[-122.471052,37.708728],[-122.471065,37.709214]]}},{"type":"Feature","properties":{"highway":"motorway_link","ref":null,"name":null},"geometry":{"type":"LineString","coordinates":[[-122.40799,37.769875],[-122.408097,37.769942]]}},{"type":"Feature","properties":{"highway":"motorway_link","ref":null,"name":null},"geometry":{"type":"LineString","coordinates":[[-122.393003,37.786035],[-122.392944,37.785933],[-122.392889,37.785835],[-122.392848,37.785767]]}},{"type":"Feature","properties":{"highway":"motorway_link","ref":null,"name":null},"geometry":{"type":"LineString","coordinates":[[-122.448024,37.723244],[-122.448082,37.723087],[-122.448161,37.722843]]}},{"type":"Feature","properties":{"highway":"motorway_link","ref":null,"name":null},"geometry":{"type":"LineString","coordinates":[[-122.36349,37.810237],[-122.363519,37.810185],[-122.363564,37.810134],[-122.363616,37.810103],[-122.363678,37.810083],[-122.363745,37.810076],[-122.363819,37.810092],[-122.364041,37.810219],[-122.364073,37.810243],[-122.364101,37.810267],[-122.36413,37.810306],[-122.364151,37.810344],[-122.364159,37.810378],[-122.364163,37.810412]]}},{"type":"Feature","properties":{"highway":"motorway_link","ref":null,"name":null},"geometry":{"type":"LineString","coordinates":[[-122.36469,37.810457],[-122.364556,37.810565],[-122.364424,37.810669],[-122.364293,37.810767],[-122.364156,37.810866],[-122.364103,37.8109],[-122.364046,37.810932],[-122.363996,37.810957],[-122.363947,37.810979],[-122.363909,37.810995],[-122.363871,37.811009],[-122.363837,37.811019],[-122.3638,37.811024]]}},{"type":"Feature","properties":{"highway":"motorway_link","ref":null,"name":null},"geometry":{"type":"LineString","coordinates":[[-122.3638,37.811024],[-122.363767,37.811023],[-122.363735,37.811015],[-122.363711,37.811003],[-122.363688,37.810987],[-122.363668,37.810966],[-122.36365,37.810943],[-122.363636,37.810917],[-122.363621,37.810888]]}},{"type":"Feature","properties":{"highway":"motorway","ref":"CA 1","name":"Junipero Serra Boulevard"},"geometry":{"type":"LineString","coordinates":[[-122.471718,37.705169],[-122.471773,37.704711],[-122.471786,37.704588],[-122.471798,37.704457],[-122.471808,37.704324]]}},{"type":"Feature","properties":{"highway":"trunk_link","ref":null,"name":null},"geometry":{"type":"LineString","coordinates":[[-122.446345,37.799768],[-122.446311,37.799701],[-122.446301,37.799671],[-122.446301,37.799645],[-122.446315,37.799619],[-122.446371,37.799535]]}},{"type":"Feature","properties":{"highway":"trunk","ref":"US 101","name":"Lombard Street"},"geometry":{"type":"LineString","coordinates":[[-122.427307,37.801015],[-122.427766,37.800957],[-122.427852,37.800946]]}},{"type":"Feature","properties":{"highway":"motorway_link","ref":null,"name":null},"geometry":{"type":"LineString","coordinates":[[-122.404901,37.774397],[-122.404806,37.774423],[-122.40476,37.774436],[-122.404679,37.774459],[-122.404596,37.774488],[-122.404518,37.774522],[-122.404431,37.774565],[-122.404355,37.774608]]}},{"type":"Feature","properties":{"highway":"motorway_link","ref":null,"name":null},"geometry":{"type":"LineString","coordinates":[[-122.448004,37.71999],[-122.447892,37.720462]]}},{"type":"Feature","properties":{"highway":"motorway_link","ref":null,"name":null},"geometry":{"type":"LineString","coordinates":[[-122.404393,37.731633],[-122.404392,37.731652],[-122.404365,37.731704],[-122.40431,37.731758],[-122.404234,37.731804],[-122.404104,37.731851]]}},{"type":"Feature","properties":{"highway":"trunk","ref":"US 101","name":"Van Ness Avenue"},"geometry":{"type":"LineString","coordinates":[[-122.423643,37.796158],[-122.423576,37.795826],[-122.423553,37.79573]]}},{"type":"Feature","properties":{"highway":"trunk","ref":"CA 1","name":"Junipero Serra Boulevard"},"geometry":{"type":"LineString","coordinates":[[-122.471758,37.714393],[-122.471729,37.714307],[-122.471628,37.713947]]}},{"type":"Feature","properties":{"highway":"motorway_link","ref":null,"name":null},"geometry":{"type":"LineString","coordinates":[[-122.470771,37.705154],[-122.470688,37.705291],[-122.47066,37.70534],[-122.470631,37.705397],[-122.470592,37.705472],[-122.470437,37.705764],[-122.470401,37.705831],[-122.470353,37.705928],[-122.47027,37.706108]]}},{"type":"Feature","properties":{"highway":"trunk","ref":"US 101","name":"Van Ness Avenue"},"geometry":{"type":"LineString","coordinates":[[-122.422602,37.792195],[-122.422629,37.792281],[-122.422648,37.792332],[-122.422783,37.79301],[-122.422795,37.793073]]}},{"type":"Feature","properties":{"highway":"motorway","ref":"US 101","name":"James Lick Freeway"},"geometry":{"type":"LineString","coordinates":[[-122.396837,37.713766],[-122.397809,37.714926]]}},{"type":"Feature","properties":{"highway":"motorway_link","ref":null,"name":null},"geometry":{"type":"LineString","coordinates":[[-122.407888,37.736587],[-122.408042,37.736919]]}},{"type":"Feature","properties":{"highway":"motorway_link","ref":null,"name":null},"geometry":{"type":"LineString","coordinates":[[-122.393101,37.763535],[-122.393079,37.763389]]}},{"type":"Feature","properties":{"highway":"motorway_link","ref":null,"name":null},"geometry":{"type":"LineString","coordinates":[[-122.409744,37.770355],[-122.409629,37.770334],[-122.409481,37.770312]]}},{"type":"Feature","properties":{"highway":"trunk","ref":"US 101","name":"South Van Ness Avenue"},"geometry":{"type":"LineString","coordinates":[[-122.418891,37.773518],[-122.418776,37.773167],[-122.418725,37.773055]]}},{"type":"Feature","properties":{"highway":"motorway_link","ref":null,"name":null},"geometry":{"type":"LineString","coordinates":[[-122.399863,37.779354],[-122.399583,37.779581]]}},{"type":"Feature","properties":{"highway":"trunk","ref":"US 101","name":"Van Ness Avenue"},"geometry":{"type":"LineString","coordinates":[[-122.422302,37.789651],[-122.42227,37.789493],[-122.422258,37.789407]]}},{"type":"Feature","properties":{"highway":"trunk","ref":"US 101","name":"Van Ness Avenue"},"geometry":{"type":"LineString","coordinates":[[-122.422171,37.788948],[-122.422093,37.78856],[-122.422078,37.788474]]}},{"type":"Feature","properties":{"highway":"trunk","ref":"US 101","name":"Van Ness Avenue"},"geometry":{"type":"LineString","coordinates":[[-122.421283,37.78571],[-122.421308,37.78579],[-122.421335,37.785873],[-122.4214,37.786183]]}},{"type":"Feature","properties":{"highway":"trunk","ref":"US 101","name":"Van Ness Avenue"},"geometry":{"type":"LineString","coordinates":[[-122.4214,37.786183],[-122.421476,37.78656],[-122.421493,37.786636]]}},{"type":"Feature","properties":{"highway":"trunk","ref":"US 101","name":"Van Ness Avenue"},"geometry":{"type":"LineString","coordinates":[[-122.421493,37.786636],[-122.421511,37.786726],[-122.421585,37.787102]]}},{"type":"Feature","properties":{"highway":"trunk","ref":"US 101","name":"Lombard Street"},"geometry":{"type":"LineString","coordinates":[[-122.428236,37.800798],[-122.427941,37.800841],[-122.427834,37.800855]]}},{"type":"Feature","properties":{"highway":"trunk","ref":"US 101","name":"Lombard Street"},"geometry":{"type":"LineString","coordinates":[[-122.434431,37.800106],[-122.434532,37.800093],[-122.435052,37.800027],[-122.435249,37.800001]]}},{"type":"Feature","properties":{"highway":"trunk","ref":"US 101","name":"Lombard Street"},"geometry":{"type":"LineString","coordinates":[[-122.442419,37.799089],[-122.442562,37.799071],[-122.442677,37.799056]]}},{"type":"Feature","properties":{"highway":"trunk","ref":"US 101","name":"Lombard Street"},"geometry":{"type":"LineString","coordinates":[[-122.443096,37.798906],[-122.442854,37.798937],[-122.442783,37.798946],[-122.442657,37.798962]]}},{"type":"Feature","properties":{"highway":"motorway_link","ref":null,"name":null},"geometry":{"type":"LineString","coordinates":[[-122.472204,37.702139],[-122.472183,37.702023],[-122.472148,37.701781]]}},{"type":"Feature","properties":{"highway":"motorway_link","ref":null,"name":null},"geometry":{"type":"LineString","coordinates":[[-122.394047,37.785206],[-122.393886,37.785188],[-122.393812,37.785182],[-122.393678,37.785173],[-122.393535,37.785167],[-122.3935,37.785165]]}},{"type":"Feature","properties":{"highway":"motorway_link","ref":null,"name":null},"geometry":{"type":"LineString","coordinates":[[-122.3935,37.785165],[-122.3934,37.785162],[-122.393282,37.785159],[-122.393161,37.785161],[-122.393031,37.785166],[-122.392953,37.78517]]}},{"type":"Feature","properties":{"highway":"motorway_link","ref":null,"name":null},"geometry":{"type":"LineString","coordinates":[[-122.399931,37.773829],[-122.400076,37.773945],[-122.400078,37.773948]]}},{"type":"Feature","properties":{"highway":"trunk","ref":"US 101","name":"Richardson Avenue"},"geometry":{"type":"LineString","coordinates":[[-122.447558,37.800729],[-122.447663,37.800801]]}},{"type":"Feature","properties":{"highway":"trunk","ref":"CA 1","name":"19th Avenue"},"geometry":{"type":"LineString","coordinates":[[-122.474822,37.7261],[-122.474818,37.726203],[-122.474784,37.726783],[-122.474776,37.72692]]}},{"type":"Feature","properties":{"highway":"trunk","ref":"CA 1","name":"19th Avenue"},"geometry":{"type":"LineString","coordinates":[[-122.475021,37.727627],[-122.475036,37.727318],[-122.475037,37.727293]]}},{"type":"Feature","properties":{"highway":"motorway","ref":"US 101","name":"Presidio Parkway"},"geometry":{"type":"LineString","coordinates":[[-122.449858,37.802475],[-122.449973,37.802587],[-122.450029,37.80264],[-122.450091,37.802696],[-122.450151,37.802746],[-122.450212,37.802796],[-122.450287,37.802853]]}},{"type":"Feature","properties":{"highway":"motorway_link","ref":null,"name":null},"geometry":{"type":"LineString","coordinates":[[-122.406583,37.773839],[-122.406571,37.773891],[-122.406516,37.774071],[-122.406444,37.774243],[-122.406358,37.774407]]}},{"type":"Feature","properties":{"highway":"motorway","ref":"US 101","name":"Presidio Parkway"},"geometry":{"type":"LineString","coordinates":[[-122.475701,37.80758],[-122.475816,37.807661]]}},{"type":"Feature","properties":{"highway":"motorway_link","ref":null,"name":null},"geometry":{"type":"LineString","coordinates":[[-122.408175,37.739233],[-122.408284,37.739002]]}},{"type":"Feature","properties":{"highway":"motorway_link","ref":null,"name":null},"geometry":{"type":"LineString","coordinates":[[-122.408278,37.738648],[-122.408272,37.73847],[-122.408247,37.737982]]}},{"type":"Feature","properties":{"highway":"motorway_link","ref":null,"name":null},"geometry":{"type":"LineString","coordinates":[[-122.408284,37.739002],[-122.408278,37.738648]]}},{"type":"Feature","properties":{"highway":"motorway","ref":"US 101","name":"James Lick Freeway"},"geometry":{"type":"LineString","coordinates":[[-122.408175,37.739233],[-122.408175,37.738929]]}},{"type":"Feature","properties":{"highway":"motorway_link","ref":null,"name":null},"geometry":{"type":"LineString","coordinates":[[-122.363621,37.810888],[-122.363596,37.810832],[-122.363573,37.810774],[-122.363524,37.810626],[-122.36351,37.810579],[-122.363497,37.81053],[-122.363483,37.810456],[-122.363475,37.810381],[-122.363473,37.810301],[-122.36349,37.810237]]}},{"type":"Feature","properties":{"highway":"motorway_link","ref":null,"name":null},"geometry":{"type":"LineString","coordinates":[[-122.364163,37.810412],[-122.364163,37.810456],[-122.364156,37.810498],[-122.364143,37.810544],[-122.364126,37.810587],[-122.364103,37.810622],[-122.364076,37.810652],[-122.363893,37.810815]]}},{"type":"Feature","properties":{"highway":"motorway_link","ref":null,"name":null},"geometry":{"type":"LineString","coordinates":[[-122.364411,37.812165],[-122.364437,37.812122],[-122.364451,37.812089],[-122.364462,37.812057],[-122.364463,37.812035],[-122.364453,37.811944]]}},{"type":"Feature","properties":{"highway":"trunk","ref":"CA 1","name":"19th Avenue"},"geometry":{"type":"LineString","coordinates":[[-122.477259,37.765347],[-122.477266,37.765455]]}},{"type":"Feature","properties":{"highway":"motorway_link","ref":null,"name":null},"geometry":{"type":"LineString","coordinates":[[-122.433193,37.733432],[-122.433231,37.733321]]}},{"type":"Feature","properties":{"highway":"motorway","ref":"I 80","name":"Dwight D. Eisenhower Highway"},"geometry":{"type":"LineString","coordinates":[[-122.36469,37.810457],[-122.364353,37.81077],[-122.364032,37.81107],[-122.363778,37.811311]]}},{"type":"Feature","properties":{"highway":"motorway","ref":"US 101","name":"James Lick Freeway"},"geometry":{"type":"LineString","coordinates":[[-122.404888,37.764392],[-122.404873,37.764524],[-122.404855,37.76494],[-122.404855,37.765154],[-122.40485,37.765368]]}},{"type":"Feature","properties":{"highway":"trunk_link","ref":null,"name":null},"geometry":{"type":"LineString","coordinates":[[-122.44566,37.799422],[-122.445667,37.799491],[-122.445654,37.799547],[-122.445626,37.799591],[-122.445547,37.79964]]}},{"type":"Feature","properties":{"highway":"trunk","ref":"US 101","name":"Van Ness Avenue"},"geometry":{"type":"LineString","coordinates":[[-122.424293,37.800434],[-122.424315,37.800508],[-122.424341,37.800623]]}},{"type":"Feature","properties":{"highway":"trunk","ref":"US 101","name":"Van Ness Avenue"},"geometry":{"type":"LineString","coordinates":[[-122.424199,37.799996],[-122.424266,37.800318],[-122.424274,37.80036],[-122.424293,37.800434]]}},{"type":"Feature","properties":{"highway":"trunk","ref":"CA 1","name":"19th Avenue"},"geometry":{"type":"LineString","coordinates":[[-122.475097,37.721282],[-122.475087,37.721596]]}},{"type":"Feature","properties":{"highway":"trunk","ref":"CA 1","name":"19th Avenue"},"geometry":{"type":"LineString","coordinates":[[-122.475723,37.743055],[-122.475722,37.743039],[-122.475719,37.742997]]}},{"type":"Feature","properties":{"highway":"trunk","ref":"CA 1","name":"19th Avenue"},"geometry":{"type":"LineString","coordinates":[[-122.475604,37.743008],[-122.475607,37.743044],[-122.475608,37.74306]]}},{"type":"Feature","properties":{"highway":"trunk","ref":"CA 1","name":"19th Avenue"},"geometry":{"type":"LineString","coordinates":[[-122.475608,37.74306],[-122.475609,37.743077],[-122.475613,37.743131]]}},{"type":"Feature","properties":{"highway":"trunk","ref":"CA 1","name":"19th Avenue"},"geometry":{"type":"LineString","coordinates":[[-122.47573,37.743127],[-122.475724,37.743071],[-122.475723,37.743055]]}},{"type":"Feature","properties":{"highway":"motorway","ref":"I 280","name":"John F Foran Freeway"},"geometry":{"type":"LineString","coordinates":[[-122.440833,37.72945],[-122.440717,37.729496],[-122.44057,37.729555],[-122.440416,37.729615],[-122.440269,37.729672],[-122.440126,37.729727],[-122.439978,37.729784],[-122.439823,37.729842],[-122.439678,37.729895],[-122.439526,37.729952],[-122.439374,37.730008],[-122.439282,37.73004],[-122.439204,37.730067]]}},{"type":"Feature","properties":{"highway":"motorway","ref":"I 280","name":"John F Foran Freeway"},"geometry":{"type":"LineString","coordinates":[[-122.424124,37.731353],[-122.423957,37.731357],[-122.423794,37.731364],[-122.423671,37.731371]]}},{"type":"Feature","properties":{"highway":"motorway","ref":"I 280","name":"John F Foran Freeway"},"geometry":{"type":"LineString","coordinates":[[-122.41457,37.732195],[-122.414403,37.732248],[-122.414264,37.732296],[-122.414189,37.732323]]}},{"type":"Feature","properties":{"highway":"motorway","ref":"US 101;CA 1","name":"Presidio Parkway"},"geometry":{"type":"LineString","coordinates":[[-122.474552,37.806441],[-122.474635,37.80653]]}},{"type":"Feature","properties":{"highway":"motorway","ref":"I 80","name":"Route 80"},"geometry":{"type":"LineString","coordinates":[[-122.395361,37.783173],[-122.395641,37.782955]]}},{"type":"Feature","properties":{"highway":"motorway","ref":"I 80","name":"Route 80"},"geometry":{"type":"LineString","coordinates":[[-122.406381,37.771521],[-122.405952,37.770699]]}},{"type":"Feature","properties":{"highway":"motorway","ref":"I 80","name":"Dwight D. Eisenhower Highway"},"geometry":{"type":"LineString","coordinates":[[-122.390731,37.786203],[-122.391231,37.785831],[-122.39183,37.785473]]}},{"type":"Feature","properties":{"highway":"motorway","ref":"US 101","name":"Bayshore Freeway"},"geometry":{"type":"LineString","coordinates":[[-122.393201,37.70104],[-122.393267,37.701337]]}},{"type":"Feature","properties":{"highway":"motorway","ref":"US 101","name":"James Lick Freeway"},"geometry":{"type":"LineString","coordinates":[[-122.407988,37.740553],[-122.408124,37.739833]]}},{"type":"Feature","properties":{"highway":"motorway","ref":"US 101","name":"James Lick Freeway"},"geometry":{"type":"LineString","coordinates":[[-122.408163,37.739479],[-122.408175,37.739233]]}},{"type":"Feature","properties":{"highway":"motorway","ref":"US 101","name":"James Lick Freeway"},"geometry":{"type":"LineString","coordinates":[[-122.408124,37.739833],[-122.408163,37.739479]]}},{"type":"Feature","properties":{"highway":"trunk_link","ref":null,"name":null},"geometry":{"type":"LineString","coordinates":[[-122.47459,37.730408],[-122.474621,37.730407],[-122.474649,37.730409],[-122.474673,37.730417],[-122.474697,37.730428],[-122.474725,37.730447],[-122.474746,37.730465],[-122.474761,37.73048],[-122.474776,37.730497]]}},{"type":"Feature","properties":{"highway":"trunk","ref":"US 101","name":"Richardson Avenue"},"geometry":{"type":"LineString","coordinates":[[-122.446345,37.799768],[-122.44614,37.799629],[-122.446061,37.799574]]}},{"type":"Feature","properties":{"highway":"trunk","ref":"US 101","name":"South Van Ness Avenue"},"geometry":{"type":"LineString","coordinates":[[-122.419026,37.774531],[-122.419108,37.774926]]}},{"type":"Feature","properties":{"highway":"trunk","ref":"US 101","name":"South Van Ness Avenue"},"geometry":{"type":"LineString","coordinates":[[-122.418584,37.773176],[-122.418629,37.77329],[-122.418702,37.773506]]}},{"type":"Feature","properties":{"highway":"trunk_link","ref":null,"name":null},"geometry":{"type":"LineString","coordinates":[[-122.471628,37.713947],[-122.471654,37.713817],[-122.471639,37.71367],[-122.471637,37.713633],[-122.471637,37.713594],[-122.471642,37.71355],[-122.471651,37.71351],[-122.471665,37.713471]]}},{"type":"Feature","properties":{"highway":"trunk_link","ref":null,"name":null},"geometry":{"type":"LineString","coordinates":[[-122.446831,37.800227],[-122.446851,37.800281],[-122.44685,37.800324],[-122.446836,37.800357],[-122.446795,37.800404],[-122.446738,37.800448]]}},{"type":"Feature","properties":{"highway":"trunk","ref":"US 101","name":"Mission Street"},"geometry":{"type":"LineString","coordinates":[[-122.419772,37.770638],[-122.419711,37.770826],[-122.419673,37.770933],[-122.419646,37.771015]]}},{"type":"Feature","properties":{"highway":"motorway_link","ref":null,"name":null},"geometry":{"type":"LineString","coordinates":[[-122.452581,37.802798],[-122.452551,37.802773],[-122.452531,37.802753],[-122.452514,37.802733],[-122.452504,37.802716]]}},{"type":"Feature","properties":{"highway":"motorway_link","ref":null,"name":null},"geometry":{"type":"LineString","coordinates":[[-122.45162,37.803587],[-122.451734,37.803605]]}},{"type":"Feature","properties":{"highway":"motorway","ref":"US 101","name":"James Lick Freeway"},"geometry":{"type":"LineString","coordinates":[[-122.405491,37.767321],[-122.405482,37.767277],[-122.405474,37.76723],[-122.405466,37.767183],[-122.40546,37.767132],[-122.405455,37.767084]]}},{"type":"Feature","properties":{"highway":"trunk","ref":"US 101","name":"Richardson Avenue"},"geometry":{"type":"LineString","coordinates":[[-122.445884,37.799453],[-122.445147,37.798945],[-122.445092,37.798909],[-122.445037,37.798875],[-122.444974,37.798843]]}}]}